ABC transporters	5243	19	5825	368	64137	10351	1080	10060	10057	11194	10349	9429	23460	225	21	10058	6833	26154	8647	23461	23457	1672	154664	64241	23456	5244	9619	89845	20	94160	22	10347	8714	6890	340273	4363	64240	6891	10257	85320	1244	24	10350	215	5826
AGE-RAGE signaling pathway in diabetic complications	5333	5332	5594	3552	5054	3717	6300	1278	50507	23236	4089	1284	5601	6774	1536	1432	4313	5879	2335	6035	7048	5578	6776	596	3553	5579	7124	836	2277	5330	4772	595	1906	51196	84812	5296	3725	5970	6777	998	5600	7422	183	3569	1027	7056	5291	177	5293	208	4088	7423	5599	4087	5581	7040	1958	5292	5590	6347	3845	7042	4846	1729	185	5336	5335	5602	1285	5331	1287	1277	7412	1019	27035	1286	3265	5580	7043	7424	6772	1282	5290	1281	5603	5595	3576	10000	1288	8503	5295	7046	6401	2308	113026	581	3383	207	2152	4893	4790
AMPK signaling pathway	9230	6794	2997	8900	5207	5523	948	3953	9586	5564	5106	84335	9370	5209	5213	1375	23417	57818	5520	84699	5528	64764	90993	23411	23216	81617	1978	148	28227	595	5210	8789	10891	3630	890	3480	5296	1994	5170	31	6319	92579	6720	7249	2538	3172	5214	53632	6199	10645	10488	92335	5562	5519	32	5525	3156	51552	2194	5291	148327	5293	208	6009	2475	5862	1080	5522	5468	200186	1374	5529	51094	8408	2203	5563	2998	29904	1938	8660	51719	3479	79602	57521	6885	5515	79966	5565	4218	5571	3643	3667	3952	6517	5527	5290	8471	5211	2309	126129	5516	10000	55012	8503	5526	1385	5518	5208	5295	3991	2308	10890	7248	5521	51422	207	6198	55844	5105	55437
Acute myeloid leukemia	208	5604	2475	3684	51176	5467	2322	8900	3551	5594	1053	1978	5605	5290	3562	6934	595	5292	8517	5595	3845	1147	4893	890	10000	1436	5296	5293	1437	7704	8503	4353	11040	5970	572	2885	5295	6932	5371	6777	4609	1848	6774	6199	3265	83439	862	929	5894	5914	8864	1050	861	3815	6654	6776	6655	207	6198	369	2209	673	5291	3728	6688	4790	597
Adherens junction	71	7525	1495	3643	6591	51176	1457	1459	4233	2260	5777	5594	387	29119	2241	117178	6714	10810	1956	283106	6934	7082	5819	1500	5595	5880	87	3480	1387	10580	10163	5818	52	5787	8976	999	2064	9855	81607	4089	6615	6932	998	7046	5770	1499	4008	25945	7414	83439	5797	4301	81	1460	8826	56288	60	5879	6885	1496	5795	6035	7454	10458	2033	51701	7048	8936	5881	5792	4088	2534
Adipocytokine signaling pathway	208	5571	5599	2475	6513	5465	2180	4794	6794	7124	3667	3952	181	5588	6257	5443	6517	7133	2181	1374	7132	8471	23305	51703	8517	51094	10891	1147	126129	3717	4792	81616	10000	7186	948	2182	5563	92579	4793	3953	9021	2538	5970	5564	23205	8660	5106	6256	9370	5602	5781	5601	53632	6258	6774	10645	79602	51422	5562	4852	1375	32	207	57818	3551	5565	5105	8717	4790
Adrenergic signaling in cardiomyocytes	4624	5332	51806	5594	112	5523	775	5568	111	6300	10369	785	146850	9586	23236	6330	6547	476	27092	5566	489	146	1388	9252	1432	779	153	468	113	2773	5578	107	7139	5520	84699	5528	114	115	596	64764	10411	90993	5330	7169	148	28227	492	784	6262	55799	4634	2771	5567	776	5501	108	5600	183	801	778	59283	10488	147	488	5350	5519	59285	818	478	5525	493	148327	208	2778	2770	6546	6548	5522	6331	7137	5529	815	490	782	487	3784	70	5499	91860	7170	6543	185	810	1386	817	5500	7171	5294	5331	4633	783	163688	5502	786	5515	27091	7134	4635	483	4625	59284	7168	9254	5527	1390	23439	5603	2776	816	5595	5516	10000	23533	109	55012	477	186	5526	1385	781	482	491	5518	154	196883	481	486	5521	6324	11069	93589	3753	6332	207	55844	10368	480
African trypanosomiasis	3553	5579	7124	2150	5332	3606	335	3458	54106	3593	5330	4615	5582	2776	3043	169355	3620	3039	23236	7064	8542	6401	356	3586	5331	3592	3910	3827	355	3383	3569	7412	4878	5578	3250
Alanine, aspartate and glutamate metabolism	80150	27165	2673	56954	2346	339983	2752	445	443	137362	18	5471	284716	158	2572	9945	790	2571	122622	57494	159	2875	2744	2746	8659	7915	1373	2806	8528	64902	440	84706	435	259307	2805	189	2747
Alcoholism	5604	3013	51806	8349	3020	5594	2354	3014	3012	85235	94235	111	5568	9586	814	317772	5566	55506	1388	4128	2787	2784	2783	468	2773	9555	8520	8290	2902	84699	116443	1644	8334	1392	64764	627	90993	2906	84152	55766	8350	440689	2905	440093	2771	5567	25759	2030	5501	2775	8345	2785	79885	2782	801	723790	10645	4915	10488	4129	1812	2791	10014	4852	6464	8331	9734	55315	10013	8340	673	148327	51764	2790	136	83933	8348	2778	2770	8369	9759	3845	2792	8841	2793	221613	55869	6570	5499	59345	3177	53358	91860	3066	810	8342	1386	8970	6531	5500	5569	5894	3018	399694	163688	6655	8329	3265	286436	84254	126961	2788	3065	474382	1813	8341	6571	54331	7054	5595	94239	1385	2904	55970	158983	2903	2885	8338	51564	5173	135	2786	116444	474381	255626	3017	369	85236	4893	3015	10681	6654
Aldosterone synthesis and secretion	3709	5332	51806	112	3949	775	5568	111	51305	9586	23236	25865	476	814	5566	1388	3762	779	468	113	5578	107	84699	115	114	8913	5579	64764	23683	90993	1583	3777	5330	492	1585	5582	949	57172	1589	5567	776	3710	57118	108	2767	183	801	778	3708	10488	818	478	493	3284	148327	4878	6770	5138	5581	8912	221955	2778	84876	8911	5443	4158	815	490	466	91860	185	810	1386	817	5331	747	163688	483	8536	4881	3164	3283	23439	2776	816	109	477	1385	482	491	196883	481	5587	3991	4929	480
Aldosterone-regulated sodium reabsorption	6338	5579	3758	3643	3667	5594	6340	23439	5290	5582	4306	5595	23327	3845	3630	5296	5170	477	8503	482	5295	6446	476	481	3479	486	53828	6337	478	2810	5291	5578	483	3291	480	5293
Allograft rejection	3134	942	5551	959	3109	7124	3458	3127	3558	3108	3118	3133	3593	3119	3115	940	3107	3106	3105	356	3113	3135	3586	941	3565	3592	3122	3567	355	3125	3111	3112	3002	3117	3123	958	3126
Alzheimer disease	4035	23621	1329	775	515	22863	6389	50507	4713	637	3799	7472	1337	3553	5719	54361	3798	6391	5533	441925	54539	5702	4717	3800	4217	100506742	10381	126328	539	3710	1327	9167	351	10888	4723	5291	208	9861	509	840	291	4714	5688	5609	347688	3845	56901	5693	8660	1340	6390	810	79861	1649	522	5701	7385	163688	5694	9377	4311	4705	1351	292	5532	4696	7477	83447	7478	8503	506	4728	2903	5295	5684	1499	8883	7480	10975	7482	5706	57142	8324	369	4893	5685	5691	4509	5604	113457	841	89953	1459	1339	1133	8851	4720	8325	84701	5682	5713	23236	4718	4729	489	4709	1435	27123	517	6263	4040	5695	348	836	4707	1349	1020	4726	283106	7979	122011	7474	4843	4725	9451	7419	4700	4536	778	9776	3708	347733	1460	8321	5664	4508	4704	7484	51079	6392	374291	7132	5689	7475	8408	5530	51807	8678	8323	10383	5602	5717	513	516	4514	5894	324	4708	203068	5683	3643	3667	7483	824	22943	90550	5290	823	5700	4706	2776	7278	7855	54205	7976	4535	514	27121	60673	8312	1345	6775076	5718	1857	207	4790	5692	7479	7846	102	30849	5534	4711	1131	11211	4712	5743	518	7494	322	8326	5601	6622	440567	779	1128	7476	7124	7471	7381	3831	2915	5330	4541	4137	5289	7280	3630	5296	51384	7473	293	2905	7416	6775074	8923202	4842	4697	317	801	100532726	5481	5686	81029	23401	84617	7388	6868	3028	3569	4715	5663	147700	10213	25825	10476	5610	2475	2932	10105	11047	1457	4695	1537	23130	55102	5710	487	2597	572	10382	51107	5331	1856	26100	355	4694	1855	55967	3551	3416	1454	7384	1139	2081	341947	5605	4041	5714	4722	10000	29982	4716	7481	5709	5704	1346	4513	55851	10376	29796	3709	5332	1347	81027	51806	5594	1350	3552	1965	8923205	4538	10297	8322	7417	1536	498	10023	468	2902	2906	9821	6775079	7186	776	5970	112714	170712	64837	488	7277	89780	1452	125965	177	673	5293	5599	4537	4539	4710	4702	5535	91860	4731	5705	84790	55062	83464	23385	6775077	7386	80326	2535	27035	5690	3265	842	4701	5715	8772	10313	55626	4724	4023	5687	8471	4698	5595	1147	5707	9706	27089	2904	22926	4512	143471	8313	4719	5708	4540
Amino sugar and nucleotide sugar metabolism	140838	51167	5238	2592	5373	2762	27159	2673	5973	132789	91373	197258	51005	3099	55577	606495	7264	3101	1118	80201	51700	7360	10020	9945	55907	4351	5372	51706	7358	64841	2821	2645	8790	3074	1727	29925	29926	3098	2582	80146	5236	2584	55276	54187	10007	3073	80896	6675
Aminoacyl-tRNA biosynthesis	51067	57505	51520	79587	10352	6897	25973	79731	55699	3035	118672	6301	283459	2617	8565	3376	3735	124454	5917	23438	5188	55278	4677	16	55157	7453	54938	123263	5859	2193	80222	7407	92935	57176	833	123283	2058	51091	10667	23395	4141	10056	1615	57038
Amoebiasis	3909	5332	2920	5568	1278	909	23236	4583	1284	5566	3592	3913	383	2335	3918	5578	107	3553	5579	22798	7124	836	5330	3689	5582	87	5296	4843	5567	5970	2767	9630	7414	3910	284217	5275	733	3569	731	384	3908	5291	7879	5293	7850	2778	7040	1511	3458	3593	3912	3915	2774	3315	2919	2921	7042	3914	338382	7099	1285	5331	81	1287	6317	1277	7097	912	1286	5269	5869	910	7043	5273	3684	6318	3911	1282	732	5290	1281	2776	5878	3576	913	1437	5272	1288	2769	8503	911	5052	5295	735	3586	5747	929	5868	3554	10319	4790
Amphetamine addiction	84699	3065	1644	116443	5579	5532	2892	64764	2778	90993	51806	23411	5534	2890	2906	2354	5533	6571	7054	23237	2891	84152	5582	775	5568	111	816	815	2893	6804	2905	3725	5530	6570	5499	1385	5567	776	2903	5535	9586	91860	3066	2904	5173	5501	810	814	1386	5566	817	116444	801	5500	6531	1388	10488	4129	1812	4128	818	163688	2353	468	5578	148327	2902
Amyotrophic lateral sclerosis	201625	6432	1329	515	22863	6389	598	23435	4713	637	1432	9972	3799	83544	1337	144983	345456	596	5719	2882	3798	6391	5533	441925	54539	5702	4717	3800	4217	100506742	10120	10381	126328	539	3710	9001	1327	5600	23710	4741	9167	10718	2876	10133	4723	23064	9861	5217	509	5630	4714	5688	129401	50613	257202	8021	127602	25978	347688	23279	10121	493869	56901	3084	5693	1340	6390	79861	1649	1767	522	5701	7385	5694	9377	4705	1351	5532	4696	23165	51164	7802	5603	79902	55706	2521	506	4728	2903	5684	10975	6647	581	6428	5706	400916	84516	5903	5685	5691	4509	113457	89953	1339	310	4720	84701	5682	6300	5713	4718	4928	4729	1770	4709	23511	517	5879	6035	311	23225	5695	5606	1616	203228	283	836	9782	4707	1349	4726	7979	9542	4843	4686	9631	7415	4725	9451	4700	4536	9776	2877	347733	7175	10013	4508	4704	9217	51079	6392	374291	7132	145957	3309	5689	7157	9896	5071	8408	375189	5530	56001	51807	8678	10383	5717	513	516	4514	60	4708	203068	8701	5683	1769	146754	1639	90550	5700	4706	7278	10280	54205	81929	4535	514	60673	1345	6775076	5718	140775	57679	5692	7846	4747	10540	30849	5534	2890	5861	4711	4712	2891	518	7494	220988	834	2066	440567	11273	7124	7381	3831	4541	5289	7280	55567	65018	2905	55255	7416	6775074	8480	8923202	25981	4842	5216	4697	2880	317	55916	100532726	5686	84617	7388	4715	11345	2733	147700	10213	7133	10476	2475	11047	56171	4695	1537	23130	8632	55102	5710	53371	29979	56000	572	10382	26100	10189	4694	9688	55967	7384	2081	2878	341947	64446	5714	4744	4722	29982	10452	4716	84134	5608	5704	5709	1346	11337	4513	10762	79139	5868	3181	10376	29796	71	1347	81027	1350	1965	8923205	91181	4538	55860	27019	498	468	2902	6396	10671	2906	80208	9821	6775079	7186	9818	6311	3178	112714	170712	64837	29110	847	23636	6506	7277	29978	125965	94026	348995	196385	1768	4537	8878	79023	55746	4539	4710	4702	5535	5705	4731	84790	55062	10010	116442	6775077	7386	29107	10482	5690	4218	842	5715	4701	4927	57122	55626	11258	4724	5687	4698	5707	9706	9973	27089	2904	22926	4512	10126	143471	4719	5708	56893	4540	9883
Antigen processing and presentation	3134	3320	5993	3308	3306	3303	3802	811	3119	3812	3824	5721	3113	3135	3806	4802	3822	3305	6890	3821	3117	821	5994	7124	3811	3118	3803	926	3809	8625	8302	3111	6891	3810	3123	3808	3326	1520	3458	3133	10437	3309	920	972	4261	57292	115653	3107	1514	925	5641	3105	100132285	10197	3312	3122	6892	3126	3108	2923	3109	3127	3310	3804	3115	1508	4800	927	1385	3823	3805	5720	3106	567	3125	3112	4801
Apelin signaling pathway	5604	3709	5332	51806	6696	5594	30849	22800	112	182	22808	5054	94235	111	5568	146850	5564	23236	4089	6547	814	5566	5346	6263	2787	2784	2783	113	2773	107	115	114	4638	6194	6237	5140	5330	441925	5289	595	10891	6262	4843	56848	4634	2771	5567	3710	108	4842	10672	2785	23710	91807	53632	801	2782	6199	3708	5562	2791	10014	11345	51764	2790	208	2475	4087	5581	4208	2770	1958	6546	6548	4205	7350	340156	4899	7019	5327	9759	3845	2792	2793	8877	4846	6261	5563	85366	999	59345	91860	6543	185	1490	8678	810	5294	5331	5894	100271849	4633	163688	4635	5565	3265	5571	2788	4854	10365	5605	54331	2776	5595	10000	23533	109	55811	55970	4209	8862	187	7046	2786	196883	59	3991	11337	51422	207	6198	4893	10681	4088
Apoptosis	5604	5414	113457	71	3709	4914	5551	7846	841	5594	3563	1965	4792	4170	153090	6708	598	1522	1676	330	356	8737	5601	637	3002	63970	468	1616	596	2021	10039	839	7124	836	1519	8743	441925	56616	4217	100506742	5296	7186	84823	3725	10038	5170	5970	57448	3710	835	9451	112714	317	1439	3708	142	7277	1677	6709	8797	5291	4803	27429	5293	208	1075	5599	840	472	4001	666	1520	1521	1509	7132	3562	7157	8517	3845	79444	7185	5783	329	1514	10912	578	572	84790	51807	8678	5602	79861	1647	1649	1512	5894	355	60	1515	10018	2353	3551	3265	8717	842	597	2081	8772	143	9131	5605	824	5290	823	8739	9020	5595	1147	7278	4804	4616	1508	10000	843	54205	332	8503	5295	4000	8837	55367	5366	331	27113	581	10376	1513	207	4893	8795	4790	8722
Arachidonic acid metabolism	113612	8398	239	5322	6916	2878	2882	9536	11145	151056	257202	5730	1555	391013	8529	64600	81579	10728	5743	5742	4056	493869	4051	100137049	2053	26279	1558	1571	255189	30814	123745	11283	5320	2678	1559	8644	874	2880	127281	4048	5321	2877	873	2687	247	50487	8399	1573	240	2876	8605	84647	5740	283748	27306	80142	246	1557	242	5319
Arginine and proline metabolism	283208	57571	54498	4953	113451	112483	501	79814	1610	6303	5832	137362	55748	219	217	4843	1159	26	4846	6723	5831	224	4942	223	2593	4842	6611	84735	5033	4129	8659	4128	262	112817	51056	2806	383	112849	8974	29920	384	5625	58510	1152	2805	1158	2628	1160	65263
Arginine biosynthesis	27165	2752	445	137362	4843	4846	5009	4842	2875	162417	2744	2746	1373	95	2806	383	384	84706	435	2805	2747
Arrhythmogenic right ventricular cardiomyopathy	71	2010	1824	3679	3678	1000	775	89	10369	3696	6442	785	6932	6547	3685	27092	3693	489	6444	6445	3673	3672	779	88	3688	5318	1674	3690	3674	784	3695	55799	3694	776	3655	778	59283	488	8516	284217	59285	3908	1832	1495	6546	29119	6934	3691	782	487	3676	6543	22801	83439	1605	60	783	786	1496	27091	10368	59284	51176	9254	8515	1756	2697	1829	781	6443	3680	4000	1499	93589	3675	3728	6262
Ascorbate and aldarate metabolism	7367	54657	54600	574537	7363	55586	501	7366	10720	54578	54579	219	54490	217	54658	9365	54577	79799	224	9104	7358	223	7364	54576	54659	10941	7365	10327	54575	2990
Asthma	3596	7124	959	3109	2207	3127	3578	3108	3118	3562	3119	3115	2206	2205	3113	3586	6037	3565	3122	3567	8288	3125	6356	3111	3112	3117	3123	5553	958	3126
Autoimmune thyroid disease	3134	3445	942	5551	959	3109	3127	3558	3108	3118	3133	3446	3119	3115	3447	7252	940	3439	3107	3448	7253	3451	7173	3444	1493	3443	7038	3106	3105	356	3113	3135	3449	3441	3586	941	3565	3122	1081	3567	355	3442	3125	3111	3112	3452	3440	3002	3117	3123	958	3126
Autophagy	5604	6794	5728	5594	30849	5861	22800	10325	51100	1612	22808	1965	5568	84938	22863	440275	55054	598	84335	5566	5601	64223	83452	79065	54541	203228	9110	23192	596	9711	6237	3476	441925	5289	3630	3480	5296	9821	5170	64121	55255	1613	5567	55014	7249	8673	9451	23710	29110	7189	6199	10645	9776	3708	9140	5562	83734	10670	7405	11345	9474	5291	7879	9342	5293	208	6009	5599	2475	8878	8897	1509	5588	58528	23130	3845	64798	4893	55102	23604	8408	1514	5563	338382	572	8660	8678	55062	5602	10010	116442	3091	118471	3146	5894	89849	3920	55578	26100	57521	6885	5515	664	4218	3265	5580	81671	2081	53349	3667	55626	5605	115201	5290	58476	8471	5595	3916	5516	1508	10000	9706	29982	8503	64419	5295	10533	60673	8837	11337	7248	140775	207	64422	84971	6198	285973
Axon guidance	4773	2050	54434	50855	1947	5594	5534	2047	56963	23365	387	6714	7223	1944	7852	2042	2242	2049	5365	5880	7222	2048	103910	57144	64221	5062	4775	9901	23654	4636	10509	2045	55558	1969	54961	5998	5727	5879	84552	6608	6035	4690	7869	5578	2773	1948	2534	57522	3688	25	4756	22885	6237	54910	1020	54437	54361	2044	5533	6387	1945	10507	3897	10501	5296	7474	6405	5170	7225	2771	25791	10371	84612	658	9423	998	64218	55740	1943	223117	219699	3983	10512	64101	137970	91584	81029	56288	1073	57556	818	8633	659	10298	9353	5058	5291	1942	5293	10398	59277	5063	2770	2932	8440	10505	1072	5362	9475	6585	5590	3845	815	91653	2041	6259	7220	10154	85464	2046	5530	1949	9037	5535	23380	5336	5364	5335	5781	817	80031	4917	5921	5894	9723	1946	10500	6092	3265	5881	27289	5532	655	4233	8829	6469	151449	106821730	5290	6586	5595	816	57715	2051	84628	8503	84448	56896	7224	7976	285220	5295	22854	10627	29984	6091	5747	2043	9860	6093	5361	3611	56920	8482	3984	90249	4776	57689	1808	1630	4893	3985
B cell receptor signaling pathway	5604	4773	5777	5594	5534	6850	5880	118788	4792	29760	4775	10859	695	11025	5879	6035	974	5579	4794	10892	11024	5533	3636	4772	975	27071	5296	3725	5970	10990	3635	971	5291	79168	5293	208	2932	8519	353514	8517	3845	5530	4793	930	5535	84433	5336	933	11027	10451	8915	5894	10288	2213	6655	2353	3551	3265	5881	23547	7410	5532	5605	11006	4067	5290	5595	1147	10000	7409	8503	2885	5295	11026	25780	973	207	1380	4893	4790	6654
Bacterial invasion of epithelial cells	71	858	26084	3678	387	6714	63916	81873	8218	10552	10093	9564	1399	10095	5879	2335	6035	8936	2549	3688	79767	23176	10094	5296	10163	1731	25759	1213	998	857	55752	23607	391	10109	1212	7414	1793	55964	6464	5291	10459	859	5293	1495	867	29119	10801	8976	124404	999	53358	3059	1785	79658	399694	60	23157	1496	4735	1759	10096	4233	26052	5290	10092	8503	5295	2017	9844	1499	1211	5747	653857	3611	57180	10097	1398	5829
Basal cell carcinoma	7484	7476	7479	2932	374654	51176	8643	7477	7471	6469	7483	51684	54361	7478	8325	11211	6934	7157	2737	51426	7475	4616	51384	7473	7474	7855	1026	7481	10297	7976	10912	578	2735	6932	8322	8323	8326	1499	64399	1647	650	8312	83439	7480	1856	7482	81029	581	8313	1855	8321	5727	80326	324	2535	1857	8324	6608	89780	7472	1643	652	2736
Basal transcription factors	2968	8148	2967	4331	9569	6877	6874	6875	10629	6879	9519	2068	27097	2071	2963	2959	2969	6881	728340	6884	404672	2958	6873	6908	902	6883	83860	2961	6878	129685	6882	138474	54457	2960	1022	2966	6872	387332	51616	11036	2962	6880	2965	2957
Base excision repair	10714	8930	4913	143	55247	5425	4595	54107	7515	252969	328	10038	5111	57804	4350	3980	79661	5427	27343	6996	7374	5426	27301	2237	3146	142	4968	3978	23583	5424	56655	5423	10039
Bile secretion	54600	6550	112	343	3949	10720	5568	111	1581	2052	6579	476	5244	6256	1576	200931	5566	10998	54576	54659	6344	361	7365	113	107	7367	115	114	3781	574537	949	54578	6580	54658	8647	760	5567	108	64241	7364	478	3156	9376	5243	2778	1080	6548	28234	10599	54579	123264	8671	54577	6554	570	8431	10257	9971	483	57835	57552	54657	6513	366	7363	7366	23439	6522	9429	358	54490	10864	6343	109	477	482	79799	196883	6523	481	6555	486	8714	64240	10941	6822	1244	54575	480
Biosynthesis of unsaturated fatty acids	6342	9415	9200	11332	122970	51	6785	51495	641371	30	83401	6319	54898	401494	79993	64834	51144	570	10965	3295	3992	201562	9524	79071	79966	60481	8310
Bladder cancer	5604	4318	5605	5594	6714	7057	1612	1956	595	7157	1870	5595	3845	3576	4893	23604	1869	1026	1613	999	2064	7422	1029	1871	4609	4193	9252	1890	5894	1950	4313	5925	1019	11186	2261	369	673	3265	7380	4312	1839
Breast cancer	1021	5604	7479	5241	2100	388585	5728	5594	182	2251	8325	11211	1870	8202	2246	1026	10297	672	6932	8322	8326	4855	10683	3815	4040	10023	7472	9965	4853	7476	7471	2260	8074	54361	595	51426	675	122011	3480	5296	8600	51384	7473	7474	3725	8822	25759	1871	8823	6199	2324	81029	6464	23401	8321	8648	5925	2249	2250	89780	1452	5291	673	5293	208	7484	2475	2255	54567	2932	27006	6934	7157	3845	7475	1869	2248	10912	53358	578	2253	8323	4609	1647	3479	83439	2254	1856	5894	399694	1855	80326	324	2535	4791	6655	8817	1019	2353	28514	3265	1643	7477	51176	4854	7483	5605	4041	2247	23493	5290	7478	1956	5595	23462	26291	4851	4616	10000	7855	8503	7481	7976	6667	2099	2064	2885	5295	1499	26508	8312	3714	3280	7480	7482	581	8313	1950	26281	1857	8324	207	6198	369	4893	2252	6654
Butanoate metabolism	79944	54511	1962	3033	18	1892	39	2572	56898	2571	142827	5019	64064	54988	622	3158	348158	38	7915	3157	123876	35	3030	6296	341392	65985	3155	116285
C-type lectin receptor signaling pathway	4773	3709	841	51806	5594	5534	387	23365	22800	6714	22808	6850	5743	4792	10379	30835	6300	8844	9261	4775	834	10332	51561	5601	4193	9641	3592	1432	51266	3553	4046	602	7124	10892	6237	5533	4772	5296	3725	5970	3710	5600	801	3708	1959	6773	3569	5058	5291	5293	208	3659	5599	3558	3593	868	8517	3845	5530	5535	91860	64170	5336	5971	810	26253	5602	5781	8915	5894	163688	338339	4791	3551	93978	3265	6367	114548	5580	1263	5532	1960	2207	6772	5290	5603	9020	5595	1147	10000	8503	1540	5295	6361	3586	64581	29108	53342	4776	207	4893	4790
Caffeine metabolism	9	10	1548	1549	7498	1544
Calcium signaling pathway	5333	3709	3706	4914	5332	2149	51806	886	887	80228	5136	1133	3360	5534	6870	3361	155	2251	57620	1131	7852	5257	775	5568	9127	219931	3791	2246	844	5733	1909	774	23236	6547	5154	814	7417	2066	5566	489	146	623	4923	1129	5737	624	5260	5261	4486	3362	6263	779	153	5026	2261	1128	113	5578	107	1910	10800	9965	2902	115	114	8913	5579	80310	3356	2277	2260	4638	8074	2915	2906	5979	5330	5533	148	492	51196	5582	3274	6262	84812	3707	57172	444	4843	293	2925	2905	5023	8822	2185	56848	5567	776	7416	6786	3710	57118	108	2767	7201	7419	4842	7422	2263	9630	8823	91807	801	778	2264	4915	3708	5155	147	488	1812	5350	2324	818	777	2249	2250	552	4803	493	136	7423	3358	3363	8912	2255	5256	2778	10105	84876	6546	291	6915	8911	5159	22953	5724	340156	3357	27006	6869	2774	815	490	2248	8877	487	57192	2668	4846	5530	6261	85366	5535	91860	6543	185	2253	5336	5335	810	5731	817	55283	56034	2254	5331	4916	56413	93129	53373	163688	89869	8817	5156	7134	8536	1139	292	1816	10345	5532	5021	773	83447	952	4233	7424	5137	90550	2247	5153	7125	1956	3269	2776	816	2065	26291	3082	109	2769	845	2903	491	3973	2064	5027	3270	553	135	154	2321	196883	5255	4485	6865	113026	5024	1950	2911	26281	5025	57105	255231	2252	80271
Carbohydrate digestion and absorption	208	346562	5579	5332	80834	3938	280	6476	6514	3099	5330	23439	8972	279	3101	5290	10000	80201	5296	477	8503	92579	83756	776	482	2538	23236	6518	5295	476	2542	6523	481	3098	486	276	5331	478	207	57818	93432	5291	483	480	5293
Cardiac muscle contraction	4624	1347	1339	1350	1329	84701	775	8923205	84679	10369	785	6547	476	27092	489	440567	779	1337	7139	7381	1349	7169	784	55799	444	6775079	4634	776	8923202	1327	170712	778	59283	488	9167	10479	59285	7388	478	125965	6546	6548	1537	7137	782	487	70	7170	6543	1340	7171	4514	7386	7385	4633	783	786	27091	9377	7134	4635	10368	4625	483	59284	7384	1351	7168	10345	341947	9254	23439	477	845	27089	781	482	3270	1346	4512	481	1345	486	10975	4513	93589	29796	6262	480
Cell adhesion molecules	3134	942	24146	1000	1001	152404	137075	53842	5175	10686	51208	923	23562	1364	3119	9378	6382	257194	57863	2734	1272	100288814	3696	1366	90952	4685	9369	3685	58494	3113	25945	3135	941	26047	50848	9379	3384	6383	3117	6402	5792	6403	9080	3688	1003	80381	4756	29126	3118	3689	5819	926	3695	940	9074	4897	3897	6404	5818	49861	64115	3655	29851	9076	100132463	947	100506658	64101	8516	57555	3111	3123	79679	644672	6900	4359	1462	57502	7122	214	5133	26285	3133	920	9071	22871	3107	54413	8174	1013	3676	999	1493	925	3105	933	5010	5797	8506	3122	6614	9019	4684	7412	958	3126	3108	9672	1002	5817	3684	959	3109	83692	3127	4099	23114	3115	3683	1365	94030	927	3385	22829	84628	149461	965	80380	3680	22854	3106	6385	6401	23705	10666	9075	9073	914	4267	3125	3383	201633	3112	57689	83700	5788	6693	23308
Cell cycle	1021	545	7532	8900	5591	4173	1870	898	1026	51529	5934	4089	9133	25847	902	4193	6500	4999	10393	990	11200	8318	6502	10971	25	4172	23595	9232	5885	595	8555	1017	9978	890	1111	5111	891	8881	64682	9184	246184	1871	996	896	991	5925	1027	2033	1030	10459	8317	4087	27127	1874	10274	472	2932	7040	7027	4085	85417	1032	7157	4174	4171	1869	4998	1387	7042	10912	10926	3066	494551	699	5000	8556	9134	1647	4609	7029	1022	51433	1031	2810	1019	8454	9700	894	993	10735	10744	983	3065	7043	51343	1028	5933	8697	701	8379	23594	5347	9088	4616	995	7465	51434	7533	8243	7272	7529	29882	1029	7709	4175	9126	4176	1875	29945	994	7531	7534	4088	5001
Cellular senescence	1021	3134	545	5604	4773	3709	5728	51806	8900	5594	5534	22800	3552	22808	1870	5054	898	6300	1026	9261	3364	5934	9133	4775	7417	3135	4193	11200	1432	7048	5606	54822	23411	6237	1978	5533	677	4361	3486	595	4772	1017	55957	890	5883	5296	1111	293	891	776	7249	5970	5501	3710	7416	5600	7419	1871	801	3708	23291	896	5481	5925	3569	5291	1030	5293	208	10114	6009	2475	4087	1874	4088	472	7040	2305	291	10758	132660	83593	8878	85417	3133	4683	7157	3845	59341	3107	286826	1869	7042	5530	5499	10912	5535	91860	204851	4605	810	3105	9134	4609	1647	5500	5894	163688	10111	28996	147746	1019	8945	3265	894	993	292	983	7043	5532	83447	5933	5605	824	90550	5290	823	2113	5810	2626	5603	5595	3576	2309	4616	10000	8503	91750	3805	5295	5608	7046	678	3106	1029	2308	7248	1875	5928	4776	144715	207	4893	4790
Central carbon metabolism in cancer	208	5604	2475	6513	5162	5315	4914	27165	5728	4233	2260	2322	5605	5159	6514	6510	3099	5594	5979	23410	3939	5160	5290	1956	3101	5223	7157	5211	3945	5595	3845	10000	80201	5296	92483	160287	8503	3948	2539	5224	9997	2064	3418	5295	5214	8140	4609	2263	5213	5163	3091	3098	9123	2744	4916	5894	51548	5161	3815	57103	207	3417	5156	441531	2261	5291	4893	3265	2645	5293
Chagas disease	712	841	5332	54106	5594	811	5054	4792	6300	414062	23236	356	5601	3592	624	1432	713	6352	6416	7048	3459	2773	107	10333	5520	3553	7124	5330	915	5296	4843	3725	2771	5970	714	2775	2767	5600	51135	9630	7189	5519	148022	3569	5291	5293	208	5599	4087	7040	2778	2770	917	5522	3458	3558	3456	3593	4615	7132	2774	8517	6347	7042	916	718	3460	5602	7099	5331	3827	355	3654	5515	2353	7097	919	3551	7043	8772	5290	5603	2776	5595	1147	3576	5516	10000	1636	2769	8503	5518	5295	7046	8837	6348	3586	5521	207	55844	4790
Chemical carcinogenesis	54852	2948	5604	3841	2950	3320	5241	4257	2100	54600	1553	9446	5594	155	6196	112	409	2251	182	1137	6714	10728	6195	10720	775	5568	111	604	1549	3717	5743	4259	6799	445329	2052	774	9586	3836	55584	402569	9314	6256	1576	5566	6774	10683	85315	1388	873	9641	54576	990	2946	9	54659	2949	779	7365	153	1577	468	113	1559	2773	107	5578	2952	6776	7367	84699	4853	115	114	596	2939	5579	64764	574537	90993	7471	253152	1978	3840	54575	10	373156	595	5582	23746	9970	164091	54578	5296	8600	23633	3290	1544	2944	8822	2771	64816	3725	1558	1571	776	5567	5970	108	2941	6777	7422	8823	100861540	7364	778	6199	1545	10488	896	5925	2249	2250	2947	27306	3838	5291	1646	119391	27330	148327	5293	208	79852	2475	5465	1141	2255	3326	54567	374875	2778	2770	54658	2953	405	6257	27006	1562	2940	3845	4893	54579	1869	2248	1543	1143	196	54577	572	1548	2253	221357	6197	1386	4609	2254	5894	6655	8817	2353	28514	3265	993	1139	54657	4258	773	9049	5605	1136	7363	2247	1555	5290	7366	1956	367	5595	54490	10000	3839	109	332	2053	8503	7421	1385	7184	2099	2885	79799	5295	154	196883	653689	408	6258	6817	331	2938	3837	1950	10941	26281	6822	688	207	6198	1557	2252	4790	6654
Chemokine signaling pathway	5604	5332	2920	6346	5594	387	6714	112	409	10563	7852	94235	111	5568	3717	5880	4792	10803	414062	1234	5196	146850	6374	23236	1524	6011	9564	9547	2868	2931	5566	6774	6360	1399	2787	5879	58191	6352	2784	2783	6035	113	6363	2773	107	653361	10344	115	114	6368	3055	5579	2870	57580	1236	5330	6387	156	643	5296	2185	2771	1230	6359	5567	25759	5473	5970	108	6777	998	2829	6369	2785	2782	2791	1235	56288	6464	6773	6376	3718	6364	7454	5058	5291	673	2790	51764	5293	208	2770	2869	2932	5197	10235	157	6373	9475	6846	8517	5590	6347	6358	2826	2792	1794	4893	3845	2793	6370	729230	2919	2921	388372	4793	6372	59345	53358	572	5336	5335	3627	10850	3702	5294	10451	5331	5894	3579	399694	6355	6655	3551	3265	6367	5881	5580	2788	7410	1233	6772	4067	54331	5290	6366	56477	2776	5595	1147	2309	3576	6375	10663	10000	23533	109	6362	7409	8503	6354	55970	2885	5295	6361	2786	196883	9844	408	131890	2833	2268	6348	5747	6093	6357	7074	1232	1237	5908	6356	3577	5906	4283	207	1398	5829	10681	4790	6654
Cholesterol metabolism	6770	9217	19	3990	4864	348	26119	335	344	4023	4035	345	10577	255738	3949	949	27329	6646	1581	6272	8647	948	29116	1593	9218	7416	9388	8435	10948	5360	64241	341	4043	7417	706	7419	3988	336	4018	350	55908	3931	51129	64240	337	338	114879	1071	4036	57552
Choline metabolism in cancer	5604	160851	8525	5594	10810	5880	6582	100137049	5130	1607	57153	123745	5154	5601	6584	8395	5879	8605	8611	6035	6581	8936	5578	5900	8527	5579	80310	8394	1978	5582	6580	5296	5170	3725	10163	10434	255189	8613	7249	1120	1119	5155	6199	5338	7454	5291	80736	5293	208	6009	5599	2475	1606	5159	6583	9468	56994	3845	8526	56261	23396	5335	1608	5337	5602	56034	3091	5321	139189	5894	6655	2353	5156	3265	5881	204962	5605	5290	1956	9162	5595	60482	10000	8503	6667	23446	2885	8612	5295	126969	7248	1609	1950	283748	207	6198	4893	6654
Cholinergic synapse	5604	3709	5332	1133	1132	5594	3759	112	1131	1137	775	94235	111	5568	3717	774	9586	3786	146850	23236	814	5566	1129	2787	3760	779	2784	2783	1128	468	113	2773	5578	107	2534	84699	115	114	596	5579	64764	90993	5330	5582	5296	2771	5567	776	9132	43	3710	2775	108	2767	2785	2782	3770	778	3708	10488	2791	3761	818	5291	148327	51764	8973	2790	208	5293	1141	2770	6572	3845	2792	815	2793	1143	59345	3785	817	5294	100134444	5331	2353	3265	1139	3763	2788	773	1136	54331	5290	2776	816	3768	56479	5595	60482	10000	23533	109	8503	1385	55970	5295	2786	196883	1103	207	4893	10681	3784
Chronic myeloid leukemia	208	1021	5604	3065	4088	7043	7040	25	1488	867	5605	5594	5290	2122	595	7157	1870	5595	8517	1147	4893	51426	3845	4792	4616	1869	10000	5296	7042	1026	613	8503	5970	1487	598	578	10912	572	2885	3066	1398	5295	25759	53358	4089	6777	7046	1029	1871	4609	1647	5781	9846	4193	1399	3265	5894	861	581	6464	399694	5925	6654	6776	1027	6655	207	1019	7048	369	3551	673	5291	1643	4790	5293
Circadian entrainment	2892	5332	51806	5594	2890	112	8863	2891	775	94235	111	5568	9722	23236	51655	5566	9252	3762	6263	2787	3760	2784	117	2783	113	5578	2773	107	2902	115	114	8913	5579	116	3765	2906	5330	5582	6262	2893	5187	2905	2771	5593	5567	776	3710	2775	108	4842	2785	2782	801	3708	2791	8864	818	51764	2790	8912	2778	2770	8911	2792	815	2793	2983	6261	59345	91860	810	817	2982	4543	5331	163688	2353	2977	3763	2788	54331	2776	816	5595	109	55811	1385	2904	55970	2903	2786	196883	4544	5592	10681
Circadian rhythm	5571	6095	6096	1407	8863	8553	9978	5187	1385	5563	5564	4862	1408	1453	53632	6097	6500	23291	1454	51422	5562	9572	8864	9575	8454	8945	5565	26224	79365
Citrate cycle (TCA cycle)	1743	5162	3419	3421	1738	6392	6391	5160	50	8803	8802	6389	8801	3418	6390	5106	4967	5105	3420	4191	5091	2271	5161	1431	1737	4190	3417	48	47	55753
Cocaine addiction	84699	116443	1644	64764	2778	627	2770	90993	1813	8851	1020	2906	6571	2354	7054	2891	84152	5568	111	2905	3725	6570	2771	2912	1385	5567	2904	2903	8787	9586	5970	5173	1386	5566	116444	6531	1388	10488	4129	1812	26086	4128	1742	2913	468	2773	148327	4790	2902
Collecting duct acid secretion	527	9550	523	90423	245972	526	23545	6521	495	528	496	9114	534	535	525	760	51382	10312	50617	529	8992	155066	10723	245973	127124	9296	1188
Colorectal cancer	5604	5594	387	5880	1026	26060	10297	4089	6932	5601	5879	2069	6035	7048	5898	5900	4437	596	836	2956	595	51426	5296	3725	6199	5291	673	5293	208	5599	4436	2475	4087	7040	2932	6934	7157	3845	7042	10912	578	572	5602	4609	1647	7039	83439	5894	4292	324	6655	10018	2353	3265	5881	1643	842	7043	51176	5605	5290	1956	374	5595	4616	10000	54205	332	8503	2885	5295	7046	1499	8312	5366	27113	5899	581	8313	1950	207	6198	369	1630	4893	4088	6654
Complement and coagulation cascades	712	966	5329	3080	2149	5328	2157	4179	5054	2244	7450	727	2162	728	719	81494	1675	623	10878	1604	624	715	713	725	5624	1379	11326	2165	5104	3689	5055	2151	2266	2155	714	720	729	730	5648	5265	733	7035	2159	7056	731	717	2153	4153	1378	2161	5327	716	3687	710	3818	718	3078	462	629	5345	722	3827	5340	10544	9002	3684	5627	7448	2243	2147	2	3426	10877	735	3053	2160	10747	2158	1361	3075	1191	2152	1380	732
Coronavirus disease	712	6191	6129	6169	140032	6168	5594	3570	6142	6850	3447	51284	4792	10379	2244	9045	64135	6300	6138	6122	7450	6207	727	6130	2162	51121	834	728	6181	6187	719	1675	5601	6774	1440	9641	3592	1536	9349	1432	715	713	3452	6206	100529097	140801	5578	7311	6403	6188	3553	5579	7124	100529239	6173	2165	6224	6194	6217	5582	6160	6202	2266	5296	3451	2212	3725	6223	3454	6166	5970	6218	714	720	729	23118	5600	3921	115004	730	51135	6171	6134	29110	7189	5648	6164	6139	6773	3442	6147	733	103	6868	3569	3440	731	4940	6230	5291	1839	51311	717	5293	6156	5610	340061	5599	4142	7113	3445	6128	4153	3716	6135	6133	6192	6233	3558	3456	3593	4615	6123	6228	7132	8517	716	6347	6132	6234	6158	6165	4939	51187	4793	4314	3444	3443	6231	718	6167	6159	185	5336	6176	5335	3627	5602	2197	629	6193	57506	6203	7099	6229	4938	4736	25873	59272	6208	6885	3654	6222	2353	7097	6205	6137	3551	4312	6144	114548	6175	9636	11224	6232	51065	6201	6141	6189	8829	6772	6209	6227	6235	3446	5290	1956	2243	3572	4599	5603	5595	200916	1147	3439	3576	6161	2147	3448	1437	6210	1636	8503	6204	3455	6146	6152	5295	7297	23521	6124	7187	4600	100526842	735	3449	3441	6136	6157	10747	6125	3661	6143	6154	6170	7098	6155	732	4790
Cortisol synthesis and secretion	84699	6770	115	114	8913	8912	3709	64764	2778	3164	84876	3283	90993	5332	8911	113	5443	1583	3777	5330	112	5087	3949	775	2776	4158	111	5568	949	109	1589	3739	1385	5567	776	6667	9586	3710	5151	23236	108	185	2767	56246	196883	1386	183	1584	5566	778	1388	3708	10488	3776	5331	2516	8622	190	779	468	1586	3284	107	148327	57552
Cushing syndrome	1021	5604	3709	7479	5332	5594	112	5087	8325	11211	3949	1870	775	5568	111	11091	898	1026	10297	9586	23236	6932	8322	51655	8326	5566	1388	4297	779	7472	468	113	2773	107	84699	7476	115	114	8913	1392	64764	90993	7471	54361	1583	3777	5330	595	1017	949	23746	1395	51384	7473	7474	2771	1589	5567	776	9101	3710	108	2767	183	1871	778	3776	3708	10488	81029	8321	818	5925	1027	89780	9070	3739	1030	673	3284	54554	148327	6770	7484	1394	8085	8912	2778	2770	2932	84876	405	8911	5443	6934	4158	79798	7475	815	1869	196	5151	185	8323	1386	9134	817	83439	5331	1856	8622	2271	1855	80326	324	1031	2535	1019	57552	50940	3164	7477	51176	3283	7483	9049	5605	7478	1956	2776	816	5595	109	7855	1385	7481	7976	6667	4221	56246	196883	1029	1499	1584	8312	7480	2516	5908	7482	8313	5906	1857	8324	1586	5929
Cysteine and methionine metabolism	635	10768	84245	4143	191	113675	55256	3939	6898	2730	3945	2937	137362	1491	4357	56267	92483	160287	3948	6723	7263	27430	883	10993	587	23382	2729	6611	1789	1786	4191	102724560	586	58478	262	4548	1036	2806	23743	64902	1788	4507	4190	29968	259307	26227	2805	51074	4144
Cytokine-cytokine receptor interaction	268	4352	8807	11009	64109	1441	3603	3560	939	6346	2920	58985	64806	3570	3552	7042	3563	10563	3625	7852	3447	9518	10803	8809	414062	50604	1234	5196	3953	654	6374	2657	3556	1442	2661	1524	656	51561	9547	356	8740	2056	1489	7066	92	6360	1435	1440	50616	3592	3976	970	8718	3567	26525	8793	651	84957	29949	58191	6352	3452	4838	51330	94	9573	2660	7048	246778	6363	27177	3459	2658	83729	10344	8744	6368	3553	7124	1443	1236	8743	53833	115650	4982	56832	6387	27178	90	55801	3557	643	8600	3605	3451	146433	3559	4049	1230	6359	3454	944	5473	658	3594	2829	27189	6369	282618	9466	10148	1439	3623	1235	3597	3442	3977	27190	3569	6376	3440	6364	659	3589	8797	7292	4803	85480	652	5617	7133	943	3568	3445	7850	10913	7040	3588	3606	10673	5197	8995	9173	3458	3558	6373	3456	3593	653	27179	7132	3562	6846	920	3561	23495	6347	269	6358	2826	51554	2057	6370	2662	729230	2919	282617	57007	388372	2921	2690	112744	50615	6372	149233	3444	1896	55540	3443	3598	3467	59067	9210	9235	282616	3460	3587	163702	5008	3627	284340	23529	10850	90865	53832	4050	657	10220	3575	7293	353500	91	3565	60401	3579	133396	8741	9966	355	6355	4055	3626	8764	8784	1270	6367	338376	3600	958	8742	84639	3596	2688	7043	959	1233	655	3595	3952	1271	93	151449	3578	3566	8792	3446	6366	56477	3572	4804	3576	3439	3581	6375	10663	3601	1436	84818	3448	1437	6362	6354	392255	3574	8808	8794	3455	6361	8200	7046	5618	2833	2689	650	3449	3441	6348	23765	3586	608	1438	6357	53342	27242	1232	3590	3604	1237	8771	56300	27302	6356	3577	386653	9180	4283	55504	3554	130399	132014	8795	3624
Cytosolic DNA-sensing pathway	3553	3445	9447	661	3606	3456	3446	5441	8517	3447	5435	1147	3439	10623	4792	3448	3451	388372	4793	5437	11128	3444	51082	3443	3665	10622	171568	5970	11277	834	3627	115004	8737	90865	29110	3449	3441	57506	55703	9641	11035	340061	3442	103	3661	6352	3452	3569	55718	3440	9533	5440	51728	5434	3551	29108	81030	4790	84265	10621
D-Glutamine and D-glutamate metabolism	27165	80017	2744	2746	2747
DNA replication	84153	10714	1763	4172	5984	23649	5425	4173	4174	54107	4171	29935	79621	5985	5111	6119	5982	5557	57804	6118	5427	5981	5422	4175	246243	5426	2237	5558	4176	6117	3978	6742	10535	5983	5424	56655
Diabetic cardiomyopathy	4509	5332	1347	2673	5728	1339	2997	4720	4711	1350	4712	1329	84701	518	5880	8923205	51660	6300	515	25874	948	1278	6389	4538	23236	4718	1215	4713	4729	7417	5601	489	4709	1536	1375	1432	517	440567	4313	5879	498	6035	7048	1535	1337	5578	653361	9882	5579	7381	4707	1349	5330	6391	4541	4726	5160	5582	54539	4717	3630	5296	6775079	293	1376	2936	126328	9945	7416	4725	5501	539	5970	6775074	8923202	1327	5600	7419	4697	183	170712	4700	4536	5166	488	5350	9167	100532726	142	5161	818	7388	4715	4508	125965	4723	5291	177	10476	208	4704	5293	5599	2475	5465	4087	509	4088	7040	2932	10105	4537	51079	291	4318	4695	1537	1509	4714	347411	6392	374291	7137	4688	5590	4539	815	4710	487	4702	2597	56901	7042	4846	5499	2539	2998	4731	5164	185	1340	6390	5602	817	5500	513	5331	516	522	6775077	4514	7386	7385	4694	1277	9377	55967	4708	4705	7384	5580	1351	292	4701	7043	6513	5162	3643	4696	83447	3667	341947	4724	6517	5290	4698	1281	5603	4706	816	4722	10000	1636	4689	8503	4716	27089	506	4728	6667	4535	5295	514	7046	1346	5165	5972	4512	1345	6775076	10975	4513	5524	207	29796	4719	6262	4790	4540
Dilated cardiomyopathy	71	2010	4624	3679	3678	112	4607	775	5568	111	10369	3696	6442	785	6547	3685	27092	3693	5566	489	6444	6445	3673	3672	779	153	113	107	7139	115	114	3688	7124	1674	3690	3674	7169	784	3695	6262	55799	3694	4634	5567	776	3655	108	183	778	59283	488	5350	8516	284217	59285	3908	7040	2778	6546	7273	7137	3691	782	487	3676	70	7042	7170	6543	22801	7171	3479	1605	4633	60	783	786	27091	7134	4625	59284	7168	7043	9254	8515	1756	109	781	6443	3680	196883	4000	93589	3675	10368
Dopaminergic synapse	3709	2892	5332	51806	2890	409	5523	2891	775	94235	111	5568	1815	6300	774	9586	23236	2931	5566	5601	1388	3762	4128	1432	2787	3799	3760	2784	2783	468	2773	5578	5520	84699	5528	1644	5579	64764	3765	90993	3798	5330	5533	28227	84152	5582	3800	2893	2771	5567	776	6323	5501	3710	2775	5600	2785	2782	801	3708	10488	4129	1812	5519	2791	818	5525	148327	51764	2790	208	5599	1312	2778	2770	2932	5522	2774	5529	2792	815	2793	5530	6570	5499	59345	91860	810	1386	50632	5602	817	5500	6531	5331	163688	9575	1814	5515	2353	1816	2788	3763	5532	773	1813	5527	54331	7054	5603	2776	816	5516	10000	55012	5526	1385	55970	2903	2904	5518	2786	408	5521	207	6571	55844	10681
Drug metabolism	2948	316	2950	54600	4257	1807	7371	9446	3251	10720	7378	1549	6240	4259	8824	4353	1576	2326	6241	54576	3615	2946	4128	9	54659	2949	7084	7365	1577	1559	222	2952	151531	7367	2939	574537	7083	54575	4832	10	373156	10201	54578	7498	4830	2330	1544	2944	54658	1558	1571	4831	130	2941	7364	50484	125	51733	4129	4833	7372	2947	131	27306	119391	29922	124	128	2329	3704	2953	2940	54579	221	54577	1548	221357	218	83549	8833	1066	127	2328	1854	1890	54657	4258	54963	1564	2327	7363	7366	1555	54490	79799	1806	653689	7172	1565	978	51727	2938	10941	107987479	3614	126	1557	2990
ECM-receptor interaction	3909	158326	1834	3679	3678	255743	6696	3339	51206	5649	7057	9899	6382	22987	7450	7058	3696	948	1278	1292	960	1284	1311	3685	3693	3913	3673	3672	2335	3918	63923	375790	1298	3688	22798	131873	3690	3674	3695	3381	3694	7059	2815	3655	1758	341640	3910	8516	284217	1101	3908	1280	1299	7143	3161	3912	3915	2812	1297	3691	2811	3676	3914	1291	22801	80144	961	1285	1605	1293	1287	7060	1277	1286	3911	7448	1282	8515	7148	1288	3680	6385	9900	3371	3675	256076	2814	10319
Endocrine and other factor-regulated calcium reabsorption	115	1175	5579	5741	2778	5332	6546	5330	163	112	23439	26052	492	5582	2776	5568	5745	1173	8218	490	477	7421	5567	9365	482	491	2099	23236	1213	476	6543	6547	3816	161	56302	160	1759	793	1211	5566	481	1212	1785	486	5331	624	3817	478	5578	483	493	480	8766
Endocytosis	3134	9230	858	273	58533	3306	50855	3560	6643	91782	3303	9146	119016	387	57132	116988	55616	51100	409	9135	6714	3949	81873	7852	8218	387680	84313	9829	381	10552	10093	1234	8729	30845	832	9525	6011	160	2868	3135	11267	23325	4193	2352	23550	4734	84364	3305	50807	23096	5584	377	138429	274	10095	8395	3799	84552	6456	55737	7048	2261	27131	30011	2870	93661	8394	8853	79720	9922	3798	7456	5119	137492	8723	156	642517	22841	55040	2348	3800	3480	10094	414189	5662	9765	3559	147179	79643	9101	116986	1601	30846	1213	84612	998	375	857	10015	2263	10109	116985	7189	23624	1212	2264	9815	10254	112936	51019	64744	64411	118813	93343	56288	26286	5338	84440	80230	859	7879	92421	8766	28964	6457	4087	51324	2869	7251	26119	6455	830	867	29082	9265	253725	157	10938	3133	868	163	55738	8411	58513	9727	57154	25978	3561	5590	84249	55048	1173	3107	6642	10617	8027	10193	64750	8976	9897	116987	440073	51028	116984	23396	161	3105	57403	390243	5337	11021	56904	27183	23111	1785	378	3312	83737	382	27243	128866	2060	3579	5867	9267	3482	5156	1759	4218	3265	5869	9266	55680	829	729092	80223	26056	29934	1175	51534	10096	7037	2350	9744	8724	51160	51510	27128	26052	64145	1956	3310	10565	5878	254122	29924	10092	89853	23527	30844	9559	51699	100287171	644150	5371	7046	3106	11059	408	131890	1211	9798	10890	22905	653857	100526767	10564	155382	23362	60682	5868	57180	3577	116983	9372	10097	11031	11311	4088	23327
Endometrial cancer	208	5604	1495	2932	51176	5728	5605	5594	29119	5290	1956	6934	595	7157	51426	5595	3845	4893	2309	4616	10000	5296	5170	1026	8503	10297	10912	999	578	572	2064	2885	5295	6932	1499	4609	1647	8312	83439	3611	5894	581	8313	1950	4292	324	1496	6654	6655	207	369	5291	673	3265	1643	2002	842	5293
Epithelial cell signaling in Helicobacter pylori infection	1445	28964	83700	5599	527	9550	523	5803	102	836	90423	4233	245972	526	23545	2920	4067	10392	6714	1956	7082	5603	9020	8517	1147	3576	9114	537	4792	528	534	6300	2919	3725	2921	535	525	5970	51382	10312	51606	50617	998	5600	5335	5336	58494	8992	529	533	5602	5781	5601	155066	127124	245973	3579	50848	1432	9296	5879	6868	6352	3577	150084	6416	6035	5058	3551	1839	4790
Epstein-Barr virus infection	1021	3134	841	8900	22938	811	3119	6850	1870	3447	4792	10379	898	6300	5713	1026	3516	29760	960	8819	3113	8737	3135	5601	6774	4193	9641	4734	6890	695	637	1432	10454	5879	3452	6416	6035	377841	3117	6502	5606	79685	596	5719	4794	7124	836	3118	915	595	1017	51426	7979	5702	890	5296	7186	3451	3725	3454	5970	7431	23118	5600	51135	1871	29110	317	7189	7874	896	6773	3442	5925	3111	3569	1027	6891	3440	3718	4940	3123	10213	5291	3665	5293	208	5610	7188	5599	9861	3445	11047	3716	917	25942	5609	3456	3133	4615	7157	8517	11317	953	3107	5710	1869	956	4939	916	4793	10912	930	578	3443	3444	3066	5705	7128	5336	5971	3627	3105	9541	9134	5602	1647	4609	5717	57506	4938	3122	5701	864	355	2208	6885	3654	4791	10018	1019	7097	6892	919	3551	958	3126	3108	894	1643	2923	842	8717	3065	9636	3109	8772	9612	6772	3127	4067	3446	5290	5700	3115	5603	9020	5714	1147	3439	3683	5707	4616	3448	10000	54205	8503	965	3455	7297	5295	5608	5704	5709	3106	7187	3449	3441	5718	3280	581	567	3125	3383	3661	3112	5706	207	1380	5708	4790
ErbB signaling pathway	5604	27	5594	6714	1026	57144	5062	2066	5601	1399	2069	6416	4690	5578	6776	2549	5579	25	1978	5582	9542	5296	3725	25759	6777	6199	10718	6464	818	1027	10298	5058	5291	673	1839	2002	5293	208	5599	2475	5063	2932	8440	867	5609	868	145957	3845	815	3084	53358	572	5336	5335	5602	4609	817	7039	5894	399694	685	6655	1398	3265	5605	106821730	5290	1956	374	5595	816	2065	10000	8503	2064	2885	5295	5747	1950	207	6198	369	4893	6654
Estrogen signaling pathway	3882	5604	3320	3709	5241	2100	5332	51806	3306	3866	3303	5594	6714	112	5568	111	8202	3872	3861	9586	23236	5566	1388	3762	3860	3305	5914	4313	3880	3760	113	468	2773	107	3858	84699	115	114	596	64764	3881	3765	54474	90993	5330	353288	5296	3725	2771	147183	5567	25759	3710	2775	108	7031	2852	2550	8689	10499	801	162605	3857	3708	10488	6464	8648	8687	5291	3883	1839	148327	5293	208	3326	9568	2778	2770	4318	1509	5443	3845	125115	390792	4846	53358	4988	91860	192666	810	1386	7039	3312	5331	2289	5894	399694	163688	6654	6655	2353	3265	5580	3763	8688	5605	5290	1956	3310	3886	2776	5595	25984	10000	109	3859	8503	3875	9166	1385	7184	2099	6667	2885	5295	3885	196883	3868	2288	342574	2911	207	4893	3884
Ether lipid metabolism	7368	8398	5322	23646	11145	151056	85465	5049	387521	391013	64600	81579	56994	9514	10390	54947	100137049	26279	255189	30814	8613	123745	387522	8540	8612	5320	79888	5050	122618	5337	79153	5321	7941	284161	5048	50487	8399	133121	255043	8605	5338	84647	5168	283748	5051	8611	254531	5319
Fanconi anemia pathway	201254	80010	545	548593	91442	29089	11201	5888	5889	197342	146956	641	51426	7398	29935	675	2178	7156	79728	84126	6119	2188	80198	83990	57599	2072	672	51455	6118	5429	2175	100526739	22909	9894	3280	55215	353497	5395	6117	2067	116028	5980	4292	8940	2177	2176	57697	2187	2189	80233	55120	84464
Fat digestion and absorption	4547	19	5322	5408	335	376497	80168	8513	84649	391013	64600	81579	949	29881	10554	948	26279	39	30814	8613	8612	2169	5320	64241	5406	1056	1208	38	346606	8694	50487	8399	5407	2806	64240	337	84647	338	8611	2168	10999	5319	10555
Fatty acid biosynthesis	54995	23205	32	51703	23305	2180	84869	7923	27349	81616	109703458	2194	51102	55301	31	2181	2182	197322
Fatty acid degradation	124	128	113612	2180	2181	1374	501	3032	1962	23305	51	51703	126129	3033	81616	219	217	30	1376	1892	39	2182	33	34	1632	23205	224	10449	130	223	125	38	2639	1375	35	3030	131	126	127	36	8310	37	10455
Fatty acid elongation	9374	3032	9200	11332	122970	6785	51495	117145	284486	3033	641371	83401	1892	54898	10449	5538	401494	79993	64834	51144	10965	201562	9524	3030	79071	51102	60481
Fc epsilon RI signaling pathway	208	5604	3596	3937	5599	7410	7124	2207	5605	5609	5594	4067	5290	3562	2206	6850	5603	5595	5880	4893	3845	27040	2205	10000	6300	5296	5293	1437	100137049	5170	7409	8503	255189	123745	2885	5295	5608	5336	5600	5335	5602	5601	9846	5321	10451	3565	3567	695	241	5894	1432	3635	5879	240	8605	6654	283748	6416	6035	207	6655	5291	5578	3265	5881	5606	2534
Fc gamma R-mediated phagocytosis	5604	273	5594	4651	10810	55616	81873	6850	5880	85477	10552	100137049	10093	123745	2934	1399	50807	274	10095	8395	8605	5879	8611	6035	8936	2209	5578	653361	8398	3055	5579	8394	8853	3636	5582	27040	10094	2214	5296	56848	10163	2212	255189	8613	998	10109	6199	1793	3635	1073	5338	7454	5058	5291	5293	208	65108	5581	1072	7408	8877	4082	5336	23396	5335	5337	5321	1785	10451	382	5894	2213	5580	7410	10096	4067	5290	5595	10092	10000	7409	8503	8612	5295	9846	653857	3984	57180	2215	283748	207	10097	6198	1398	5788	3985
Ferroptosis	23657	5093	2180	23516	6520	5621	7037	2512	7018	55240	2181	440738	112483	81631	84557	2730	23305	51703	7157	6303	2937	2495	5094	1356	2182	10162	3162	10533	4891	7419	7417	2879	64116	2729	8031	1536	94033	9474	246	30061	643246
Fluid shear stress and atherosclerosis	25828	2948	71	858	2950	3320	4257	5607	51806	9446	387	3552	6714	5175	6382	5880	4259	3791	6300	51588	5154	3685	5601	92	2946	1432	6612	2949	4313	5879	6383	6416	6035	1535	653361	2952	5598	7341	596	2939	3553	9817	7124	1003	3690	3674	90	1906	4217	5296	3725	2944	5970	658	2941	5600	857	7422	5155	801	5562	7056	2947	659	5291	119391	859	652	5293	208	5599	3326	4208	7850	4318	2953	8878	4205	3458	5609	7295	7132	5327	2940	7157	445	4688	5590	6347	8517	59341	4846	1514	5563	3162	91860	221357	6613	810	4780	5602	657	60	163688	6885	7412	2353	27035	3551	5881	4258	10365	2817	93	5290	5603	4880	1147	10000	8503	7184	5295	5608	1728	6385	653689	1499	6401	5747	387082	2938	3383	1843	207	9181	3554	4790
Focal adhesion	3909	5604	7791	71	858	58498	2317	5728	3679	3678	6696	5594	387	5649	6714	7057	5880	394	7450	7058	3791	3696	1278	103910	1292	57144	1284	5062	5154	1311	9564	330	3685	3693	4636	5601	1399	7094	3913	3673	8395	5879	3672	2335	3918	6035	63923	54776	5578	2534	1298	596	5579	3688	22798	80310	55742	131873	8394	4638	2277	3690	3674	595	5582	3695	87	3381	3694	3480	5296	7059	5170	3725	5228	29780	25759	3655	5501	998	857	2909	7422	5155	91807	7414	2324	1793	896	3910	8516	284217	6464	1101	2316	4659	10298	3908	5058	673	859	5291	2002	1280	208	5293	7423	5599	10398	5063	2932	1299	5159	7143	340156	9475	83660	3912	3915	7408	1297	3691	2318	3676	329	3914	5499	85366	1729	53358	572	23396	1291	22801	5602	5500	56034	10451	3479	1285	81	5894	1293	4633	399694	60	1287	7060	1277	6655	5156	1286	3265	5881	894	7410	3911	5923	7424	4233	7448	824	1282	106821730	5290	1956	8515	5595	3082	10000	7148	7409	1288	8503	64098	2064	2885	3680	5295	10627	2321	1499	93408	5747	4660	6093	3371	331	3611	5908	1950	3675	2889	5906	207	256076	1398	5829	10319	6654
Folate biosynthesis	84105	248	250	251	2356	5860	121278	2643	7054	7166	4337	57016	200895	6697	5092	249	8644	10243	1719	55034	873	231	8836	4338	5805	5053
FoxO signaling pathway	5604	6794	5728	5594	604	6300	1026	5897	5564	5934	4089	6446	9133	5106	356	5601	6774	4193	1432	57818	7048	100132074	114907	23678	6502	9455	10110	23411	8743	595	9454	1017	3630	3480	5296	5170	80854	891	8698	92579	2538	116986	10733	5600	23710	2290	53632	7874	847	9140	5562	3569	1027	11345	2033	901	5291	1030	673	5896	5293	208	5599	1901	472	7040	85417	1032	3845	1387	7042	5563	10912	8660	26260	5602	1647	3479	3575	3276	5894	6655	10018	51701	3551	5565	664	894	3265	1454	9456	5571	7043	1263	4303	3643	3667	10365	5347	5605	6517	6789	5290	1956	8471	5603	5595	1147	2309	4616	10000	6648	8503	2885	5295	7046	11337	3586	2308	10769	51422	1950	2911	207	369	4893	5105	4088	6654
Fructose and mannose metabolism	5373	2762	229	26007	197258	7167	5207	3099	226	7264	3101	5210	5211	55556	8789	3795	57016	80201	2203	230	5208	4351	5372	5214	8790	5209	29925	5213	29926	3098	6652	57103	231
GABAergic synapse	4905	10991	2563	6714	112	775	94235	111	5568	6538	18	6540	774	2571	2562	6529	5566	2744	92745	2787	779	2784	2783	113	5578	2773	107	5334	115	114	5579	27165	2569	55879	2560	5582	2568	2565	2771	5567	776	2775	108	9001	2550	2785	2554	23710	2557	2782	778	2791	11345	2570	140679	51764	2790	9568	2770	2558	2792	2793	2564	59345	2566	2555	2561	10243	66008	6539	2556	3763	2788	773	2752	54331	54407	57468	109	2567	2559	200959	2572	55970	2786	196883	11337	10681	81539
Galactose metabolism	2683	2592	3938	6476	3099	2595	8972	3101	5211	57016	80201	7360	92579	2538	5214	130589	2720	5213	8704	3098	2582	2548	5236	2584	55276	231	57818	2717	3906	93432	2645
Gap junction	5604	113457	3709	5607	7846	5332	81027	5594	6714	112	5568	111	23236	5154	1453	5566	10746	153	113	5578	2773	107	5598	115	114	5579	80310	3356	2915	5330	5582	7280	2771	5593	10381	5567	3710	108	2767	5155	112714	3708	1812	347733	7277	84617	3358	2778	2770	5159	3357	347688	3845	2983	84790	51807	10383	79861	57369	56034	2982	10382	5331	5894	6655	5156	3265	2977	203068	983	1813	5605	1956	7082	2776	5595	7278	2697	109	2885	196883	5592	1902	1950	2911	10376	4893	6654
Gastric acid secretion	2520	115	71	114	3709	3758	5579	2778	2770	5332	51806	887	1080	4638	6548	3759	5330	340156	6750	112	23439	6522	1131	3773	495	5582	2776	3274	111	496	5568	815	816	389015	109	9992	3784	477	2771	760	5567	482	85366	91860	3710	23236	108	476	810	196883	5578	115111	5566	817	481	801	91807	7430	3776	3708	6752	5331	3772	3766	60	818	163688	478	113	2773	483	107	54207	480
Gastric cancer	5604	7479	5594	2251	8325	11211	1870	898	2246	1026	10297	4089	4583	6932	8322	8326	6256	4040	1015	10023	7048	7472	9965	7476	596	2549	7471	8074	54361	83998	5915	595	1017	51426	122011	5296	51384	7473	7474	8822	25759	1871	2263	8823	6199	81029	6464	23401	8321	5925	2249	1027	2250	89780	1452	5291	1030	673	5293	208	5243	2475	4087	7484	2255	1495	7040	2932	6257	29119	27006	6934	7157	3845	7475	1869	2248	7042	10912	999	578	53358	2253	8323	9134	4609	1647	83439	2254	7015	1856	5894	399694	1855	80326	4292	324	1496	2535	6655	8817	3265	1643	7043	7477	51176	4233	6469	5605	7483	4041	2247	7478	5290	1956	5595	26291	4616	3082	10000	7855	8503	7481	7976	2064	2885	1045	5295	7046	1499	6258	8312	7480	7482	581	8313	1950	26281	1857	8324	207	6198	369	3728	4893	2252	4088	6654
Glioma	208	1021	5604	2475	5579	5728	51806	5159	5605	5594	8536	5290	1956	595	7157	1870	5582	816	5595	4893	51426	815	3845	4616	1869	3480	10000	57172	5296	1026	8503	10912	25759	578	53358	91860	2885	57118	5295	5336	5154	810	814	5578	5335	1029	1871	5155	1647	817	7039	801	4193	3479	5894	581	1950	6464	818	399694	163688	5925	6654	6655	207	1019	5156	369	5291	673	3265	1643	5293
Glucagon signaling pathway	3709	5332	51806	2997	5207	5534	5834	5257	5568	2641	9586	5564	23236	5106	23235	5213	5566	5261	1375	5260	57818	5836	468	84699	5315	64764	90993	23411	5140	5330	5533	5531	5160	5223	8789	55671	10891	92483	160287	31	3948	92579	5567	5224	2538	3710	108	5214	53632	801	3708	10488	102724428	5562	32	5161	818	441531	2033	148327	208	5465	5256	2778	200186	1374	3945	815	1387	5530	2203	5563	2998	5535	91860	810	1386	817	3276	5331	163688	5565	5571	2642	6513	5162	5532	6514	3939	57223	5211	2776	816	126129	5837	10000	1385	5255	2308	51422	207	5105	2645
Glutamatergic synapse	3709	85358	6512	2892	5332	5594	5534	2890	10991	112	2891	775	94235	111	5568	22941	100137049	2914	6505	123745	23236	5566	2744	2787	8605	3760	2784	2783	2913	2917	5578	113	2773	107	9455	2902	116443	115	114	5579	27165	2916	2915	2906	5330	5533	156	9454	5582	2901	2893	2905	2771	5567	776	255189	3710	2775	108	2785	57030	2782	3708	6506	2791	5338	2899	6511	51764	2790	2778	2770	157	2792	2793	7220	2900	5530	2912	59345	5535	2918	5337	5321	5331	1742	6507	9456	2788	5532	773	2752	54331	2776	5595	54407	109	2904	55970	2903	2786	196883	57084	2897	9229	2911	50944	2898	246213	283748	116444	10681	81539
Glutathione metabolism	2948	4258	2939	2950	4257	2878	2882	2953	9446	4953	26873	257202	2686	373156	5226	2730	2940	2937	6240	4259	493869	2944	2936	2539	6723	51060	3418	2941	221357	2678	290	2879	2729	653689	2880	6611	50484	2877	6241	124975	494143	2946	2938	2687	51056	2949	79017	2876	9027	2947	79094	27306	3417	119391	9588	2952
Glycerolipid metabolism	154141	129642	160851	8527	116255	1606	3990	8525	150763	5408	26007	2710	119548	4023	501	8513	84649	11343	132158	80168	9162	80339	84803	8526	219	196051	57016	217	9663	84513	10554	1607	8613	9388	8612	224	2712	56895	57104	223	1608	57678	137964	253558	1056	5406	64900	56894	1609	139189	346606	8694	5407	23175	231	8611	2717	55326	10327	55750	10555
Glycerophospholipid metabolism	160851	10908	8443	8525	23659	64850	151056	85465	2820	196051	100137049	5130	26279	10162	1607	51365	123745	5320	79888	57678	56985	5833	8605	375775	8611	55500	55326	9489	8398	8527	5322	10400	391013	9926	81579	55224	54947	10434	255189	30814	8613	43	56895	1120	1119	23761	1040	8399	54675	5338	2819	10423	10555	81490	129642	79143	1606	9468	64600	56994	8526	84513	10554	56261	1608	122618	137964	5337	23171	5321	56894	3931	139189	162466	50487	8760	254531	9791	10390	154141	23646	150763	11145	6901	9162	84803	9663	8612	11313	253558	64900	1609	1103	23175	84647	283748	5319
Glycine, serine and threonine metabolism	635	212	63826	113675	314	1738	1757	501	5223	132158	27232	1610	669	51268	55349	1491	8639	29958	5723	5224	6472	10993	2593	2731	102724560	4129	4128	9380	64902	2653	29968	441531	26227	6470	211	189	2628	275	23464
Glycolysis / Gluconeogenesis	124	128	5162	5315	229	7167	1738	3099	501	3939	5160	226	3101	5223	55902	669	5211	8789	84532	5313	3945	5232	219	221	217	80201	2597	92483	2026	160287	3948	2203	230	92579	5224	5230	2538	224	130	5214	223	130589	218	5106	2821	5213	5105	3098	125	83440	9562	5236	5161	55276	2023	1737	131	57818	126	127	441531	10327	2027	387712	26330	222	2645
Glycosaminoglycan biosynthesis	9469	55501	2683	266722	222537	64132	11285	22856	2132	9955	9957	10090	9653	10678	50515	9953	8534	8509	64131	2137	26035	126792	2530	3340	2135	6487	56548	2134	93010	9435	51363	26229	90161	9956	64579	55790	4166	6483	9394	8704	8703	79586	113189	2131	6482	55454	337876	166012	9348	10164	29940	54480	8702
Glycosaminoglycan degradation	411	10855	4669	8692	6448	3423	24142	2720	3074	60495	138050	2588	3425	23553	3373	6677	8372	2799	3073	2990
Glycosphingolipid biosynthesis	9197	2683	2527	2529	27090	10678	2526	2583	8869	2523	8708	2525	10690	29906	26301	6484	6487	10402	4668	81849	10331	256435	2720	10317	3074	6483	6489	8704	3073	8703	53947	28	2524	8706	84002	30815	6482	8705	8707	2717	127550	8702	79369	2651	2528
Glycosylphosphatidylinositol (GPI)-anchor biosynthesis	51227	54872	128869	65258	94005	80235	80055	23556	5277	8818	5281	55650	284098	84992	2822	9487	93183	5283	9091	51604	8733	10026	9488	54965	5279	84720
Glyoxylate and dicarboxylate metabolism	275	54363	1738	2752	132158	55902	50	84532	84693	5096	5095	125061	39	2731	4594	283871	4191	847	38	112817	9380	1431	2653	4190	48	6470	81888	189	6472	51179
GnRH secretion	208	5604	3763	8913	3709	8912	9568	3781	2100	3765	5579	2797	5332	6696	8911	348980	5605	7223	5594	5330	409	5290	5582	775	2776	5595	4893	3972	3845	3780	7220	10000	57657	5296	8503	7224	2796	776	3767	3710	5295	23236	3814	2767	2852	5578	2550	408	610	778	3708	3762	5331	1081	5894	84634	3760	779	207	5291	3782	3265	3783	5293
GnRH signaling pathway	5604	3709	5332	51806	5594	2488	6714	112	775	5568	111	6300	100137049	123745	23236	5566	5601	10746	1432	4313	8605	779	6416	113	468	5578	107	5606	5598	115	114	5579	5330	3972	3725	2185	5567	776	255189	3710	108	2767	998	5600	801	778	3708	818	5338	1839	2002	5599	2778	1958	5609	3845	815	4214	91860	810	5337	5602	817	5321	5331	1081	5894	163688	6655	3265	5580	2797	5605	1956	5603	2776	816	5595	109	2796	2885	5608	196883	2798	4216	4215	4323	283748	4893	6654
Graft-versus-host disease	3134	3553	942	5551	7124	3109	3811	3458	3127	3558	3108	3118	3133	3552	3802	3119	3115	3804	3803	57292	115653	940	3107	3812	3824	3106	3105	356	3113	3135	941	3122	3821	355	3125	3111	3112	3569	3002	3117	3123	3126
Growth hormone synthesis, secretion and action	5604	3709	5332	5594	112	775	5568	111	2692	3717	6300	9586	23236	1442	8651	9564	5566	5601	6774	1399	1388	1432	779	6416	113	2773	5578	468	107	5606	6776	84699	115	114	5579	64764	1443	90993	2691	5330	3486	5582	5296	2771	5567	776	25759	3710	108	2767	6777	5600	778	3708	10488	6464	3483	2033	5291	148327	5293	208	2693	5599	2475	2778	2770	2932	6753	6750	3845	4893	6751	1387	4214	3726	2690	53358	9021	8660	5336	5449	5335	1386	5602	3479	5331	5894	8835	399694	6655	2353	3265	51738	2688	3667	6772	5605	5290	8471	5603	2776	5595	10000	109	55811	8503	1385	2885	5295	5608	196883	2689	6752	5747	6755	207	1398	6654
HIF-1 signaling pathway	5604	229	7018	5594	3570	7010	226	5054	80201	112399	1026	6921	5209	5213	2056	6774	1536	2027	5578	3459	596	5579	54583	6194	1978	3099	5160	1906	5582	9978	3630	3480	5296	4843	92483	160287	3948	5970	5214	7422	6199	5161	818	3569	1027	2033	5291	1977	9470	4878	208	5293	2475	7428	405	3458	3101	3945	815	284	1387	2597	2026	4846	2872	5230	3162	253314	112398	3460	5335	5336	817	5163	3091	3098	3479	7099	2023	4055	6513	5162	3643	7076	7037	5605	51378	6923	3939	5290	1956	5211	5595	816	5232	10000	285	8503	230	2064	5295	2321	8569	8453	1950	207	6198	387712	4790
Hedgehog signaling pathway	596	57758	2932	55733	374654	8643	6469	51684	157	57154	339745	409	23288	1455	156	595	2737	50937	53944	5568	132884	91653	122011	23432	730094	64750	8452	8405	5567	2735	84976	11127	2121	1453	408	64399	5566	2619	3549	1954	23291	84455	23295	5727	57467	50846	1456	6608	8454	8945	1452	4036	894	1454	2736
Hematopoietic cell lineage	966	1441	3678	3570	3552	3563	3119	948	960	3113	2056	1435	1440	1604	3567	3815	3673	3672	3117	2209	945	1379	3553	7124	3690	3118	915	3674	926	2815	3559	3655	921	290	951	947	3111	3569	3589	3123	3568	931	7850	2323	917	1378	3562	920	2812	2057	2811	3676	916	7066	930	925	933	3575	3565	3122	2208	912	4311	928	3126	3108	910	3684	3109	7037	952	2322	3127	3566	3115	3581	913	2993	1436	1437	927	3574	911	924	100133941	1791	1438	914	929	3590	3675	3125	4254	3112	1380	2814	3554	909
Hepatitis B	5604	4773	841	3339	8900	5594	6714	6775	1870	3447	3717	4792	898	64135	6300	1026	9586	4089	1654	4775	356	5601	6774	1388	9641	6778	637	1432	10454	3452	6416	7048	468	5578	6776	5606	10971	84699	596	5579	7124	64764	836	90993	4772	1017	5582	537	890	100506742	5296	3451	3725	5111	2185	1642	3454	5970	6777	23118	5600	7419	51135	1871	29110	317	7189	10488	1959	6773	3442	5925	3569	148022	3440	3718	2033	5291	3665	673	148327	2002	5293	208	4088	5599	3445	7040	3716	4318	5609	3456	4615	7157	114609	8517	3845	1869	1387	4214	7042	3444	3443	572	6554	1386	9134	5602	4609	57506	7099	5894	355	6885	3654	6655	2353	7097	3551	3265	1643	842	7043	1960	8772	6772	5605	3446	5290	5603	5595	1147	3439	3576	3448	10000	843	54205	332	8503	1385	2885	7297	5295	5608	7046	7529	7187	3449	3441	581	3661	100302736	4776	207	7534	369	4893	7098	4790	6654
Hepatitis C	1021	5604	3434	841	24146	7532	5594	137075	53842	10686	51208	1364	23562	3949	1870	3447	1965	4792	10379	100288814	1366	1026	440275	439996	27102	6256	356	8737	6774	9641	637	3452	10062	5520	10971	91543	9080	7124	836	595	975	1017	949	9074	5296	7186	3451	49861	3454	5970	9076	9451	100132463	1871	29110	317	7189	100506658	8554	5519	6773	3442	5925	148022	3440	4940	5291	644672	673	3665	5293	208	5610	5465	3445	2932	3716	7122	5522	3458	3646	3456	26285	7132	7157	9071	8517	3845	4893	1869	4939	3444	9021	578	3443	572	3627	5010	4609	10197	57506	4938	5894	355	6655	5515	1019	3551	3265	8717	842	8772	6772	5605	3446	5290	1956	4599	5595	1147	3439	1365	5516	3448	10000	54205	8503	149461	3455	5518	2885	5295	7297	7533	7529	1499	7187	4600	6041	3449	8837	3441	9075	9073	5521	581	1950	3661	207	7531	7534	369	55844	7098	4790	6654
Hepatocellular carcinoma	1021	2948	5604	71	2950	7479	4257	5728	9446	5594	6597	196528	8325	11211	1870	51412	4259	1026	10297	598	4089	6932	8322	8326	8110	55193	2946	2949	4040	10023	7048	7472	3481	5578	6599	2952	7476	2939	2549	9817	5579	7471	86	54361	29117	595	5582	51426	122011	3480	5296	51384	7473	7474	2944	25759	2941	6604	1871	6199	81029	6595	6464	23401	8321	5925	2947	89780	1452	5291	673	119391	2002	5293	208	7484	2475	4087	7040	2932	8193	7296	2953	8289	6934	2940	7157	3845	7475	1869	7042	10912	53358	578	3162	572	221357	5336	5335	8323	4780	4609	1647	7039	6603	6605	55274	83439	7015	1856	5894	399694	1855	60	80326	324	2535	6655	1019	3265	1643	10587	4258	7043	7477	51176	57492	4233	7483	5605	114112	4041	7478	5290	1956	5595	4616	3082	10000	7855	8503	7481	7976	2885	6602	5295	7046	1728	653689	1029	1499	8312	6601	7480	2938	7482	581	8313	6598	1857	8324	207	6198	369	4893	4088	6654
Herpes simplex virus 1 infection	10520	7691	115196	7769	10838	6432	9831	84911	58500	598	29915	121274	3113	84449	8740	7569	9641	3592	637	83744	349075	57711	168417	596	3553	84671	3690	7738	55659	3454	7553	92285	56242	126231	163050	155054	25888	7561	162966	7643	57786	7730	5291	90317	79862	208	171392	7638	7581	10224	8427	3133	80032	8517	3107	8683	9021	57343	5781	57547	29992	147741	7768	169270	27153	7711	199704	79891	353088	163255	6772	388559	7587	57335	3115	162993	7554	374900	147658	8503	5295	7625	26149	641339	7248	84527	163071	581	3125	388569	3112	6428	284406	7098	126068	3134	10929	344787	841	91975	84503	7559	54106	9534	6714	7694	79818	152687	442319	253639	3119	113835	29990	339559	10379	64135	8892	7772	727	285268	79088	155061	27102	147686	730291	729747	10454	65243	22869	148156	57232	6352	7773	3459	728927	1616	91120	836	25799	57693	199692	126017	3118	90576	91661	7755	147929	51710	6431	7766	255403	7249	5501	7692	346171	9451	163081	51135	148206	201514	92283	163131	441234	347344	9668	57474	7652	3111	90827	3440	3123	84924	3445	3054	3458	5452	3456	3593	93474	7678	4615	7132	7157	972	127396	6347	146198	5451	7565	58492	7644	56001	81856	90594	51276	3443	684	148254	126070	10794	22835	10780	6429	4938	400720	80095	6399	3654	90233	162962	374928	374899	8764	8717	2923	162972	163051	339327	90333	5290	7733	57209	126375	126295	54205	728957	3455	7539	54811	7562	3106	388561	388536	162967	80778	51385	7594	90338	57573	5199	148266	55552	207	7551	4790	93134	30832	7748	79175	348327	3678	84765	57615	811	90649	3447	8891	4792	148103	390927	440275	330	356	342926	101060200	388567	26152	125919	7571	3452	388558	440515	345462	91664	100129842	342892	7124	284370	163059	1978	170960	81931	162963	5819	342908	5296	3451	7549	90321	4049	7637	79724	285676	162239	317	7189	148022	3569	7712	92595	170959	3665	162655	340061	6009	5610	388566	2475	100131017	10795	3716	146542	148268	57541	7699	117608	55422	7695	5499	56000	10308	3444	79744	572	125893	55713	3105	57506	284307	10189	355	284323	57677	7988	7582	6885	6892	3551	55900	7673	146540	147687	3109	139735	158431	136051	3446	6940	63934	6732	3439	340252	10000	54925	10172	8890	730051	285267	6672	79898	286075	389114	353355	6041	3449	84874	567	3661	7556	54753	8893	284349	7761	10793	440077	100289678	7568	374879	84775	7567	6850	25833	1965	90075	3717	7767	163087	284459	7592	730087	94039	51427	3135	7700	79788	7596	7633	6890	79973	169841	100289635	3117	1967	282890	163223	90987	163049	197320	65251	7186	55769	147949	5818	284371	55762	7710	5970	80110	23118	7757	115004	29110	7752	7770	390980	9310	6773	3442	256051	7639	6891	7771	4940	163227	59348	5293	284306	7188	340385	6426	100129543	6430	79230	90592	4939	100131827	329	84436	578	147657	64170	718	3460	5500	147837	3122	147923	84914	342909	10482	7097	7574	3126	3108	7743	842	146434	114026	284390	8772	80264	3127	115509	147948	26974	1147	80818	339318	3448	100287226	147694	55786	140612	7297	5371	219749	7187	147660	3441	6427	148198	7728	27300
Hippo signaling pathway	268	71	7479	79633	7532	50855	7159	166824	8325	11211	5054	3397	2246	10297	654	8994	4089	6932	8322	8642	656	330	8326	1453	5584	126374	84552	7048	7472	3398	60485	5520	10971	54798	154796	7476	23286	7471	54361	3689	174	595	92597	51384	9113	4092	7473	7474	5501	84612	658	25937	55233	26524	23291	896	5519	81029	56288	8321	89780	6657	659	5058	652	7161	4087	7003	7484	1495	7040	2932	6591	8463	5522	29119	653	3993	6934	85409	5590	7475	9770	23418	7042	329	5499	999	7005	79981	1490	6788	8323	4609	5500	85407	657	10207	83439	84962	353500	1856	64398	1855	60	80326	10413	324	1496	2535	7004	5515	8945	1739	1742	4771	122786	9231	894	286204	1740	1454	7043	23513	7477	51176	655	7483	151449	7478	374	1741	5516	7855	332	392255	7481	7976	83937	5518	7533	8200	3996	7046	7529	1499	4086	650	8312	5521	7480	27113	7482	8313	1857	8324	11186	7531	7534	55844	4088	2736
Histidine metabolism	138199	3176	57571	501	443	55748	219	131669	221	217	26	3034	224	3067	223	218	84735	4129	4128	144193	10841	222
Homologous recombination	10714	472	51720	5888	5892	29086	9577	5889	4683	146956	4361	641	5425	7979	5890	675	79184	29935	7156	79728	6119	80198	84142	83990	5932	5893	57804	672	7517	6118	580	25788	11073	50511	7516	6117	8940	10111	6742	8438	5424
Human T-cell leukemia virus 1 infection	3134	5604	545	4773	5728	3560	8900	5594	5534	7538	811	112	3119	1870	23373	5568	111	4792	898	1026	598	51529	9586	4089	9133	4775	7417	3113	5566	3135	5601	7094	1388	10393	11200	3932	387332	6416	3117	7048	468	113	821	6776	107	706	8295	84699	6722	115	114	4316	7124	64764	90993	2648	115650	3118	915	5533	3689	9232	2005	4772	595	1017	2114	890	5296	1111	293	3725	3559	8881	4049	5567	7416	5970	64682	108	6777	7419	9184	246184	1871	2874	6908	996	10488	896	991	1959	5925	3111	3569	3718	3123	2033	5291	1030	148327	2002	5293	208	4088	2224	5599	4087	472	7850	8061	1958	3716	10524	291	917	4085	7040	4488	5901	3558	200186	3133	83660	7132	920	3561	8517	7157	3845	3107	64784	7514	1869	1387	4214	7042	916	5530	5535	6929	5971	3105	1386	9134	8850	5602	4609	7015	3122	51433	1031	4791	4055	2353	1019	1739	3551	958	3108	3126	894	9700	5423	3600	3265	10744	292	7043	6513	5532	3109	83447	8697	701	8379	8829	5605	3127	5290	2113	9519	3115	9020	5595	1147	3683	3601	10000	109	1437	8503	1385	5295	51434	7046	3106	196883	29882	1029	5902	55697	331	581	567	8498	4215	3125	3383	29945	3112	4487	4776	4801	207	3554	4893	4790	6688
Human cytomegalovirus infection	1021	3134	5604	4773	3709	841	5332	51806	5594	5534	387	23365	3570	811	112	6714	7852	1870	3447	94235	111	5568	5743	5880	4792	6300	414062	1026	1234	5733	9586	23236	4775	9564	3685	356	8737	5566	3135	6774	4193	1399	1388	2768	6890	637	1432	2787	5879	6352	3452	2784	2783	6035	468	113	2773	5578	107	84699	115	114	3553	5579	7124	64764	836	90993	1978	3690	5330	5533	6387	9826	4772	595	5582	5296	7186	3451	2185	2771	1230	5567	7249	5970	3710	2775	108	2767	5600	7422	115004	10672	1871	2785	2782	801	6199	29110	3708	10488	2791	3442	5925	3569	6891	6376	3440	5291	148327	2790	2002	51764	208	5293	6009	2475	340061	7188	3445	2778	2770	2932	3588	3716	11214	3456	3133	9475	7132	7157	8517	6347	4893	3845	2792	3107	1869	2793	388372	5530	3444	59345	578	5535	91860	3443	3587	810	3105	1386	4609	5731	5331	5894	3579	355	163688	6655	1019	5156	6892	3551	3265	5881	8717	2923	842	2788	5532	8772	5605	54331	3446	5290	1956	5603	2776	5595	1147	3439	3576	9138	3448	10000	109	54205	8503	1385	55970	6667	2885	5295	5608	5734	3106	2786	196883	1029	1499	5732	3449	3441	6348	5747	6093	7248	1232	581	567	3661	4776	207	6198	3554	1398	5829	10681	4790	6654
Human immunodeficiency virus 1 infection	3134	5604	545	4773	3709	841	51806	10053	8065	5594	5534	811	130340	7852	1174	94235	3447	5880	4792	6300	1234	598	85363	6921	57144	5062	9133	4775	8905	356	27350	8737	3135	5601	6500	1399	6890	637	1432	10454	2787	5879	3452	2784	2783	6035	2773	5578	5606	9730	596	5579	7124	836	200315	915	5533	4772	5582	9978	5296	7186	1111	3451	3725	2185	891	1642	2771	5970	3710	2775	2767	23118	5600	115004	51135	2785	2782	801	6199	29110	7189	8906	3708	23291	2791	1073	3442	6891	3440	10298	5058	5291	2790	51764	5293	208	340061	7133	5599	2475	5063	7188	3445	472	2770	917	85417	5609	8907	1072	3133	3456	4615	7132	920	8517	3845	4893	2792	3107	2793	916	5530	3444	59345	578	5535	572	684	91860	3443	494551	5336	5335	810	3105	60489	5602	7099	164	5894	355	8451	163688	6885	3654	8454	2353	8945	7097	6892	919	140564	3551	3265	5881	8717	2923	842	983	2788	5532	8772	5605	6923	106821730	54331	3446	5290	162	5603	2776	100913187	1147	3439	5595	9616	3448	10000	995	25939	54205	8503	200316	7465	55970	5295	5608	3106	2786	4790	3449	3441	5747	9582	581	567	3984	3661	4776	164668	207	6198	1398	5829	10681	8450	3985
Human papillomavirus infection	245972	8900	9223	5523	1026	1292	1311	7337	4193	9641	7283	2335	7472	5520	527	5528	90993	23545	54361	3690	92359	595	1017	3695	3454	84612	533	6199	5519	1101	5925	3908	5291	1280	208	472	5159	7143	3133	3912	3915	8517	3845	3107	23352	5515	894	1108	7477	5933	6772	7478	23493	4599	5516	8503	5518	2885	5295	1499	7248	7480	7482	581	8324	7098	4893	55844	3134	5604	841	3679	5649	7057	8325	10379	898	7058	535	1278	9586	5934	10312	6932	529	3685	3693	5566	54626	5584	84552	3918	4853	836	9114	122011	7474	5567	7249	50617	7422	55534	10488	3910	8516	84667	8321	1027	3440	3659	7484	3445	1299	3456	7132	27175	7157	7475	1387	3676	3443	1291	8323	22801	10207	83439	7015	5894	324	6655	1739	8717	1740	3065	9636	4854	7483	5290	5700	1956	9519	8515	1741	7855	5526	7976	3455	3106	26508	8312	5747	3675	9296	1857	207	256076	5829	4790	4242	3909	7479	3678	6696	50855	11211	3447	5568	5743	8326	4855	356	10474	387332	3672	3452	10134	1298	7476	9550	3688	5315	22798	7124	7471	131873	1978	28227	537	3381	534	5296	51384	7473	3451	3655	51382	51606	6908	245973	81029	284217	148022	5663	2033	148327	6009	5610	2475	2778	2932	3716	90423	526	390992	3993	6934	5590	3914	3444	572	3066	84441	3105	155066	127124	4799	1856	1293	355	1855	3551	23513	5605	5527	3446	23462	528	3439	4851	10000	1385	7481	3680	3449	3280	3371	3661	6198	6654	1021	545	388585	5728	5594	182	7450	3696	10297	3516	1284	8322	8992	3135	3913	3673	63923	3955	8638	84699	64764	3674	890	3694	57801	7059	5970	998	9794	29110	896	56288	3442	6773	5525	89780	1452	5293	5522	5529	11317	1297	1869	3691	578	9134	1285	64398	5986	80326	1287	7060	1277	2535	1019	1286	3265	523	55502	8772	3911	7448	1282	5595	1147	3448	7148	55012	1288	525	7297	5734	3996	7187	4600	3441	2308	5521	1950	8313	10319
Huntington disease	2892	5439	201625	1329	515	22863	6389	774	4713	3799	83544	1337	5719	90993	2882	3798	6391	441925	7052	54539	5702	4717	3800	4217	10120	10381	126328	539	9001	1327	9167	2876	4723	9861	509	291	4714	5688	5609	257202	127602	5441	347688	10121	493869	56901	3092	5693	1340	6390	79861	1767	522	5701	7385	5694	5440	9377	4705	1351	292	4696	83447	51164	7802	5435	506	4728	5684	1211	10975	6647	581	5706	84516	5685	5691	4509	113457	841	89953	1339	4720	84701	5682	5713	5436	9586	23236	4718	4729	1770	4709	517	5695	836	548644	4707	1349	4726	10891	7979	2893	6804	4725	7419	4700	4536	9776	10488	2877	3708	347733	4508	5434	4704	51079	6392	374291	163	4899	7019	5689	7157	8408	1387	51807	8678	161	10383	5602	5717	513	516	4514	1742	4708	5433	203068	8701	5683	3065	1769	1175	146754	1639	5700	9519	4706	2776	7278	54205	6667	4535	514	60673	1345	6775076	5718	5692	7846	10540	3064	30849	2890	4711	4712	2891	518	246721	5601	3766	440567	387332	627	7381	3831	2915	5330	4541	5289	7280	55567	293	7416	6775074	1213	8923202	25981	4697	6908	2880	317	100532726	5686	84617	7388	4715	147700	2033	10213	5437	148327	10476	2475	10105	11047	56171	4695	1537	6874	23130	8632	55102	5710	3066	10382	5331	26100	4694	55967	6507	7384	2081	2878	341947	64446	5714	4722	6648	29982	4716	1385	5709	5704	1346	27113	4513	10376	29796	55081	1347	5332	5430	81027	6875	1350	8218	8923205	4294	4538	5431	7417	160	55860	27019	498	2902	84699	64764	10671	9821	6775079	7186	112714	170712	64837	1212	6506	7277	125965	5599	196385	1768	4537	25942	7350	5468	5432	1173	4539	4710	4702	5438	5705	4731	84790	55062	6775077	7386	23186	5690	842	5715	4701	55626	11258	4724	5687	4698	5707	9706	27089	2904	5978	4512	10126	143471	4719	5708	4540
Hypertrophic cardiomyopathy	71	2010	4624	3679	3678	4607	775	10369	3696	6442	785	5564	6547	3685	27092	3693	489	6444	6445	3673	3672	779	7139	3688	7124	1674	3690	3674	7169	1906	784	3695	55799	3694	4634	776	3655	183	53632	778	59283	488	5562	8516	284217	59285	3569	3908	7040	6546	7273	7137	3691	782	487	3676	70	7042	5563	7170	6543	22801	7171	3479	1605	4633	60	783	786	27091	7134	10368	4625	5565	59284	5571	7168	7043	9254	8515	1756	1636	781	6443	3680	4000	51422	93589	3675	6262
IL-17 signaling pathway	3320	841	4586	2920	64806	5594	2354	5743	4792	6300	6278	1051	6374	257397	5601	1440	9641	3567	1432	5596	6280	5598	3553	7124	836	6279	9618	29761	3605	1994	7186	3725	5970	23118	27189	5600	29110	7189	27190	3569	6364	7188	5599	3326	2932	8061	4318	10758	3458	6426	3934	8517	6347	112744	2919	2921	6372	4314	55540	7128	225689	3627	5602	3565	51433	6885	2353	3551	4312	8717	3596	8772	100289462	727897	5603	5595	1147	3576	3727	84818	338324	1437	6354	7184	6361	7187	23765	53342	4322	6356	5597	132014	4790
Inflammatory bowel disease	4088	3596	4087	7043	8807	3553	7124	7040	3109	3595	6095	3606	6772	3458	50943	3127	3558	3108	3118	3593	3552	3566	4094	6775	4772	3119	3115	3561	8809	3605	112744	30009	3725	7042	50615	7100	149233	59067	5970	64127	3594	3460	51561	3113	2625	6774	3586	6097	7099	50616	6778	3565	3592	3122	3567	3125	3111	3112	3569	7097	3117	3123	3459	3126	4790
Inflammatory mediator regulation of TRP channels	162514	3709	4914	5332	51806	6714	112	5568	111	5029	6300	51393	100137049	123745	23236	3556	5566	5601	8989	623	624	1432	8605	113	5578	107	5606	55515	8398	115	114	3553	5579	3356	5330	5582	79054	5296	5567	255189	5501	3710	108	5600	801	3708	818	5291	4803	5293	7442	5599	3358	5581	5583	2778	5588	3357	59341	815	5499	91860	5336	5335	810	5602	817	5500	5321	3479	5331	3827	1573	163688	41	5580	239	9311	2150	5290	3269	5603	2776	816	109	40	8503	5295	5608	5734	196883	5732	283748	3554	51802
Influenza A	1021	5604	9230	3841	71	841	11100	5594	3552	3119	3447	1965	51284	3717	4792	10379	64135	10898	3836	4928	834	402569	356	3113	9641	3592	637	6352	3452	7706	3117	3459	5578	8106	91543	9407	3553	5579	7124	836	8743	56649	3118	5296	23633	293	3451	3454	7416	5970	8480	51135	29110	317	55916	896	6773	3442	103	148022	3111	3569	3440	3838	4940	8797	3123	2033	5291	3665	3337	208	5610	5293	2224	8766	7113	3445	3716	79671	291	3606	23430	3458	3456	3593	5646	4615	7132	5611	8517	4261	6347	5645	7514	1387	4939	64499	4793	56001	56000	3444	9021	578	3443	3460	3627	90865	57506	7099	4938	3122	7177	5894	29107	355	60	5340	10482	1019	3551	3126	3108	8717	390748	114548	842	292	3109	83447	8772	6772	5605	3127	100529063	3446	5290	3115	4599	5595	1147	642843	3439	3576	3448	10000	54205	10241	8503	3455	7297	5295	5371	5644	7187	4600	6041	3449	3441	581	3125	3383	3661	3112	207	7098	29108	8795	4790
Inositol phosphate metabolism	5333	3631	4329	8776	9110	23007	3706	5332	5728	22908	8897	56623	55613	5286	5287	55300	8394	7167	55586	5297	5330	5288	253430	5290	3636	5289	5298	8396	9896	51196	84812	9108	3707	4534	64768	5305	8867	64419	8821	23236	51763	3633	5336	23396	5335	27124	9107	8871	3612	4952	51477	5294	5331	113026	3613	3632	138429	3635	9562	8395	22876	79837	89869	55361	8898	3705	5291	9651	10423	80271	200576	3628	5293
Insulin resistance	5506	28965	5728	2673	2997	5834	6196	6195	10724	4792	948	9586	5564	5106	11000	5601	8473	6774	90673	10998	1375	57818	10062	5836	10999	5792	84699	9882	5579	7124	64764	90993	376497	22877	79660	10891	3630	5296	5170	92579	9945	6720	2538	5501	5970	11001	183	53632	6199	10488	5562	32	3569	5291	27330	148327	5293	208	7376	5599	2475	5465	5581	57761	2932	5588	200186	1374	7132	51085	5590	4846	5499	5563	2998	9021	8660	6197	5602	5781	5500	5507	133522	3551	5565	5580	5571	6513	3643	3667	6514	6517	5290	5837	10000	6945	8503	1385	5295	5509	5770	2308	51422	5524	207	6198	5105	4790
Insulin secretion	9699	5332	886	112	1131	775	5568	111	2641	9586	23236	476	5566	885	1388	117	779	468	157855	5578	113	107	3783	84699	115	114	5579	116	64764	3781	90993	2740	5330	5582	3630	6804	5567	776	3710	108	2767	27345	2864	778	3651	10488	818	478	54795	148327	2778	10242	6833	815	3780	5864	6844	6616	1386	817	5331	139760	27445	2695	483	6513	6514	27094	23439	3778	3779	2776	816	109	477	1385	3767	482	196883	481	486	11069	3782	6262	2645	480
Insulin signaling pathway	5604	89801	5506	51806	2997	5594	5834	5257	5576	5568	23265	80201	5564	5106	8651	5566	5601	1399	90673	5584	5261	5260	57818	5836	5792	122809	6194	1978	3099	5140	3636	79660	8789	10891	3630	5296	5170	31	92579	5567	10603	25759	6720	2538	5501	7249	53632	801	6199	5562	3632	32	6464	2194	5291	673	1977	2002	9470	208	5293	6009	5599	2475	5256	2932	5575	867	868	3101	2319	5590	3845	4893	2203	5499	5563	2998	2872	53358	9021	572	91860	8660	253314	810	5602	5500	3098	5507	5894	8835	399694	57521	163688	10211	6655	3551	5565	3265	5571	3643	3667	5573	5605	6517	5290	8471	5595	5313	5837	10000	9322	10580	8503	2885	23433	5295	5509	5255	5770	8569	3991	2308	7248	51422	2889	207	6198	369	1398	5105	2645	5577	6654
Intestinal immune network for IgA production	57379	942	7040	959	3109	10673	115650	3127	3558	3118	6387	3119	56477	7852	3115	9020	3695	2826	940	23495	10803	6370	3601	5284	8174	3676	29851	3113	3586	3126	941	3565	608	3122	3567	8741	3125	3111	3112	3569	4055	3117	3123	958	3108	3600	23308
JAK-STAT signaling pathway	316	4352	11009	64109	1441	3560	5777	58985	3570	6775	3563	3447	3717	10379	4170	1026	50604	1154	51588	3953	598	1442	116379	5154	51561	8651	2056	1489	6774	1440	2273	50616	6778	3592	3976	3567	5771	29949	3452	3459	6776	596	1443	122809	53833	56832	595	5296	3451	3559	3454	6777	3594	282618	9466	5155	1439	10254	8554	896	3597	3442	3977	6773	3569	3440	3718	3589	2033	5291	85480	5617	5293	208	3568	2475	3445	3588	3716	5159	3458	3558	3456	3593	3562	3561	5292	9063	2057	1387	282617	8027	2690	50615	149233	7066	3444	9021	3443	59067	3598	282616	3460	3587	163702	5008	4609	5781	53832	3575	3565	9306	5894	8835	2670	6655	5156	1270	3600	338376	894	3265	2688	3596	3595	3952	1271	6772	3578	3566	3446	5290	1956	9655	3572	3439	3581	3448	3601	10000	30837	1437	8503	3574	3455	2885	7297	5295	5618	2689	3449	3441	3586	1438	53342	3590	1950	9180	207	3467	10401	6654
Kaposi sarcoma-associated herpesvirus infection	1021	3134	5604	4773	3709	942	841	51806	4277	2920	5534	5594	7538	6714	6850	1870	3447	94235	5743	9976	3717	4792	10379	6300	1026	22863	1234	9261	146850	6932	4775	131450	3135	5601	6774	9641	637	1432	2787	5879	7316	3452	2784	6416	2783	6035	3459	7311	344807	57580	3055	836	5533	441925	4772	595	5289	100507436	5296	7186	3451	3725	1230	3454	5970	3710	5600	7422	1871	2785	23710	5155	2782	801	29110	3708	2791	6773	3442	5925	3569	148022	11345	3440	2033	5291	3665	51764	2790	5293	208	5610	5599	2475	3445	2932	3716	6233	5609	3456	3133	7132	1827	6934	7157	8517	3845	2792	3107	1869	2793	1387	2919	2921	5530	3444	59345	578	5535	91860	3443	718	7314	5336	8678	5335	810	3105	5602	4609	3091	5294	83439	5894	355	163688	2353	1019	3551	3265	8717	842	2788	5532	51176	1233	8772	6772	5605	4067	2247	54331	3446	5290	3572	5603	5595	1147	3439	3576	3448	10000	23533	1437	54205	285	8503	1385	55970	3455	7297	5295	5608	3106	2786	1499	7187	3449	11337	3441	1232	1237	581	3383	3661	4776	207	64422	7098	4893	10681	4790
Legionellosis	1379	3553	840	3684	7124	836	841	3606	3306	58484	1378	3303	2920	5861	3593	3689	4615	3310	1915	3576	4792	4671	9554	2919	2921	54205	7100	3297	57396	7415	5970	718	1937	51128	375	834	3329	317	10767	3312	7099	3592	929	3305	1195	1917	81876	23786	3569	4791	7097	56681	29108	664	4790	842
Leishmaniasis	65108	1379	7043	3553	3688	3684	5579	7040	3109	7124	3716	6772	1378	3458	5594	3127	5777	3108	3118	3593	3552	3689	4615	3119	3115	5603	1915	5595	4688	5743	3717	4792	2214	6300	4843	2212	3725	3676	4689	7042	4793	5970	9103	718	3460	23118	5600	51135	3113	4790	7189	3586	7099	3565	3592	3122	1536	1917	1432	10454	3125	6885	3111	3112	2215	3654	2353	7097	3117	3123	1535	2209	3459	3126	653361	2002
Leukocyte transendothelial migration	71	58498	24146	387	137075	53842	5175	10686	51208	1364	23562	7852	5880	394	7294	6300	100288814	1366	103910	90952	9564	58494	4636	7430	1536	50848	1432	4313	5879	6035	1535	5578	2773	653361	9080	5579	3688	10411	1003	6387	3689	399	5582	9074	87	5296	49861	2185	2771	998	9076	5600	100132463	2909	7414	100506658	5291	644672	6494	5293	10398	1495	2770	7122	4318	83593	26285	29119	9475	7408	9071	4688	1500	3676	5336	5335	5010	5781	3702	10451	4301	81	4633	60	7070	1496	7412	7410	3684	4478	83692	5290	5603	3683	1365	7409	4689	8503	149461	5295	10627	1499	93408	5747	9075	6093	9073	11069	5908	4267	3383	5906	83700	5829
Linoleic acid metabolism	8398	5322	11145	151056	391013	64600	81579	100137049	1544	26279	1558	255189	1571	30814	123745	5320	1559	1576	5321	50487	8399	1573	8605	84647	283748	246	1557	5319
Lipid and atherosclerosis	4773	19	3320	841	5332	51806	3306	3308	3303	2920	5534	5594	387	6714	3949	25833	3447	1965	1549	7494	3717	4792	6300	414062	948	598	23236	4775	834	6256	356	5601	6774	9641	3592	3305	1536	637	1432	10454	5879	6352	3452	6416	6035	1535	468	1559	5578	5606	653361	10333	6403	596	3553	839	7124	836	8743	5330	5533	4772	57534	4217	5296	7186	3451	3725	5170	1558	23643	5970	23118	998	5600	9451	51135	9619	29110	317	801	7189	3708	30001	3442	818	148022	3569	338	3440	8797	5291	177	3665	5293	208	5599	3326	3445	840	2932	3606	4318	335	5609	5468	6257	5452	3456	3593	9475	7436	4615	7132	3309	7157	114609	4688	8517	6347	4893	3845	815	5451	1543	2919	2921	4846	5530	4314	3444	5535	3443	572	91860	1548	5335	810	4780	5602	10010	3929	1649	817	10451	3312	7099	5331	355	1573	163688	6885	3654	7412	2353	27035	7097	3551	958	3265	4312	114548	842	7410	5532	2081	959	142678	4973	4067	1555	3446	5290	3310	5603	5595	816	1147	3439	3576	9138	3448	10000	6648	7409	54205	4689	8503	7184	5295	22926	5608	3329	6401	7187	6258	3449	3441	6348	5747	929	5908	581	3383	337	3661	100302736	5906	207	29108	8795	4790
Long-term depression	5604	1394	3709	5579	773	1392	2778	2770	2892	5332	673	2895	5605	5594	2890	4067	5330	2891	5582	2776	5595	4893	3845	5516	3480	2983	100137049	2771	5593	6261	255189	123745	5518	3710	23236	2775	2767	5578	10672	2781	4842	5592	2982	3479	3708	2768	5321	5331	5519	5894	2911	8605	10842	283748	5515	369	2773	3265	2977
Long-term potentiation	5604	114	3709	5579	5532	10411	5332	51806	5605	5594	5534	2890	2915	2906	6196	5330	5533	2891	6195	5582	775	2776	5568	816	5595	815	4893	3845	27330	1387	2905	5530	5499	5567	2904	2903	5535	91860	3710	23236	5501	810	814	5578	6197	5566	817	5500	801	3708	5331	5894	5908	818	2911	163688	5502	5906	2033	369	468	673	3265	107	2902
Longevity regulating pathway	6794	3306	143686	1410	3303	112	5568	111	26060	9586	5564	814	84335	9370	5566	1388	3305	27244	468	113	107	84699	115	114	64764	90993	23411	1978	1979	10891	3630	3480	5296	9821	5567	9365	7249	5970	108	53632	6199	10645	9776	10488	847	5562	9474	5291	148327	1977	9470	5293	208	6009	2475	5468	7157	51094	3845	8408	5563	3066	8660	253314	1386	79813	3312	3479	79602	57521	5565	3265	5571	3065	3643	3667	81570	3170	10919	5290	3310	8471	2309	10000	109	6648	8503	1385	5295	196883	60673	2308	7248	51422	6647	83667	581	207	6198	4893	4790
Lysine degradation	1743	8424	56950	8085	63976	55870	64754	8985	6839	55526	10919	1738	79723	7468	501	9739	2145	11105	1962	2122	7799	83852	23067	51268	58508	9869	3033	219	217	123688	387893	1892	80854	84444	64324	150572	39	54904	51111	224	55904	223	79709	23127	6419	55217	79823	2146	79813	38	93166	2639	84787	4297	5352	56979	29072	51166	9757	3030	10157	85007	5351
Lysosome	411	10053	23659	285362	245972	8120	1200	130340	1174	8218	2629	535	23457	1522	10312	6556	4891	8905	3074	58511	51172	138050	23062	3425	79158	1777	4126	4074	2799	175	9741	527	4864	1519	23163	23545	6609	4669	9114	1176	537	1497	23431	6272	427	2519	51606	1213	50617	26503	533	950	1212	8906	20	2548	968	1201	84572	3373	6677	54	1075	1510	55353	1520	1521	1511	1509	8907	27074	8763	10239	57192	11154	8692	410	1514	4668	5660	6448	5538	5641	768239	2760	164	9476	1512	3920	4125	23553	3482	1515	26088	22901	2717	256471	4758	3073	8546	2517	8943	967	7805	9374	10577	162	3916	1508	9516	26985	9179	3423	5476	2581	24142	2720	1211	3988	53	10947	9583	2588	10717	1513	8372	1203	2990	8722
MAPK signaling pathway	5604	5607	5603	4914	2317	4804	3306	3303	5594	5534	22800	6196	3552	7010	409	2251	4149	22808	1944	8550	6195	775	5568	5880	5801	5778	3791	6300	10369	100137049	2246	80824	785	51347	774	1850	9261	123745	3556	4908	4775	5062	5154	9344	27092	2066	356	1848	5566	5601	1399	1435	9252	2768	1969	10746	3305	23542	1432	10454	3815	5879	1844	8605	779	2069	6416	6035	11221	7048	2261	10125	468	3481	5578	5871	5606	1616	9965	5598	6722	7786	8913	3553	5579	7124	80310	627	836	2277	2260	8074	6237	9448	5533	23162	4137	2005	1945	4772	784	5582	51776	55799	3630	4217	3480	7186	3725	5228	8822	5567	776	255189	1852	5970	23118	998	5600	7422	51135	8986	1943	2263	5155	8823	7189	778	59283	2264	4915	2324	9175	1847	4909	59285	777	2249	2316	9064	2250	8491	1845	5058	673	4803	1942	27330	5495	2002	3925	208	7423	5599	2255	8912	4208	7040	1846	2323	8911	5159	10235	5609	4296	27006	8649	4615	5536	2122	7132	7157	8517	3845	4893	3315	2248	782	284	2318	4214	7042	5530	2872	51295	10912	5535	2253	5494	5971	6788	6197	1386	5602	4609	1647	1649	7039	56034	5321	3312	3479	2254	5921	5894	4763	355	783	1946	6885	3654	786	4791	6655	8817	2353	27091	5156	11184	51701	3551	3265	5881	8717	59284	1849	7043	5532	773	3643	3164	5923	7424	9254	4233	2322	5605	51378	6789	2247	1956	3310	374	9020	2252	2065	26291	115727	1147	3727	4616	3082	5595	10000	1436	285	781	55970	5922	2064	2885	9693	5608	7046	5924	2321	408	25780	7867	8569	93589	929	4216	5908	1950	4215	4254	1843	994	26281	283748	84867	207	1326	5906	9479	369	3554	1398	57551	10368	4790	6654
Malaria	6403	1379	7043	3553	7124	7040	959	3606	4233	1378	3458	4035	54106	2995	2532	3689	4615	22914	5175	7057	6382	975	6347	3576	3683	2993	3082	3043	7058	2994	7059	948	7042	3039	3820	1311	6401	3586	1440	7099	3592	3383	7060	3569	6383	7412	7097	958
Mannose type O-glycan biosynthesis	2683	135152	10585	2526	11041	10690	55624	6487	148789	146664	84892	84197	8704	2218	729920	8703	27087	9486	120071	10329	79147	9215	29954
Maturity onset diabetes of the young	2494	3170	3171	6514	6927	6928	5313	3630	3175	5080	168620	3174	3172	222546	389692	3651	3280	5078	3375	50674	3087	3110	4821	4825	2645	4760
Measles	1021	841	8667	1459	3306	3560	3303	54106	3552	4179	3447	1965	51284	4792	10379	898	30835	64135	440275	598	10332	27102	356	5601	6774	9641	3592	3305	637	3452	6776	596	3553	836	915	283106	595	1017	940	51209	5296	9367	3451	3725	3559	3454	5970	6777	10399	23118	9451	51135	29110	317	7189	896	1460	6773	3442	103	3569	1027	3440	3718	4940	5291	3665	5293	208	5610	7161	5599	3445	2932	1457	3716	917	3558	25898	3456	3593	868	4615	3561	7157	8517	4939	916	4793	3444	578	3443	572	7128	9134	5602	57506	3312	7099	4938	355	6885	3654	2213	2353	1019	7097	3551	894	8717	842	6504	4478	8772	6772	3446	5290	3310	4599	1147	3439	3448	10000	54205	8503	3455	7297	5295	7187	4600	3449	3441	27113	581	3661	207	4790
Melanogenesis	5604	7479	5332	51806	5594	112	8325	11211	5568	111	23236	6932	8322	8326	434	5566	1638	3815	7472	113	5578	2773	107	1910	84699	7476	115	114	5579	64764	90993	7471	54361	5330	4286	1906	5582	51384	7473	7474	2771	5567	2775	108	801	7299	10488	81029	8321	818	89780	2033	148327	7484	2778	2770	2932	5443	6934	3845	7475	815	1387	91860	810	8323	817	83439	5331	1856	5894	1855	80326	163688	2535	3265	7477	51176	4157	7483	5605	7478	2776	816	5595	109	7855	1385	7481	7976	196883	1499	7306	7480	7482	4254	1857	8324	4893
Melanoma	208	1021	5604	2255	80310	5728	4233	2260	5159	8074	5605	5594	2247	27006	2251	4286	1956	5290	595	7157	1870	5595	51426	26291	4893	3845	4616	1869	2248	10000	3082	3480	5296	2246	1026	8822	8503	10912	999	578	572	5295	2253	5154	1029	1871	5155	1647	8823	56034	4193	3479	2254	5894	581	1950	5925	2249	26281	2250	8817	207	1019	5156	369	5291	673	3265	2252	1643	9965	5293
Metabolism of xenobiotics by cytochrome P450	2948	2950	54600	4257	1553	9446	10720	1549	4259	2052	22977	1576	873	54576	2946	54659	2949	7365	1577	1559	222	2952	7367	2939	574537	373156	54578	3290	1544	2944	54658	29785	1571	130	2941	7364	125	1545	2947	131	27306	119391	124	128	374875	1645	2953	2940	54579	221	1543	54577	1548	221357	218	27294	127	8574	54657	4258	1564	7363	7366	1555	246181	54490	79799	1572	653689	874	1565	2938	10941	107987479	6822	126	54575
MicroRNAs in cancer	1021	5604	5728	3678	5594	387	5328	7057	1944	1870	8091	5743	7078	898	23405	5962	4170	6935	1026	9493	10297	3190	960	672	5154	8651	4855	6774	1786	1399	7430	9252	4193	2744	63923	2261	5578	5598	54541	4194	4853	596	5579	10253	836	27165	25	23414	23411	5268	3690	9839	85414	1945	595	5582	5296	7473	131405	27086	7431	4325	900	113130	7422	1943	1871	3236	5155	1545	90427	10014	6464	1027	1788	89780	659	10298	2033	5291	1942	5293	3925	5243	2475	5581	472	7329	4318	5159	7143	9759	7157	27250	6624	5292	4893	3845	6659	1869	4082	1387	7042	599	578	3162	6768	3066	8660	5336	5335	8434	9134	2146	4609	1789	5894	399694	57521	1946	4363	324	6655	10018	5156	3551	3265	894	993	7168	3065	4854	3667	4233	5605	10642	8626	5290	1956	5595	2065	4851	7148	995	8503	7976	6541	2064	2885	5295	1029	6093	3371	994	1591	100532731	11186	1398	4790	6654
Mineral absorption	7779	4490	4494	54822	4493	6546	2512	6550	4501	261729	7018	538	55503	1811	23439	492	55630	795	341208	1181	2495	490	115019	4496	1317	4502	477	7421	9843	3163	482	491	3162	4489	140803	6543	476	6547	4891	65010	142680	340024	6523	4495	481	486	113235	4499	26872	10568	478	645745	540	79901	6569	483	493	475	30061	480
Mismatch repair	4437	4436	10714	2956	5984	5425	29935	5985	5111	6119	5982	57804	6118	27030	9156	5981	5395	6117	3978	4292	6742	5983	5424
Mitophagy	5599	51024	7879	1457	8878	1459	55626	6233	89941	6237	55669	7942	22800	64786	6714	441925	4286	22808	283106	665	7157	3845	4077	2309	4893	5071	1869	8408	65018	3725	10241	84749	8887	598	6667	338382	139341	5970	7314	9101	8678	9451	55288	5602	23710	5601	29110	11337	3091	3265	7030	54543	9958	1460	192111	79065	23786	7316	11345	10133	9474	9927	79735	468	285973	664	10370	7311
Morphine addiction	5136	2563	112	409	94235	111	5568	774	2562	2868	5566	3762	27115	2787	5139	3760	2784	2783	113	5578	2773	107	115	114	5579	2870	3765	2569	5144	5140	55879	156	2560	5582	2568	2565	134	2771	5567	2775	108	2550	2785	2554	2557	2782	1812	2791	2570	140679	51764	2790	5138	9568	2778	2770	2869	157	2558	2792	2793	2564	5150	59345	4988	2566	2555	5151	2561	8622	2556	3763	2788	50940	773	5137	5141	5153	54331	10846	109	2567	2559	200959	55970	2786	196883	408	5142	5143	10681
Mucin type O-glycan biosynthesis	29071	9245	63917	27090	51301	117248	728819	374378	10610	11227	2650	2590	51809	168391	9334	10331	56913	256435	442117	79695	2589	6483	64409	192134	2591	57452	26290	55568	50614	6482	100528030	11226	79623	55808	114805
N-Glycan biosynthesis	2683	1798	7991	79796	8813	4248	152586	84920	6480	23193	10195	6185	4122	4121	7841	11253	10905	8818	2530	3703	29880	57171	25834	201595	79053	440138	146664	199857	4245	79644	4124	1603	11282	29929	54344	8704	11320	8703	4249	1650	6184	57134	85365	79087	84620	79868	144245	56052	4247	22845
NF-kappa B signaling pathway	1459	2920	5328	6850	5743	4792	51588	29760	598	257397	330	8737	8740	695	10454	3932	7706	6363	596	3553	5579	7124	10892	115650	6387	283106	27040	8600	7186	4049	128178	23643	5970	23085	23118	51135	7189	1460	142	148022	29775	7188	472	10913	1457	7329	10673	5588	4615	7132	114609	8517	7185	2919	2921	388372	329	10912	1896	84433	7128	5336	5971	5335	1647	3929	4050	7099	60401	8915	6885	3654	4791	4055	7412	3551	958	8717	597	959	8792	4067	6366	9020	1147	3576	4616	1540	79092	7187	8837	7535	55367	6357	331	929	3383	100302736	3554	4790
NOD-like receptor signaling pathway	25828	3320	3709	841	5332	2920	55669	5594	387	1669	79792	3447	10616	4792	10379	1671	6300	7205	51393	22900	59082	55054	598	846	23236	257397	834	414325	7417	330	8737	5601	5586	7226	9641	55914	1536	222545	1432	10454	6352	3452	10135	1535	4210	596	3553	7124	152138	54822	837	5330	10392	114769	79184	820	100506742	4671	1668	7186	3451	3725	3454	7416	5970	3710	115362	23118	5600	7419	199713	51135	23710	29110	7189	3708	9140	6773	3442	2635	3569	148022	11345	3440	9474	9927	4940	3665	2633	56919	340061	7188	5599	3326	3445	115361	9447	3716	79671	3606	838	22861	3456	7295	4615	9051	8517	6347	4939	2919	2921	329	4793	3444	3443	24145	64170	7128	260434	2634	5602	81858	10010	10628	10059	57506	7099	5331	4938	10910	11035	6885	84168	3551	114548	5580	118429	8772	1667	58484	6772	100289462	90550	140609	3446	5603	5595	1147	3439	3576	1508	3448	388646	7158	3455	84674	5027	64127	7297	91662	7187	55072	6041	3449	11337	3441	8767	331	1670	3661	5585	171389	107181291	7531	29108	3428	4790
Natural killer cell mediated cytotoxicity	5604	4773	135250	5551	4068	4277	5777	5594	5534	7305	3802	6850	3447	5880	3812	3824	356	3135	117157	3806	3822	637	3821	3384	3932	5879	3452	3002	6035	5578	3459	2534	5579	7124	836	3811	8743	5533	3689	22914	4772	5582	3803	100507436	27040	2214	5296	3451	3809	2185	3454	25759	79465	10870	3442	6464	80329	3440	3810	8797	5058	5291	673	5293	3808	3445	51744	3458	3456	3133	57292	3845	115653	3107	6452	353091	5530	3444	53358	5535	3443	9436	3460	5336	259197	5335	3105	962	100132285	5781	10451	5894	399694	355	6655	919	154064	3265	5881	3937	5532	7410	2207	5605	3446	9437	5290	3804	5595	3683	3439	3448	1437	7409	8503	3823	3455	2885	5295	3106	3449	3441	7535	3383	2215	369	4893	80328	8795	6654
Necroptosis	3320	3013	841	91782	57132	5834	3552	6775	3014	3012	85235	3447	10616	3717	10379	100137049	123745	9525	834	7417	330	317772	8737	356	5601	6774	55506	6778	2746	9825	1536	637	192111	8605	3452	5836	3459	6776	81030	9555	596	3553	8334	7124	54822	8743	6609	5119	55766	7186	293	3451	5478	3454	255189	79643	7416	6777	7419	11124	723790	5481	142	3442	8331	818	6773	148022	3440	3718	8797	92421	7188	5610	5599	3326	3445	3716	291	2512	8878	29082	3458	3456	7132	25978	2495	815	221613	329	3444	3443	7128	3460	27183	5602	90865	81858	817	10059	5321	7099	27243	3146	128866	11035	355	197259	8329	246	8717	114548	2747	292	83447	8772	474382	6772	9131	824	2752	51510	3446	823	816	94239	3439	5837	3448	1540	3455	124044	7297	8338	27005	55072	3449	8837	3441	474381	100526767	331	581	100302736	283748	7098	29108	3015	8795
Neomycin, kanamycin and gentamicin biosynthesis	3101	3098	80201	3099	2645
Neuroactive ligand-receptor interaction	283869	2892	1132	155	5733	3953	57152	10911	55584	3354	623	6754	6344	117	153	4985	1392	148	2587	2560	5729	140	2359	5023	1903	7432	7201	10874	147	2859	1268	10888	2570	2743	8973	2693	4142	3358	1141	4987	1901	5724	6750	5646	3357	9038	7252	2900	2358	256933	257313	5539	8001	3827	4887	5340	551	2695	4159	8620	9002	4157	1136	6343	2567	2559	2903	187	2908	5618	7068	6752	64106	1902	6755	57105	2832	4829	1134	886	887	1133	796	2488	3361	9127	2492	2692	2641	339403	9340	1325	1241	727	2741	165829	2562	51289	27334	7349	117579	3350	799	134860	2917	11255	1907	3356	9248	2740	1906	3274	2568	2893	2925	134	8698	4986	6013	2550	183	2557	9170	4852	2899	319100	1144	9568	6915	3001	22953	4158	5645	3062	2564	2912	10203	4543	3375	53829	1814	59340	680	51738	59350	1816	1142	2150	8811	3269	114131	3351	7434	8862	51083	5173	8484	3814	154	553	6019	4544	133	10022	4161	5732	2689	2862	2831	2911	2898	83551	5025	2149	9934	3360	6870	2890	1131	1137	2891	5029	7067	7253	4295	1909	150	1442	728	2357	719	53637	3355	4923	1129	1908	5737	3060	624	5026	9287	1128	84539	100996758	5367	1910	1443	6863	2916	2915	2151	2565	1395	1140	2905	7200	7433	2554	4886	1138	1812	4889	7442	1394	3363	10316	1146	1511	134864	6869	2894	2690	2555	23566	10161	5731	1081	2834	1139	2642	5021	10886	2797	5032	1813	797	90226	2846	255061	2147	2696	6865	5644	5031	2798	2897	5024	84634	432355	2895	2742	2563	1815	2914	5028	122042	151	885	56923	146	3362	5739	2913	706	10800	2902	116443	116	2569	2691	2906	55879	2922	5020	3972	2901	6866	1145	2837	56288	3640	113091	552	554	5617	136	152	6753	5443	51052	2558	5745	6751	1143	1135	5746	4988	2566	718	2918	4828	185	3061	2561	4160	5179	56413	4922	2556	2688	2847	5741	3952	3352	200959	186	2796	221044	2904	57053	1269	3973	5027	135	5734	9294	23620	286530	5030	116444	5697
Neurotrophin signaling pathway	5604	5607	4914	25970	51806	396	5594	387	6196	6195	4792	6300	9261	11108	4908	814	356	5601	1399	9252	1432	5879	6035	468	5598	596	2549	4794	627	25	10818	9500	4217	5296	5170	3725	6272	10603	25759	5970	998	5600	51135	801	57498	4915	7189	4909	6464	818	5664	5663	5291	4803	673	27330	5293	208	7161	5599	11213	2932	5609	7157	3845	4893	815	4214	4793	10019	53358	572	91860	5336	5335	810	6197	5602	5781	817	398	4916	5894	399694	163688	3654	6655	397	3551	3265	5580	3656	27018	3667	5605	5290	5603	5595	816	4804	2309	10782	10000	8503	2885	5295	8767	5908	581	4215	4145	2889	5906	207	7531	1398	4790	6654
Neutrophil extracellular trap formation	5604	71	3013	5332	8349	3020	5594	6714	3014	79792	3012	6850	85235	5880	51284	2244	7450	6300	4353	727	23236	1182	834	728	2357	7417	317772	55506	1536	1432	5879	27180	6035	1535	2209	5578	653361	9555	8520	8290	6403	1379	23569	5579	8334	1183	837	3690	5330	3674	3689	5582	55766	8350	6404	440689	820	2266	2214	2359	5296	293	2212	440093	7416	5970	5600	7419	8345	79885	723790	10014	8331	9734	10013	8340	5291	177	51311	5293	208	83933	2475	8348	10105	291	1511	1378	1991	1184	8369	9759	4688	8841	221613	55869	2811	2358	3066	718	5336	5335	8342	8970	7099	5331	3146	5894	3018	60	6885	566	7097	8329	286436	126961	292	3065	3684	83447	366	474382	8341	5605	5290	2243	5603	5595	94239	3683	10000	4689	8503	158983	51564	8338	5295	10533	64581	474381	255626	2215	207	3017	85236	3015	4790
Nicotinate and nicotinamide metabolism	83594	316	5167	27231	56953	952	4860	23411	4907	23410	93100	23409	22978	22933	51547	4837	554235	133686	100526794	683	54981	23475	5169	30833	23530	84618	23057	349565	65220	51548	55191	10135	23408	64802
Nicotine addiction	1139	116443	1141	773	2892	2569	2890	2906	2563	55879	1137	2891	2558	2560	2568	2565	2893	2564	8973	2567	2559	200959	2905	2904	2903	774	2566	2555	2562	2554	2561	57030	2557	57084	246213	2570	116444	140679	2556	2902
Nitrogen metabolism	11238	765	763	1373	759	762	771	2752	23632	377677	761	2746	767	768	766	760	2747
Non-alcoholic fatty liver disease	841	1347	1339	4720	3570	4711	1350	3552	4712	1329	84701	1965	7494	8923205	6300	6389	3953	5564	4718	4713	4729	6256	9370	2931	356	5601	4709	637	1050	1432	440567	5879	6035	10062	1337	468	3553	7124	836	7381	4707	1349	22877	6391	4726	54539	4717	3630	4217	5296	6775079	7186	3725	126328	1571	6720	4725	5970	998	8923202	1327	9451	5600	4697	170712	53632	4700	5562	9167	100532726	7388	4715	3569	125965	4723	5291	5293	208	4704	5599	5465	840	7040	2932	51079	4695	1537	4714	5468	4296	6392	374291	7132	51085	51094	4710	4702	56901	5563	9021	4731	8660	1340	6390	5602	1649	83737	4514	79602	7386	7385	355	4694	10018	2353	9377	55967	3551	4708	5565	4705	7384	5571	1351	4701	2081	3643	4696	3667	3952	341947	4724	5290	4698	5603	4706	5313	3576	4722	10000	6945	54205	8503	4716	27089	4728	5295	1346	4512	1345	51422	10975	4513	581	207	29796	4719	4790
Non-homologous end-joining	4361	7518	7520	10111	1791	64421	3981	27343	27434	5591	2547	2237	79840
Non-small cell lung cancer	208	1021	5604	5579	4233	83593	5605	5594	5979	3798	6257	5915	6789	5290	1956	595	7157	1870	5582	5595	4893	2309	51426	3845	3800	4616	1869	3082	10000	5296	5170	1026	8503	10912	578	572	2064	27436	2885	5295	6777	5336	5335	5578	6256	1029	1871	1647	6258	7039	6774	2272	5894	238	581	1950	5925	6654	3799	6776	6655	3718	207	1019	11186	369	5291	673	3265	1643	842	5293
Notch signaling pathway	3065	4853	7090	54567	7089	388585	4854	2648	113878	1488	9612	7088	342371	22938	23493	182	23462	11317	4851	79816	151636	1387	8650	3516	1487	23220	3066	84441	9794	83464	9541	55534	4855	26508	8850	23385	10683	9253	196403	51107	3280	3714	1856	5986	6310	1855	55851	6868	5664	1857	5663	102723796	7091	28514	2033	3955	1840	171558	4242
Nucleotide excision repair	7507	2968	2073	10714	2967	1069	4331	100533467	7508	5984	1161	2068	5425	2071	54107	29935	9978	5887	5985	5111	6119	2965	1642	5982	728340	57804	2072	6118	404672	5427	5981	902	5426	5886	6117	2067	1022	3978	8451	2966	5983	5424	2074	56655	1643	8450
Olfactory transduction	219477	390093	390142	26693	79334	409	219417	390072	390190	219493	390431	26659	120787	8388	138805	81328	6547	219436	390445	26683	392138	338674	403253	391194	7932	127068	119749	119772	219982	390144	79482	26493	390197	283159	390261	81309	57101	219875	156	390082	26737	120066	390151	81399	391112	343170	219958	219968	392376	26494	403239	440153	401667	347169	403257	392392	441639	392309	125963	138803	401666	391107	6546	8387	127066	256144	390201	390154	26248	390081	130075	158131	79290	390441	81318	119678	81099	81466	810	219438	26533	8386	163688	282770	26595	26539	441608	79296	403277	441669	138882	26476	126370	26497	1260	143503	284532	442191	390059	121129	392391	219865	390433	120065	219986	390260	390075	219981	408	390174	442184	283365	219983	122740	128366	390437	56656	219479	390429	390882	390538	5136	390113	442361	26211	119692	283093	254973	4992	283694	122748	390079	284383	286362	338675	124538	127623	5566	504190	26529	8383	254879	219453	343173	120775	219870	219469	390162	256148	26707	123041	10798	5567	26496	346528	150681	390649	162998	26188	138883	26664	818	79501	127077	3000	81442	1258	219874	8590	138802	23538	157	26341	119695	81797	815	81282	26531	1262	219464	341276	390265	390148	81168	26735	390038	390432	390061	390084	26338	26245	1261	26648	26534	135924	403273	441670	2788	5137	5153	343172	816	26189	79310	286365	127062	79317	26689	391211	81392	403244	390883	388761	26246	390064	401665	219858	387748	391195	5997	138799	79549	144124	219956	81327	119765	127059	5568	26658	390037	403278	81469	219437	338751	219431	135948	4995	120796	26212	390157	390152	283617	390892	219873	390054	26686	128360	26538	390442	283162	343406	403284	121275	393046	391191	219960	105369274	390327	5593	4994	128372	79346	135946	390323	801	390191	390155	51764	219484	5138	134083	341799	119679	26333	343171	121130	254786	2774	401992	127608	128367	391190	219957	283189	254783	81472	338755	392390	390078	144125	219473	817	219447	128368	26530	79324	219965	79541	343563	391196	390195	347468	391192	26339	390077	126541	343169	109	390321	390439	4991	347168	119764	442194	81300	119687	79490	26696	219432	390199	122742	390058	441308	26532	26716	127385	51806	81696	119694	219428	341416	283111	125958	390436	196335	391121	81050	26740	390063	81341	8390	83988	81127	504191	390036	390181	8392	119682	79339	391114	135941	128371	390275	79544	284433	390648	26692	283092	390271	283160	282763	338662	391109	138881	81697	340980	401994	2782	403274	81470	127069	390167	219954	402135	282775	79345	127064	125962	143502	401427	91860	401993	6543	26219	219487	284521	442186	219429	120776	219952	346525	441933	285659	81448	390067	341152	219959	346517	120586	391189	79473	442185	81061	389090	119774	390066	256892	26687	390083	127074	219869	143496	341568	255725	5592	390264	4993	403282	219482	81285	283297	121364	138804	390168	504189	79295	341418	390326	120793
One carbon pool by folate	275	160428	4522	10797	7298	441024	2618	25902	200895	471	123263	100528021	1719	4524	4548	10840	10841	6470	10588	6472
Oocyte meiosis	5604	441273	3709	5241	51806	7532	5594	5534	6196	112	80315	151648	6195	5568	111	898	6300	441272	22849	51529	9133	25847	5566	6500	10393	1432	4342	102723849	102723555	113	107	286151	9748	10971	5528	114	115	388333	100996746	5533	9232	1017	9978	3630	3480	891	8881	5567	5501	64682	3710	108	5600	442590	246184	801	996	3708	23291	991	5519	245711	818	5525	132864	10459	27330	27127	4085	105180391	5529	815	5530	5499	5535	91860	810	6197	699	9134	817	5500	10734	3479	51433	163688	89869	5515	8454	8945	9700	10744	983	100310812	5532	285955	8697	8379	5347	5527	9985	367	64506	5603	6790	816	5595	9088	26271	5516	100505767	995	109	5526	5518	51434	7533	8243	196883	7529	29882	729597	9126	387778	29945	7531	7534
Osteoclast differentiation	5604	4773	5594	5534	7305	2354	3552	6850	4792	10379	6300	55423	29760	814	8651	5601	10859	1435	695	1432	10454	11025	5879	3932	7006	799	6035	7048	1535	2209	3459	10326	653361	2534	3553	7124	2274	3690	4982	11024	5533	4286	54209	4772	2214	5296	8600	7186	2212	3725	3454	5970	23118	5600	10990	7189	2355	6773	5291	54	79168	5293	208	5599	7040	8061	3716	8878	3458	5609	5468	353514	3456	7132	4688	8517	126014	3726	5530	7042	9021	5535	9103	3460	5336	5971	5602	11027	10288	6885	2213	4791	2353	27035	3551	23547	3937	5532	6772	8792	11006	5290	5603	9020	5595	1147	3727	10000	1436	4689	8503	1385	1540	3455	2885	7297	5295	11026	5608	7046	9846	2215	1513	207	140885	3554	4790	6688
Other glycan degradation	2517	4125	4759	4123	10825	2629	2720	3074	57704	129807	23324	4126	4758	64772	284004	2519	3073	175
Other types of O-glycan biosynthesis	152002	2683	29071	8985	63917	283464	6480	10585	727936	117248	728819	374378	11227	2590	51809	6487	168391	56913	442117	79695	79709	23127	145173	2589	8473	8704	64409	8703	23275	5986	2591	57452	56983	26290	55568	50614	84620	285203	23509	100528030	11226	79623	29954	3955	114805	4242
Ovarian steroidogenesis	3294	6770	115	114	3643	2778	3283	1583	2488	112	3949	122970	5743	5568	111	2492	3972	949	3630	3480	641371	109	1543	100137049	1588	5567	255189	654	3973	123745	9210	108	3292	196883	8644	5566	5321	3479	1545	10965	51478	1081	1573	240	8605	283748	113	1586	3284	107
Oxidative phosphorylation	4509	1347	1339	245972	4720	4711	1353	1350	10063	4712	1329	84701	518	8923205	515	535	6389	1355	4538	10312	4718	4713	8992	4729	529	4709	1352	10632	517	440567	498	1337	64077	527	9550	7381	23545	4707	1349	6391	4541	4726	495	27068	54539	9114	4717	537	534	6775079	126328	4725	539	51382	6775074	51606	50617	8923202	1327	4697	533	170712	4700	4536	245973	9167	100532726	479	7388	4715	521	4508	125965	4723	10476	4704	509	4537	51079	90423	4695	526	1537	4714	6392	374291	9551	496	4539	4710	4702	56901	4731	1340	6390	155066	513	127124	6775077	522	516	4514	7386	7385	4694	9377	55967	4708	4705	7384	1351	4701	523	4696	341947	4724	4698	4706	528	4722	4716	27089	506	4728	525	4535	514	1346	4512	1345	6775076	5464	10975	4513	9296	29796	4719	4540
Oxytocin signaling pathway	5604	4773	71	3709	5607	5332	4882	51806	5997	5594	5534	3759	387	6714	112	775	5568	111	5743	10369	100137049	1026	785	146850	123745	5564	23236	4775	814	27092	5566	7226	3762	6263	8605	3760	779	54776	113	2773	5578	107	5598	115	114	5579	3765	4638	5330	5533	4772	595	784	5582	5020	6262	55799	57172	3725	2771	5567	776	255189	5501	3710	57118	2775	108	91807	53632	801	778	59283	3770	3708	10645	5562	3761	59285	818	4659	2002	4878	10398	4208	2778	2770	340156	9475	1827	3845	815	782	2983	4846	5530	5499	6261	5563	85366	5535	91860	29904	1938	810	817	5500	2982	100134444	5321	5294	5331	5894	60	783	163688	786	2353	27091	5565	2977	3265	8536	59284	5571	4881	3763	5532	5021	952	9254	5605	1956	2776	816	3768	5595	23533	109	781	140465	196883	4660	6093	51422	93589	4637	4776	283748	4893	10368
PD-L1 expression and PD-1 checkpoint pathway in cancer	5604	4773	5728	1459	5777	5594	5534	54106	3717	4792	6300	4775	6774	1432	3932	10125	3459	5606	4794	29126	915	5533	55509	283106	4772	940	27040	5296	3725	5970	27436	5600	7189	6199	1460	148022	5291	5293	208	2475	1457	3716	917	5588	3458	5133	4615	920	114609	8517	3845	916	5530	4793	5535	3460	5335	5781	3091	7099	5894	238	2353	7097	919	3551	3265	5532	6772	5605	5290	1956	5603	5595	1147	10000	116071	8503	5295	5608	10538	7535	1950	4215	100302736	207	6198	4893	4790
PI3K-Akt signaling pathway	3320	9223	3563	5523	1944	2246	1026	1292	598	672	4908	5154	1311	4193	64223	1969	2335	2069	2784	5520	10971	54541	5528	596	80310	90993	6194	8074	3690	595	1017	3695	8822	3559	3454	9863	1943	8823	6199	5519	1101	3908	5291	4803	1977	1280	208	2323	5159	23035	7143	3912	3915	8517	3845	4846	1386	4609	7039	5515	894	3164	54331	374	4804	2065	2309	5516	1436	8503	55970	5518	2064	2885	5295	7533	4515	5618	1902	7248	4893	55844	5604	4914	6794	3679	7532	2997	5649	7057	94235	898	7058	1278	9586	5934	3685	3693	1435	1388	2787	5879	3918	6035	57818	10110	2260	92579	7249	7422	2785	2264	10488	9170	2791	8516	3910	1027	3440	1942	9470	2255	3445	1299	3558	3456	27006	3561	7157	2248	3676	3443	253314	1291	22801	3575	5894	1946	6655	5156	2788	3643	3667	7424	3566	2247	5290	1956	8515	3082	5526	3455	2786	11140	2689	5747	3675	5585	207	256076	10681	4790	3909	1441	3678	2149	6696	3560	3570	7010	2251	3447	6446	1442	2066	6256	356	5586	1129	3672	3452	2783	1128	3481	23678	1298	3688	22798	1443	627	131873	1978	28227	1945	3630	3381	3480	5296	3451	5170	5228	3655	2263	2324	5562	284217	57121	2249	3569	2250	148327	51764	6009	7423	2475	2932	3716	200186	284	2690	3914	2998	3444	572	23566	10161	4602	5294	7099	2254	3565	1293	57521	8817	3551	4233	2846	5605	51378	5527	3446	26291	3439	10000	285	3574	1385	7184	3680	2321	3449	3371	9623	6198	7534	5105	6654	1021	5728	5594	6850	118788	3717	7450	3791	4170	29941	3696	146850	1284	5106	2056	1440	3913	3815	3673	63923	2261	468	5578	9965	84699	64764	2277	3674	117145	3694	7059	2538	5970	8115	5155	2782	4915	4909	896	3442	5525	3718	2790	5617	5293	3326	5522	3562	5529	2792	1297	2057	2793	3691	5563	930	59345	2253	5008	9134	56034	3479	1285	1287	7060	1277	10018	1019	7097	1286	3265	842	2688	3911	7448	2322	1282	1975	23239	5595	1147	3448	23533	7148	55012	1288	7529	3441	5521	1950	4254	9180	26281	7531	2252	10319
PPAR signaling pathway	440503	5465	729359	2180	123	28965	364	4973	2710	335	116519	4023	4312	5467	5468	6257	9415	2181	1374	345	2173	6342	1962	23305	51	51703	4199	126129	81616	1581	10999	30	5170	10580	1376	948	1622	6319	2182	1593	33	34	23205	2712	2169	10873	5360	5106	6256	9370	11001	2167	3158	6258	336	1582	7350	10998	8309	5346	3611	51129	3157	1375	7316	2172	2171	2170	2168	10062	79966	376497	5105	8310
Pancreatic cancer	1021	5604	5594	1870	5880	1026	598	4089	5601	6774	5879	6035	7048	5898	5900	5888	595	51426	675	5296	5970	998	10928	7422	1871	6199	5925	5338	5291	673	5293	208	5599	2475	4087	7040	3716	7157	8517	3845	1869	7042	10912	578	572	5337	5602	1647	7039	5894	9459	1019	3551	5881	1643	842	7043	6772	5290	1956	5595	1147	4616	10000	8503	2064	5295	7046	1029	4790	5899	581	1950	207	6198	369	4088
Pancreatic secretion	3709	5332	886	387	1358	112	1131	279	111	219931	1357	26279	23236	5320	476	489	885	5406	5879	6344	6035	113	5578	107	1359	115	114	5579	5322	280	5330	391013	63036	492	81579	5582	1506	760	30814	3710	108	3708	488	8399	478	5874	493	8766	2778	1080	6548	5646	64600	1360	5645	6558	490	7220	487	9545	1179	440387	8671	683	480	1056	5331	10136	50487	22802	5407	483	4218	51032	5408	952	1811	23439	6522	3778	2776	9635	23436	1504	6343	109	477	482	491	196883	5644	481	276	486	5908	1361	84647	5906	5319	6262	3784
Pantothenate and CoA biosynthesis	5167	1807	80347	79646	219	217	8876	339896	60490	224	587	60496	1806	80025	5169	53354	51733	586	79717	8875
Parathyroid hormone synthesis, secretion and action	5604	3709	1594	5332	5594	387	112	409	5568	111	860	1026	846	9586	23236	6256	5566	1388	2768	8521	4040	113	2773	5578	468	107	84699	115	114	596	5579	64764	90993	2260	5144	8074	50964	5330	9826	10893	5582	632	8600	2771	9935	5567	9365	3710	108	2767	4325	10672	2625	3708	10488	5338	6569	673	1839	148327	4208	2778	2770	1958	4205	4324	6257	11214	5745	4666	5744	9247	56302	1386	5337	5331	5894	64386	10568	2353	5741	4326	4041	5141	1956	2776	5595	9138	3727	109	7421	1385	6667	4209	196883	408	142680	5142	6258	4929	4322	4323	1591	5143	369
Parkinson disease	5691	4509	113457	25828	5692	10131	3709	7327	7846	1347	89953	81027	51806	1339	7332	55669	4720	4711	1350	4712	1329	84701	5682	518	111	1965	5568	7494	8923205	5713	515	6389	4538	598	4718	4713	4729	7417	120892	5566	5601	4709	6622	4128	517	440567	6263	7316	3799	498	5695	1337	468	2773	7311	1616	5719	836	7381	3831	4707	1349	7326	3798	5413	6391	4541	4726	4137	9627	7979	7280	54539	5702	4717	3800	4217	65018	6775079	293	2771	10381	126328	5567	7416	4725	539	3710	6775074	8923202	1327	9451	7419	4697	112714	170712	64837	317	801	4700	4536	3708	1812	4129	9246	9167	100532726	5686	347733	7345	7277	818	84617	7388	4715	51465	4508	9927	147700	10213	125965	4723	27429	10476	4704	5599	9861	509	2778	2770	11047	4537	51079	291	10105	4695	6233	1537	4714	5688	6392	374291	7295	5689	3309	2774	7157	347688	5071	4539	815	4710	5710	4702	56901	6570	7314	91860	4731	5705	5693	84790	1340	51807	5335	810	6390	4780	10383	5602	79861	1649	817	5717	6531	513	10382	516	522	6775077	4514	5701	7386	7385	4694	163688	5694	9377	55967	7317	5690	4708	203068	4705	7384	842	1351	292	4701	5683	5715	2081	5685	4696	83447	1813	341947	4724	5687	6571	90550	7054	5700	4698	7318	4706	816	5714	7278	5707	4722	54205	118424	4716	27089	506	4728	4535	22926	135	514	5704	5684	11315	5709	1346	4512	2861	1345	6775076	5718	10975	4513	143471	581	10376	1843	5706	29796	4719	5708	4540
Pathogenic Escherichia coli infection	3071	113457	71	147945	10787	7846	841	24146	2149	81027	5777	5594	5861	387	23365	137075	53842	55971	4651	10686	51208	1364	23562	81873	64005	6714	9632	9871	4792	6300	100288814	10552	1366	10093	4646	5062	257397	834	4644	356	8737	5601	7430	2768	10810	1432	10454	10095	5879	6035	4690	8936	2534	9080	6188	3553	3688	7124	836	25	7009	55930	837	8743	4542	7456	9826	7280	10427	9074	10094	4671	7186	10163	2212	3725	49861	10381	147179	5970	23118	998	9076	375	100132463	5600	10672	51135	10109	112714	7189	100506658	4691	9170	347733	7277	57121	55845	4430	84617	3569	8797	10458	10972	5058	644672	4641	5599	5063	840	8440	7122	3606	9265	4628	26285	9475	4615	7132	10802	9071	8517	347688	114609	4640	2597	4793	8976	578	4645	84790	51807	3059	283446	10383	5010	5602	5781	79861	4627	10382	7099	10061	382	355	60	9267	6885	3654	2353	3551	203068	8717	9266	23191	842	114548	26999	10096	8772	2846	27128	7082	5603	5595	7278	1147	3576	2147	1365	9138	4643	10092	54205	7100	149461	4642	644150	10006	79784	2017	1902	9075	4629	6093	9073	653857	581	57180	10376	9181	10097	3554	29108	8795	4790
Pathways in cancer	2950	3320	4257	9446	8900	3563	1163	7704	2246	1026	5733	598	6921	5154	10683	4193	623	6778	3592	3567	637	5914	5727	2335	2784	7472	113	5898	2952	5900	4437	596	8074	54361	5979	5915	595	1017	5582	51426	675	8822	3559	3454	2767	10928	8823	6199	5925	3908	5291	1030	208	840	54567	2323	2953	5159	6257	29119	3912	3915	8517	3845	7042	999	7170	5336	810	5337	4609	1647	7039	3091	3827	163688	1496	3600	894	10587	3596	7043	9002	7477	6772	6789	7478	54331	23493	3572	3601	1436	8503	55970	2064	2885	5295	7046	653689	1499	7709	1902	3714	5366	7480	331	7482	581	8324	369	4893	4088	2948	5604	4914	841	387	6775	1612	8325	7852	94235	898	26060	23236	4089	6932	3685	64399	5566	1399	2768	2946	2787	2949	5879	4040	3918	6035	3459	6776	4853	115	114	2939	9817	836	5888	2260	4286	1906	10342	7474	4843	2944	613	5567	1487	8030	2941	7422	183	2785	2264	8031	9170	2791	3910	3597	8321	818	7175	1027	3440	7484	4436	2255	3445	7040	2770	7296	10235	3458	3558	3593	9475	27006	3561	7157	7475	815	23604	2248	1387	10912	2735	3162	3443	11040	8323	5602	3575	83439	862	7015	5894	324	6655	8454	2353	5156	2788	3065	6513	4854	3595	7424	6469	7483	3566	2247	5290	2113	1956	354	2776	816	3576	4616	3082	7855	54205	7976	6667	3455	2786	25780	5732	26508	6258	650	8312	5747	3675	1857	207	11186	1398	10681	4790	3909	7479	2100	1441	2149	3560	3570	2251	11211	1870	3447	5568	111	5743	9915	5880	4792	4259	1909	51561	330	8326	4855	6256	356	5601	624	1050	4313	3452	6608	2783	10125	3481	6502	107	1910	7476	3688	22798	25	7471	54583	5330	9826	3480	5296	51384	7473	3451	3725	5228	2771	3655	6777	10672	1871	2263	317	801	7189	2034	2324	81029	284217	23401	57121	2249	3569	2250	2947	2033	119391	2002	51764	7423	2475	1495	2778	2932	3716	2122	6934	5292	79444	3914	149233	3444	572	3066	221357	112398	23566	4780	10161	817	5731	2254	3565	5331	1856	238	355	1855	4824	4292	8817	28514	3551	5881	4312	1643	51176	4233	2846	5605	4041	3446	367	23462	26291	3439	4851	2147	9138	10000	109	332	3574	7481	7184	196883	1029	3449	3280	8453	27113	6198	2736	1021	6654	57449	388585	5332	5728	7849	51806	51684	5594	23365	112	182	4149	8202	3717	112399	10297	1284	8322	2056	6774	6500	9252	3913	3815	3673	10023	7048	2261	2773	5578	9965	5579	8643	2277	5467	2956	6387	3674	9618	9978	890	7186	1613	5970	27436	108	3594	998	5155	2782	1439	896	6773	3442	8648	5338	89780	3718	673	652	2790	5293	7188	3568	5599	3326	4087	7428	4318	405	83593	867	5468	3562	2940	2737	2792	7185	2057	1869	2793	329	59345	578	91860	185	2253	3460	5335	9134	3479	1285	861	2271	80326	1287	2535	4791	10018	1019	1286	3265	842	4258	374654	8772	3911	1488	2322	1282	114112	6923	1164	5595	1147	115727	3448	1288	2099	5371	5734	1728	7187	3441	2308	6093	1438	5899	2938	1950	8313	4254	26281	3728	1630	2252	10319	6688
Pathways of neurodegeneration	4287	2892	201625	1329	775	515	22863	6389	598	774	50507	23435	4713	120892	637	1432	3799	83544	7472	1337	596	3553	5719	6712	2882	54361	7326	3798	5413	6391	5533	441925	5582	54539	5702	4717	3800	4217	100506742	10120	10381	126328	539	3710	9001	1327	5600	23710	4741	9167	351	2876	10133	4723	9861	509	840	291	5630	4714	5688	5609	257202	127602	25978	347688	3845	10121	493869	56901	6261	3092	5693	1340	6390	810	79861	1649	6531	1767	522	5701	7385	163688	5694	9377	7317	4705	1351	292	5532	4696	7477	83447	7478	51164	7802	5603	2521	506	4728	2903	5684	1499	7480	10975	6647	7482	581	5706	8324	84516	369	4893	5685	5691	4509	5604	113457	5621	841	89953	1459	1339	1133	8851	55669	4720	8325	84701	5682	6300	5713	23236	4718	4729	1770	489	4709	1435	27123	517	6263	5879	4040	6035	5695	5606	1616	7311	203228	836	4707	1349	1020	4726	283106	9627	7979	122011	2893	6804	4843	7474	7415	4725	9451	7419	4700	4536	778	9776	2877	3708	347733	1460	8321	818	5664	51465	4508	4704	9217	7484	51079	6392	374291	7132	5689	3309	9896	5071	7475	815	8408	5530	51807	8678	8323	10383	5602	5717	513	516	4514	5894	324	1742	4708	203068	8701	5683	1769	146754	7483	824	22943	1639	90550	823	5700	4706	2776	816	10280	7278	7855	54205	118424	92552	7976	4535	5173	514	27121	60673	8312	1345	6775076	5718	2911	140775	1857	57679	4790	5692	7479	7846	4747	10540	7332	3064	30849	5534	2890	5861	4711	1131	11211	2891	4712	5743	518	7494	8326	356	5601	6622	440567	779	11273	1128	7476	7124	627	7471	7381	3831	2915	342371	5330	4541	4137	5289	7280	55567	51384	65018	7473	293	2905	55255	7416	6775074	8923202	25981	4842	4697	2880	317	801	100532726	5481	5686	7345	81029	23401	84617	7388	4715	3028	3569	11345	5663	147700	10213	27429	7133	10476	2475	2932	10105	11047	1457	56171	4695	6233	1537	23130	8632	55102	5710	487	572	817	10382	5331	1856	26100	355	4694	6310	1855	55967	1454	7384	1139	2081	53349	2878	341947	64446	5605	4041	7318	5714	4744	4722	29982	10452	4716	7481	84134	5608	5704	5709	1346	2861	11337	4513	79139	5868	10376	29796	7327	10131	3709	55081	1347	5332	81027	51806	5594	1350	3552	7222	1965	8923205	4294	4538	10297	8322	7417	55860	1536	27019	7316	498	10023	468	5578	2902	5579	10671	2906	80208	9821	6775079	7186	776	5970	6311	112714	170712	64837	29110	847	488	9246	7277	89780	1452	9927	125965	177	673	5599	196385	1768	4537	8878	4539	4710	4702	7314	578	5535	91860	4731	5705	84790	5335	55062	10010	116442	6775077	7386	80326	2535	27035	5690	3265	4218	842	4701	5715	8772	55626	11258	4724	5687	4698	5595	5707	9706	9973	27089	2904	22926	11315	4512	10126	143471	8313	4719	5708	6262	4540
Pentose and glucuronate interconversions	7367	54657	9942	54600	574537	51181	7363	7366	10720	6120	54578	54579	54490	57016	54658	7360	9365	54577	79799	7358	7364	6652	729920	54576	54659	27294	10941	231	7365	51084	10327	729020	54575	2990
Pentose phosphate pathway	7086	229	84076	8277	226	132158	5226	5211	8789	51071	25796	6120	5631	221823	2203	2539	230	6888	9104	5214	64080	2821	5213	5236	55276	22934	5634	729020	9563	414328
Peroxisome	5191	8443	92960	55711	55825	5824	2181	23305	255027	11264	1384	30	5827	23600	5828	84188	390916	1891	8309	8528	23417	25824	4598	5195	8310	10455	51179	83594	2180	54511	8800	9409	373156	1610	51703	10005	7498	4843	51555	8799	2182	3418	11001	26061	847	5264	3417	189	5189	10478	10654	1962	51268	225	51	196743	5194	26063	54677	570	3295	84769	10901	5825	54363	6342	5830	5193	6648	2053	4358	5052	8540	283927	5192	6647	5190	8504	55670	215	3155	5826
Pertussis	712	3659	5599	3553	3688	840	3684	2770	836	7124	114548	3678	51806	5594	387	1072	3593	10392	3552	3689	4615	114609	5603	5595	716	3576	6300	4843	3725	2771	6372	727	23643	5970	91860	6374	718	714	720	710	5600	834	810	2773	51561	51135	5602	5601	801	3586	7189	7099	3592	929	722	653509	1432	1073	715	713	163688	3569	3654	3661	148022	100302736	2353	729238	3394	725	29108	4790	717
Phagosome	3134	113457	71	7846	3678	81027	245972	9146	811	7057	3119	53407	30835	7058	535	948	4353	10312	529	8992	10332	1311	3685	3113	3693	3135	6890	653509	1536	715	3673	5879	4481	6035	83547	3117	1535	4074	2209	821	8417	653361	10333	527	9550	3688	1780	23545	3690	3118	3689	5289	949	7280	9114	9341	537	6441	534	2204	2214	7059	2212	10381	51382	51606	9902	50617	4842	533	112714	245973	23480	51143	10952	347733	7277	84617	3111	6891	3123	7879	78989	79659	4153	90423	1520	526	3133	23673	8411	4360	4688	347688	8685	3107	1514	338382	9103	718	84790	51807	3105	10383	79861	155066	10382	7099	127124	3122	11151	3920	60	7060	2213	729238	7097	3126	3108	203068	5869	200576	523	3684	3109	7037	4973	3127	3115	81035	7278	5878	528	3916	9554	4689	1781	1778	525	29927	3106	64581	1783	929	22925	5868	9296	3125	10376	2215	3112	55176
Phenylalanine metabolism	6898	1644	137362	218	2806	10249	4282	221	3242	8639	259307	314	2805	222	4129	5053	4128
Phenylalanine, tyrosine and tryptophan biosynthesis	6898	137362	2806	259307	2805	5053
Phosphatidylinositol signaling system	5333	160851	8776	3709	3706	8525	5332	5728	55529	51806	253430	4534	1607	23236	3633	8395	55361	5578	3631	8527	9110	5579	22908	55300	5286	5287	8394	5330	5288	90809	5289	3636	51196	5582	84812	3707	5296	5305	3710	9107	51447	801	3612	4952	3708	1040	3632	3613	3635	3705	5291	10423	5293	9677	1606	8897	23262	5297	5298	8526	54928	64768	91860	5336	23396	5335	810	1608	8871	117283	5331	139189	8760	163688	89869	8898	8396	200576	3628	55613	56623	5290	9162	9108	8503	8867	64419	8821	5295	113026	1609	9807	22876	79837	80271
Phospholipase D signaling pathway	5604	160851	8525	5332	2149	5594	387	22800	112	22808	6850	111	100137049	2914	1607	146850	123745	23236	5154	2768	5737	3815	8395	8605	8611	55326	2913	2917	113	5578	5898	107	2534	5900	8527	115	114	2549	10411	80310	8394	2916	6237	2915	5330	3630	5296	56848	2185	255189	8613	25759	7249	108	56895	375	10672	183	5155	9170	6464	57121	5338	552	5291	554	10555	5293	208	6009	2475	1606	2778	5159	9265	3845	8526	2205	8877	10554	2912	53358	2918	185	5336	23396	23566	5335	1608	5337	10161	5781	56034	5321	1785	5294	56894	5331	382	139189	5894	3579	399694	9267	551	6655	5156	1759	3265	9266	3643	2207	2846	5605	27128	26052	5290	1956	2206	9162	5595	3576	2147	10000	23533	109	8503	2885	8612	5295	553	196883	9846	1902	7248	1609	5899	11069	1950	2911	4254	3577	283748	207	4893	6654
Phosphonate and phosphinate metabolism	56994	5833	5130	85465	10390	9468
Phototransduction	6010	118142757	2780	2986	51806	1258	5148	5145	2792	9626	6295	5957	8787	2779	91860	6011	810	131890	2782	801	1259	2979	9187	5158	163688	3000
Platelet activation	71	3709	5332	2149	51206	5594	387	23365	6714	112	6850	5568	111	2244	7450	6300	100137049	1278	103910	146850	123745	23236	64805	5028	5566	7094	695	5584	1432	3673	5739	8605	10125	113	2773	107	2534	115	114	3688	4638	3690	5330	3674	54518	2266	5296	5023	2212	2815	2771	5593	5567	255189	5501	3710	6786	108	5600	8673	2909	10672	91807	3708	4659	5291	5293	208	2778	2770	84876	6916	6915	10235	340156	9475	83660	7408	5590	83706	5742	2812	2983	2811	4846	5499	85366	5336	5500	2982	5321	5294	5331	60	1277	2977	3937	9002	2207	4067	5290	2243	1281	5603	2776	5595	2147	9138	10000	23533	109	8503	5295	10627	196883	5592	6093	5908	8773	5906	283748	207	2814
Porphyrin and chlorophyll metabolism	7367	54657	644	212	2235	54600	574537	645	7363	7366	124454	10720	326625	3145	341208	210	54578	54579	7389	54490	54658	9843	1356	3163	1355	3162	54577	79799	7364	1352	54576	54659	3052	1371	10941	2058	7365	2395	7390	211	5498	54575	2990
Primary bile acid biosynthesis	3295	9420	10005	1593	51302	9023	10858	6718	1581	80270	1582	1109	6342	10998	570	8309	23600
Primary immunodeficiency	57379	959	5993	84876	115650	915	920	3561	8517	4261	926	23495	927	916	326	930	29760	5897	8625	925	29851	3543	973	7535	3575	7374	6890	695	100	3932	6891	64421	3718	958	5896	5788	5994
Prion disease	5691	4509	712	113457	5692	858	3709	7846	5621	1347	89953	81027	1459	1339	3306	3303	5594	5534	4720	4711	1350	3552	4712	1329	84701	5682	775	518	1965	5568	5880	8923205	6300	5713	515	6389	4538	727	774	9586	4685	4718	4713	4729	7417	5566	5601	4709	1388	3305	1536	1432	517	440567	6263	5879	713	6352	3799	498	779	6035	1535	468	1337	5695	653361	2534	2902	84699	116443	3553	5719	7124	64764	836	90993	7381	3831	4707	1349	3798	2906	6391	5533	4541	4726	283106	10963	7979	7280	54539	5702	4717	3800	100506742	5296	6775079	293	2905	10381	126328	5567	776	7416	4725	539	3710	6775074	714	729	8923202	1327	9451	857	5600	730	7419	4697	112714	170712	64837	317	778	4700	4536	3708	10488	9167	100532726	5686	1460	347733	7277	733	84617	7388	4715	3569	731	4508	147700	10213	125965	4723	5291	859	148327	10476	5293	4704	5599	9861	509	2932	10105	11047	1457	1958	291	51079	4695	4537	1537	4714	5688	6392	374291	3915	3309	5689	4688	347688	4539	4710	5710	4702	56901	5530	6261	5535	572	4731	5705	5693	84790	1340	51807	6390	10383	1386	5602	79861	1649	5717	513	3312	10382	522	516	6775077	4514	5701	7386	7385	4694	4684	5694	9377	55967	5690	4708	203068	4705	7384	842	5580	1351	292	4701	5683	5532	5685	5715	4696	83447	341947	4724	5687	90550	5290	5700	3310	4698	5603	4706	5595	5714	7278	4851	5707	4722	54205	4689	8503	4716	1385	506	4728	2903	2904	4535	27089	5295	514	5684	5704	5709	1346	4512	735	1345	6775076	5718	10975	4513	143471	6647	581	10376	5706	29796	4719	116444	5708	6262	732	4540
Progesterone-mediated oocyte maturation	5604	441273	3320	5241	8900	5594	6196	112	80315	6195	5568	111	6300	441272	22849	51529	9133	25847	5566	3835	5601	10393	1432	4342	102723849	6793	102723555	113	2773	107	115	114	388333	100996746	5140	1017	3630	890	3480	5296	2771	891	8881	5567	64682	108	5600	442590	246184	996	245711	132864	5291	673	10459	27330	5293	208	5599	3326	2770	4085	105180391	85417	3845	6197	699	5602	3479	5894	51433	993	100310812	983	51343	285955	8697	8379	5347	5290	64506	5603	6790	5595	9088	100505767	10000	995	109	8503	5295	51434	196883	29882	729597	387778	29945	994	207	369
Prolactin signaling pathway	208	3659	5604	5599	2100	2592	2932	122809	6772	5605	6514	5594	8792	6714	5290	7054	9655	595	5603	5595	3845	4893	2309	3717	3972	3630	30837	10000	6300	5296	8600	8503	1154	25759	53358	2099	3973	1447	2885	5295	9021	6777	5970	5600	8651	5618	5602	5601	6774	9306	1081	5894	8835	1432	6464	399694	6654	6776	6655	2353	207	5291	1586	3265	2001	894	2645	4790	5617	5293
Propanoate metabolism	4329	593	1738	3939	1962	55902	51	8803	3945	84532	8802	84693	18	5096	5095	92483	160287	1892	31	3948	594	8801	39	1629	55862	4594	79611	38	32	35	3030	23417	26275	8310
Prostate cancer	5604	2950	3320	5728	5594	5328	1870	4792	898	6935	1026	9586	6932	5154	4193	2119	468	84699	596	64764	80310	90993	2260	595	1017	3630	3480	5296	5170	5970	1871	2263	5155	10488	5925	1027	2033	5291	3645	673	148327	5293	208	2475	7113	3326	7850	2932	4318	5159	5327	6934	7157	8517	3845	1869	1387	4314	572	9134	6692	7039	56034	3479	83439	5894	4824	6716	6655	5156	3551	3265	842	51176	5605	5290	1956	367	354	5595	1147	10000	2078	8503	1385	7184	2064	2885	5295	1499	2308	1950	207	369	4893	4790	6654
Proteasome	5691	5683	5715	5692	9861	5719	122706	11047	5687	3458	5688	23198	51371	5700	5689	5682	5714	7979	5702	5707	5710	5699	5713	5705	5693	5720	5684	5709	5704	5721	5717	10197	5718	5698	5701	143471	5686	5706	5694	5696	9491	10213	5695	5690	5708	5685
Protein digestion and absorption	153201	6550	1308	5222	340267	1358	4224	81578	255631	1303	1357	1307	1278	1292	6505	80781	1284	476	6547	643847	169044	1296	84570	136227	8645	57642	206358	3783	1359	1298	131873	117247	63036	1506	11136	1305	285641	9056	1289	1310	478	85301	10008	2006	1803	1280	5547	1306	6520	7512	1299	6546	6510	5646	50509	1360	1301	5645	1297	440387	6543	6564	1291	1295	340024	480	1285	59272	6519	1293	10136	1287	1277	1286	4311	483	91522	1300	51032	120103	1282	23439	1281	1294	1290	54407	23436	7373	1504	3769	23428	1288	477	4225	482	1302	5644	481	486	1361	643834	256076	3784
Protein export	11231	6729	6730	6726	90701	28972	3309	5018	9789	6731	58477	83943	23478	29927	196294	7095	6728	6734	23480	10952	60559	55176	6727
Protein processing in endoplasmic reticulum	10808	6048	4287	7327	55741	3320	10956	6238	3306	1410	3303	811	6185	91445	9632	1965	7494	91319	9871	55768	64215	440275	54431	6400	27102	1603	5601	6500	1388	165324	3305	5886	23645	57134	468	821	3301	10134	6396	596	7991	23190	51009	6748	7993	10294	51360	7326	6747	23471	85479	10427	9978	51619	80331	4217	100506742	5887	7186	7323	80700	26270	3998	55829	10961	9709	7415	201595	9451	258010	10970	573	27248	22824	55432	23480	30001	10952	133022	7353	64374	54788	51465	29978	26232	3337	5610	5599	3326	55666	55968	6745	5589	5609	23193	50613	102724652	6746	3309	5611	4121	11253	10802	5071	7466	10905	23640	3703	10277	29979	10273	578	51128	10484	10525	4780	5602	1649	9695	56886	3312	7321	1650	6184	51035	10130	7322	5034	8454	55757	56605	2923	10960	11231	2081	9373	80267	824	3300	285126	823	3310	7841	118424	25956	92552	7184	10113	84447	29927	22926	9532	7095	79748	8720	267	10483	581	79139	22872	81567	51726	9601	55176	80343	56681	56893	10299
Proteoglycans in cancer	5604	71	858	3709	117581	5329	7479	2317	3678	3339	5777	5594	387	5328	23365	22800	6714	7057	8325	11211	22808	6382	5568	7078	288	3791	6300	5962	1026	1278	960	8322	3685	2066	8326	356	3693	5566	84309	6774	4193	7430	1432	4313	3673	5727	5879	29102	2335	6383	6608	6035	54776	7472	3481	5578	7476	1655	2549	3688	5579	7124	836	3316	4060	10818	7471	2260	6194	79923	6237	54361	3690	595	51196	5582	3480	5296	51384	7473	7474	5170	5567	5501	3710	998	5600	2719	857	7422	3236	60495	6199	3549	3708	81029	8321	818	2316	4659	89780	5058	5291	673	859	1839	2002	5293	208	7484	2475	4087	7040	4318	6548	867	3593	9475	7157	27250	3845	7475	815	2318	7042	5499	1514	5336	5335	8323	3059	4609	5781	817	5500	3091	10451	3479	7099	286	5894	287	8826	355	80326	60	1277	2535	6655	7097	3265	7410	7291	967	4478	7477	4233	7448	6469	2817	5605	7483	7023	2247	1975	5290	10855	1956	7478	5603	5595	816	2065	9138	3082	10000	7855	7409	8503	7481	7976	2099	2064	2885	5295	2017	6385	1499	5747	4660	6093	7480	7074	7482	388112	8324	207	6198	369	1634	4893	5829	6654
Proximal tubule bicarbonate reclamation	27165	6550	10991	23439	358	477	8671	760	482	476	5106	481	486	2744	2746	762	478	4190	483	5105	1468	480	2747
Purine metabolism	221264	204	4882	2986	203	5136	4907	112	5148	3251	111	6240	122481	51292	5198	158	5169	272	56985	30833	6241	954	2272	3615	84618	27115	102157402	5158	5139	53343	377841	5634	113	107	115	114	5167	5315	5146	50808	5144	5140	4832	10201	7498	4830	5631	5471	115024	4831	471	122622	108	1716	374659	50484	4833	124583	158067	5236	2766	5147	3000	132	29922	3704	5138	56953	353	84284	5152	646625	22978	5149	953	956	2983	221823	5150	2618	51251	5151	51816	318	2982	8654	8833	131870	8622	100	270	9615	22875	2977	955	4881	50940	55821	271	2984	4860	11164	5137	58497	5141	5153	10846	5145	5313	109	55811	100526794	1633	196883	5142	26289	159	9060	9583	2987	9061	55276	3614	10606	957	5143	205
Pyrimidine metabolism	221264	5167	56953	54963	1807	4860	7371	4907	7083	4832	10201	22978	7378	79077	953	6240	7298	4830	956	56474	100526794	1503	1635	51251	115024	790	1633	4831	1723	1806	83549	5169	318	978	50484	51727	30833	1890	51733	6241	9583	4833	124583	84618	7372	7084	1841	129607	957	377841	955	1854	151531	29922
Pyruvate metabolism	124	128	2739	5162	5315	1738	501	3939	5160	55902	3945	84532	5313	4199	97	219	217	92483	160287	31	3948	197257	39	4200	224	130	10873	223	5106	125	4191	38	5091	32	134526	2271	9380	5161	98	3029	1737	131	4190	126	127	10327	5105
RIG-I-like receptor signaling pathway	5599	8717	9636	3445	7124	841	8772	79671	26007	9755	3456	56832	3593	3446	64343	3447	5603	1147	3439	3576	8517	4792	79132	3448	54941	64135	6300	843	80143	3451	4214	7186	4793	3444	1540	3443	5970	1654	5600	3627	5602	8737	10010	5601	29110	3449	3441	57506	7187	7189	9641	9140	3592	5300	340061	1432	3442	55593	3661	6885	7706	3452	3440	9474	3467	3665	338376	4790	3551
RNA degradation	1656	80153	23658	246175	9125	51010	154197	5073	10950	7832	55802	51013	11157	27258	51690	219988	8761	64282	51691	140886	23517	167227	54512	5211	80336	340529	2026	5393	3313	5042	23404	4848	23019	196513	170506	11340	57472	57819	11044	5214	54464	84186	3329	4850	87178	4849	9337	25804	5213	26986	22894	56915	29883	54766	22803	131870	132430	255967	25904	10140	10766	115752	118460	2023	694	23644	10200	10438	2027	23016	387712	28960	9924	27257	5394
RNA polymerase	64425	548644	5430	661	5439	5441	5435	5432	10623	25885	5436	5438	11128	10622	51082	171568	5431	246721	55703	84172	221830	55718	9533	5440	51728	5434	30834	5437	5433	84265	10621
RNA transport	8637	9775	11269	8667	1207	22794	54913	1915	1965	8891	11260	51808	80336	54960	4116	8892	91181	22916	8563	84321	55308	4928	23435	23511	8666	6612	9972	10248	1968	8665	10284	23225	51367	79897	8664	1967	7341	10460	6396	1964	9984	1978	1979	11218	4686	340529	9631	9086	9818	8086	8087	8661	8480	10605	8669	26986	55916	5976	23636	59343	60528	10557	8668	7175	7919	2733	1977	25929	9470	11097	94026	10556	8662	1974	348995	57187	8663	2332	7329	8761	3646	5901	728689	79833	129401	79023	140886	8021	10775	55746	23279	9939	57510	26019	53371	10799	7514	1983	56001	56000	5042	10289	138716	253314	6613	22985	10940	392517	6606	29107	10189	10921	50628	51068	10482	9688	11171	10419	10250	23191	10209	55110	4927	26999	57122	1982	1975	8487	23165	5905	79902	55706	8672	1973	84305	2521	8890	10073	81929	5411	65110	11102	8894	9669	9513	79760	387082	65109	132430	10762	3837	96764	1917	80145	51095	8893	1981	55520	5903	79228	9883
Rap1 signaling pathway	5604	71	51466	5332	2149	51806	50855	9223	5594	387	6714	112	2251	7010	22808	7057	1944	9771	10636	5880	111	3397	3791	6300	2246	23236	25865	5028	2357	9564	5154	1399	1435	7094	1969	5584	1432	3815	5879	84552	6035	2261	113	2773	5578	5898	107	5606	889	9965	2902	5900	345456	115	114	5579	3688	23683	80310	10411	51735	23094	2277	2260	8074	6237	3690	5330	3674	3689	26037	1945	51196	5582	2533	27040	3630	54518	3480	5296	5228	8822	2771	9863	9855	84612	2775	108	998	5600	55740	7422	5216	1943	2263	5155	8823	801	2264	2324	9170	64411	56288	57121	1268	2249	2250	5291	673	4803	1942	6494	5293	208	136	7423	2255	5217	2778	2770	83593	5159	10235	83660	27006	7408	1500	5590	4893	3845	2248	284	375189	999	9732	91860	2253	23566	810	5335	57568	56034	10451	3479	2254	4301	5331	5894	60	1946	163688	260425	8817	5156	3265	5881	3937	7410	9002	3684	3643	1813	7424	4233	2846	5605	51378	2247	5290	1956	5603	2776	5595	26291	3683	4804	3082	10000	1436	109	7409	285	8503	2904	2903	5295	9693	135	5608	2321	196883	8631	1499	25780	5587	1902	5909	7074	5899	11069	5908	1950	4254	2889	5906	26281	207	1398	2252
Ras signaling pathway	5604	4914	27	51806	5594	387	22800	7010	2251	22808	1944	9771	94235	5568	5880	23179	3791	100137049	2246	26279	51365	8844	598	123745	57144	5320	4908	5062	5154	356	5566	5601	1435	1969	2787	3815	5879	8605	2784	2783	6035	8036	2261	10125	3481	5578	5898	5863	9965	2902	5900	8398	2549	5579	5322	80310	627	25	2277	2260	8074	6237	391013	1945	81579	283455	5582	2114	51196	27040	3630	3480	5296	5228	8822	5567	255189	30814	64926	25759	5970	10681	998	10928	7422	1943	2785	2263	5155	8823	2782	801	4915	2264	29110	2324	4909	2791	8399	6464	2249	5338	2250	10298	5058	5291	4803	1942	51764	2790	2002	208	5293	7423	5599	3363	2255	5063	2323	83593	5159	10235	27006	64600	8517	3845	2792	2248	2793	284	8437	59345	53358	572	91860	2253	5336	5335	810	5337	5602	5781	7039	56034	5321	3479	2254	4301	9462	382	55770	5894	5921	50487	4763	100271927	399694	1946	163688	6654	6655	22821	8817	5156	3551	3265	5881	5869	2788	8315	8831	4303	3643	9610	5923	7424	4233	2322	5605	11145	5966	51378	6789	106821730	2247	54331	5290	2113	1956	5595	5878	26291	115727	1147	4804	3082	10000	1436	285	8503	2904	55970	2903	5922	2885	5295	5924	2321	2786	25780	9846	7535	7074	5899	5908	1950	5868	4254	84647	5906	26281	283748	207	11186	4893	5319	2252	4790	10156
Regulation of actin cytoskeleton	3071	5604	71	58498	10787	54434	3679	3678	2149	1133	1132	5594	387	2245	23365	22800	6714	2251	1131	22808	81873	7852	5880	5962	85477	8874	10552	2246	3696	10093	103910	10297	57144	5062	5154	9564	3685	2934	3693	4636	1399	623	7430	2768	1129	54961	624	10095	3673	8395	3672	5879	2335	4342	6035	54776	2261	1128	8936	345456	9965	3688	80310	8394	2260	81624	8074	4638	6237	3690	6387	3674	3689	3695	89846	87	3630	3694	10094	5296	10163	8822	5305	3655	5501	221178	998	55740	2909	10672	128239	5216	2263	10109	8823	91807	5155	2264	7414	1793	9170	8516	1073	57121	55845	2249	4659	2250	10298	10458	5058	3645	673	5291	5293	28964	10398	2255	5063	5217	6548	5159	4628	1072	340156	9475	27006	3681	3845	4893	2248	3691	3687	85464	375189	3676	5499	1730	8976	85366	1729	3682	2253	23396	22801	5500	56034	4627	10451	2254	81	10152	5894	3827	8826	4633	60	324	9459	6655	8817	50649	5156	3265	5881	8396	200576	23191	7410	3684	26999	10096	4478	2846	5605	106821730	2247	5290	1956	9087	8515	5595	26291	3683	2147	9138	10788	10092	7409	8503	55970	3680	5295	79784	10627	7114	93408	1902	5747	4629	4660	6093	653857	7074	1950	3984	3675	57180	79837	26281	10097	369	1398	5829	2252	3985	6654
Regulation of lipolysis in adipocytes	208	4881	115	114	3643	2778	364	2770	3667	11145	5140	155	112	5290	11343	8471	5743	5568	111	7252	5742	3630	10000	5296	7253	5293	109	134	2771	5593	8503	5733	5567	5295	8660	108	57104	154	196883	2167	5566	5592	3991	4886	5346	1081	4852	51099	153	207	5291	113	2773	107	4878
Relaxin signaling pathway	5604	5332	5594	6714	112	409	94235	111	5568	4792	6300	339403	1278	9586	23236	1284	122042	51289	5566	5601	1388	117579	1432	2787	4313	2784	6416	2783	7048	113	5578	468	2773	107	1910	84699	115	114	64764	90993	2277	5330	1906	5296	4843	3725	2771	5567	25759	5970	6013	2775	108	5600	4842	7422	2785	2782	10488	2791	6464	3640	5291	148327	51764	2790	5293	208	7423	5599	4087	7040	2778	2770	4318	5609	5590	3845	2792	2793	4846	59345	53358	1386	5602	1285	5331	5894	399694	1287	1277	6655	2353	1286	3265	4312	59350	2788	7424	5605	1282	54331	5290	1956	1281	5603	5595	10000	109	1288	2769	8503	1385	55970	2885	5295	7046	6019	2786	196883	408	10022	59	4322	207	4893	10681	4790	6654
Renal cell carcinoma	208	5604	7043	6513	2549	5063	7040	7428	54583	405	673	4233	5605	5594	6923	106821730	5290	2113	5595	3845	4893	9915	9978	3082	10000	5296	1387	112399	3725	5293	7042	1026	8503	572	2885	5295	6921	57144	5062	998	112398	7422	5155	5781	7039	3091	1399	3265	7030	2034	8453	5546	5894	5908	2271	5879	2889	6654	5906	6655	6035	207	10298	2033	369	5058	1398	5291	201163
Renin secretion	4881	5532	3709	116	1907	2778	2770	84876	5332	51806	5136	5534	3759	5137	5140	155	5153	112	5330	5533	3778	1906	358	775	9635	111	2776	5568	1508	1179	2983	1636	134	2771	5593	5530	1385	1909	776	5567	5535	91860	3710	23236	185	154	5734	810	5972	5732	183	5566	801	778	2982	3708	5331	1908	22802	5139	163688	117	779	153	2773	2977	4878
Renin-angiotensin system	1359	4142	4012	1511	5550	1636	186	5476	7064	185	1215	3816	290	5972	2028	183	59272	3817	116512	57486	4311	10159	5547
Retinol metabolism	124	128	54657	316	8228	7367	157506	54600	574537	51109	54575	7363	7366	1555	1562	10720	8854	112724	1549	53630	1592	8630	8608	50700	158835	54578	54579	54490	1543	339761	1544	220	54658	29785	1558	6121	54884	54577	79799	130	1548	1576	7364	100861540	317749	125	54905	195814	54576	54659	10170	8694	340665	216	10941	9227	5959	9249	7365	131	126	127	1577	1559	145226	56603	10901
Retrograde endocannabinoid signaling	3709	2892	5332	5594	4720	2890	2563	4711	112	4712	2891	775	94235	111	5568	5743	6300	4538	774	23236	2562	4718	4713	4729	5566	5601	4709	3762	1432	2787	3760	779	2784	2783	113	2773	5578	107	115	114	5579	3765	2569	4707	2915	5330	55879	4726	4541	2560	5582	2568	54539	4717	2565	2166	2893	2771	126328	5567	776	4725	3710	2775	108	57406	5600	4697	2785	2554	57030	2557	2782	4700	778	4536	3708	2791	100532726	1268	4715	2570	4723	140679	51764	2790	4704	5599	221955	2770	4537	51079	4695	4714	374291	11343	2558	2792	4710	4539	2793	4702	2564	56901	59345	2566	4731	2555	2561	5602	5331	747	4694	55967	4708	4705	2556	22999	3763	2788	4701	773	4696	4724	54331	4698	5603	4706	2776	5595	4722	109	2567	2559	200959	222236	4716	55970	4728	4535	2786	196883	6775076	57084	2911	246213	4719	10681	4540
Rheumatoid arthritis	942	245972	2920	3552	7010	3119	414062	535	6374	10312	529	8992	51561	3113	1435	941	6352	3117	527	3553	9550	7124	23545	3118	6387	3689	940	9114	537	534	8600	3605	3725	51382	51606	50617	7422	533	245973	3111	3569	6364	3589	3123	54	7040	3606	10673	90423	526	3458	6347	284	2919	2921	7042	1514	6372	4314	1493	4050	155066	7099	127124	3122	8741	2353	7097	3126	3108	3600	4312	7043	523	5741	3109	3127	8792	3115	528	3576	3683	1437	525	2321	6348	9296	3125	3383	3112	1513
Riboflavin metabolism	5167	54	5169	55312	53	52	645	80308
Ribosome	28998	6191	6129	6169	140032	6168	65003	6142	6122	9045	6138	51116	6207	63875	55173	64983	6130	79590	63931	51121	6181	6187	9553	64963	9349	6206	100529097	140801	51264	7311	64960	6188	100529239	6173	51263	6224	6194	29093	6217	65008	6160	6202	6223	6166	6218	51318	3921	55052	6171	6134	6164	6139	6147	6230	54948	51021	6156	6183	6128	11222	6133	6135	6182	6192	6233	6123	6228	51373	6132	6234	6158	6165	51073	64981	51069	51187	29088	6231	6167	6159	6150	6176	124995	2197	6193	6203	64968	6229	64965	4736	6208	25873	64979	54460	6222	6205	6137	6144	6175	11224	219927	51065	6232	6141	6201	6189	6209	64928	6227	6235	200916	65005	6161	10573	6210	64969	6204	6146	6152	9801	23521	6124	100526842	6136	29074	6157	6125	51023	51081	55168	6143	6154	6170	6155
Ribosome biogenesis in eukaryotes	10556	29889	1457	1459	55226	10528	79631	4931	9724	5901	10885	54552	55651	10775	283106	54913	9790	54433	55781	7514	28987	10799	84128	84916	27341	25996	23560	56001	56000	10199	57455	10607	23195	138716	10813	84135	23160	51096	55272	54464	51119	55813	55341	55131	345630	51077	65083	55505	10940	55916	6949	134430	83732	2091	1460	92856	55127	102157402	4809	29107	10248	81691	10557	3692	10171	29102	51068	10482	51367	10436	26354	22803	5822	51602	1736
SNARE interactions in vesicular transport	9527	8674	10228	9482	6810	10652	6843	8675	53407	9342	9341	6804	55850	9554	143187	9570	6844	10490	55014	8676	10791	8673	6845	662	415117	6809	8773	51272	112755	2054	10282	8417	6811
Salivary secretion	3709	5332	362	51806	155	112	1131	279	5554	5568	111	1472	23236	476	4025	1755	5566	653247	146	6263	153	113	5578	107	3783	115	114	5579	54831	280	5330	148	492	6779	5582	1469	4589	820	5593	5567	3710	108	4842	801	3708	147	1471	478	493	2778	1470	3347	6548	55503	6558	490	2983	6844	683	91860	1473	810	2982	84569	5542	5331	163688	3346	483	2977	952	23439	6522	3778	727897	2776	109	477	482	491	154	4069	196883	5592	481	276	486	480
Salmonella infection	3071	5604	113457	25828	71	3320	58498	26084	10787	841	2317	89953	5420	10540	7846	81027	54106	5594	387	10810	63916	79792	81873	112574	140735	23265	4792	10640	6300	10552	10093	103910	3836	4646	6932	257397	834	330	8737	4636	5601	6500	65082	55207	55860	55823	1432	10454	10095	5879	3799	113146	6416	6035	83547	4074	5898	345456	5606	10333	57381	6188	596	3553	79443	7124	6993	836	1780	837	3831	5286	5287	6237	8743	10671	8655	3840	3798	10392	5288	399	5289	7280	3800	51209	10120	10094	4671	9367	7186	3725	10381	1434	27072	23643	26263	5970	23118	998	5600	375	51135	5216	391	10109	64837	112714	7189	9842	51143	9648	347733	7277	84617	55845	3569	2316	29109	8797	147700	5058	5291	7879	5293	208	5599	3326	10398	5063	840	79659	5217	3606	838	83657	9265	5609	6281	7295	9475	4615	23207	7132	6934	114609	8517	347688	60412	6990	10121	2597	2318	375189	329	8976	578	338382	127829	84790	51807	10383	5602	4609	8677	79861	5294	1785	10382	83439	7099	382	55770	5894	11035	4633	257364	60	9267	6885	83658	3654	197259	2353	7097	3551	3265	203068	8717	5869	9266	23191	114548	23339	64601	302	26999	10096	8772	51176	58484	11258	5605	64746	1639	27128	5290	51164	5603	5595	5878	1147	3576	388	7278	10092	10000	3839	57617	54205	1781	1778	7100	7184	10006	79026	10627	5608	9844	1499	93408	8767	1783	653857	929	581	5868	57180	10376	5585	51429	207	10097	84516	29108	51626	5788	8795	4790
Selenocompound metabolism	51540	4548	10587	883	11185	9061	1491	7296	51091	22929	56267	4141	114112	9060	118672	22928	92935
Serotonergic synapse	5604	3709	9177	5332	121278	3360	5594	3361	775	94235	111	5568	5743	100137049	260293	774	123745	23236	2562	3354	3355	5566	3350	3762	4128	3362	2787	8605	3760	779	2784	2783	1559	2773	5578	1644	5579	3781	3765	836	10411	3356	5330	2560	5582	2771	1558	5567	776	255189	3710	2775	2785	2782	778	3708	4129	2791	351	673	51764	2790	3358	3363	2778	2770	3357	1562	3845	4893	7166	2792	5742	2793	7220	6570	200909	285242	59345	2561	5321	5331	5894	247	1573	246	3265	3751	2788	3763	239	3359	773	1564	6571	3352	54331	6532	2776	5595	3351	55970	2786	1565	240	107987479	1843	170572	283748	369	1557	242	10681
Shigellosis	5333	71	3709	58498	5332	3678	3020	5594	30849	387	6714	10325	63916	81873	10616	4792	7307	80201	6300	7335	10552	10093	22863	103910	55054	598	960	23236	257397	834	84335	9564	2931	8737	4636	5601	4193	1399	9252	6500	7094	831	92610	1432	10454	10095	5879	6352	7316	6035	100132074	8936	345456	7311	8290	596	3553	3688	7124	837	10892	3099	5330	10392	441925	5289	23048	51196	8350	84812	23176	87	9978	51619	10094	4671	5296	7186	7323	3725	64121	10163	440093	10318	7416	5970	3710	199746	389898	23118	998	5600	375	55752	115004	5216	10109	23710	29110	7189	6199	7414	3708	23291	9140	1793	5481	55964	7334	10670	11345	9474	5291	5293	208	340061	7188	5599	2475	10398	5581	5217	472	2932	3606	8878	6233	9265	5588	3456	9475	83660	4615	58528	3101	10801	7132	7157	989	8517	375189	4793	8976	124404	7314	1729	718	5336	8678	5335	3059	55062	11335	5602	81858	3098	7099	5331	54874	81	382	8915	7321	26100	4633	57521	7322	60	9267	6885	89869	23157	8454	8945	4735	3551	664	8717	9266	5580	114548	126961	4303	10096	58484	824	27128	5290	823	1956	5603	5595	1147	2309	3576	10092	10000	1437	54205	10241	8503	7100	7336	11146	5295	826	10627	2017	25851	9844	93408	55072	11337	5747	2308	29108	113026	8767	653857	6093	3611	929	581	57180	3661	207	9181	10097	6198	3554	1398	5829	4790
Signaling pathways regulating pluripotency of stem cells	5604	4093	7479	5594	10336	8325	11211	3625	3717	9869	3397	5462	6300	3175	10297	8820	3670	4089	6932	8322	7703	9314	8326	6774	92	6498	7044	3211	3976	1432	4838	2103	7472	2261	3398	83729	4762	7476	84108	4090	10637	7471	2260	79923	54361	4211	90	3720	3480	5296	3399	51384	7473	7474	7994	84333	5080	1852	658	5600	2263	9421	2264	81029	3977	8321	89780	3718	6657	659	56916	5291	652	5293	208	7484	4087	64211	7547	2932	3716	3845	7475	1749	3626	6929	55183	8323	6926	4609	5460	3400	657	3479	91	463	1856	5894	1855	80326	324	2535	3231	3265	5013	7477	7483	5605	93	2247	7478	5290	3572	5603	5595	80712	10000	7855	8503	7481	7976	2885	5295	5978	1499	4086	8312	3198	7480	4617	7482	8313	388112	1857	100532731	207	8324	84759	130399	4893	4088	3624
Small cell lung cancer	1021	3909	5728	4149	1870	5743	1163	4792	898	1026	598	1284	3685	330	6256	2272	3913	3673	2335	3918	6502	596	3688	22798	836	5915	3674	9618	595	1017	51426	5296	4843	7186	3655	5970	1871	317	7189	3910	284217	5925	1027	3908	5291	1030	5293	208	7188	6257	3912	3915	7157	8517	79444	7185	1869	329	3914	10912	578	9134	4609	1647	1285	1287	1019	1286	3551	1643	842	3911	1282	5290	1164	1147	4616	10000	54205	1288	8503	5295	7709	7187	6258	5747	331	581	3675	207	10319	4790
Sphingolipid metabolism	7368	55304	10825	8560	8879	29956	7357	6609	55627	166929	79603	2629	9514	6610	130367	253782	129807	8877	56848	64781	9517	10715	91012	427	410	5660	8613	4759	8612	340485	2581	2720	125981	57704	9331	2531	768239	10558	259230	123099	339221	8611	2717	204219	4758	56624	81537	55512	55331
Sphingolipid signaling pathway	5604	5332	5728	5594	387	8879	5523	5880	6610	253782	6300	10715	23236	8439	125981	53637	5601	259230	2768	637	624	1432	5879	6035	5578	2773	81537	4985	2534	5520	5528	596	5579	7124	6609	5330	28227	5582	4217	9517	140	5296	7186	56848	5170	1903	427	134	2771	8698	5970	5600	10672	5519	5338	5525	5291	5293	208	5599	55304	5581	1901	2770	8560	5522	1509	9475	7132	5529	7157	5590	3845	2205	8877	91012	4846	5337	5602	5331	123099	5894	3827	56624	4363	5515	3265	5881	8717	2207	5605	29956	5527	5290	166929	79603	2206	5603	2776	5595	5516	130367	10000	55012	8503	5526	5518	5295	340485	9294	10558	9846	6093	5521	581	207	204219	4893	55844	4790
Spinocerebellar ataxia	5691	4287	5692	3709	2892	5332	2259	30849	2890	5649	2891	5682	7222	7494	5713	22863	3516	23236	7417	5601	489	4976	4654	9698	387332	11273	5695	5578	1600	2902	116443	5579	5719	6712	10528	25814	342371	2906	5330	441925	5289	5582	7979	5702	4217	5296	9821	7186	293	2905	115209	7416	3710	6311	7419	6908	9776	3708	488	5686	10213	5291	6511	5293	208	5599	2475	9861	10105	11047	10524	10939	291	6095	5688	7436	5689	23130	11317	55102	5710	8408	487	3752	2959	6261	56652	5705	5693	8678	55062	5602	5717	5331	5701	26100	6310	5694	3748	5690	23369	292	23152	5683	5715	2081	773	83447	55626	5687	90550	5290	5700	9519	2776	5714	5707	4800	10000	9706	54205	29982	8503	146227	92552	2904	2903	6667	5295	5173	5684	5709	5704	60673	5718	143471	2911	5706	207	116444	5708	5685
Spliceosome	10929	6100	9775	3306	3303	22938	6432	6625	3183	988	10084	220988	7307	6627	10523	4116	24148	10291	22916	3190	84321	9416	26121	10992	23450	3305	51362	51645	9785	10285	5356	51639	10915	144983	1655	6636	6631	9984	6635	6634	4686	6431	55660	199746	58517	3178	25804	55119	55696	56259	11017	84950	6626	139804	6628	6637	7919	10569	84991	23350	27288	10450	6434	10907	57187	11157	83443	27258	51690	153527	6426	9716	8559	6430	6632	9939	1659	10713	25766	10465	8449	9879	10772	8683	11325	23451	494115	3192	57819	25949	22985	56949	392517	27316	3312	9092	6429	29896	9343	10189	8896	9128	51729	10946	9410	84844	22827	23658	5093	55110	51691	3310	51340	6633	51503	2521	151903	4670	27339	10286	10594	23020	1665	6427	100534599	4809	8175	6428	9129	6629	11338	10262
Staphylococcus aureus infection	712	3882	3866	1669	3119	1671	3872	3861	727	728	414325	2357	719	3113	1675	3860	715	713	3880	3117	2209	3858	6403	3881	54474	3118	3689	353288	6404	820	2204	2214	1668	2266	2359	2212	147183	714	720	8689	162605	3857	5648	3111	8687	3123	3883	717	4153	5724	716	125115	390792	2358	9103	718	192666	629	3122	5340	2213	1828	3126	3108	8688	3684	3109	1667	3127	100289462	3886	3115	3683	25984	3859	3875	3426	1672	3885	3868	3586	10747	342574	1670	3125	3075	3383	2215	3112	3884
Starch and sucrose metabolism	5167	2997	280	2992	6476	3099	5834	2595	11181	8972	279	3101	2632	5837	80201	7360	92579	2998	8908	2538	2821	57733	5169	3098	276	2548	5236	178	55276	283209	57818	5836	93432	2645
Steroid biosynthesis	1595	1594	6309	4047	7108	6646	1718	50814	8435	2222	120227	3988	1717	1056	51478	3930	10682	1591	6713	6307
Steroid hormone biosynthesis	3294	7367	54657	1312	7923	9420	54600	374875	1645	3283	574537	412	1109	1583	54575	7363	7366	1585	10720	54578	8630	54579	54490	1581	1543	3290	1544	54658	1589	1588	1571	79154	54577	79799	3292	6783	79644	8644	1576	6718	1584	51144	100861540	6715	7364	1545	54576	51478	3291	54659	3293	6820	10941	6716	7365	1577	1586	1646	3284
Sulfur metabolism	6821	9061	10380	8991	4357	54928	9060	58472	7263	23474
Sulfur relay system	348180	81605	27304	4357	90353	9054	4338	7263
Synaptic vesicle cycle	6512	4905	245972	6812	6538	8218	6530	535	6540	6505	774	10312	529	8992	6529	160	6809	10815	527	9550	23545	339302	440279	9114	534	6804	51382	51606	1213	50617	533	57030	9152	1212	245973	6506	112755	140679	6511	6572	90423	526	163	6536	8775	1173	5864	6570	6844	6616	161	6531	155066	1785	127124	6539	6507	23025	1759	22999	1175	523	773	6857	594855	26052	10497	6532	528	525	10814	1211	57084	9296	246213	2054	6571	6534
Synthesis and degradation of ketone bodies	3157	5019	38	64064	622	54511	3158	39	3155	56898
Systemic lupus erythematosus	712	942	3013	8349	3020	3014	3012	3119	85235	727	317772	3113	6737	55506	941	715	713	3117	2209	9555	8290	8334	7124	3118	6741	55766	8350	940	87	440689	2214	6634	2212	440093	714	720	729	730	8345	723790	8331	733	6628	3111	8340	731	3123	717	8348	1511	3458	1991	8369	6632	716	221613	718	8342	8970	81	3122	3018	8329	958	3126	3108	286436	126961	959	3109	474382	8341	3127	3115	94239	2904	158983	2903	8338	735	3586	474381	255626	3125	2215	3112	6738	3017	85236	3015	732
T cell receptor signaling pathway	5604	4773	5777	5594	5534	387	4792	6300	57144	5062	4775	5601	3567	1432	3932	7006	4690	10125	2534	4794	7124	10892	915	5533	4772	926	940	27040	5296	5170	3725	5970	29851	998	5600	10298	5058	5291	5293	208	5599	5063	2932	8440	917	5588	3458	5609	3558	5133	868	920	8517	3845	916	5530	4793	1493	5535	84433	925	5335	5602	3702	10451	3565	8915	5894	6885	6655	2353	1019	1739	919	3551	3265	3937	5532	7410	959	5605	106821730	5290	5603	9020	5595	1147	10000	1437	7409	927	8503	2885	5295	3586	7535	9402	207	1326	4893	5788	4790	6654
TGF-beta signaling pathway	268	4093	5594	56963	387	7057	3625	3397	654	4089	656	6500	92	7044	2331	4838	2200	7048	3398	8646	83729	100532736	7124	4090	10637	4756	90	9978	9765	7050	3399	4092	658	9241	6199	5519	659	2033	1030	60436	652	4087	1874	57817	7040	7027	3458	57154	653	269	25805	1387	64750	7042	3626	79875	4609	3400	657	4052	4681	285704	353500	91	5515	8454	7043	5933	655	93	151449	148738	5595	4091	64388	5516	26585	392255	6667	5518	7046	8200	4086	650	10468	6093	1875	5308	9372	6198	130399	1634	4088	3624
TNF signaling pathway	5604	841	2920	5594	182	5743	4792	8809	6300	1051	153090	9586	6374	257397	330	8737	5601	1435	1388	9252	3976	1432	10454	192111	6352	6416	468	5606	84699	3553	7124	602	64764	836	90993	2277	1906	4217	5296	7186	3725	4049	5970	23118	5600	8986	10488	3569	6376	6364	5291	148327	7133	5293	208	3659	7188	5599	840	4318	5609	9530	3456	7132	8517	6347	7185	2919	2921	3726	329	6372	4314	9021	7128	3627	1386	5602	10059	83737	11035	355	6885	197259	7412	2353	3551	3600	8717	8772	7424	5290	5603	9020	5595	1147	10000	843	1437	8503	1385	64127	5295	5608	6401	7187	8837	3383	4323	207	1326	4790
Taste transduction	259293	9177	5332	50834	5136	112	1131	775	5568	6335	259287	50835	2914	83756	23236	5028	3354	3355	5566	3350	954	50839	8645	353164	2784	5726	10021	6338	114	54429	80834	259295	5330	50837	29850	50838	5567	259296	3710	80835	2550	2554	259289	2557	50840	6337	50832	51764	255022	9568	259292	22953	6340	2558	338398	50833	200909	285242	50831	2555	5331	6328	259286	259290	2556	346562	3359	773	342372	259285	5137	3352	5153	259291	40	3351	2559	259294	196883	5024	6326	2911	170572	9033	5030	50836
Taurine and hypotaurine metabolism	51380	1036	2687	2571	2678	124975	339896	570	2572	2686	84890
Terpenoid backbone biosynthesis	2224	2339	3422	79947	23463	10654	51449	10269	100529261	116150	23590	57107	4597	39	3158	38	3157	91734	3156	9986	4598	9453
Th1 and Th2 cell differentiation	4773	3560	5594	5534	6775	182	3119	3717	4792	6300	3516	4775	3113	5601	10683	6778	3592	3567	1432	3932	3117	3459	6776	4853	4794	3118	915	5533	4772	27040	30009	3725	3559	5970	6777	3594	5600	9794	55534	2625	3111	3718	3123	5599	54567	3716	917	5588	3458	3558	3593	920	3561	8517	11317	916	5530	4793	5535	3460	84441	5335	5602	3565	3122	864	2353	28514	919	3551	3126	3108	3596	5532	3109	4854	3595	6772	3127	3566	4094	3115	5603	5595	1147	4851	7297	7535	3714	3125	3112	4790
Th17 cell differentiation	4773	3320	3560	5594	5534	3570	3119	3717	4792	6300	4089	3556	4775	51561	6256	3113	5601	6774	50616	6778	5914	1432	3932	3117	7048	3459	6776	3553	4794	3118	915	5533	4772	27040	3605	30009	3725	3559	5970	6777	3594	5600	2625	9466	3111	3569	3718	3123	4088	5599	2475	3326	4087	7040	3716	6095	917	5588	3458	6257	3558	920	3561	8517	3662	112744	916	196	50615	4793	149233	5530	5535	59067	3460	5335	5602	3091	6097	3565	3122	861	2353	919	3551	3126	3108	5532	3109	6772	50943	3127	3566	3572	3115	5603	5595	1147	7297	7046	6258	7535	53342	3125	3112	3554	4790
Thermogenesis	788	4509	71	63976	23028	1347	1339	4720	6597	2181	155	1353	112	10063	1350	6196	4711	1329	23305	84701	6195	4712	518	111	5568	8923205	51412	6300	2641	515	6389	1355	4538	9586	5564	55471	4718	4713	4729	656	84335	8110	5566	4709	1352	64223	10632	5346	55818	1375	1432	517	440567	498	51780	113	51287	1337	6599	107	5606	137682	84699	115	114	2180	64764	90993	10818	7381	2260	86	1349	4707	25915	6194	6391	4541	4726	51703	84987	10891	54539	4717	4217	91942	6775079	1376	5593	2182	126328	5567	7249	4725	539	6775074	108	57104	8923202	1327	5600	6604	4697	170712	53632	4700	6199	4536	10488	5562	9167	100532726	6595	51548	7388	1268	4715	521	4508	29078	125965	4723	27330	148327	10476	4878	4704	6009	2475	509	2778	8193	4537	51079	4695	284184	1537	4714	7350	388753	5468	493753	1374	8289	6392	374291	9551	11343	3845	4539	4710	4702	56901	4879	5563	285521	4731	152831	65260	1340	6390	6197	1386	79133	51103	6603	6605	513	353500	516	522	6775077	28958	4514	7386	7385	4694	57521	60	116228	9658	6655	9377	55967	4708	5565	3265	4705	7384	5571	4881	1351	4701	4696	51241	57492	341947	55744	4724	90639	4698	123096	5603	4706	26291	126129	4722	109	55811	4716	1385	506	4728	27089	4535	2885	6602	514	196883	1346	4512	5592	3991	1345	6775076	7248	6601	51422	10975	4513	6598	29796	6198	4719	4893	4540	6654
Thiamine metabolism	27010	158067	204	248	79178	250	251	249	203	122481	26289	84284	52	9054	205
Thyroid cancer	5604	4914	51176	7849	5605	5594	5468	5979	6257	6934	595	7157	51426	5595	3845	4893	4616	10342	1026	10912	999	578	8030	6932	7170	6256	1499	4609	1647	6258	8031	83439	581	7175	673	3265	1643
Thyroid hormone signaling pathway	5333	5604	9442	71	4624	5332	5594	9862	6714	5568	116931	8202	7067	9611	23236	476	3685	6256	4855	5213	5566	489	4193	9969	23389	5578	9882	4853	5579	10025	2648	117247	54361	3690	5330	595	51196	5582	84812	5296	5170	5567	7249	5214	10499	488	5350	8648	478	2033	5291	652	5293	208	6009	10231	2475	2932	6548	25942	6257	1827	7157	3845	8841	487	1387	572	3066	5336	5335	4609	1734	8850	3091	5331	90390	1733	5894	29079	60	89869	5469	4625	483	3265	842	3065	6513	4854	9282	6772	5605	23439	5290	9968	2626	5211	5595	4851	10000	477	8503	6567	482	2099	5208	5295	9440	1499	7068	53919	6258	481	2308	113026	486	207	4893	1735	480
Thyroid hormone synthesis	84699	7270	50506	115	114	3709	5579	405753	64764	2778	5332	6906	90993	7849	2878	2882	5172	213	432	5330	257202	112	23439	3309	6528	5582	2776	5568	111	433	7252	493869	389434	7253	109	477	2936	7173	1385	5567	482	7184	9586	7038	3710	23236	108	476	468	196883	5578	1386	7276	2880	5566	4036	481	1388	2877	486	10488	53905	3708	5331	1081	8458	2876	478	9601	113	821	483	107	148327	480
Tight junction	113457	71	6794	7846	24146	3308	50855	9223	387	84952	137075	53842	6714	10686	51208	1364	23562	81873	5568	27134	154810	51762	100288814	5962	10552	1366	10093	103910	5564	58494	5566	5601	7430	4734	5584	50848	10095	5879	84552	6035	5520	9080	154796	3688	51735	92359	595	8531	57826	9074	87	4217	10094	5111	3725	49861	5567	776	84612	998	9076	100132463	23370	10109	153562	53632	8189	112714	100506658	5562	5519	56288	7277	7454	644672	5599	10398	5581	7122	1080	5522	4628	5609	26285	9475	57530	3993	7408	9071	5590	4214	5563	84790	51807	51421	3059	5010	5602	79861	10207	4627	4301	81	64398	861	4633	60	93643	150084	5515	1019	912	1739	54566	8777	11346	9414	4771	5565	4218	1740	910	5571	23513	123720	10096	4478	7082	2626	79778	23327	7278	913	1365	1741	5516	10092	58538	149461	911	5518	2064	79784	10627	3996	140465	9693	2017	9075	4629	6093	9073	5521	51422	653857	7074	4637	57180	10376	55114	5906	9181	10097	83700	55844	909	91862	5872
Toll-like receptor signaling pathway	5604	942	841	6696	54106	5594	3663	3447	51284	4792	6300	414062	8737	5601	941	9641	3592	7096	1432	10454	5879	6352	3452	6416	6035	5606	10333	3553	7124	54472	5296	3451	3725	3454	23643	5970	23118	5600	51135	29110	7189	3442	148022	3569	3440	5291	3665	51311	5293	208	5599	3445	5609	6373	3456	3593	4615	114609	8517	388372	3444	3443	3627	5602	3929	7099	6885	3654	2353	7097	3551	958	8772	6772	5605	3446	5290	5603	5595	1147	3439	3576	3448	10000	8503	7100	3455	5295	5608	7187	3449	3441	6348	929	3661	100302736	4283	1513	207	1326	7098	4790
Toxoplasmosis	3909	841	3306	3303	5594	3119	3949	3717	4792	6300	1234	598	146850	8651	330	3113	5601	6774	3592	3305	1432	10454	3913	3918	3117	3459	2773	5606	596	3688	22798	7124	836	3118	4843	5170	2771	23643	3655	5970	2775	23118	5600	51135	7189	3910	284217	3111	3123	3908	208	5599	7040	2770	10105	3588	3716	3458	3593	4615	3912	3915	7132	8517	4261	79444	7042	329	3914	4793	572	3460	3587	5602	5294	3312	7099	3122	6885	3654	7097	3551	958	3126	3108	842	7043	959	3109	3911	6772	3127	3310	3115	5603	5595	1147	345611	10000	23533	54205	7297	5608	3586	331	3125	240	3112	207	10319	4790
Transcriptional misregulation in cancer	5079	3205	4914	942	2892	64919	7849	4005	6756	904	8900	3020	3560	1053	5328	7468	4291	4149	5087	1669	8091	604	9915	1671	7704	1051	4613	9611	1026	860	6935	64332	598	4353	26471	5154	330	6256	1848	4193	7030	5546	2118	5914	1050	2119	4297	3002	3248	7048	2209	2115	3398	8290	1655	7403	5077	4066	905	4211	4286	2005	85414	3486	51426	8350	3695	890	2313	3480	51384	1668	440093	84444	3195	5970	7102	8864	7490	5090	2138	3569	1027	30012	54738	3207	8861	221037	7113	8148	4208	472	7850	4318	25942	8938	5468	6257	3206	1991	5327	3562	7157	2120	8013	7185	329	4314	10912	5218	466	578	6929	3066	4609	6692	1647	1649	4298	3479	4299	862	6760	861	1031	79058	3087	6495	958	894	1643	597	126961	51274	3065	3684	1667	1025	4233	2322	2130	5966	4094	5081	51513	4804	3576	4616	1436	2530	2078	1437	2521	6757	6667	4221	5371	2321	4086	7709	55589	6258	5747	2308	8842	929	581	1670	51804	4300	100532731	3728	8464	4790	171558	6688
Tryptophan metabolism	1743	316	1644	15	121278	55526	1738	6999	501	1962	7166	3033	219	217	169355	56267	1543	1544	26	1892	125061	8942	39	3620	883	224	223	438	8564	64577	23498	1545	847	4129	38	4128	2639	11185	51166	130013	3030	259307
Tuberculosis	1594	841	5993	51806	245972	54106	5594	5534	387	23365	3552	6714	3119	6850	3447	3717	30835	6300	1051	535	3313	8844	10312	10332	51561	3113	5601	3592	4802	7096	637	1432	3452	3117	2209	3459	10333	5994	527	1379	596	3553	4046	7124	836	23545	10892	3118	5533	3689	5289	9114	537	820	2214	4843	56848	3451	2212	5970	8625	51606	9902	50617	5600	51135	533	317	801	7189	3442	818	3111	3569	3440	3123	2033	7879	208	5599	3445	7040	3588	3716	3606	1520	1509	1378	3458	3456	3593	8411	4615	7132	972	4360	4261	114609	815	8877	3687	1387	7042	5530	3444	5535	3443	572	91860	64170	718	9103	3460	3587	810	26253	5602	3929	817	7099	8915	3122	5894	11151	3920	163688	3654	2213	7097	3126	3108	8717	5869	842	3656	7043	1263	5532	3684	3109	8772	2207	6772	3127	3446	3115	5603	5595	816	5878	3439	3916	3448	4800	10000	843	54205	7421	1385	64127	3329	3449	3441	3586	64581	8767	929	22925	581	5868	3125	2215	3112	4801	207	1054	4790
Type I diabetes mellitus	3134	3553	942	5551	7124	3109	3458	3127	3558	1363	3118	3133	3593	3552	3119	3115	940	3107	3630	4049	2572	2571	3329	3106	3105	356	3113	3135	5799	3126	941	3592	3122	5798	355	3125	3111	3112	3002	3117	3123	3108	3382
Type II diabetes mellitus	5599	2475	8913	5581	5315	773	3643	7124	122809	3667	6514	3099	6517	5594	5290	3101	8471	6833	775	5590	5313	5595	3630	80201	5296	8503	776	3767	774	9021	5295	8660	389692	8651	9370	5602	5601	3098	3651	8835	777	5291	3551	2645	5580	5293
Tyrosine metabolism	124	128	2184	316	1644	1312	1621	314	7054	6898	137362	221	8639	7173	81889	3081	130	218	5409	7306	7299	125	1638	4129	4128	2954	2806	4282	131	3242	126	127	259307	2805	222
Ubiquinone and other terpenoid-quinone biosynthesis	6898	27235	10229	51004	1728	84274	3242	2677	51805	154807	79001
Ubiquitin mediated proteolysis	7327	26091	64326	7332	8065	1161	140739	10054	92912	326	51588	54926	51529	7328	672	6921	134111	8651	330	25847	7337	4193	26259	6500	26272	10393	4734	7316	6502	7311	997	55294	9817	3093	9040	7326	9978	51619	7323	8881	1642	55585	57448	64682	389898	246184	90293	7189	23624	996	23291	8554	991	9246	11060	7334	9354	23759	51465	8924	26232	10477	148581	8916	7329	7428	6233	9690	867	10075	25898	57154	868	7319	11065	5071	79444	9063	9886	9820	10277	4214	64750	329	10273	7314	9021	8925	6477	9039	22888	83737	7321	4281	23295	7322	51433	8451	4591	8454	8945	7317	55120	1643	51343	8697	63893	89910	9320	6923	55284	7325	7318	23327	55958	9616	23221	27338	8452	118424	7324	84447	51434	5371	27339	11059	29882	7320	378884	8453	331	65264	55070	29945	51366	55236	22954	8450	10401	10055
VEGF signaling pathway	208	5604	4773	5532	5579	5605	5594	5534	5533	6714	5290	5582	5595	5603	4893	5743	5880	3845	3315	8877	10000	6300	5296	56848	3791	100137049	4846	8503	5530	255189	25759	5535	9261	572	123745	5295	998	5600	5335	5336	9047	7422	7867	5747	5321	3265	5894	1432	5879	8605	283748	6035	207	5291	5578	5829	5881	842	5293
Valine, leucine and isoleucine degradation	316	4329	593	11112	54511	549	1738	3712	3032	64087	501	197322	1962	84693	3033	219	18	217	5095	3155	5096	30	1892	594	39	34	10449	224	587	1629	223	5019	64064	3158	4594	27034	38	586	56922	3157	35	3028	3030	64902	26275	259307	65985	36
Various types of N-glycan biosynthesis	2683	7991	79796	152586	83539	10195	6185	4122	4121	338707	11253	10905	2530	3703	6487	25834	201595	199857	4245	283358	4124	1603	3074	11282	8704	11320	284004	8703	1650	6184	57134	85365	79087	56052	79868	64377	4247	3073	440138
Vascular smooth muscle contraction	5604	3709	5332	4882	51806	5594	387	796	23365	112	775	5568	111	100137049	26279	72	1909	123745	23236	5320	5566	146	2768	1908	5739	8605	779	54776	113	5578	157855	107	8398	115	114	5579	5322	1907	4638	5330	9826	148	391013	1906	81579	5582	94274	10267	5567	776	255189	30814	5501	3710	108	2767	27345	10672	183	91807	801	778	3708	147	8399	4659	552	673	4878	136	10398	5581	5583	2778	10242	5588	4628	340156	9475	64600	10268	2983	4879	5499	10203	85366	91860	185	10266	810	5500	2982	4627	5321	5331	5894	50487	163688	551	2977	5580	4881	797	5605	10335	27094	3778	3779	2776	4880	5595	9138	109	79784	135	140465	553	196883	133	59	800	5592	4660	4629	6093	4637	84647	283748	369	5319
Vasopressin-regulated water reabsorption	84699	9230	115	79659	64764	2778	359	90993	1780	10540	4905	6810	396	10671	8655	1639	112	51164	140735	5568	5878	109	5869	1781	1778	6844	1385	5567	9586	5566	398	1783	10488	51143	5868	360	551	361	84516	397	554	51626	148327	8766
Vibrio cholerae infection	527	115	71	9550	523	2778	90423	1080	245972	526	23545	7082	11015	5568	528	9114	6558	537	534	109	535	525	5567	51382	29927	51606	10312	50617	5336	8992	375	5335	529	11014	533	5566	155066	127124	245973	23480	30001	10952	60	9296	9601	55176	9414	5578	10945	3784
Viral carcinogenesis	1021	3134	841	7532	8349	245972	8900	5594	387	22938	6714	6850	5568	4792	10379	898	85477	1026	1234	3190	3516	9261	9586	5934	1654	2934	5566	3135	28973	4193	6774	1388	7337	5879	387332	6035	468	6776	6502	2957	10971	84699	6722	2968	5315	64764	836	90993	2648	595	1017	9114	87	440689	890	5296	7186	1111	3725	1642	5567	5970	6777	998	7419	8345	6908	79885	2961	10488	7874	896	991	1959	10014	2966	9734	5925	1027	10013	8340	3718	3249	2033	5291	1030	3665	148327	5293	7188	5610	83933	8348	3716	3133	8369	9759	8517	7157	3845	4893	11317	7185	3107	8841	2959	1387	55869	23352	578	572	3066	718	2958	3105	8342	1386	9134	8970	8850	81	3018	4791	4055	1019	1739	3265	2965	894	8717	286436	5423	27044	983	3065	23513	2967	1108	1960	1233	5933	8341	8379	5966	4067	5290	5700	9519	3572	5595	8503	1385	158983	728340	5922	2885	51564	5295	6672	7533	3106	7529	1029	7187	4790	5902	55697	5366	1232	1237	255626	581	2960	3661	11036	3017	7531	7534	85236	5829	9093
Viral myocarditis	3134	1525	71	942	5551	959	836	841	25	3109	27	1982	4624	3127	4625	3118	3133	3689	595	3115	3119	5880	3683	940	1756	3107	8672	54205	6442	6443	3106	857	3105	3113	3135	6444	3126	941	1605	6445	3122	1604	637	284217	60	3125	3383	5879	3111	3112	6035	3117	3123	1981	3908	958	3108	5881	842	2534
Viral protein interaction with cytokine and cytokine receptor	8807	11009	3560	2920	6346	58985	3570	10563	7852	10803	8809	414062	50604	1234	5196	6374	1524	9547	8740	6360	1435	8793	29949	6352	6363	10344	6368	7124	1236	8743	53833	6387	27178	643	146433	3559	4049	1230	6359	5473	2829	6369	1235	3569	6376	6364	8797	7133	3588	3606	5197	3558	6373	7132	6846	3561	6347	6358	2826	51554	6370	729230	2919	57007	388372	2921	6372	3587	3627	10850	53832	3579	6355	4055	8764	6367	1233	6366	56477	3572	3576	6375	1436	6362	6354	8794	6361	2833	3586	6348	6357	1232	1237	6356	3577	4283	8795
Vitamin B6 metabolism	8566	316	57026	29968	55163	493911
Vitamin digestion and absorption	2694	6573	25974	8884	335	151056	2346	6948	10560	949	158835	9963	686	80704	113278	55788	8029	5406	113235	4363	337	9227	338	5948
Wnt signaling pathway	6907	4773	6425	7479	5332	1459	5534	387	59352	8325	11211	5176	5568	5880	84870	9350	10297	166336	23236	4089	6932	8322	4775	8326	55366	5566	5601	6500	27123	340419	54894	5879	4040	23002	10023	6035	102723796	7472	5578	7476	8840	5579	4316	6424	27101	7471	5467	50964	54361	5330	25776	5533	283106	595	1501	4772	5582	9978	122011	51384	7473	7474	3725	147111	5567	1487	23291	90665	896	59343	81029	1460	23401	8321	818	5663	89780	1452	7091	2033	4007	8549	7484	5599	7090	7089	2932	8061	6422	1457	64321	57680	27130	4920	9475	6934	7157	85409	56998	7475	815	6259	25805	1387	5530	144165	5535	2239	8323	29964	5602	4609	6477	817	85407	83439	5331	1856	1855	80326	79718	6885	324	2535	81839	8454	8945	51701	5881	894	6423	1454	11197	80319	5532	7477	51176	1488	7483	7088	22943	4041	7478	57216	816	79816	4919	7855	7481	7976	23500	8607	1499	27121	8312	284654	7480	84133	7482	8313	343637	4776	1857	8324	64840	4088
Yersinia infection	5604	4773	71	3678	5594	387	23365	6196	6714	63916	81873	6195	5880	4792	6300	8874	10552	10093	4775	834	9564	5601	5586	1399	1432	10454	10095	3932	8395	5879	2335	6416	6035	4210	5606	3553	3688	7124	8394	7456	4772	926	2533	27040	10094	5296	7186	10163	2212	3725	2185	147179	5970	23118	998	5600	51135	391	10109	29110	7189	9815	1793	148022	3569	7454	10458	5291	8935	27330	5293	208	5599	2932	3606	5609	3558	3456	9475	4615	920	8517	6347	3676	8976	925	23396	5335	6197	5602	10451	7099	382	60	6885	3654	2353	3551	5881	114548	3937	7410	10096	58484	5605	5290	5603	2776	5595	1147	3576	9138	10092	10000	7409	927	8503	644150	5295	5608	9844	3586	5747	29108	7535	6093	653857	64283	3984	57180	3661	5585	207	10097	1398	5829	4790
alpha-Linolenic acid metabolism	8398	5322	11145	151056	9415	391013	64600	81579	51	30	100137049	26279	30814	255189	123745	5320	5321	50487	8399	8605	84647	283748	5319	8310
beta-Alanine metabolism	4329	1807	57571	314	54498	501	1962	51	55748	219	18	221	217	8639	339896	1892	2572	224	2571	223	218	1806	84735	51733	35	3030	23417	26275	222	8310
cAMP signaling pathway	268	5604	2892	2149	51806	3360	5594	2890	2488	387	22800	6662	112	2891	775	5568	111	2492	338442	5880	4792	2641	7253	5733	1909	9586	476	814	54714	610	3354	3355	64399	489	5566	5601	3350	1129	1908	3362	5139	5727	5879	117	779	6035	153	1128	113	2773	107	8310	2902	84699	10021	116443	115	114	116	64764	1907	627	10411	90993	5348	5144	6237	2906	2740	5140	4772	492	1906	51196	84152	2867	5020	3972	2893	5296	2905	3725	134	2771	7432	5567	776	56670	5970	5501	108	2550	801	778	10488	4886	488	1812	5350	64411	4852	818	478	5338	4659	2033	5058	5291	673	493	148327	4878	208	5293	2693	5599	10398	5465	9568	2778	2770	84876	1258	1080	6548	5443	9475	6750	7137	51	2737	7252	4158	815	27198	490	6751	487	1387	1262	5499	2735	572	91860	810	5337	5602	817	5500	10451	4301	1081	5894	1259	139760	163688	1261	2695	2353	10257	483	5881	51738	4881	1816	7410	5021	1813	1260	5605	3352	5141	23439	5290	10846	8843	816	5595	10000	109	55811	7409	3351	477	8503	7434	1385	2904	482	491	2696	3973	2903	5295	135	154	196883	5732	5142	6752	481	3991	486	6093	7074	11069	5908	6755	5906	207	5143	116444	6262	4790	480
cGMP-PKG signaling pathway	5604	4773	3709	4624	4882	5332	51806	9569	5997	5594	5534	387	155	112	775	111	1909	150	146850	9586	23236	6547	476	4775	7417	151	489	146	1388	2768	3764	624	5139	779	153	468	113	2773	157855	107	1910	4985	84699	6722	115	114	64764	90993	4638	5140	5330	5533	148	4772	492	3630	140	293	7225	2969	134	2771	5593	776	7416	5501	3710	108	2767	7419	27345	10672	91807	801	778	3708	10488	147	488	5350	478	4659	493	148327	4878	208	10398	5581	5138	4208	2770	152	10105	6546	291	1258	4205	10242	340156	9475	7408	490	487	2983	4846	5530	4879	5499	85366	5535	572	91860	8660	6543	185	810	1386	5500	2982	8654	5294	5331	5894	1259	100271849	3827	163688	483	2977	4625	4881	292	5532	3643	83447	3667	5605	10335	27094	23439	3778	8471	3779	2626	2776	4880	5595	10000	23533	109	477	1385	482	491	4209	154	196883	5592	481	486	6093	4776	207	480
mRNA surveillance pathway	9775	11269	2935	22794	5523	23381	80336	4116	22916	53981	10898	55308	23435	23293	23708	55339	10284	53918	81608	8106	23283	5520	5528	51692	28227	80335	4686	340529	23049	5501	26528	11051	26986	51585	8189	55916	5976	56903	5519	5525	7919	2733	1479	124540	1478	29101	8732	64895	2107	10914	5522	8761	140886	5529	9939	26019	79869	5499	56001	56000	5042	9887	22985	8731	392517	5500	10767	29107	10189	10921	5515	10482	10250	390748	10978	55110	11052	100529063	5527	642843	5516	29894	55012	2521	84305	5526	5518	5411	65110	1477	5521	65109	132430	4440	55844
mTOR signaling pathway	5604	7479	6794	5728	5594	387	6196	10325	8131	8325	11211	10542	6195	55004	8322	6446	8140	529	55437	84335	8326	79726	9894	64223	220441	652968	6249	96459	4040	7472	5578	6502	54541	7476	6396	28956	5579	9550	7124	84219	7471	6194	54361	81617	1978	55615	5582	9675	3630	534	3480	5296	51384	7473	7474	5170	64121	7249	51382	51606	6199	245973	92335	5562	81029	8321	10670	89780	5291	673	27330	1977	9470	5293	208	6009	7484	2475	10641	2932	6520	54468	90423	526	8649	58528	7132	3845	64798	7475	253260	8408	5563	253314	8323	6197	51719	3479	127124	729438	1856	5894	57521	1855	80326	2535	6655	3551	3265	201163	389541	523	3643	7477	3667	7483	5605	4041	1975	7478	5290	57600	5595	528	1147	9681	51256	10000	2887	9663	9706	7855	8503	525	7481	7976	81929	2885	5295	153129	79109	64900	7248	7480	7482	83667	23175	9296	1857	8324	207	6198	4893	6654
p53 signaling pathway	1021	4194	545	983	7161	596	56475	472	9540	836	841	575	5728	8795	92344	64326	143686	5268	25898	55240	7057	3486	595	7157	1017	5054	4616	898	1111	64065	54205	1026	891	10912	598	10572	7249	9133	900	1029	9134	6477	1647	51512	317	4193	50484	3479	84883	9538	55367	5366	6241	11200	27113	896	637	83667	581	355	8493	2810	3732	1019	63970	8797	27244	901	64393	51246	894	1643	842
