2-LTR Circle Formation R-HSA-164843	7518	7520	8815	11168	3981	2547	3159	84251
GAG Synthesis Requires Tetrasaccharide Linker Sequence R-HSA-1971475	221914	27087	1464	1462	9672	63827	64132	6382	10082	6385	2719	6383	633	375790	3339	11285	2817	135152	1634	26229	64131	1463	126792	2262	10675	2239
ABC Transporter Disorders R-HSA-5619084	5720	64240	10197	5717	6833	23198	5687	7316	5686	6233	5685	55788	5708	5714	10213	1244	11160	5695	3767	5716	5700	5710	5693	122706	5718	10956	21	143471	5696	368	91319	5682	5701	5705	5721	8647	26154	5244	5709	335	5706	5698	10613	5719	5826	19	79139	7311	91445	5699	6400	51009	5715	5690	5691	9861	64241	7979	6048	215	27248	5692	10058	5684	5713	5683	5702	5689	5688	9491	5711	10060	1080	5694	7415	5704	7314
ABC Transporters In Lipid Homeostasis R-HSA-1369062	10347	215	23460	9619	10350	225	64137	23461	64240	26154	5825	335	20	21	8504	10349	5824	64241
ABC-family Proteins Mediated Transport R-HSA-382556	23460	5720	64240	23457	10197	5717	10351	23198	5687	7316	5686	6233	5685	5708	5714	10213	225	5825	1244	11160	5695	23456	5824	4363	3767	5716	20	5700	5710	5693	122706	89845	5718	10956	21	10349	143471	11194	5696	368	23461	91319	5682	5701	5705	22	5721	24	26154	5244	5709	335	5706	5698	64137	10613	5719	8714	79139	7311	91445	5699	6400	51009	8504	9619	5715	5690	5691	9861	64241	7979	1965	6048	215	27248	5692	10058	1968	8894	5684	5713	5683	10257	10057	5702	85320	5689	10347	5688	23	9491	5711	10060	1080	5694	10350	340273	7415	5243	5704	7314
ADORA2B Mediated Anti-Inflammatory Cytokine Production R-HSA-9660821	5577	2781	2783	107	2854	114897	83551	114	7433	9340	5576	111	115	1812	117	122876	2771	59350	104909134	3973	2785	135	2793	346562	796	55970	5729	5443	2863	2770	1395	2848	5578	5746	54331	3363	51651	134864	5734	114548	6019	59345	2791	10266	113091	11245	4157	1113	134860	10681	117579	2850	3274	797	5575	1385	108	10267	53831	2692	79924	51764	2778	5568	7252	319100	5573	5613	5745	4159	113	4160	2740	11250	2696	2843	2782	3360	2788	151306	196883	7253	2838	122042	2787	2691	2790	2784	2773	3362	6344	1816	7434	112	10203	136	2786	285601	5567	3972	554	3569	9038	170589	2792	4161	2492	594857	10268	154	57105	6343	155	5744	94235	2641	3640	116	133	153	4158	799	1392	10888	387129	5732	5739	3375	2488
ADP Signaling Thru P2Y Purinoceptor 1 R-HSA-418592	54331	51764	2783	5028	2786	59345	2769	2791	2776	2792	9630	2767	10681	94235	2785	2782	5321	2793	2788	55970	6714	1432	2787	2790	2784
ADP Signaling Thru P2Y Purinoceptor 12 R-HSA-392170	54331	51764	2783	2786	59345	2791	2792	10681	2771	64805	94235	2785	2782	2793	346562	2788	55970	2787	2770	2790	2784	2773
AKT Phosphorylates Targets In Cytosol R-HSA-198323	1026	207	4193	7249	572	208	842	1147	1027	10000	2932	2931	23608	84335
AKT Phosphorylates Targets In Nucleus R-HSA-198693	3164	207	4303	1385	6199	208	10000	2309	2308
ALK Mutants Bind TKIs R-HSA-9700645	5573	27436	4869	5495	3092	6801	1213	2335	57448	238	53335	9451
AMPK Inhibits chREBP Transcriptional Activity R-HSA-163680	79602	51422	5563	6794	51085	51094	9370	5565
APC Truncation Mutants Have Impaired AXIN Binding R-HSA-5467337	5527	1452	5528	5515	5519	139285	5516	5624	5529	8312	2932	5525	5526	5518
APC-Cdc20 Mediated Degradation Of Nek2A R-HSA-179409	27338	11065	7324	7316	7311	246184	6233	29882	4751	119504	8697	7321	4085	51529	10393	991	8881	51433	25906	29945	996	701	9184	64682	7314
APC/C-mediated Degradation Of Cell Cycle Proteins R-HSA-174143	5720	10197	5717	23198	5687	7316	5686	6233	6500	5685	5708	119504	5714	10213	51343	10393	5695	5716	701	6790	5700	5710	9212	8556	5693	9232	27338	122706	5718	8454	143471	5696	26271	5682	5701	5705	5721	8881	5709	9184	5925	5706	1017	5698	6502	5719	7324	7311	5699	29882	7321	5715	51529	5690	5691	9861	7979	996	29945	8900	890	64682	5692	8945	983	11065	891	5347	246184	5684	5713	4751	5683	5702	5689	8697	5688	4085	9491	5711	991	5694	51433	25906	5704	7314
APC/C:Cdc20 Mediated Degradation Of Cyclin B R-HSA-174048	27338	983	11065	7324	891	7316	7311	246184	6233	29882	119504	8697	7321	51529	10393	991	8881	51433	25906	29945	996	64682	7314
APC/C:Cdc20 Mediated Degradation Of Securin R-HSA-174154	5693	5706	5720	9232	122706	5698	27338	5719	11065	5718	10197	7324	5717	23198	5687	143471	7311	246184	7316	5696	5686	5699	6233	5684	29882	5685	5683	5713	5708	5682	5701	5702	119504	5714	5705	5689	5721	8697	10213	5688	5692	5715	7321	51529	5690	9491	10393	5691	5711	5695	9861	991	8881	5716	5709	5694	7979	51433	25906	29945	996	5700	5710	64682	5704	7314
APC/C:Cdc20 Mediated Degradation Of Mitotic Proteins R-HSA-176409	5693	5706	5720	9232	122706	5698	27338	983	5719	11065	5718	10197	7324	891	5717	23198	5687	143471	7311	246184	7316	5696	5686	5699	6233	5684	29882	4751	5685	5683	5713	5708	5682	5702	5701	119504	5714	5705	5689	5721	8697	10213	5688	5692	5715	4085	7321	51529	5690	9491	10393	5691	5711	5695	9861	991	8881	5716	5709	5694	7979	51433	25906	29945	996	701	9184	5700	8900	5710	890	64682	5704	7314
APC/C:Cdh1 Mediated Degradation Of Cdc20 And APC/C:Cdh1 Targets In Late Mitosis/Early G1 R-HSA-174178	5693	5706	5720	9232	122706	5698	27338	6502	5719	11065	5718	10197	7324	5717	5710	5347	23198	5687	143471	7311	246184	7316	5696	5686	5699	6233	5684	29882	5685	5683	5713	5708	5682	5702	5701	119504	5714	5705	5689	5721	8697	10213	5688	5692	5715	7321	51529	5690	51343	10393	9491	5691	5711	5695	9861	991	8881	5716	5709	5694	7979	51433	25906	29945	996	6790	5700	5925	9212	64682	5704	7314
APC:Cdc20 Mediated Degradation Of Cell Cycle Proteins Before Cycle Checkpoint Satisfied R-HSA-179419	5693	5706	5720	27338	122706	5698	983	5719	11065	5718	10197	7324	5717	23198	5687	143471	7311	246184	7316	5696	5686	5699	6233	5684	29882	4751	5685	5683	5713	5708	5682	5702	5701	119504	5714	5705	5689	5721	8697	10213	5688	5692	5715	4085	7321	51529	5690	9491	10393	5691	5711	5695	9861	991	8881	5716	5709	5694	7979	51433	25906	29945	996	701	9184	5700	8900	5710	890	64682	5704	7314
APEX1-Independent Resolution Of AP Sites Via Single Nucleotide Replacement Pathway R-HSA-5649702	79661	7515	252969	11284	121227	4968	11232
APOBEC3G Mediated Resistance To HIV-1 R-HSA-180689	8815	11168	60489	3159	5478	84251
ARMS-mediated Activation R-HSA-170984	5906	57498	1398	7529	4803	673	4914
ATF4 Activates Genes In Response To Endoplasmic Reticulum Stress R-HSA-380994	167227	1649	1051	51010	118460	9709	6347	54512	8570	4800	3484	4801	468	23016	5393	440	1054	51013	3576	22926	5073	22894	4802	23404	467	11340	56915
ATF6 (ATF6-alpha) Activates Chaperone Genes R-HSA-381183	22926	811	3309	4801	468	4800	7184	4802	1649
ATF6 (ATF6-alpha) Activates Chaperones R-HSA-381033	22926	811	3309	4801	468	51360	7184	4800	1649	4802	8720
AUF1 (hnRNP D0) Binds And Destabilizes mRNA R-HSA-450408	5693	5706	5720	122706	5698	5719	3303	5718	10197	5717	23198	5687	143471	7311	7316	5696	5686	5699	6233	26986	5684	5685	5704	5683	5713	5708	5682	5702	5701	5714	5689	5705	5721	10213	5688	5715	5690	3184	9491	5691	5711	5695	9861	7979	3312	5716	5694	5709	3315	1981	5700	5710	5692	7314
AURKA Activation By TPX2 R-HSA-8854518	80321	55125	55835	11190	1639	55142	79441	5577	55559	5578	8481	102800317	7277	983	10142	3161	23354	22897	1069	22981	9662	10806	22994	5347	54930	7283	121441	5048	9814	7531	95681	4751	11116	10382	55722	8636	80254	54820	7532	5518	11258	54801	10383	22974	5116	115106	7846	22995	9793	8655	84131	5108	3320	9702	11064	9738	4957	203068	55755	23332	1778	80184	1781	10733	7840	93323	1453	10121	6790	10540	79959	22919
Abacavir ADME R-HSA-2161522	6581	9429	5105	2987	22978	161823	6580	124	6582	5243
Abacavir Metabolism R-HSA-2161541	5105	2987	22978	161823	124
Abacavir Transmembrane Transport R-HSA-2161517	6581	9429	6580	6582	5243
Aberrant Regulation Of Mitotic G1/S Transition In Cancer Due To RB1 Defects R-HSA-9659787	1028	1026	1017	898	9134	1869	894	1019	1021	1871	595	1027	1870	5925	7029	7027	896
Aberrant Regulation Of Mitotic Cell Cycle Due To RB1 Defects R-HSA-9687139	1017	27338	6502	1021	11065	7324	246184	898	29882	1869	1871	7029	119504	7027	896	1026	8697	7321	9134	51529	894	1019	10393	51343	595	1870	1028	8881	51433	25906	29945	996	1027	5925	64682
Aberrant Regulation Of Mitotic Exit In Cancer Due To RB1 Defects R-HSA-9687136	27338	6502	11065	7324	246184	29882	119504	8697	7321	51529	51343	10393	8881	51433	25906	29945	996	5925	64682
Abortive Elongation Of HIV-1 Transcript In Absence Of Tat R-HSA-167242	9150	6827	4686	51497	7469	25920	5432	7936	5436	5435	5433	5440	5439	5441	22916	5434	5430	5431	5437	5438	2963	2962	6829
Acetylcholine Neurotransmitter Release Cycle R-HSA-264642	60482	6572	9256	8500	6812	8499	10815	8541	8497	22999	10497	6616	6844	5864	6857	10044	6804
Acetylcholine Binding And Downstream Events R-HSA-181431	1141	1137	1138	1143	1144	1142	1136	8973	55584	1145	1146	1134	1135	89832
Acetylcholine Inhibits Contraction Of Outer Hair Cells R-HSA-9667769	3781	3778	57053	55584	3779
Acetylcholine Regulates Insulin Secretion R-HSA-399997	5578	2776	9630	5331	23236	1131	5330	2767	4082	2769
Acrosome Reaction And Sperm:Oocyte Membrane Binding R-HSA-1300645	928	126123	49	113177	284359
Activated NOTCH1 Transmits Signal To Nucleus R-HSA-2122948	8650	102	5663	57534	7314	6868	409	7316	7311	5664	6233	83737	408	55851	182	113878	1840	4851	9148	8788	142678	83464	54492	28514	54567	51107	92737	23385	23220	3714	1272
Activated NTRK2 Signals Thru CDK5 R-HSA-9032845	4915	1020	6035	8851	7074
Activated NTRK2 Signals Thru FRS2 And FRS3 R-HSA-9028731	6654	4893	10817	4915	4909	3265	10818	2885	5781
Activated NTRK2 Signals Thru FYN R-HSA-9032500	2534	4915	2904	1795	6035	6714
Activated NTRK2 Signals Thru PI3K R-HSA-9028335	5290	4915	4909	5295	2885	128869
Activated NTRK2 Signals Thru RAS R-HSA-9026519	6464	4893	4915	4909	3265	2885	6654
Activated NTRK3 Signals Thru PI3K R-HSA-9603381	5290	5295	4908	3667	4916	6714
Activated NTRK3 Signals Thru RAS R-HSA-9034864	6464	4893	4908	3265	4916	2885	6654
Activated PKN1 Stimulates Transcription Of Androgen Receptor Regulated KLK2 And KLK3 R-HSA-5625886	255626	128312	8340	94239	474382	8331	8341	5585	3015	3817	126961	3013	8338	23028	23081	8970	3014	3018	102724334	10499	55766	85236	3818	3017	8349	8334	8348	3020	723790	8345	8342	374
Activated Point Mutants Of FGFR2 R-HSA-2033519	8074	8817	26281	2250	2249	2263	8822	2248	2252	27006	2254	2255	2251	8823	2246	2258	2253
Activation Of AMPK Downstream Of NMDARs R-HSA-9619483	5571	5562	10645	51422	53632	4137	5563	801	5565	5564
Activation Of APC/C And APC/C:Cdc20 Mediated Degradation Of Mitotic Proteins R-HSA-176814	5693	5706	5720	9232	122706	5698	27338	983	5719	11065	5718	10197	7324	891	5717	5347	23198	5687	143471	7311	246184	7316	5696	5686	5699	6233	5684	29882	4751	5685	5683	5713	5708	5682	5702	5701	119504	5714	5705	5689	5721	8697	10213	5688	5692	5715	4085	7321	51529	5690	9491	10393	5691	5711	5695	9861	991	8881	5716	5709	5694	7979	51433	25906	29945	996	701	9184	5700	8900	5710	890	64682	5704	7314
Activation Of ATR In Response To Replication Stress R-HSA-176187	5985	4172	8317	23595	1017	5982	4173	995	55388	5984	144715	63967	5884	4174	5983	10926	84172	3364	84126	1111	6236	5883	83884	4176	8318	5001	10166	6119	25885	990	5000	993	23594	84515	4175	390502
Activation Of BAD And Translocation To Mitochondria R-HSA-111447	637	7534	207	25996	5533	572	10971	7531	208	7529	10000	5534	7533	7532	596
Activation Of BH3-only Proteins R-HSA-114452	5533	27113	7161	5534	23368	7531	10971	90427	1869	208	7533	7157	7529	8626	5599	7532	7029	7027	140735	637	10000	8655	596	7534	207	7159	25996	572	5366	10018
Activation Of C3 And C5 R-HSA-174577	727	718	629	3183	720
Activation Of Ca-permeable Kainate Receptor R-HSA-451308	4356	2899	83988	1739	2900	2901	3996	801	2897
Activation Of G Protein Gated Potassium Channels R-HSA-1296041	54331	51764	2783	3772	2786	59345	3766	2791	3768	2792	3763	3759	10681	3773	94235	2785	2782	10537	2793	3765	3761	2788	55970	9568	2787	3762	2790	2784	3760
Activation Of GABAB Receptors R-HSA-991365	54331	51764	2783	107	112	3772	2786	59345	114	3766	2791	2774	3768	2792	3763	3759	111	115	10681	113	3773	2771	94235	2785	2782	10537	2793	3765	3761	346562	2788	55970	196883	9568	108	2787	2770	3762	2790	2784	2773	3760
Activation Of HOX Genes During Differentiation R-HSA-5619507	128312	7703	474382	8331	8202	7403	5928	3015	2146	5916	8726	10664	11091	8085	58508	5437	63925	8345	8342	1959	22976	255626	79447	9935	5931	23054	8341	8338	5432	3014	3018	3213	102724334	5435	85236	2033	3221	3017	8841	3198	9125	8349	5431	3212	3214	723790	9070	3233	94239	6256	9611	4211	3211	5087	3231	3013	5914	3201	55766	5433	5440	5439	5441	5434	9063	5430	5080	5438	8340	3199	5915	5929	126961	23512	3200	8970	5436	5316	3232	84962	8334	3725	1387	7528	8348	3020
Activation Of IRF3/IRF7 Mediated By TBK1/IKK Epsilon R-HSA-936964	7316	7311	29110	10010	23643	6233	3665	148022	9641	7099	7187	3661	4695	23098	5781	7314
Activation Of Matrix Metalloproteinases R-HSA-1592389	50859	5645	7177	4324	10893	1504	4314	7077	3817	5045	4312	4316	4323	4319	4320	1991	4318	3818	4325	1511	1215	7076	80781	79148	5340	4317	4313	1513	440387	136541	1515	4326	4322
Activation Of NF-kappaB In B Cells R-HSA-1169091	5693	8945	5706	84433	5720	122706	5698	5719	5970	3551	6885	5718	10197	8454	5717	23198	23291	5687	143471	7311	7316	5696	5686	4790	5699	6233	6500	5684	5685	8915	5683	5713	1147	5708	5682	5702	5701	5714	5705	5689	10892	4793	4792	5721	10213	5688	5692	5715	5579	5690	9491	5691	5711	5695	9861	7979	5716	5709	5694	5966	4794	5700	5710	8517	5704	7314
Activation Of NIMA Kinases NEK9, NEK6, NEK7 R-HSA-2980767	9133	140609	91754	5347	983	891	10783
Activation Of NMDA Receptors And Postsynaptic Events R-HSA-442755	5578	6197	5577	6195	8825	4356	4893	64130	57576	107	53632	5594	9647	2904	5567	114787	5568	8536	8874	6035	84254	116444	114	2892	2905	5562	5564	2903	5573	55327	5613	51422	4137	1739	815	816	5576	4900	814	5924	5565	320	3084	818	5571	2891	6196	5923	8573	5170	5563	2893	22843	3996	27330	2906	801	26960	3265	28964	6714	3838	5575	4355	2890	2066	88	1385	4747	116443	5595	817	10645
Activation Of NOXA And Translocation To Mitochondria R-HSA-111448	7157	1869	5366	7029	7027
Activation Of PPARGC1A (PGC-1alpha) By Phosphorylation R-HSA-2151209	5571	1432	51422	53632	5600	5563	10891	5565	6300	5564
Activation Of PUMA And Translocation To Mitochondria R-HSA-139915	7159	27113	7157	1869	8626	7161	7029	7027	23368
Activation Of RAC1 R-HSA-428540	9353	10298	6091	4690	5586	6035	8874	8440	5585	6654	6655
Activation Of RAC1 Downstream Of NMDARs R-HSA-9619229	8536	6035	8874	84254	801	28964	10645
Activation Of SMO R-HSA-5635838	11127	91653	1452	3549	156	408	5727	23288	132884	84455	6469	2121	50937	2619	2622	50846	54498	409
Activation Of TRKA Receptors R-HSA-187015	4915	4803	135	116	117	4914
Activation Of Caspases Thru Apoptosome-Mediated Cleavage R-HSA-111459	331	840	54205	836	842	317
Activation Of Gene Expression By SREBF (SREBP) R-HSA-2426168	199699	6604	286826	6721	6256	7108	2222	8930	1717	32	4598	3157	23054	3156	6720	6907	85441	6309	31	4597	4800	1595	79071	6713	10499	64327	57678	2194	6319	4801	3422	8648	1387	2224	10498	80205	9453	5465	4802	10654	79718	9088
Activation Of Kainate Receptors Upon Glutamate Binding R-HSA-451326	4356	2899	54331	51764	2783	5331	2786	59345	2791	2792	83988	1739	10681	94235	2785	2782	2793	2901	3996	801	2788	5330	2897	55970	2787	23236	2900	2790	2784
Activation Of AP-1 Family Of Transcription Factors R-HSA-450341	5602	1432	2668	5594	5600	5601	3725	5599	5595	2353
Activation Of TFAP2 (AP-2) Family Of Transcription Factors R-HSA-8866907	2033	10370	8089	7022	51741	163732	4435	7020	1387	339488	7021	83741
mRNA Activation Upon Binding Of Cap-Binding Complex And eIFs, Subsequent Binding To 43S R-HSA-72662	3646	6218	6227	6192	6228	6204	6194	7458	6188	6189	51386	6187	6209	6217	6230	6201	6233	1968	8894	1973	3921	8662	26986	8664	8669	1975	6206	140032	51065	2197	6193	6235	8661	8663	8665	6208	6203	6232	6205	1978	1964	6207	8668	27335	8667	8666	10480	6210	1977	6224	1965	6229	1981	6223	6234	6202	6191	1974
Activation Of Phototransduction Cascade R-HSA-2485179	2792	5158	1259	9616	2782	5148	6010	1258	9187	5145	2779
Activation Of Pre-Replicative Complex R-HSA-68962	4172	8317	23649	1017	23595	51053	4173	5557	55388	5427	4174	10926	84172	56655	29935	54107	5422	83884	4176	8318	5001	5426	10166	5558	6119	25885	990	5000	23594	84515	4175	81620
Acyl Chain Remodeling Of CL R-HSA-1482798	253558	6901	8398	3030	3032	5321
Acyl Chain Remodeling Of DAG And TAG R-HSA-1482883	57104	347516	8694	80339	158835	84649	11343
Acyl Chain Remodelling Of PC R-HSA-1482788	123745	79887	30814	5322	26279	64600	79888	5319	151056	50487	10162	54947	8399	5320	255043	81579	5321	283748	129642	50640	8398	254531	255189	22925	8605	11145	100137049
Acyl Chain Remodelling Of PE R-HSA-1482839	117245	123745	79887	30814	5322	26279	64600	5319	50487	10162	5920	8399	57110	5320	81579	5321	283748	154141	54979	129642	50640	8398	254531	255189	22925	8605	11145	63874	100137049
Acyl Chain Remodelling Of PG R-HSA-1482925	5320	79888	5319	54675	81579	50487	254531	5321	5322	30814	255189	22925	283748	26279	64600	9926	8399	100137049
Acyl Chain Remodelling Of PI R-HSA-1482922	5320	5319	81579	123745	79887	79143	5321	8605	5322	30814	283748	26279	64600	255189	8399	11145	22925
Acyl Chain Remodelling Of PS R-HSA-1482801	123745	114884	30814	5322	26279	64600	114882	5319	10162	8399	5320	81579	5321	114879	283748	154141	254531	255189	22925	11145	100137049	51365
Adaptive Immune System R-HSA-1280218	51465	3806	4893	959	6402	135250	7498	100507436	997	63891	1520	126433	925	55008	10671	5708	4345	1075	911	973	93661	10324	84961	64219	51143	5532	2243	51725	10666	26091	24137	3093	3676	57542	5710	11126	3635	56253	7320	122706	4688	90135	6477	26153	84231	9341	5585	5527	653361	142689	1783	140461	3688	5701	50489	5592	93611	7328	5705	640	948	29851	55740	3803	11120	10489	10293	7409	7525	79865	10225	23118	29127	266629	4012	8924	1778	148581	5795	6037	9871	9493	146894	84433	5698	115290	975	51164	10075	161	912	3135	114876	3799	51676	23643	27252	7323	6810	131450	11127	136371	8907	5715	51132	6786	84876	5519	57531	54461	3126	130340	3107	135892	55824	11069	146330	1513	55336	50852	8453	6614	9730	29945	899	3811	3113	84861	9020	64682	942	1525	3820	8945	124599	11024	5567	26270	11065	1175	7322	6654	5713	51320	5683	22954	5702	55860	946	832	4792	84261	79465	122769	1536	9491	56654	117157	5711	23194	25898	974	118788	57520	718	1445	8651	7064	7220	221687	51433	5336	285643	5516	4689	5966	89953	55958	7314	821	90025	7318	140739	51666	1493	55615	3683	9632	910	23198	92912	8905	55658	4734	3702	5685	3106	4772	23352	829	64410	11059	25847	3127	51088	10125	10213	8678	64223	801	5526	1326	2885	930	958	2534	5296	200845	5493	26268	4615	10384	10219	9867	57154	140459	7332	2213	223082	285231	30849	5295	79176	3821	7319	2266	9820	3798	30011	916	81559	5529	4773	342510	5721	22883	10768	868	1519	3710	140462	9903	8881	207	5709	7704	151636	89910	26235	162	3693	5478	6049	4068	3685	55585	401036	84727	7535	941	4690	6502	9437	114088	7324	10288	23014	26224	90293	29882	3831	1508	3105	6468	83985	54210	140691	196500	3117	3385	3805	5691	6850	285852	51619	567	3111	7336	3932	996	6923	4008	10235	90678	374383	26263	5692	10425	23547	9398	84643	89890	26190	3832	3383	340205	9616	5476	80329	26259	4790	6280	9402	5684	29992	3902	6456	140460	8778	8697	8139	29121	919	5289	3265	991	79109	57823	7305	23327	6478	1509	89858	10385	54209	5530	6271	10121	2475	9604	117145	5720	1510	4591	27036	5687	7316	5686	3118	5335	23541	1147	23295	6047	26234	51444	4277	5290	143279	56992	51343	10393	3824	7327	5695	830	6892	51348	5716	22863	9690	3122	144699	3904	25793	7174	8722	5693	51752	154214	6737	5970	11119	5728	5718	8454	27181	1211	10871	64750	5777	89122	150726	3835	9817	695	10990	81930	8767	147700	3146	4695	5781	90933	7097	9021	5291	5909	4794	79876	57630	3123	9520	8517	27246	5133	5588	80028	5719	387522	998	3812	9246	154881	79791	2280	7529	8925	3797	10193	7454	30835	140735	972	29927	54778	160	913	120425	22888	3689	11006	63893	7317	3384	7321	84541	114836	51529	22920	7428	7326	8655	26046	9902	339390	10112	5908	7979	100131439	3133	6279	1514	1781	4267	89790	3229	127247	55905	1062	6494	114609	55236	5641	3708	51466	253260	6885	114132	255488	126014	23291	131405	1173	246184	5528	5071	25780	3937	84676	6712	9371	51665	915	140456	55182	10437	11004	84516	9870	142678	7879	7337	8174	11027	7534	2209	1515	3903	4360	1785	54850	118424	10870	8916	84708	3134	3112	10517	1639	64167	6396	11026	8874	3551	197131	10197	27180	7412	5717	10273	3709	51266	6233	83737	29126	55521	10477	6500	5586	9436	920	25897	5819	5714	10411	4775	26052	10616	56658	54926	5579	7408	1535	3796	55176	390594	79908	10533	144165	80204	3695	3120	1759	23608	55294	5700	7325	10427	5578	4067	10802	153579	11146	127544	57761	27338	7096	9978	55175	9320	259197	80176	5817	696	92591	55070	140458	143471	933	811	5696	8452	55819	23308	7099	163	114907	51191	5682	64718	10053	11258	9666	80196	7334	11118	10892	5170	26191	27071	55284	151888	56244	92369	201456	945	26249	84937	23376	3125	5788	8503	8065	1780	283807	100423062	91694	5706	100528032	142686	5568	6035	10952	142685	222235	23108	9554	5525	3386	5534	7311	5699	26118	8915	5704	23304	6921	642	79654	51128	7189	9039	5930	8764	84078	5690	10000	5515	9861	9040	6714	8773	1174	81035	1213	29116	2923	80380	26267	10540	3800	7087	64320	79754	3309	1512	9354	10859	158506	8519	22872	53339	10333	926	10120	25831	208	26272	65264	8673	5518	5689	4793	26232	5906	3109	2244	5688	11275	11314	57674	80228	164	2533	146722	54620	84085	100132285	10422	23480	29760	10484	5694	3804	353514	940
Adenylate Cyclase Activating Pathway R-HSA-170660	2774	107	112	108	111	115	114	196883	113
Adenylate Cyclase Inhibitory Pathway R-HSA-170670	2774	2771	107	112	108	2770	111	2773	115	114	346562	196883	113
Adherens Junctions Interactions R-HSA-418990	23705	1013	1008	5817	283	1010	253559	1499	64403	1495	1016	1007	1012	5819	1003	1002	57863	1009	51343	5818	28513	1015	1004	25945	3728	81607	4301	1000	1006
Adrenaline,noradrenaline Inhibits Insulin Secretion R-HSA-400042	152	784	54331	51764	150	2783	112	9254	2786	59345	2791	2792	783	776	111	10681	2771	94235	2785	2782	2793	2788	55970	775	2787	2770	2790	2784
Adrenoceptors R-HSA-390696	152	151	150	153	147	146	148	154	155
Advanced Glycosylation Endproduct Receptor Signaling R-HSA-879415	351	6285	6289	1650	5595	5594	177	3958	829	6283	830	5589	3146
Aflatoxin Activation And Detoxification R-HSA-5423646	64174	1553	2686	4259	91703	64180	1576	95	2678	1577	4257	2687	8574	1800	4258	22977	246181	124975	1544
Aggrephagy R-HSA-9646399	1068	7314	11315	387522	8100	7316	7311	5071	6233	1783	10013	200894	3297	140735	7334	51143	8655	3320	1080	1778	1781	7415	1780	5116
Alpha-defensins R-HSA-1462054	5645	1671	1670	10077	920	5646	1669
Alpha-oxidation Of Phytanate R-HSA-389599	5264	337880	55825	11001	10478	224
Alpha-protein Kinase 1 Signaling Pathway R-HSA-9645460	7316	7311	7189	92610	6233	80216	6885	257397	23118	10454	7314
Amine Ligand-Binding Receptors R-HSA-375280	152	1816	3363	150	3352	134864	59340	146	83551	1132	9038	319100	3356	1129	3361	1131	134860	154	1815	155	1812	11255	3355	151	3351	3354	1813	147	3274	3360	3358	148	1814	4935	153	3350	9704	1128	3362	1133
Amino Acid Conjugation R-HSA-156587	219970	54988	92292	389396	116285	348158	10249	341392	123876
Amino Acid Transport Across Plasma Membrane R-HSA-352230	6539	117247	11136	9057	55117	6510	84889	23657	23428	55089	9056	11254	206358	56301	153201	124935	348932	54407	81539	6520	340024	6541	6509	8501	120103	6542	6519	123096	54716	8140	6533	92745	10991
Amino Acids Regulate mTORC1 R-HSA-9639288	58528	10670	23334	527	10641	57521	27244	528	79726	64121	10542	154743	6396	81929	83667	729438	533	525	90423	127124	8992	245973	23677	144577	529	6009	57600	10325	523	153129	55004	9296	64223	54468	96459	11133	245972	51606	201163	9114	9681	28956	9550	10312	155066	8649	84219	526	652968	55846	534	8131	2475	51382	389541
Unattached Kinetochores Signal Amplification Via A MAD2 Inhibitory Signal R-HSA-141444	55143	55839	348235	1063	6396	79172	5048	80776	220134	151648	284058	9183	401541	5903	51143	3796	5526	701	9212	8379	79980	54821	57405	81565	699	5527	23421	5501	1783	55746	79023	5529	55055	25909	6232	23279	81930	79682	10403	57122	23332	1778	57082	64105	9184	22919	1780	55166	23122	332	54908	5525	81929	64946	147841	9735	4928	79019	2491	140735	151246	5519	5515	8655	10726	1781	7514	1062	84643	3619	5905	1058	79902	80152	5347	5528	54820	5518	55920	57551	4085	11004	9793	6249	991	83540	11130	91687	5516	79003	348995
Amyloid Fiber Formation R-HSA-977225	102	255626	128312	9627	8340	23062	4069	474382	8331	340348	6477	7276	8341	1471	10098	7316	3015	351	5045	7311	81619	23555	5071	6233	9246	126961	3013	8338	55851	54959	6406	8970	3014	3018	5617	102724334	4057	8239	26088	23163	2934	85236	9445	3017	337	3339	3630	348	8334	8349	9027	4878	2243	325	8348	83464	796	3020	793	51107	567	6622	6289	723790	6478	8345	4240	6653	335	23385	8342	7045	23621	3375	7314
Anchoring Fibril Formation R-HSA-2214320	649	3910	3918	3914	7093	1294	7092
Anchoring Of Basal Body To Plasma Membrane R-HSA-5620912	79441	5577	1639	7277	10142	51259	22897	9662	91147	10806	9657	5048	80776	117177	54806	54801	132320	79598	22995	11064	8766	4735	23322	102800317	5578	55835	55559	22981	79600	9814	7531	26005	11258	84131	57545	10733	55755	23332	1778	54903	57787	51134	22919	80321	55125	11190	8481	27077	26123	23354	121441	95681	10382	11116	55722	146057	7532	10383	8655	5108	9702	9738	4957	80184	1781	4218	261734	4867	10540	79959	7846	55142	84902	22832	983	1069	22994	5347	54930	7283	4751	8636	80254	54820	5518	79867	347240	115106	9793	3320	203068	7840	93323	1453	10121	85302	5116
Androgen Biosynthesis R-HSA-193048	79644	51144	3972	3283	3284	6716	1113	3293	6715	1586	5443
Anti-inflammatory Response Favoring Leishmania Infection R-HSA-9662851	10800	5577	2781	2783	107	2854	114897	83551	114	10769	7433	5045	64174	3709	9340	5335	5576	111	115	1812	117	122876	2771	59350	104909134	3973	2785	135	2793	801	2687	346562	796	55970	5729	5443	2534	2863	2770	1395	2848	5578	4067	5746	54331	3363	51651	134864	5734	114548	6019	59345	6868	2791	10266	113091	11245	4157	1113	134860	10681	117579	10768	3710	2850	3274	7525	797	5575	1385	108	10267	53831	3055	100423062	2692	79924	51764	2778	5568	4627	7252	319100	5573	5613	5745	4159	113	4160	2740	11250	2696	64180	2843	2782	2212	3360	2788	151306	6850	1800	79651	196883	6714	7253	2838	122042	2787	2691	9332	2268	2790	2784	2773	3362	6344	1816	7434	112	3708	10203	136	2786	285601	5567	3972	554	3569	9038	170589	2792	4161	2492	594857	10268	154	57105	3586	155	6343	5744	919	94235	2678	2641	3640	116	1432	2209	133	153	4158	799	1392	10888	5336	387129	5732	5739	3375	2488
Antigen Presentation: Folding, Assembly, Peptide Loading Of Class I MHC R-HSA-983170	821	51752	3134	10802	3309	30849	64167	6396	9632	3135	22872	811	23541	3106	3105	51128	8678	5289	3107	266629	6892	567	10484	22863	3133	2923	10427	9871
Antigen Activates B Cell Receptor Leading To Second Messenger Generation R-HSA-983695	4067	100423062	5295	3708	4690	6654	933	3709	30011	5777	973	640	22883	27071	10768	6786	695	84876	3710	80228	7409	801	974	118788	6850	2885	930	29760	2534	7220	5336
Antigen processing-Cross Presentation R-HSA-1236975	3134	5720	3551	10197	5717	23198	5687	7316	5686	1520	6233	5685	23541	3106	1147	5708	5714	10213	1535	55176	2243	5695	6892	5716	4615	5700	5710	5693	122706	7096	4688	5718	9341	2266	143471	653361	811	5696	7099	5682	5701	50489	5705	5721	948	695	266629	3146	4695	7097	4012	5709	3693	8517	5706	3685	5698	5719	10952	9554	3135	7311	23643	5699	6810	3105	29927	5715	5690	5691	3107	9861	9902	567	7979	8773	3133	6279	1514	2923	5692	114609	10333	6280	5684	5713	5683	8673	5702	5689	2244	5688	1536	9491	5711	23480	2209	5694	1515	4360	6271	4689	5704	7314
Antigen Processing: Ubiquitination And Proteasome Degradation R-HSA-983168	51465	90025	10517	7318	140739	5720	51666	4591	197131	10197	5717	997	23198	5687	7316	63891	92912	10273	5686	6233	55658	83737	126433	5685	55521	55008	10477	4734	6500	23352	23295	5708	64410	6047	25897	11059	26234	25847	5714	51444	51088	143279	10213	10616	10324	64219	84961	56658	54926	51343	10393	7327	5695	390594	10533	5716	200845	9690	80204	51725	26268	144699	26091	23608	140459	9867	25793	55294	5700	5710	57154	7174	7332	3093	7325	57542	5693	223082	285231	7320	11146	122706	127544	154214	6737	79176	9978	55175	27338	9320	90135	6477	80176	5718	84231	8454	7319	92591	55070	9820	140458	143471	5696	142689	8452	55819	140461	64750	81559	114907	51191	5701	5682	64718	93611	7328	5705	9666	80196	89122	150726	5721	7334	868	9817	10489	10293	140462	55284	92369	90933	201456	4012	9903	8881	5709	9021	8924	7704	151636	26249	79876	89910	57630	26235	23376	84937	148581	9520	27246	8065	283807	6049	91694	5706	5698	115290	401036	84727	55585	80028	142686	10075	5719	387522	6502	114088	142685	222235	7324	23014	154881	7311	9246	26224	51676	5699	79791	26118	90293	29882	27252	7323	8925	10193	23304	6921	642	54778	136371	79654	6468	22888	9039	7317	140691	63893	84541	5715	5930	51132	9604	51529	84078	5690	7321	57531	5691	54461	7428	7326	9861	135892	9040	26046	146330	51619	7979	55336	7336	8453	9730	996	6923	29945	4008	899	29116	90678	127247	26263	84861	55905	26267	64682	5692	64320	10425	79754	8945	55236	89890	9354	26190	26270	11065	158506	7322	255488	9616	23291	131405	26259	53339	246184	5071	5684	5713	25831	51320	26272	5683	22954	65264	84676	5702	5689	51665	140460	26232	8697	84261	8139	140456	5688	122769	55182	11275	9491	57674	5711	23194	9870	25898	142678	991	54620	7337	84085	10422	57520	23327	5694	8651	7064	6478	221687	51433	54850	118424	8916	84708	5704	55958	7314
Antimicrobial Peptides R-HSA-6803157	613210	729230	538	55600	122665	920	140683	245929	51248	644414	6039	100133267	1511	245930	51297	114770	5645	283489	245939	1235	6737	7096	117285	81623	245928	140881	613209	1113	5646	92747	1671	114771	245936	400830	140850	84659	57115	7097	100526773	3346	10578	6037	1672	245934	1670	4069	5266	130120	245938	149954	3934	116842	245913	117159	1191	128859	613211	338324	6278	671	10077	6279	3347	245937	475	6738	6280	6406	245932	4057	1991	1669	5320	6556	5657	8993	80341	245927	5068
Antiviral Mechanism By IFN-stimulated Genes R-HSA-1169410	5610	7318	6396	7316	6233	4734	5335	4939	2317	2316	9775	23165	5903	1977	8021	7706	11097	1974	129401	9818	7175	26354	84251	9972	55746	79023	6059	51191	9688	6772	7334	10762	23279	84659	4599	3837	57122	9631	317649	3434	3841	1982	23636	402569	23511	7324	81929	25820	7311	9246	3836	8638	4928	5495	4600	201626	3838	6041	3840	1981	55706	4927	53371	79902	3661	8672	1973	11274	3839	23586	23225	9470	4938	8086	3716	9883	4940	23037	9636	5595	348995	7314
Apoptosis R-HSA-109581	51074	219699	5720	5594	1687	5317	5339	1830	10197	5717	115209	23198	5687	7316	5686	6233	5685	7157	5586	5708	5599	2339	5714	55075	2194	22985	840	10213	841	6304	5580	51343	1676	5695	596	5716	356	5366	5700	5710	5693	3009	5533	10134	122706	10059	8772	581	5718	660	143471	54205	5696	7531	10971	1869	90249	7099	8626	1613	6774	5682	5701	3006	5414	5705	8837	708	5721	836	26060	1834	3837	7431	3146	4695	4836	9500	7159	207	79792	25996	5709	7082	23604	10010	4001	8743	8797	317	1677	100506658	9968	27113	5706	5588	5698	8428	5719	3148	4000	5534	2620	1630	1829	7311	3836	23643	63967	5699	90427	1828	148022	1499	7529	1029	79658	7532	1612	3007	140735	7029	2934	331	6709	5715	5690	8737	329	5691	10000	8795	8655	9861	5624	6093	7979	572	57099	842	7533	5692	28988	598	3002	22900	7161	9414	118	23368	839	5747	5684	5713	5683	208	4137	3005	5702	8717	7027	5689	637	5688	9491	5711	578	56616	7534	3008	5694	51765	3024	10018	5595	5704	7314
Apoptosis Induced DNA Fragmentation R-HSA-140342	3836	3009	3008	836	3024	1677	3148	1676	3005	3007	3837	3146	3006
Apoptotic Cleavage Of Cell Adhesion Proteins R-HSA-351906	7082	836	1828	1499	1834	51343	9414	5317	1830	100506658	1829
Apoptotic Cleavage Of Cellular Proteins R-HSA-111465	10134	5588	8428	4000	5317	1830	5339	2620	660	9414	118	1829	839	63967	1828	5747	4137	1499	2339	2934	6709	22985	840	841	6304	836	5580	1834	51343	329	6093	7431	5624	7082	51765	4001	100506658	28988
Apoptotic Execution Phase R-HSA-75153	3009	10134	5588	10059	8428	3148	4000	1830	5317	5339	660	2620	9414	118	1829	839	3836	63967	1828	5747	4137	5586	1499	3005	3007	3006	2339	2934	6709	22985	840	841	6304	836	5580	1834	51343	329	1676	6093	7431	5624	3146	3837	7082	3008	51765	3024	4001	1677	100506658	28988
Apoptotic Factor-Mediated Response R-HSA-111471	51074	5594	1687	581	22900	54205	1029	5414	55075	331	708	840	836	578	56616	79792	57099	317	842	5595
Aquaporin-mediated Transport R-HSA-445717	5578	89872	5577	360	54331	51764	2783	107	112	375318	114548	5567	2778	2786	5568	554	59345	359	114	362	2791	5573	22841	2792	363	5576	111	115	364	10681	113	361	94235	2785	2782	4645	2793	2788	343	196883	55970	5575	84182	366	108	8766	2787	2790	2784	282679
Arachidonate Production From DAG R-HSA-426048	26090	747	221955	57406	11343
Arachidonic Acid Metabolism R-HSA-2142753	1582	80142	5730	5445	1558	22949	1580	9261	1557	2876	1543	284541	64174	239	57834	27306	5444	145482	2879	59344	5743	1545	9536	10728	241	1559	8529	158833	11283	5740	8644	64180	126410	113612	2678	1579	79152	873	4048	5321	6916	2687	158584	127281	1800	4363	2877	240	4056	4051	242	3248	1573	247	2053	5742	1544	5446	246
Aryl Hydrocarbon Receptor Signaling R-HSA-8937144	375056	54998	3326	10728	57491	9915	196
Asparagine N-linked Glycosylation R-HSA-446203	821	51035	1639	85365	10559	6811	84447	51046	55738	29925	6396	9632	22870	1314	81876	6484	29880	7316	79796	6233	9526	10402	10671	4597	84620	829	22796	144245	1075	2517	5589	90411	10905	54344	4905	10175	22818	282969	1650	4124	93661	81849	10342	84342	51226	3630	55291	51143	55343	25839	830	57511	11253	2525	55741	3998	10195	2720	84061	9945	51693	25834	80267	6482	10652	432	8702	197258	5700	6708	7841	10427	338596	377	80142	10802	30815	375056	79748	2350	7039	287	9761	55757	440138	149111	10956	80168	10282	4249	4122	256281	7369	811	9919	6710	56052	1783	7903	286	1113	2683	81562	64377	11258	8790	124872	79868	11316	11196	4121	6489	2804	11282	55808	9476	26503	10610	1778	57134	11236	5372	129807	9695	79090	27090	9334	8869	1603	374	1780	1798	9871	8128	1604	10960	5887	6487	381	51164	83696	9382	2157	433	91869	966	9554	8813	9486	6480	80896	55014	6399	79139	7311	54187	91445	140838	8703	6400	5861	128637	64841	51009	51005	8615	3703	140735	2801	22845	84364	378	51128	6709	23243	29929	7109	116150	27095	387885	256435	5973	5265	288	9117	8655	8774	4759	56886	5238	10825	2530	7844	2153	2890	126003	254263	1781	79947	6711	2923	6048	7264	54732	10540	10206	6675	8818	91949	8704	22820	100302736	51272	10299	6184	5373	199857	2762	3972	5537	51399	1294	1315	22872	23256	5476	23423	7991	29926	122553	6185	79644	55768	26286	64772	79694	51162	51332	55907	2673	6712	55860	79053	10113	29906	11015	832	10466	10945	57171	9570	116255	1522	83548	346606	6590	64689	11320	84516	10959	23193	79087	6483	11070	9276	11014	10484	372	58485	267	26984	9331	57731	1453	7415	89866	10121	55577	10020	9527	26958	7314
Aspartate And Asparagine Metabolism R-HSA-8963693	374569	10003	443	339983	127845	440	8604	339896	10165	2806	2346
Aspirin ADME R-HSA-9749641	682	1571	7367	1558	54659	54579	7366	348158	8714	590	1557	54576	79799	6566	54490	54577	574537	213	7364	10249	7365	123876	1559	10941	133688	10864	92292	389396	1576	11309	10720	1244	54600	54657	7363	8824	219970	54988	54658	54578	167127	341392	1066
Assembly Of HIV Virion R-HSA-175474	7316	7311	5045	55048	6233	51160	7314	155382	137492	9397	7251	51271	5478	84251	79720	93343	89853
Assembly And Cell Surface Presentation Of NMDA Receptors R-HSA-9609736	8825	4356	64130	57576	114787	2904	116444	2905	2903	55327	815	1739	816	320	818	8573	3996	2906	26960	4355	88	4747	116443	817
Assembly Of Active LPL And LIPC Lipase Complexes R-HSA-8963889	51129	55908	64788	116519	91289	63924	5045	27329	5046	344	337	338328	3990	8720	84699	4023	51360	5125	26291
Assembly Of Collagen Fibrils And Other Multimeric Structures R-HSA-2022090	1277	1302	1290	1300	1296	3914	5118	7837	977	1293	1281	1287	1289	5339	255631	1291	1294	4017	4314	4015	649	3910	85301	1520	1284	7092	4316	1508	1286	1278	1297	256076	4318	84171	667	3918	80781	50509	1306	4016	79148	3655	84695	1299	1514	1515	1295	131873	1301	7093	1282	4322	1285	1280	3691	1292	1298
Assembly Of ORC Complex At Origin Of Replication R-HSA-68616	255626	128312	23633	8340	94239	23595	474382	8331	8341	3015	3836	126961	3013	8338	8970	3014	3018	102724334	55766	85236	3017	8349	8334	3837	8348	3020	83884	10166	5001	723790	8345	5000	8342	23594
Assembly Of Pre-Replicative Complex R-HSA-68867	128312	5720	474382	8331	10197	5717	5687	7316	3015	5686	6233	5685	5708	119504	5714	10213	51343	10393	5695	5716	8345	5000	8342	23594	5700	5710	5693	255626	23595	27338	5718	8341	5696	8338	3014	3018	102724334	5682	5701	85236	5705	3017	5721	8349	3837	10166	8881	5709	723790	990	4175	5706	94239	5698	5719	51053	4173	7324	7311	3836	5699	4174	3013	29882	55766	7321	5715	51529	5690	5691	9861	5001	7979	996	29945	64682	5692	81620	4172	23633	8340	11065	246184	5713	126961	5684	5683	8970	5702	5689	8697	5688	9491	8334	5711	8348	3020	83884	4176	5694	51433	25906	84515	5704	7314
Association Of TriC/CCT With Target Proteins During Biosynthesis R-HSA-390471	10528	26985	10517	22948	26190	26270	10574	6499	6950	26330	26224	898	7157	26272	10693	6774	26234	83752	10576	10694	908	6468	84261	10238	3801	8877	10564	9134	8841	54461	11328	22803	63971	10575	7203	55135	55294
Asymmetric Localization Of PCP Proteins R-HSA-4608870	5693	5706	5720	122706	5698	50855	5719	5718	10197	5717	23198	5687	143471	8322	7311	7316	5696	5686	5699	6233	7474	5684	5685	5713	5683	64750	5708	5682	5702	5701	5714	5689	5705	8324	5721	10213	57216	5688	5692	5715	5690	9491	5691	5711	8321	5695	23513	9861	7979	5716	5709	5694	144165	2535	1856	8325	57154	5700	8326	5710	5704	7314
Atorvastatin ADME R-HSA-9754706	10599	5444	28234	1576	11309	54659	1244	5243	5446
Attachment And Entry R-HSA-9678110	7113	1514	59272	7415	3229
Attachment Of GPI Anchor To uPAR R-HSA-162791	94005	8733	80055	51604	10026	128869	5329
Attenuation Phase R-HSA-3371568	3337	1288	6013	10808	3303	3281	3310	871	29074	10728	10049	2288	3297	2033	3305	3326	2765	27242	1413	1387	3306	3320	3312	162989	7314
Autodegradation Of Cdh1 By Cdh1:APC/C R-HSA-174084	5693	5706	5720	27338	5698	5719	11065	5718	10197	7324	5717	5687	7316	7311	246184	5696	5686	5699	6233	5684	29882	5685	5683	5713	5708	5682	5701	5702	119504	5714	5705	5689	5721	8697	10213	5688	5692	5715	7321	51529	5690	51343	10393	9491	5691	5711	5695	9861	8881	5716	5709	5694	7979	51433	25906	29945	996	5700	5710	64682	5704	7314
Autodegradation Of E3 Ubiquitin Ligase COP1 R-HSA-349425	5693	5706	5720	122706	5698	5719	5718	10197	5717	23198	5687	143471	472	7311	7316	5696	5686	5699	6233	5684	5685	5704	7157	5683	5713	5708	5682	5702	5701	5714	5689	5705	114769	10213	5721	5688	5715	5690	9491	5691	5711	5695	9861	7979	5716	5709	5694	5700	5710	5692	7314
Autophagy R-HSA-9612973	91782	7249	54543	7314	5564	7316	401505	64419	123	6233	83734	23710	9927	55669	8678	51160	7405	64223	84971	5563	7416	51143	4077	10533	9868	22863	192111	128866	55062	3920	30849	57521	64121	84938	1460	1459	472	10452	84749	285973	51422	1783	10013	200894	51001	56270	3297	79065	11337	9474	7334	7248	8408	440738	65018	25978	9776	3312	60673	1778	1780	58528	55054	10670	53632	9140	11315	387522	6035	8100	139341	93343	7311	84557	79643	1915	5565	140735	6009	5571	64422	2670	3326	8878	8655	137492	6714	55048	2034	1781	389541	89853	1068	5562	8897	155382	10542	10226	100188893	56993	27243	5830	115201	5071	7251	51271	11345	79720	10325	153129	55004	9821	5289	55626	9804	28956	23192	3320	8649	1080	92421	11152	7415	81631	2475	26100	5116
Axon Guidance R-HSA-422475	4893	9045	8913	2044	6188	6164	26019	8997	5576	9775	5708	6383	23380	10552	6130	140032	8976	2197	6324	6205	5532	10095	1299	6210	6132	22794	24137	8851	5710	1641	6708	6227	1948	4440	122706	6091	287	6477	3786	6147	23365	5585	6155	10097	8218	1944	7224	3688	2596	5701	6138	55800	4318	5705	8829	55740	6160	7525	59277	6335	8828	1272	51121	6195	2887	100133941	5698	23122	785	9723	6189	161	57113	6123	776	9046	10371	6323	1605	375790	6327	5715	57698	3912	5365	2932	288	6169	8453	91584	6167	1285	4756	214	25	5567	4651	6336	1175	6654	5713	5683	9355	23032	1286	5702	6206	6300	23521	57556	2050	27255	9491	10752	5711	80031	5362	10398	6154	1945	1809	6326	7220	285643	6334	53358	5595	7314	3678	6237	3897	6192	5594	23767	2675	11313	971	8515	4686	23198	4897	285704	23129	5685	6136	10487	1942	6193	10213	7204	2668	2674	10096	116832	2885	9939	2534	5296	5603	55816	28998	131873	5600	6143	4116	65110	8482	6141	3680	2051	5295	1969	51187	2107	1459	1291	9260	5664	30011	284217	7903	8633	55715	1793	2886	6196	5721	22883	6142	6203	9826	5604	55558	5709	1385	57522	102	3685	4690	5979	4627	284656	3785	6332	6217	6159	56956	6168	27289	5361	148738	9252	9079	220164	3326	5691	7225	5649	6093	10048	3674	6224	3673	6923	5598	1981	6711	23385	6173	80728	64096	5692	1298	6197	5663	6453	1020	23708	8022	6230	10298	1284	5747	79784	783	5684	7436	256076	2042	6456	10451	2064	8986	6329	3265	4637	2676	3983	7305	6331	7223	6478	54209	9475	728378	5720	25873	1946	782	57453	3985	5687	7316	5686	10921	6129	5335	56963	2041	5290	10154	3984	6157	6207	5695	387	775	5716	6166	84448	6229	6586	4478	200916	8650	6218	5693	784	9495	6228	6156	6194	5718	6161	6209	6201	140801	6710	1211	6092	1943	4736	6900	3996	150350	5781	5605	3312	5291	23332	6135	5909	4628	6234	8128	23396	5588	10092	5719	998	6128	6175	9349	160	65109	5962	2817	27330	8731	6176	7979	6223	1400	3199	51466	6204	7852	2904	3915	6187	2048	1173	10507	1739	71	55851	6712	1297	23114	2242	11224	51065	11280	6235	2047	8506	1212	6170	3320	51107	23053	6464	57731	1463	1785	64221	8831	389	6202	219699	2260	6387	25791	6181	9846	8874	1287	22885	10197	5717	5217	6233	3921	10570	388	5586	5599	5714	6386	128869	3690	26052	6330	9037	6208	5216	7408	64218	8912	28964	5364	4313	1282	6144	779	1759	5700	6165	5623	5786	7074	4753	1292	5621	5578	4067	9978	1460	7430	143471	5696	7094	26986	90249	4684	10094	163	286	5682	9423	6232	89884	1808	6124	1949	5306	2909	5788	8503	5706	114787	1826	5568	6035	55110	1630	1956	6125	27	2049	7311	5699	352909	4650	116986	3670	8440	6921	6655	6709	56649	1947	5690	22916	10109	9861	83464	6714	9353	2045	4629	1796	1213	64283	8660	3672	6944	4356	2046	1293	6146	6171	4902	6328	6158	2935	10627	2043	51332	6122	285220	5689	5688	10818	7410	9855	1432	137970	5694	103910	9048	56896	5704	6191	7222
Axonal Growth Inhibition (RHOA Activation) R-HSA-193634	387	57142	396	4168	4099	84894	4804	4974
Azathioprine ADME R-HSA-9748787	2944	7498	6035	2938	4831	7172	3177	10257	10057	3251	8833	2939	10451	2987	7409	9153	7410	3615	55270	2030	64078
B-WICH Complex Positively Regulates rRNA Expression R-HSA-5250924	255626	128312	64425	8340	94239	23451	7913	2648	474382	8331	51082	4643	8341	3015	126961	3013	8338	9013	8970	3014	3018	30834	10849	102724334	5435	55766	85236	84172	2033	221830	8467	3017	79101	5440	5441	8349	2074	8334	10514	9014	5434	2932	8348	3020	5437	54606	723790	25885	8345	8850	9015	6908	8342	9031	728378
BBSome-mediated Cargo-Targeting To Cilium R-HSA-5620922	582	22948	583	6753	585	6950	123016	54498	2847	27241	92482	117177	10576	55212	10694	8195	79738	54585	84100	10575	7203	129880	166379
BH3-only Proteins Associate With And Inactivate Anti-Apoptotic BCL-2 Members R-HSA-111453	637	27113	572	90427	598	6774	5366	10018	596
BMAL1:CLOCK,NPAS2 Activates Circadian Gene Expression R-HSA-1368108	2155	6604	286826	9575	6256	5054	114548	8930	23054	10135	6907	85441	10499	4862	3295	8553	25819	8648	1387	79365	10498	406	80205	5465	56938	79718	28999
Base Excision Repair R-HSA-73884	255626	128312	5985	252969	8340	94239	5982	55247	328	474382	65057	8331	54936	8930	6573	5424	8341	3015	5984	5427	11284	3013	8338	4968	5983	8970	3014	3018	102724334	4350	55766	85236	84172	2237	7515	3017	54386	7013	56655	8290	8349	8334	23583	670	54107	8348	7374	10038	5426	79661	26018	57804	10714	723790	121227	4595	8345	4913	5425	142	5111	6119	25885	8342	6996	7014	26277	25913	11232
Base-Excision Repair, AP Site Formation R-HSA-73929	255626	128312	252969	8340	94239	55247	474382	65057	8331	8930	8341	3015	3013	8338	4968	8970	3014	3018	102724334	4350	55766	85236	3017	54386	7013	8290	8349	8334	23583	8348	7374	79661	723790	4595	8345	4913	6996	8342	26277	7014	25913
Basigin Interactions R-HSA-210991	682	3675	3897	11136	9057	9123	23657	23759	4312	6566	23428	9056	3688	56301	23539	6520	857	482	3655	10522	481	483	4099	8140	5478
Beta Defensins R-HSA-1461957	245934	613210	245937	245939	1235	729230	7096	117285	81623	245928	245938	140881	613209	245913	245932	245929	644414	613211	100133267	245930	245936	400830	140850	7097	245927	1672
Beta Oxidation Of butanoyl-CoA To acetyl-CoA R-HSA-77352	1892	3033	142827	35	6296
Beta Oxidation Of decanoyl-CoA To octanoyl-CoA-CoA R-HSA-77346	1892	3033	34	3030	3032	51102
Beta Oxidation Of hexanoyl-CoA To butanoyl-CoA R-HSA-77350	1892	3033	3030	3032	35
Beta Oxidation Of lauroyl-CoA To decanoyl-CoA-CoA R-HSA-77310	1892	3033	33	3030	3032
Beta Oxidation Of octanoyl-CoA To hexanoyl-CoA R-HSA-77348	1892	3033	34	3030	3032
Beta-catenin Independent WNT Signaling R-HSA-3858494	6259	4893	5720	2783	2775	8202	10197	5717	23198	5687	7316	3709	5686	6233	5582	5685	4772	6095	5708	5714	6934	83439	10213	5579	2785	5216	2793	4609	5532	801	5695	23513	55970	387	5716	1857	144165	1856	57154	5700	5710	409	5578	5693	54331	122706	59345	5718	143471	8322	2791	5696	1211	4343	64750	163	5682	5701	26523	10681	8313	5592	5705	8324	27327	5721	7481	3710	5330	27161	5709	2535	5145	23002	5706	51764	5698	5331	50855	5719	6035	5148	5534	161	7471	7311	51701	7474	5699	1499	160	57216	5715	5690	2782	5691	54361	8321	2788	9861	2780	7979	23112	2787	8325	23236	1213	2790	2784	8326	5692	3708	2786	6885	1175	1173	2792	5158	5684	5593	5683	5713	815	8323	81029	5702	5689	5688	1212	94235	51176	9491	5711	5880	6932	5694	5530	192669	192670	57690	5704	7314
Beta-catenin Phosphorylation Cascade R-HSA-196299	5527	10023	1452	5528	23401	5515	1499	5519	139285	5516	5624	5529	8312	2932	5525	5526	5518
Beta-oxidation Of pristanoyl-CoA R-HSA-389887	23600	3295	55289	10005	8309	54677	10388	8310	1384
Beta-oxidation Of Very Long Chain Fatty Acids R-HSA-390247	10455	51	3295	23417	10005	26063	641372	1962	30	215	122970
Bicarbonate Transporters R-HSA-425381	57835	23382	83697	9497	8671	6521	6508	6522	9498	57282
Bile Acid And Bile Salt Metabolism R-HSA-194068	1646	1582	10998	9885	6256	1593	8714	10858	114876	80765	200931	570	2172	26031	213	11001	9971	10388	51302	114881	10499	6555	5740	114883	23600	3295	8309	8644	28234	123264	8647	6718	114880	8648	9023	6554	6579	80270	1109	9420	10005	10599	1645	5007	1581
Binding And Uptake Of Ligands By Scavenger Receptors R-HSA-2173782	1277	6678	949	100423062	10808	7184	1281	3263	811	10438	8685	284297	1284	213	78989	8578	4481	1278	8542	117156	23166	5648	338	948	348	3250	2495	10395	3320	2512	6289	286133	81035	1282	55576	335	9332	259	10525	3512
Binding And Entry Of HIV Virion R-HSA-173107	7852	920	5478	1234	84251
Binding Of TCF/LEF:CTNNB1 To Target Gene Promoters R-HSA-4411364	6934	864	51176	1499	4609	83439	8313	6932
Biological Oxidations R-HSA-211859	2944	7367	55748	1584	2230	64816	54576	373156	126	79799	64174	130	2686	6817	221357	4259	10249	50512	2954	10499	91703	653689	29104	11283	5740	2941	84836	6820	54996	26873	10720	4257	4835	196	2687	670	4143	4129	4552	6799	1588	5443	22977	7358	4837	196743	5742	9915	494143	341392	1544	1066	5621	25830	57412	2950	375056	8459	54905	4144	7366	1580	348158	2938	23491	84532	1592	9446	1543	80777	13	27306	574537	1553	55347	124	1545	7364	1312	7365	4548	8529	66002	2948	54575	217	10861	128	389396	113612	95	51000	1579	23169	340665	6783	8648	26	4258	1594	218	391365	134147	4051	54658	1573	131	54578	246181	124975	2232	64757	9060	167127	10991	1581	8460	1571	112812	6256	1583	1548	56603	1558	54659	54579	10380	1593	51504	1557	216	120227	219	10858	445329	347734	54577	51302	9971	27284	55902	10327	9061	125	123876	191	2953	133688	92292	64180	1577	3326	6916	54600	1800	8824	27233	2098	1562	2052	2946	1555	874	2329	1582	285440	2947	2952	1589	119391	7360	54498	2328	1727	7172	284541	2326	2730	57834	54490	4128	7417	1595	10728	314	2729	1549	2939	1559	10941	54998	1572	81539	126410	1576	79094	2678	116285	2940	79017	54928	1836	1585	8574	54657	27430	7363	29785	9420	219970	54988	1591	2949	6822	57491	8639
Biosynthesis Of DHA-derived SPMs R-HSA-9018677	1543	2948	1571	240	4056	239	3248	1576	1558	2879	5743	2053	4048	246	1544	1559
Biosynthesis Of E-series 18(S)-resolvins R-HSA-9018896	240	3248	2879	4048	246
Biosynthesis Of EPA-derived SPMs R-HSA-9018679	240	3248	5743	2879	4048	246
Biosynthesis Of Maresin-Like SPMs R-HSA-9027307	1571	1576	1558	1544	1559
Biosynthesis Of Maresins R-HSA-9018682	1571	240	1576	1558	2053	1544	1559
Biosynthesis Of Specialized Proresolving Mediators (SPMs) R-HSA-9018678	1543	2948	1571	240	4056	239	3248	1576	1558	2879	5743	2053	4048	22949	246	1544	241	1559
Biosynthesis Of N-glycan Precursor (Dolichol LLO) And Transfer To Protein R-HSA-446193	10559	85365	51046	29925	6484	29880	79796	9526	10402	4597	84620	144245	54344	282969	81849	55343	10195	2720	9945	6482	197258	338596	30815	440138	256281	56052	7903	8790	79868	6489	55808	26503	10610	5372	129807	27090	8869	1798	8128	6487	91869	6480	8813	80896	54187	140838	64841	51005	22845	29929	116150	256435	5973	4759	5238	10825	79947	7264	6675	8818	5373	199857	2762	5476	29926	79644	51162	55907	2673	29906	79053	57171	6590	79087	6483	55577	10020
Biotin Transport And Metabolism R-HSA-196780	5095	5096	31	3141	64087	56922	32	8884	51248	5624	221833
Blood Group Systems Biosynthesis R-HSA-9033658	30815	84750	6487	2526	2529	8705	28	10317	6484	10690	10402	170384	6006	2528	6007	8707	124872	2527	8708	2525	2523	2524
Branched-chain Amino Acid Catabolism R-HSA-70895	1892	593	3028	6646	587	152926	549	1629	586	56922	4329	36	10295	3712	9673	11112	27034	26275	64087	594	197257
Budding And Maturation Of HIV Virion R-HSA-162588	91782	155382	51510	84251	93343	7316	7311	27243	79643	6233	7251	51271	27183	79720	51534	51160	9525	25978	137492	10015	55048	23327	128866	92421	89853	5478	7314
Butyrate Response Factor 1 Binds And Destabilizes mRNA R-HSA-450385	167227	51010	118460	207	677	54464	22894	23016	54512	56915	5393	7529	23404	55802	9261	11340	51013
Butyrophilin (BTN) Family Interactions R-HSA-8851680	11118	153579	5493	7498	10385	10384	11120	11119	56244	30835	79908	696
C-type Lectin Receptors (CLRs) R-HSA-5621481	283463	4893	5720	8874	3551	10197	5717	997	23198	5687	7316	4586	3709	5686	6233	6500	5685	727897	5586	4772	1147	5708	5714	10454	4775	10213	841	5580	5532	801	5695	2534	5716	5700	5710	5578	4067	5693	200958	122706	170482	5970	2207	5718	8454	5585	143471	5696	5682	5701	4773	5705	2033	7334	10892	5721	143662	5170	10768	3710	3553	23118	5709	6367	6037	8517	94025	5706	84433	5698	5719	387522	5568	5534	29108	7311	5699	64581	8915	4583	4791	30835	7189	9039	26253	3384	7321	5715	9252	3385	5690	5691	9861	6850	9040	6714	7979	4589	338339	9020	5692	4582	8945	64170	3708	5567	10071	6885	7322	23291	4790	10462	5684	5713	5683	6361	394263	5702	4588	56667	5689	4792	5688	93978	9491	5971	5711	50856	3265	1387	140453	5694	4585	5336	5530	257397	118430	5704	7314
CASP8 Activity Is Inhibited R-HSA-5218900	2194	10010	841	356	8772	8737	8743	8797	8795	8717	8837
CD163 Mediating An Anti-Inflammatory Response R-HSA-9662834	5045	1432	79651	9332	4627	6868	10769	3586	3569
CD209 (DC-SIGN) Signaling R-HSA-5621575	5578	4067	4893	5567	5970	5568	8874	5585	4790	5586	30835	2033	3384	9252	3385	5971	3265	1387	2534	6037
CD22 Mediated BCR Regulation R-HSA-5690714	4067	933	100423062	974	5777	973
CD28 Co-Stimulation R-HSA-389356	942	4067	117145	57761	5295	253260	941	55615	6035	8874	998	5585	9402	208	5586	5290	64223	5170	10000	7409	7525	1326	2885	79109	6714	2534	207	5296	3932	3229	2475	9020	8503	940
CD28 Dependent PI3K/Akt Signaling R-HSA-389357	942	117145	57761	5295	253260	941	55615	208	5290	64223	5170	10000	1326	79109	2534	207	5296	3932	3229	2475	9020	8503	940
CD28 Dependent Vav1 Pathway R-HSA-389359	942	2534	3932	941	5586	6035	8874	998	7409	2885	940	5585
CDC42 GTPase Cycle R-HSA-9013148	10788	89839	25791	22899	8874	4296	116984	114793	5586	201176	9912	83478	23380	11135	139818	5589	7037	23580	644150	8976	7204	10458	50649	3930	23348	143872	9743	752	10672	857	23513	51133	28964	124997	23092	5296	29	26030	64411	23229	10652	1959	51291	9578	7074	81624	393	5295	57569	10602	55114	9341	23365	5585	10160	29062	55619	10435	398	2245	25894	55789	9826	29127	394	57580	2909	396	115557	57522	115703	3728	81704	23002	9644	128239	392	148170	50855	101059918	998	397	54874	4983	7456	92799	4650	64857	128272	7454	79658	9411	84364	51306	85440	80243	153478	23268	147179	57572	9459	23048	10395	8773	57480	4168	9639	80728	57584	56990	6453	91010	55240	121512	10298	26286	81839	85360	85021	90627	5924	58504	8826	7984	2040	23526	10451	57514	7112	3895	55004	116985	9815	117289	1894	50619	7879	221178	7410	27237	26084	257106	9754	144402	23263	64333	8476
CDC6 Association With ORC:origin Complex R-HSA-68689	23595	990	5000	10166	23594	84515	83884	5001
CDK-mediated Phosphorylation And Removal Of Cdc6 R-HSA-69017	5693	5706	1017	5720	122706	5698	27338	5719	11065	5718	10197	7324	5717	23198	5687	143471	7311	246184	7316	5696	5686	5699	6233	898	29882	5684	5685	5683	5713	5708	5682	5702	5701	119504	5714	5705	5689	5721	8697	10213	5688	5692	5715	9134	7321	51529	5690	51343	10393	9491	5691	5711	5695	9861	8881	5716	5709	5694	7979	990	51433	25906	29945	996	5700	8900	5710	890	64682	5704	7314
CHL1 Interactions R-HSA-447041	3312	8829	27255	3673	10752	3688	286	8515	3672
CLEC7A (Dectin-1) Induces NFAT Activation R-HSA-5607763	3709	3708	10768	3710	4772	5530	5532	5534	801	4773	4775
CLEC7A (Dectin-1) Signaling R-HSA-5607764	5720	3551	10197	5717	997	23198	5687	7316	3709	5686	6233	6500	5685	4772	1147	5708	5714	10454	4775	10213	841	5580	5532	801	5695	5716	5700	5710	5693	122706	5970	5718	8454	143471	5696	5682	5701	4773	5705	10892	7334	5721	5170	10768	3710	3553	23118	5709	6367	8517	5706	84433	5698	5719	387522	5534	29108	7311	5699	64581	8915	4791	7189	9039	7321	5715	5690	5691	9861	6850	9040	6714	7979	9020	5692	8945	64170	3708	6885	7322	23291	4790	5684	5713	5683	6361	5702	5689	4792	5688	9491	5971	5711	5694	5336	5530	257397	5704	7314
CLEC7A/inflammasome Pathway R-HSA-5660668	10892	841	4790	5970	3553	29108
COPI-dependent Golgi-to-ER Retrograde Traffic R-HSA-6811434	55738	1314	81876	9183	4905	51594	22818	53407	51226	56992	3796	23095	146909	3834	24137	377	80142	26153	55083	3798	221458	11316	3835	9585	81930	9476	23046	147700	29127	60561	9493	381	9554	55582	3799	3831	5861	3797	55614	84364	11127	378	124602	662	22920	64147	8774	113220	10112	55605	54732	1062	3800	100302736	84643	22820	3832	10749	547	1315	23423	90990	26286	3833	65264	9371	11015	10945	23303	11004	10959	9276	11014	372	6836	285643	26958	89953
COPI-independent Golgi-to-ER Retrograde Traffic R-HSA-6811436	636	1639	22931	5049	51164	2590	25782	23299	2589	5048	1783	10671	51560	829	5050	55860	5870	140735	11258	832	93661	5321	51143	84516	830	8655	22930	1778	1781	8398	10121	56894	10540	1780
COPI-mediated Anterograde Transport R-HSA-6807878	1639	6811	55738	1314	81876	10671	829	22796	4905	22818	93661	84342	51226	3630	51143	25839	830	57511	10652	6708	377	80142	2350	287	10282	6710	1783	286	11258	11316	2804	9476	1778	1780	1604	381	51164	9382	966	5861	8615	140735	2801	84364	378	6709	288	8774	8655	1781	6711	54732	10540	91949	100302736	22820	51272	1315	23423	26286	51332	6712	55860	11015	832	10466	10945	9570	83548	64689	84516	10959	11070	9276	11014	372	57731	10121	9527	26958
COPII-mediated Vesicle Transport R-HSA-204005	10802	10960	6811	79748	83696	2350	6396	2157	5537	7039	51399	966	149111	1294	22870	9554	9632	10282	81876	22872	23256	55014	6399	122553	9919	5861	128637	1075	8615	10113	2801	81562	90411	4905	9570	51128	10175	1522	11196	23243	10342	7109	64689	27095	55291	10959	5265	9476	9117	8774	3998	10484	126003	2153	2890	254263	58485	51693	26984	1453	10652	79090	89866	10427	374	9871
CREB Phosphorylation R-HSA-199920	6197	6195	6196	2668	1385	9252	9261
CREB1 Phosphorylation Thru NMDA Receptor-Mediated Activation Of RAS Signaling R-HSA-442742	6197	6195	4356	4893	5594	114787	2904	815	1739	816	5924	818	5923	6196	5170	3996	27330	2906	801	3265	4355	88	1385	4747	5595	817
CREB1 Phosphorylation Thru Activation Of Adenylate Cyclase R-HSA-442720	5578	5573	5577	5613	107	1385	5567	5576	5568	801	114	5575
CREB1 Phosphorylation Thru Activation Of CaMKII/CaMKK/CaMKIV Cascasde R-HSA-442729	1385	3838	816	814	84254	801	818	10645
CREB3 Factors Activate Genes R-HSA-8874211	90993	84699	81501	51360	153222	148327	64764	8720
CRMPs In Sema3A Signaling R-HSA-399956	2242	5361	2534	8829	55558	1809	10570	91584	1020	1808	10371	2932	8851	1400	56896	5362
CS/DS Degradation R-HSA-2024101	3423	633	1464	411	3425	1463	1462	3074	6677	8372	63827	10675	1634	3073
CTLA4 Inhibitory Signaling R-HSA-389513	942	4067	1493	941	5525	5527	5528	208	5529	5518	5519	10000	7525	5515	5526	6714	5781	2534	207	3932	5516
CTNNB1 S33 Mutants Not Phosphorylated R-HSA-5358747	5527	1452	5528	5515	1499	5519	139285	5516	5624	5529	8312	2932	5525	5526	5518
CYP2E1 Reactions R-HSA-211999	1571	1572	1559	1548	1553	1558	1555	1549	1557	29785
Ca-dependent Events R-HSA-111996	5578	5577	107	112	156	5594	5567	5568	84254	114	5573	5613	5582	5136	815	816	5576	111	814	115	5137	818	113	5580	5321	801	26960	196883	3838	5575	1385	108	5153	817	10645
Ca2+ Activated K+ Channels R-HSA-1296052	3781	3778	3780	27094	3782	3783	3779	27345
Ca2+ Pathway R-HSA-4086398	5578	4893	54331	51764	2783	5331	3708	2786	192670	59345	2775	6885	5534	5148	8322	2791	51701	3709	2792	7474	4343	5158	5593	815	1499	8323	4772	26523	10681	8313	5592	5145	6934	83439	27327	7481	94235	2785	3710	2782	51176	2793	4609	5532	801	2788	5330	55970	2780	27161	6932	23112	2535	2787	23236	5530	2790	192669	2784	8326	57690
CaM Pathway R-HSA-111997	5578	5577	107	112	156	5567	5568	84254	114	5573	5613	5582	5136	815	816	5576	111	814	115	5137	818	113	5580	801	26960	196883	3838	5575	1385	108	5153	817	10645
CaMK IV-mediated Phosphorylation Of CREB R-HSA-111932	815	1385	3838	816	814	84254	801	818	817	10645
Calcineurin Activates NFAT R-HSA-2025928	2280	4772	5530	5532	5534	801	4773	5478	4775
Calcitonin-like Ligand Receptors R-HSA-419812	10266	133	79924	799	10203	10267	10268	3375	796	797
Calnexin/calreticulin Cycle R-HSA-901042	821	84447	10299	55757	10956	7316	7311	811	91445	6233	6400	51009	5589	11253	23193	55741	56886	7844	11236	267	80267	2923	6048	9695	10206	7314
Cap-dependent Translation Initiation R-HSA-72737	9045	6192	25873	6181	6188	6164	6233	3921	6129	6136	8664	6130	140032	2197	6193	1967	8661	8665	6208	6157	6205	1978	1964	6207	116832	6210	1977	6132	28998	6166	6229	6143	6144	200916	6165	1974	6141	3646	6218	6227	6228	6156	51187	6194	6147	6161	6209	9669	6201	140801	6155	26986	6138	4736	6232	6142	6203	6160	6124	8668	8666	10480	8890	6135	8891	6234	51121	6189	6128	6125	6217	7311	6123	6159	6175	6168	8669	1975	9349	8892	8893	27335	6169	6176	1983	6224	1965	1981	6167	6173	6223	6204	6146	6171	7458	51386	6187	6230	6158	1968	8894	1973	8662	6122	6206	23521	11224	51065	6235	8663	6170	8667	6154	6202	6191
Carboxyterminal Post-Translational Modifications Of Tubulin R-HSA-8955332	25809	340351	25941	284076	150465	123624	83887	254173	9654	26140	84617	10382	22846	60509	7280	7278	79805	91978	10383	158135	347733	374969	112714	347688	84276	164395	84871	23287	79739	10376	113457	54839	203068	10381	23170	79841	84790	7846
Cardiac Conduction R-HSA-5576891	444	59285	782	10142	6262	480	2258	30818	53828	490	3709	3784	2256	28996	56660	8645	478	6330	5350	6324	4880	3761	801	482	3751	775	3767	2281	6547	483	25937	9424	7137	1066	5578	1482	59284	10089	489	816	55800	3757	1760	10768	3710	10699	204851	54207	6910	6335	1193	3770	60598	6543	6261	487	83795	5349	10008	9254	3777	477	2259	6588	5348	6332	23630	59283	6323	3752	492	56659	23704	818	89822	486	6327	6786	84876	6546	30819	10345	3750	3775	4881	6263	53822	27092	481	488	338567	2257	817	6717	10641	3708	3753	6336	51305	6328	3768	2626	815	3759	783	29098	493	3776	4321	11280	3741	50801	80333	6329	80228	4878	10060	340719	9992	6331	6326	7220	30820	8850	6334
Cargo Concentration In ER R-HSA-5694530	10802	10960	6811	375056	79748	2350	7039	2157	966	149111	1294	9554	9632	1075	10113	81562	90411	9570	51128	10175	1522	387885	10959	5265	3998	10484	2153	2890	254263	10427	374	9871
Cargo Recognition For Clathrin-Mediated Endocytosis R-HSA-8856825	26119	6845	2069	4738	7316	6233	10618	91683	3482	920	7037	22905	4074	1861	2885	1601	1856	685	7018	409	50618	55707	115548	114548	7039	9341	29924	84251	8322	50813	30011	23149	1211	8218	163	255324	6457	29988	1950	127833	8027	90019	950	27348	6869	2060	374	3575	10254	161	1956	143425	8674	7311	7474	8301	3949	3267	10920	11037	160	29978	10987	867	9318	9185	25977	29979	85439	1213	6453	156	9856	554	185	4036	1175	1173	8533	1129	9892	408	85021	8673	9146	6844	58513	157	154	6857	10980	6456	51138	915	1839	1212	6455	2873	6572	1080	338	7314
Cargo Trafficking To Periciliary Membrane R-HSA-5620920	582	55763	80142	22948	583	6753	5147	585	6010	6950	123016	54498	10640	192668	149371	2847	27241	92482	117177	200894	1262	60412	56623	55212	10576	10694	378	23265	8195	11336	25865	1260	50807	1258	79738	54536	55770	54585	84100	403	10575	7203	5310	8766	129880	4218	84747	9727	166379	390916
Carnitine Metabolism R-HSA-200425	788	5467	6256	51422	58526	6584	5563	1374	5565	1376	7069
Caspase Activation Via Death Receptors In Presence Of Ligand R-HSA-140534	2194	10010	23643	841	356	148022	8772	7099	8737	8743	8797	8795	8717	4695	8837
Caspase Activation Via Dependence Receptors In Absence Of Ligand R-HSA-418889	9500	219699	23604	836	26060	90249	842	1613	1612	1630
Caspase Activation Via Extrinsic Apoptotic Signaling Pathway R-HSA-5357769	219699	8772	1630	23643	148022	90249	7099	1613	8717	1612	8837	2194	841	836	26060	8737	8795	4695	9500	23604	10010	356	8743	842	8797
Caspase-mediated Cleavage Of Cytoskeletal Proteins R-HSA-264870	6709	840	841	28988	836	4137	5339	2620	7431	118	2934	839
Cation-coupled Chloride Cotransporters R-HSA-426117	6559	6560	10723	57468	6557	9990	6558
Cdc20:Phospho-APC/C Mediated Degradation Of Cyclin A R-HSA-174184	5693	5706	5720	27338	122706	5698	983	5719	11065	5718	10197	7324	5717	23198	5687	143471	7311	246184	7316	5696	5686	5699	6233	5684	29882	5685	5683	5713	5708	5682	5702	5701	119504	5714	5705	5689	5721	8697	10213	5688	5692	5715	4085	7321	51529	5690	9491	10393	5691	5711	5695	9861	991	8881	5716	5709	5694	7979	51433	25906	29945	996	701	9184	5700	8900	5710	890	64682	5704	7314
Cell Cycle Checkpoints R-HSA-69620	128312	55143	5720	55839	348235	1063	6396	79003	165918	10197	995	5717	79172	4361	23198	5687	7316	5686	5048	6233	5685	51588	7157	80776	220134	151648	284058	5708	119504	10926	5714	9183	401541	10213	5903	10393	51143	3796	5695	5526	5883	9025	7158	5716	6119	25885	7486	8345	5000	993	701	8342	23594	5700	9212	5710	144715	390502	8379	9088	5693	255626	8317	79980	23595	51230	122706	5982	27338	54821	5718	57405	81565	8341	699	5527	472	23421	5501	55388	5696	143471	5984	10971	5884	898	1783	7531	55746	79023	3014	3018	102724334	5529	5682	5701	55055	85236	7468	5705	7334	25909	3017	5721	6232	8349	23279	81930	79682	10166	10403	57122	8881	11200	4193	8924	25996	23332	5709	990	1778	57082	64105	9184	4194	4175	22919	55166	1780	5985	5706	1017	5698	51512	23122	641	5719	4173	79184	7324	54908	5525	332	81929	64946	83695	7311	80010	580	5699	63967	9735	4928	79019	29882	147841	4174	7529	2491	1029	7532	140735	84172	151246	114769	3364	84126	1111	7321	5715	8290	51529	5690	5519	5691	116028	5515	9577	8655	9861	5001	7979	10726	11073	1781	7336	996	29945	7514	672	8900	7533	890	1062	64682	5692	84643	4172	8340	7465	5932	25946	983	1763	10524	3619	10111	11065	83990	1058	79902	891	5905	7156	80152	5347	246184	84142	9133	5528	5684	5713	5683	5983	8970	54820	5702	5518	55920	5689	9156	57060	1026	8697	6236	57551	5688	9134	4085	51720	9491	9656	11004	5711	9793	6249	991	8348	83540	8318	4176	83884	7534	11130	5694	29086	91687	51433	25906	9048	5516	1027	84515	348995	5704	7314
Cell Cycle R-HSA-1640170	10142	5933	3842	995	5427	5048	4659	220134	151648	5708	27183	63922	7444	119504	5888	9183	55957	9126	10844	4926	22974	1874	1019	51143	4609	1030	10783	9025	55505	8021	84790	5710	11097	8379	255626	129401	8317	7175	55559	122706	5982	3161	23310	54433	5931	387893	5527	55844	55388	898	1783	10388	55746	29922	55869	5701	9688	5705	7468	25909	10762	5431	10403	11200	25996	8924	55651	1778	10733	84296	23592	994	55125	9493	5698	23122	641	23345	4000	4173	580	4928	3013	95681	10382	5861	7029	8615	8243	4331	1111	5440	5715	5519	29935	283987	2932	200014	27436	5111	51400	23626	29945	1022	672	4927	50511	890	64682	286826	8945	10776	5932	25	25946	10524	11065	93426	27243	23397	27127	5713	4751	5683	5983	27229	5702	7027	6847	57060	1026	6236	84962	57551	54386	80097	28227	984	9491	347688	5711	23194	83540	3020	9883	29086	91687	5885	51433	5516	55164	5595	7314	27175	55143	1031	5594	348235	1063	4605	474382	8331	79991	22897	10133	23198	3015	5557	5685	80776	25836	80169	6418	2237	401541	85378	10213	3930	7341	902	5526	5883	7153	6119	7486	55355	8345	993	56979	23399	9212	390502	9798	9088	7298	23649	9232	55320	54821	1459	8341	157570	29781	84617	9814	10971	7531	8815	26271	8338	23141	79023	80119	5529	55055	85236	3017	5721	112714	1876	23279	6683	25978	79682	54107	10376	8881	207	4193	5709	9631	653784	6241	64105	4194	64900	5925	22919	55166	94239	6502	23511	79184	7324	54908	221496	80010	121441	147841	23353	79019	29882	11116	55722	10051	7278	2801	91750	151246	3364	91754	5439	1736	3326	5691	5434	5001	1028	9738	54892	4957	5558	7336	80184	996	7533	25913	5692	728642	84643	7465	79861	983	3619	10111	83990	1058	5905	891	22994	5753	54930	9133	3065	22933	7283	5684	9985	56937	132660	80254	8697	894	8334	8086	64151	991	25906	10121	2010	8607	2305	128312	91782	27030	5720	55839	51807	165918	9662	10806	79172	4361	81876	5687	7316	5934	5686	51659	51588	284058	7280	11083	10926	23165	7013	5903	51343	10393	25777	22995	5695	7158	4149	5716	128866	25885	5000	55135	701	8342	6790	144715	102800317	5693	9818	79980	1859	11339	1021	22981	54069	29893	5718	8454	1875	6573	23063	10735	5501	23383	546	5432	3014	4439	3018	23244	644186	5435	5520	8467	8349	595	81930	3837	387103	7329	10166	140609	23332	723790	990	4001	5425	9184	7014	9663	79075	5985	1616	1017	8481	80028	1163	4292	113130	5719	51053	4174	63967	9735	7529	1029	7532	140735	896	55766	64785	84126	4869	7321	23243	8290	51529	7083	5430	8655	5108	10112	9702	8548	7979	10726	79866	1781	11073	22822	55706	91768	1062	7846	7015	84057	4172	54921	53371	7156	80152	5347	23291	246184	9837	5528	1719	126961	8970	9918	51750	51451	5436	9156	5889	7112	23225	347733	9134	4085	115106	64689	51720	9656	11004	675	1870	114799	5422	3306	8318	8468	3320	63943	7534	57804	51773	1453	26277	84515	79441	5577	1639	7277	6396	4660	10197	5717	5928	83452	6233	6500	7157	5714	54801	5901	5579	55291	3796	201254	26003	5437	11064	10734	23594	5700	5862	5500	8556	4438	5578	55835	4067	23595	51230	27338	9978	1460	57405	81565	5424	699	23421	472	143471	1104	5696	9972	5984	5884	1869	102724334	5682	11258	9700	2033	7334	6232	56655	440145	84659	84131	84930	57122	10856	26018	10426	55755	114791	57082	4175	23636	1780	80321	11190	5706	51512	23354	332	5525	81929	64946	56158	83695	7311	79643	3717	5699	1871	2491	84172	2029	10383	114769	5433	5441	5690	23224	23047	10000	116028	5515	9577	9861	6714	113457	5438	7443	10381	79648	4218	7514	8900	10540	81620	79959	55142	8340	1763	65057	5537	1069	79902	1032	84142	256126	208	8636	54820	5518	55920	5689	255919	23175	5688	9793	6249	8348	83884	4176	5426	11130	203068	5694	10714	92421	23133	7840	93323	9048	1027	79003	348995	5704	5116
Cell Cycle, Mitotic R-HSA-69278	10142	5933	3842	995	5427	5048	4659	220134	151648	5708	27183	7444	119504	9183	55957	9126	10844	4926	22974	1874	1019	51143	4609	1030	10783	8021	84790	5710	11097	8379	255626	129401	8317	7175	55559	122706	5982	3161	23310	387893	5527	55844	55388	898	1783	55746	29922	55869	5701	9688	5705	25909	10762	10403	10733	1778	84296	23592	994	55125	9493	5698	23122	4000	4173	4928	3013	95681	10382	5861	7029	8615	8243	4331	5715	5519	29935	2932	200014	27436	5111	51400	29945	1022	4927	890	64682	286826	8945	10776	25	11065	27243	23397	5713	4751	5683	5983	27229	5702	7027	1026	57551	84962	80097	28227	984	9491	347688	5711	23194	83540	3020	9883	91687	5885	51433	5516	5595	7314	27175	55143	1031	5594	348235	1063	4605	474382	8331	22897	10133	23198	3015	5557	5685	80776	25836	6418	2237	401541	85378	10213	3930	7341	902	5526	7153	6119	8345	993	23399	9212	9798	9088	7298	23649	9232	54821	1459	8341	157570	29781	84617	9814	7531	8815	26271	8338	23141	79023	5529	55055	85236	3017	5721	112714	1876	23279	6683	25978	79682	54107	10376	8881	207	5709	9631	653784	6241	64105	64900	5925	22919	55166	94239	6502	23511	7324	54908	221496	121441	147841	79019	29882	11116	55722	10051	7278	2801	91750	151246	91754	3326	5691	5001	1028	9738	54892	4957	5558	80184	996	5692	728642	84643	7465	79861	983	3619	5905	1058	891	22994	5753	54930	9133	3065	22933	7283	5684	56937	132660	80254	8697	894	8334	8086	64151	991	25906	10121	2010	2305	128312	91782	5720	55839	51807	9662	10806	79172	81876	5687	7316	5934	5686	51659	284058	7280	10926	23165	5903	51343	10393	22995	5695	4149	5716	128866	25885	5000	701	8342	6790	102800317	5693	9818	79980	1859	1021	22981	5718	6573	8454	1875	23063	10735	5501	23383	3014	3018	23244	5520	8349	595	81930	3837	7329	10166	140609	23332	723790	990	4001	5425	9184	9663	5985	1017	8481	80028	1163	5719	113130	51053	4174	9735	1029	7532	140735	896	55766	64785	7321	8290	51529	7083	8655	5108	10112	9702	8548	7979	10726	79866	1781	22822	55706	91768	1062	7846	4172	53371	80152	5347	23291	246184	9837	5528	1719	126961	8970	9918	51451	7112	23225	347733	9134	4085	115106	64689	11004	1870	114799	5422	8318	3320	63943	57804	1453	84515	79441	5577	1639	7277	6396	4660	10197	5717	5928	83452	6233	6500	7157	5714	54801	5901	5579	3796	26003	11064	23594	5700	5862	5500	8556	5578	55835	4067	23595	27338	9978	1460	57405	81565	5424	699	23421	143471	1104	5696	9972	5984	1869	102724334	5682	11258	9700	2033	6232	56655	440145	84659	84131	84930	57122	26018	10426	55755	114791	57082	4175	23636	1780	80321	11190	5706	51512	23354	332	5525	81929	64946	7311	79643	3717	5699	1871	2491	84172	2029	10383	5690	23047	10000	5515	9861	6714	113457	7443	10381	79648	4218	7514	8900	10540	81620	79959	55142	8340	1763	1069	79902	1032	208	8636	54820	5518	55920	5689	255919	23175	5688	9793	6249	8348	83884	4176	5426	11130	203068	5694	10714	92421	23133	7840	93323	1027	79003	348995	5704	5116
Cell Death Signaling Via NRAGE, NRIF And NADE R-HSA-204998	5663	6453	25791	100271715	84033	22899	6035	23370	8874	27018	23365	55701	121512	4804	6654	23421	54848	7311	7316	5664	445328	6233	7531	8997	26230	55851	64857	2245	26574	128272	11214	5599	5924	84904	7984	835	55119	6655	10451	7189	9181	55160	50650	7204	50649	836	1894	389337	10672	9826	9459	7409	8878	9828	83464	7410	57449	51107	9500	27237	29	57580	26084	572	4168	23229	9639	4803	23385	9138	23263	10018	7074	7314
Cell Junction Organization R-HSA-446728	26285	9074	1013	1008	5339	3910	1010	64403	2316	1495	1007	5819	57863	3918	7408	23562	51343	5818	55742	5584	1015	1308	1366	81607	4301	23705	84552	9076	3987	55679	149461	5817	84612	5010	7122	253559	3688	1016	87	1012	1002	2318	10979	9073	24146	29780	3611	3728	9069	3914	6251	137075	7837	50855	977	1365	92359	1499	51208	667	64398	9459	9075	28513	7016	54751	54549	1004	25945	1000	50848	49861	1364	53842	283	9080	1003	1009	221935	56288	3655	10686	3691	9071	1006
Cell Recruitment (Pro-Inflammatory Response) R-HSA-9664424	719	114548	5970	3552	29108	957	10910	4790	834	5027	4791	5025	3606	1511	25828	3553	3326	4907	79792	718	953	10628	9051	3162	4210
Cell Surface Interactions At Vascular Wall R-HSA-202733	3675	3678	7056	4893	3897	6402	90952	8458	51378	3683	5676	962	23657	5335	634	5678	51206	6383	3690	23539	5290	5680	8793	857	482	2885	4072	10522	2534	5296	483	2996	8832	3676	440533	58494	3512	4067	3635	5295	11136	4680	5627	2207	5672	3684	2995	9123	83700	6385	140885	7102	5196	3688	2886	5777	7441	965	960	83953	7525	5781	1088	3543	5291	285	2621	4099	8797	8140	5478	100423062	3685	2335	51744	9672	6404	9057	83692	23759	5671	6566	961	23428	9046	55423	9056	6401	5675	972	56301	120425	3689	57126	54210	6520	2817	8795	6414	5624	6714	90273	7010	481	3932	4267	5175	1525	682	2734	9463	50848	29802	284	6382	3687	6654	4312	6280	2994	10544	4973	5673	5670	5197	3265	914	3655	7040	6464	10461	1048	2888	338
Cell-Cell Communication R-HSA-1500931	26285	9074	1013	1008	5339	8935	55243	3910	1010	64403	2316	1495	1007	5819	84063	5290	8976	57863	3918	7408	23562	51343	5818	55742	5584	2885	2534	5296	1015	1308	1366	81607	4301	23705	84552	5295	9076	3987	55679	149461	5817	84612	5010	81	7122	140885	253559	3688	1016	87	1012	5777	1002	2318	23607	5781	10979	5291	9073	24146	29780	3611	3728	9069	4868	3914	6251	137075	7837	4690	50855	977	1365	92359	961	1499	55423	8440	84623	51208	6709	667	64398	9459	9075	28513	7016	9863	89	6714	54751	54549	6711	1004	25945	1000	50848	49861	1364	53842	10326	283	5747	2185	9080	8826	1003	1009	8573	221935	56288	2533	3655	10686	7305	88	3691	9071	1006
Cell-cell Junction Organization R-HSA-421270	23705	26285	84552	9074	1013	50848	137075	9076	49861	50855	1008	1365	149461	1364	5817	84612	5010	53842	7122	92359	283	1010	253559	1499	64403	1495	1016	1007	1012	9080	5819	1003	1002	51208	57863	1009	1000	221935	23562	51343	5818	64398	56288	9075	28513	5584	10686	1015	9073	24146	54549	1366	1004	25945	3728	81607	4301	9071	9069	1006
Cell-extracellular Matrix Interactions R-HSA-446353	10979	7016	2318	6251	7837	54751	3987	7408	55679	2316	9459	3688	29780	3611	87	55742
Cellular Senescence R-HSA-2559583	128312	1031	5594	5608	474382	8331	3456	4361	5928	79813	7316	3015	6233	7157	2146	5599	119504	80012	7013	8726	1019	10393	51343	7290	1030	5600	8345	8342	199699	255626	84733	3009	27338	5970	1021	2107	6015	5931	29855	8341	472	6045	23523	898	6416	8338	1869	4343	3014	3018	7867	102724334	6774	5609	26523	2353	3006	85236	3490	27327	2113	3017	6196	4217	25828	8349	27287	3576	8881	4193	723790	4001	7014	4194	5925	23466	6195	2114	1017	94239	8535	23135	7324	3552	7311	29882	10919	3013	1871	1029	3007	7029	55766	3397	7321	23043	8290	51529	8550	5602	5606	23112	996	5601	29945	5598	8900	890	50488	64682	25913	9261	6197	8340	10524	65057	10111	11065	1051	3159	3569	1032	57332	246184	4790	126961	23512	8970	3005	7027	57634	1026	8697	54386	8091	9134	1912	8334	3725	1870	8348	3020	1911	1432	3008	22955	25842	3024	51433	25906	9048	1027	192669	9448	192670	5595	26277	57690	7314
Cellular Hexose Transport R-HSA-189200	6515	85414	6517	81031	55974	6514	6523	11182	154091	66035	29988	200010	56606	6513	144195	155184	91749	6524	6527	125206	26291
Cellular Response To Chemical Stress R-HSA-9711123	10128	5720	27244	9167	538	2880	10197	7975	5717	2878	5687	23198	7316	23657	5686	6233	6500	493869	5685	5708	7296	10249	1329	10499	5714	50507	10213	5580	1535	4609	55620	5695	4363	5716	9377	116228	10628	25942	5700	5710	10587	6604	25824	26043	645	2950	2168	5693	6737	122706	140809	1337	114548	9978	51204	4688	1460	2938	1459	5718	8454	23054	4780	2876	143471	653361	1351	6647	54205	257202	5696	8452	1327	213	6774	5682	1349	5701	9612	79594	2882	5705	2033	5052	5721	6834	25828	8841	9817	8648	343	2877	644	207	5709	6649	285521	80205	6341	10935	30001	134826889	5706	9997	5698	6256	6502	9611	5719	7311	85441	5699	3163	55666	84987	5034	1029	23309	26227	5715	9973	5690	90639	5691	51241	10000	2932	8878	9861	10498	7979	1350	3162	57717	5692	7086	286826	3417	8945	7353	83990	8930	475	83667	5753	6907	2730	5684	5713	5683	208	7001	64839	2729	5702	6888	5689	318	1345	4851	5688	1340	468	1536	9491	2940	4097	5711	8266	1387	1728	5694	81502	5465	81631	7415	2936	4689	79718	5704	7314
Cellular Response To Heat Stress R-HSA-3371556	5594	6396	7266	871	9531	29074	1410	27000	84335	23165	64223	5903	3305	6119	25885	8021	390502	11097	129401	9818	3337	7175	57521	3310	472	9972	7531	22824	816	55746	79023	10013	10049	3297	9688	2033	9530	10762	2765	259217	1413	6767	23279	84659	57122	3312	9529	9631	26353	23636	3313	573	1288	10808	3303	23511	57805	23411	3281	81929	4928	51501	9532	1915	2288	818	84172	3308	3326	27242	2932	162989	55706	4927	817	9261	3309	53371	6013	51182	79902	91582	116835	815	10728	23225	6782	8086	1387	3306	3320	9883	7415	2475	5595	348995	7314
Cellular Response To Hypoxia R-HSA-1234174	5693	5706	375056	5720	126374	122706	5698	7422	8288	9978	5719	5718	10197	54583	5717	25994	7322	23198	5687	143471	55662	7311	7316	5696	5686	5699	6233	5684	5685	5713	5683	7323	112399	5708	5682	5702	5701	5714	6921	768	5705	5689	2033	5721	10213	84962	5688	5692	5715	7321	5690	9491	5691	5711	1387	5695	7428	9861	64344	10370	7979	5716	5709	5694	8453	2034	3091	6923	5700	5710	8994	5704	7314
Cellular Response To Starvation R-HSA-9711097	527	9045	27244	6192	25873	6181	6396	1649	6188	6164	6233	3921	6129	6136	127124	6130	140032	2197	6193	523	55364	2668	6208	64223	6157	6205	51606	6207	116832	9114	9681	6210	6132	28998	526	6166	652968	6229	6143	6144	200916	467	6165	6141	6218	6227	57521	57761	6228	79726	6156	51187	64121	6194	6147	6161	6209	533	6201	140801	6155	90423	440275	23677	6138	4736	57600	6232	6142	6203	54468	9296	6160	440	6124	201163	9550	6135	534	6234	58528	51121	10670	23334	6189	6128	81929	6125	6217	7311	6123	6159	525	8992	6175	245973	6168	144577	529	6009	9349	11133	245972	10312	6169	155066	6176	6224	1965	55846	6167	6173	6223	389541	10641	6204	528	10542	154743	6146	6171	1051	6187	83667	729438	6230	6158	1968	8894	51382	10985	6122	6206	23521	11224	51065	10325	6235	153129	55004	468	96459	1054	6170	28956	8649	6154	84219	8131	2475	6202	6191
Cellular Responses To Stimuli R-HSA-8953897	9045	27244	9167	2880	6188	6164	54583	871	29074	10671	5708	7296	493901	6130	119504	1329	10954	140032	2197	55364	93661	1019	6205	51143	4609	1030	9114	6210	6132	4504	9377	8021	652968	84560	5710	8994	10587	11097	26043	255626	129401	3009	6227	375056	7175	122706	114548	51204	4688	4499	5931	6147	653361	6347	6155	898	1327	1783	22824	6416	55746	4800	10049	1349	26523	5701	6138	2882	23373	9688	3490	5705	22809	10762	9296	6160	2765	8648	9550	343	64344	2877	644	6649	1778	30827	23466	90993	51121	6195	10935	2114	5241	58528	2887	5698	23334	8535	23135	51164	4000	6189	23411	56005	6123	23643	4928	51501	3013	7323	4502	7029	529	6009	2908	5715	23043	245972	2932	6169	10370	5602	8453	5601	29945	6167	4927	890	64682	57717	817	167227	286826	8945	10641	10524	23645	7184	11065	51182	3569	51726	25994	91582	7322	729438	10897	9709	5713	815	5683	2673	5702	6206	55860	7027	23521	832	9570	1026	54386	84962	153129	8091	1340	1536	9491	5711	2931	3020	1728	8649	1911	9883	6154	3008	9797	25842	51433	4689	5595	7314	9572	527	84447	6192	1031	5594	55466	474382	7266	8331	3456	10294	79813	23198	3015	118460	5685	6136	1410	829	10249	10499	84335	64764	6193	10213	64061	2668	64223	5580	55620	116832	5526	51013	4363	5073	6119	28998	116228	5600	8345	25942	6143	55062	390502	56915	199699	9088	25824	6141	3337	2168	1337	64121	51187	2107	2938	1459	8341	9820	54205	7531	213	8338	79023	440275	6774	3297	23677	2353	9612	57600	85236	3017	6196	5721	6142	6203	4217	25828	23279	259217	7466	3576	8881	207	4193	5709	80205	9631	1385	534	335	4494	4194	5925	26353	100137049	374	3313	9575	30001	9997	94239	6256	6502	10808	23511	7324	6217	85441	6159	4496	29882	6168	84987	4489	23309	818	3397	11133	5393	3326	5691	8878	10312	155066	37	162989	6224	996	6923	1965	1350	5598	6173	23404	25913	50488	5692	389541	6197	9261	7086	3417	10963	528	10111	83990	1051	3159	5753	51010	8204	6230	4790	2730	1968	8894	5684	23512	8570	10985	6620	3005	4490	6888	318	8697	23016	1912	8334	4097	8086	28956	116138	81502	25906	81631	10121	2936	10106	2475	9531	338	79718	10128	128312	5720	25873	538	55738	5608	4493	7975	4361	5687	7316	23657	4209	5686	27102	6129	54512	127124	6095	2146	27000	3484	5611	23165	7013	5903	3305	6157	51343	10393	6207	7290	830	5695	9681	22926	5716	3091	25885	6166	10628	64784	6229	8342	200916	467	5693	6218	645	2950	9818	57521	6737	140809	7422	6228	8288	79726	6156	3068	1021	5970	6194	5718	8454	6161	6209	6201	257202	140801	23523	4343	90423	3014	3018	5609	3006	4736	4801	8841	9817	8349	201163	1413	3301	84699	3312	723790	6135	6341	4001	51360	4802	7014	6234	1017	1288	55033	5719	6128	3552	55662	4501	9532	1915	6734	6175	245973	55666	5034	1029	3007	140735	144577	55766	9349	7321	3308	8290	51529	9973	153222	51241	27242	7428	8655	10498	6176	7979	2034	1781	22894	3162	55706	6223	7353	6204	10130	10542	53371	2289	6013	8930	475	6187	58477	118	57332	246184	116835	126961	7001	8970	113235	10728	64839	9451	11015	11224	1345	51065	23225	6235	2134	9134	96459	79094	2940	1054	84516	3725	1387	1870	148327	6170	3306	3320	4306	6464	84219	5465	26277	8131	9448	57690	10525	6202	11340	1639	126374	6181	10891	6396	1649	7709	10197	5717	5928	2878	4208	51266	3921	6233	493869	6500	7157	5599	27230	5714	80012	50507	523	6208	8726	51606	1535	8720	4495	526	6144	5700	6165	6604	84733	27338	57761	9978	1460	6015	23054	3310	4780	29855	2876	143471	472	1351	6647	811	9972	5696	7094	8452	533	6045	1869	816	7099	10013	1663	7867	5682	102724334	79594	11258	27327	2033	4862	2113	9530	5052	6232	6834	54468	440	6124	6767	84659	27287	1465	57122	9529	285521	81501	6745	9695	23636	1780	10670	5706	134826889	2135	573	9611	3303	57805	3281	2137	81929	6125	7311	525	5699	10919	3163	1871	8992	2288	768	6921	26227	84172	200186	4189	5690	90639	10000	9861	8550	5606	23112	55846	7514	8900	10540	3309	8340	154743	65057	6146	6171	79902	22872	83667	1032	6907	6158	208	112399	6122	2729	10113	57634	5689	4851	10325	6782	55004	5688	468	8266	8348	406	1432	5694	2081	22955	3024	7415	9048	1027	192669	192670	348995	5704	51382	6191
Cellular Responses To Stress R-HSA-2262752	9045	27244	9167	2880	6188	6164	54583	871	29074	10671	5708	7296	493901	6130	119504	1329	10954	140032	2197	55364	93661	1019	6205	51143	4609	1030	9114	6210	6132	9377	8021	652968	5710	8994	10587	11097	26043	255626	129401	3009	6227	375056	7175	122706	114548	51204	4688	5931	6147	653361	6347	6155	898	1327	1783	22824	6416	55746	4800	10049	1349	26523	5701	6138	2882	23373	9688	3490	5705	22809	10762	9296	6160	2765	8648	9550	343	64344	2877	644	6649	1778	30827	23466	90993	51121	6195	10935	2114	5241	58528	2887	5698	23334	8535	23135	51164	4000	6189	23411	56005	6123	23643	4928	51501	3013	7323	7029	529	6009	2908	5715	23043	245972	2932	6169	10370	5602	8453	5601	29945	6167	4927	890	64682	57717	817	167227	286826	8945	10641	10524	23645	7184	11065	51182	3569	51726	25994	91582	7322	729438	10897	9709	5713	815	5683	2673	5702	6206	55860	7027	23521	832	9570	1026	54386	84962	153129	8091	1340	1536	9491	5711	2931	3020	1728	8649	1911	9883	6154	3008	9797	25842	51433	4689	5595	7314	9572	527	84447	6192	1031	5594	55466	474382	7266	8331	3456	10294	79813	23198	3015	118460	5685	6136	1410	829	10249	10499	84335	64764	6193	10213	64061	2668	64223	5580	55620	116832	5526	51013	4363	5073	6119	28998	116228	5600	8345	25942	6143	55062	390502	56915	199699	25824	6141	3337	2168	1337	64121	51187	2107	2938	1459	8341	9820	54205	7531	213	8338	79023	440275	6774	3297	23677	2353	9612	57600	85236	3017	6196	5721	6142	6203	4217	25828	23279	259217	7466	3576	8881	207	4193	5709	80205	9631	1385	534	335	4194	5925	26353	100137049	374	3313	9575	30001	9997	94239	6256	6502	10808	23511	7324	6217	85441	6159	29882	6168	84987	23309	818	3397	11133	5393	3326	5691	8878	10312	155066	37	162989	6224	996	6923	1965	1350	5598	6173	23404	25913	50488	5692	389541	6197	9261	7086	3417	10963	528	10111	83990	1051	3159	5753	51010	8204	6230	4790	2730	1968	8894	5684	23512	8570	10985	3005	6888	318	8697	23016	1912	8334	4097	8086	28956	116138	81502	25906	81631	10121	2936	10106	2475	9531	338	79718	10128	128312	5720	25873	538	55738	5608	7975	4361	5687	7316	23657	4209	5686	27102	6129	54512	127124	6095	2146	27000	3484	5611	23165	7013	5903	3305	6157	51343	10393	6207	7290	830	5695	9681	22926	5716	3091	25885	6166	10628	64784	6229	8342	200916	467	5693	6218	645	2950	9818	57521	6737	140809	7422	6228	8288	79726	6156	3068	1021	5970	6194	5718	8454	6161	6209	6201	257202	140801	23523	4343	90423	3014	3018	5609	3006	4736	4801	8841	9817	8349	201163	1413	3301	84699	3312	723790	6135	6341	4001	51360	4802	7014	6234	1017	1288	55033	5719	6128	3552	55662	9532	1915	6734	6175	245973	55666	5034	1029	3007	140735	144577	55766	9349	7321	3308	8290	51529	9973	153222	51241	27242	7428	8655	10498	6176	7979	2034	1781	22894	3162	55706	6223	7353	6204	10130	10542	53371	2289	6013	8930	475	6187	58477	118	57332	246184	116835	126961	7001	8970	113235	10728	64839	9451	11015	11224	1345	51065	23225	6235	2134	9134	96459	79094	2940	1054	84516	3725	1387	1870	148327	6170	3306	3320	4306	6464	84219	5465	26277	8131	9448	57690	10525	6202	11340	1639	126374	6181	10891	6396	1649	7709	10197	5717	5928	2878	4208	51266	3921	6233	493869	6500	7157	5599	27230	5714	80012	50507	523	6208	8726	51606	1535	8720	526	6144	5700	6165	6604	84733	27338	57761	9978	1460	6015	23054	3310	4780	29855	2876	143471	472	1351	6647	811	9972	5696	7094	8452	533	6045	1869	816	7099	10013	1663	7867	5682	102724334	79594	11258	27327	2033	4862	2113	9530	5052	6232	6834	54468	440	6124	6767	84659	27287	57122	9529	285521	81501	6745	9695	23636	1780	10670	5706	134826889	2135	573	9611	3303	57805	3281	2137	81929	6125	7311	525	5699	10919	3163	1871	8992	2288	768	6921	26227	84172	200186	4189	5690	90639	10000	9861	8550	5606	23112	55846	7514	8900	10540	3309	8340	154743	65057	6146	6171	79902	22872	83667	1032	6907	6158	208	112399	6122	2729	10113	57634	5689	4851	10325	6782	55004	5688	468	8266	8348	406	1432	5694	2081	22955	3024	7415	9048	1027	192669	192670	348995	5704	51382	6191
Centrosome Maturation R-HSA-380287	27175	79441	5577	1639	7277	10142	22897	9662	10806	5048	54801	10844	85378	22995	11064	102800317	5578	55835	55559	22981	9814	7531	29922	11258	440145	84131	10733	10426	55755	23332	1778	114791	653784	22919	80321	55125	11190	8481	23354	121441	95681	10382	11116	55722	7532	10383	8655	5108	9702	9738	4957	80184	1781	7846	10540	79959	55142	728642	983	1069	22994	5347	54930	7283	4751	8636	27229	80254	54820	5518	80097	115106	984	9793	3320	203068	7840	93323	1453	10121	5116
ChREBP Activates Metabolic Gene Expression R-HSA-163765	2194	47	31	51085	32	10554	5313
Chaperone Mediated Autophagy R-HSA-9613829	3920	1068	11315	6035	10226	8100	123	7316	7311	6233	1915	10013	200894	2670	3326	3320	3312	1080	5116	7314
Chaperonin-mediated Protein Folding R-HSA-390466	10517	2783	7277	51807	10574	10471	6950	5203	26330	2776	9628	7157	6000	26234	7280	2785	2793	11328	55970	10575	55135	55294	84790	54331	1460	59345	1459	6499	2769	2791	84617	898	6774	10681	83752	10238	8841	112714	10376	5201	26985	51764	26224	10382	10693	7278	10383	10694	908	6468	5202	2782	54461	2788	113457	63971	7203	8786	10381	2787	2790	2784	7846	10528	22948	79861	26190	2786	26270	5082	7411	2792	9630	5204	26272	2767	10576	388531	84261	3801	347733	8877	10564	9134	94235	22803	203068	728378
Chemokine Receptors Bind Chemokines R-HSA-380108	51554	2833	6374	1235	729230	6387	6346	7852	6370	10563	6363	6356	6347	388372	56477	6348	57007	4283	2919	5196	1237	6361	6373	6364	2829	6360	1236	3579	9034	10663	3627	58191	6357	6354	2921	3577	1232	6375	1234	6352	3576	5473	643	6372	6367	10850	6366	2920	1524	6376	6846	10803	1230	1238
Chk1/Chk2(Cds1) Mediated Inactivation Of Cyclin B:Cdk1 Complex R-HSA-75035	7534	11200	1111	25996	7465	10971	7531	983	7529	7533	7532	891	995
Cholesterol Biosynthesis R-HSA-191273	6721	7108	6307	2222	4598	1717	3157	3156	6720	6309	91734	50814	4597	1595	6713	64327	1718	3930	3422	8435	64801	152503	2224	9453	10654	403313
Choline Catabolism R-HSA-6798163	29958	501	55349	635	23446	1757
Chondroitin Sulfate Biosynthesis R-HSA-2022870	55501	1464	9469	54480	22856	1462	51363	166012	63827	55790	337876	633	56548	50515	79586	1634	1463	55454	83539	10675
Chondroitin Sulfate/Dermatan Sulfate Metabolism R-HSA-1793185	55501	221914	27087	1464	3425	9469	54480	22856	1462	51363	29940	9672	166012	63827	64132	6382	411	55790	92126	10082	6385	2719	337876	3074	6677	6383	8372	633	375790	56548	3339	50515	11285	2817	79586	135152	113189	10090	1634	3423	26229	64131	1463	126792	2262	55454	83539	10675	2239	3073
Chromatin Modifying Enzymes R-HSA-3247509	23210	128312	10284	84159	9643	64754	2648	55578	474382	8331	7994	29072	10474	85235	7403	221613	8520	79813	57459	3015	5928	84148	196528	1108	10902	54496	54859	11143	284058	2146	54815	55140	440689	10499	8295	2668	8726	10933	11091	1019	8085	58508	10196	84661	6883	6603	6595	6599	8284	8345	51111	56979	8342	9682	9219	79723	54014	112869	54556	84787	2122	255626	6604	23587	51230	23774	55929	79960	5970	117143	1810	55904	5931	387893	8341	317772	6871	23569	55250	8338	9112	23081	8473	10419	3014	3018	55869	6598	80854	6881	9612	57492	27154	84864	9913	85236	7468	3276	2033	8089	3017	26009	64324	8841	8349	55683	9869	595	8648	6601	51702	3066	221656	6839	10445	10856	51317	723790	79918	93624	2874	79685	9070	84312	64769	54934	22992	5926	55167	5978	9575	11240	23030	94239	23135	10765	9611	6314	86	79084	23326	55870	3717	10919	3013	80853	4791	57504	121536	51147	84678	4297	57325	55766	9757	1788	23186	6602	27097	79595	64180	92815	10362	51742	56950	84193	55693	10498	51412	8289	5077	5927	64426	9739	55170	6944	7404	8340	83933	10524	63976	6880	8819	1107	6605	6187	80314	9767	6907	3065	51780	55193	4790	5929	8464	55689	126961	23028	23512	6597	10629	8970	84289	55729	55352	23338	51562	84444	57634	339287	23522	83852	8242	8334	54904	1387	8348	5253	56943	55257	10943	11014	3054	23133	29943	8850	728378	8607	79718	353238	55818
Chromosome Maintenance R-HSA-73886	128312	55839	474382	8331	79991	79172	5928	3015	5557	80169	63922	2237	401541	7013	55291	201254	5437	55505	6119	25885	55355	7486	8345	55135	8342	255626	23649	5982	55320	11339	54433	54069	5931	5424	8341	6573	23421	5984	546	8338	5432	80119	3014	3018	102724334	5435	85236	8467	3017	8349	79682	387103	5431	10856	26018	55651	723790	5425	57082	64105	7014	79075	55166	5985	1616	1017	94239	641	64946	79019	3013	2491	55766	84172	5433	5440	4869	5439	1736	5441	8290	23243	5434	5430	5558	5111	5438	8900	25913	890	7015	8340	54921	1763	65057	5537	1058	80152	5983	8970	51750	5436	54386	8334	8348	5422	3020	57804	91687	10714	51773	26277	8607	55164
Chylomicron Assembly R-HSA-8963888	51128	337	388610	348	344	335	345	5034	338
Chylomicron Clearance R-HSA-8964026	26119	3949	348	338	3990
Chylomicron Remodeling R-HSA-8963901	337	338328	4023	344	348	335	345	116519	338
Cilium Assembly R-HSA-5617833	79441	11020	1639	5577	7277	5147	10142	585	51259	28981	22897	6950	9662	91147	3842	10806	9657	23059	5048	27241	80776	117177	60412	54806	54801	132320	79659	79809	79598	11336	55764	22995	54536	89891	11064	10575	6991	26160	5310	8766	4735	23322	166379	102800317	5578	55835	582	55763	80142	55559	57728	583	22981	79600	10640	9814	7531	2847	92482	10013	200894	26005	56623	55212	11258	23265	8195	25865	1260	84131	55770	54585	403	57545	10733	55755	23332	1778	54903	9727	255758	57539	57787	51134	22919	80321	55125	11190	8481	64792	6753	27077	26123	23354	6010	8100	123016	192668	200132	121441	95681	10382	11116	55722	1262	3797	146057	7532	26146	140735	10383	11127	10694	378	22920	79738	8655	5108	83657	84100	9702	9738	4957	7203	80184	1781	129880	4218	261734	84747	9321	4867	83658	10540	79959	7846	390916	55142	84902	80173	22948	22832	57576	983	1069	79969	22994	54498	5347	54930	7283	149371	4751	8636	80254	54820	5518	9371	79867	10576	9742	347240	55112	90410	51098	57560	115106	112752	50807	51626	1258	9793	3320	203068	56912	7840	93323	1453	10121	55081	85302	5116
Circadian Clock R-HSA-400253	2155	9572	286826	9575	8945	83401	6604	5499	6256	1408	5054	7314	114548	79718	9611	10891	8930	23411	8454	10135	23054	6720	7316	7311	8204	5501	85441	26224	4209	4208	6233	6500	6907	5187	1390	6095	493901	10499	5936	23373	1407	2033	4862	8864	3295	2908	200186	2668	8553	8841	25819	8648	1387	4783	79365	10498	406	80205	3091	1385	64784	1374	1453	56938	5465	5500	102800317	28999
Citric Acid Cycle (TCA Cycle) R-HSA-71403	1431	1743	56125	6389	56110	3421	3420	4967	4191	3949	3419	6390	8801	3418	50	8802	8803	6392	23530	197257	81889
Class A/1 (Rhodopsin-like Receptors) R-HSA-373076	10800	57121	83551	5737	2919	2925	1131	10911	3973	6357	135	8620	148	8698	51083	338557	1880	5734	114548	1325	9934	1907	6370	3061	2840	6347	2841	56413	3060	5196	2834	5724	11251	3579	9294	2796	147	5995	3274	1814	2837	6367	6869	6915	8811	1133	129521	56670	7252	6010	9283	319100	624	51289	4543	60675	1815	4159	187	8484	131450	151	2864	2532	134	7253	2846	8843	3362	10874	4887	10457	54886	719	5731	1903	6755	4283	221391	5697	154	57105	29933	1813	2832	347148	718	189	4158	6376	1238	3352	729230	5028	1906	4852	57007	2828	1812	59350	3627	2921	84109	5729	1908	51738	6866	1235	101060233	2847	53637	134860	6865	7504	2859	57486	23620	552	58191	117579	3354	256933	728	3576	643	10850	6366	2151	1889	1230	1909	8862	84539	27202	6348	1240	680	6373	186	3355	94233	64805	1910	10886	27334	1232	2798	53829	1524	100996758	10803	5029	6863	727	150	5031	3972	185	5368	6363	27198	170589	1129	10022	6361	6750	155	5367	10692	4985	79948	6751	283869	2358	3358	64106	6375	153	387129	2920	5732	5739	8477	221044	10161	2488	8458	4829	4988	51052	100507027	122876	1241	6352	2863	9704	8111	3363	6019	146	140	128674	1132	4544	5173	4157	6870	1113	27199	623	8767	4922	6372	2852	1128	6846	3792	6374	6753	388372	2149	886	9034	2797	3360	4889	2831	151306	56923	301	3350	10663	23566	152	51554	1816	7852	136	554	553	9290	4161	5021	5733	594857	6364	5956	3351	56144	9002	3640	3577	1234	4986	5473	6289	6387	6346	7200	7201	1237	23596	887	2867	5443	163404	56142	4923	2833	134864	1902	10887	351	3356	2862	6360	4886	1236	110599583	64748	2853	6354	1901	59340	10563	6368	3827	2150	729238	11255	4160	257313	2587	122042	339403	4987	2861	165140	338442	5539	3814	6754	10316	2693	50865	9038	5030	6356	56477	2357	3361	2492	84634	2865	6752	2829	84432	5020	4935	9890	5179	2359
Class B/2 (Secretin Family Receptors) R-HSA-373080	2783	114897	7472	7433	9340	117	104909134	7477	2785	2793	796	55970	5727	89780	1395	11211	114131	5746	54331	51651	8643	59345	7349	7484	8322	2791	10266	113091	1393	10681	8324	7481	7476	797	7475	2535	10267	7480	90226	1604	2692	79924	51764	2778	7482	7478	7471	7474	5745	2740	2696	2782	54361	30817	8321	2788	2787	2691	8325	80326	2015	2790	2784	8326	976	6344	7434	10203	2786	54498	51384	2792	7479	7473	8323	6469	7483	10268	6343	57105	5744	3549	94235	2641	116	133	84658	1392	799	3375	50846
Class C/3 (Metabotropic Glutamate/Pheromone Receptors) R-HSA-420499	353164	50833	80835	259287	2915	259293	2913	259295	2917	5726	259296	50837	259292	54429	338398	50836	2916	259289	259294	50838	50832	50835	2912	50839	259290	50831	2911	80834	10537	222545	9568	2914	259285	83756	50840	50834	846	2918	259286
Class I MHC Mediated Antigen Processing And Presentation R-HSA-983169	51465	997	63891	1520	126433	55008	5708	10324	64219	84961	2243	51725	26091	3093	57542	5710	7320	122706	4688	90135	6477	84231	9341	653361	142689	140461	5701	50489	93611	7328	5705	948	10489	10293	266629	4012	8924	148581	9871	5698	115290	10075	3135	51676	23643	27252	7323	6810	136371	5715	51132	57531	54461	3107	135892	146330	55336	8453	9730	29945	899	84861	64682	8945	26270	11065	7322	5713	51320	5683	22954	5702	84261	122769	1536	9491	5711	23194	25898	57520	7064	8651	221687	51433	4689	55958	7314	821	90025	7318	140739	51666	9632	23198	92912	55658	4734	5685	3106	23352	64410	11059	25847	51088	10213	8678	200845	26268	4615	9867	57154	140459	7332	223082	285231	30849	79176	7319	2266	9820	81559	5721	868	140462	9903	8881	5709	7704	151636	89910	26235	3693	6049	3685	55585	401036	84727	6502	114088	7324	23014	26224	90293	29882	3105	6468	140691	5691	51619	567	7336	996	6923	4008	90678	26263	5692	10425	89890	26190	9616	26259	6280	5684	140460	8697	8139	5289	991	23327	6478	6271	9604	5720	4591	5687	7316	5686	23541	1147	23295	6047	26234	51444	143279	51343	10393	7327	5695	6892	5716	22863	9690	144699	25793	7174	5693	51752	154214	6737	5718	8454	64750	89122	150726	9817	695	3146	4695	90933	7097	9021	79876	57630	9520	8517	27246	80028	5719	387522	9246	154881	79791	8925	10193	29927	54778	22888	63893	7317	7321	84541	51529	7428	7326	26046	9902	7979	3133	6279	1514	127247	55905	114609	55236	255488	23291	131405	246184	5071	84676	51665	140456	55182	9870	142678	7337	2209	1515	4360	54850	118424	8916	84708	3134	10517	64167	6396	3551	197131	10197	5717	10273	6233	10477	83737	55521	6500	25897	5714	10616	56658	54926	1535	55176	390594	10533	80204	23608	55294	5700	7325	10427	10802	11146	127544	27338	7096	9978	55175	9320	80176	92591	55070	140458	143471	811	5696	8452	55819	7099	114907	51191	5682	64718	9666	80196	7334	55284	92369	201456	26249	84937	23376	8065	283807	91694	5706	142686	10952	142685	222235	9554	7311	5699	26118	23304	6921	642	79654	51128	9039	5930	84078	5690	9861	9040	8773	29116	2923	26267	64320	79754	3309	9354	158506	22872	53339	10333	25831	26272	65264	8673	5689	26232	2244	5688	11275	57674	54620	84085	10422	23480	10484	5694	5704
Class I Peroxisomal Membrane Protein Import R-HSA-9603798	8799	51024	5828	84896	8504	11264	54332	5194	225	5825	224	5824	9409	5193	91452	10478	5827	5195	55670	215
Classical Antibody-Mediated Complement Activation R-HSA-173623	712	100423062	715	713	714	716
Clathrin-mediated Endocytosis R-HSA-8856828	26119	55738	6845	2069	4738	7316	6233	10618	91683	3482	920	10552	7037	26052	8976	22905	10096	4074	1861	29763	2885	1601	1856	685	1759	409	50618	7018	55707	115548	114548	7039	9341	29924	5869	84251	8322	5878	50813	5286	30011	274	10097	1211	23149	8218	8871	10094	163	9026	255324	6457	9829	11252	29988	9322	1950	127833	8027	90019	950	3312	27348	112574	6869	2060	5868	374	382	23396	10092	3575	10254	2580	161	54874	1956	273	143425	8674	7311	8867	7474	8301	3949	3267	10920	11037	160	29978	10987	867	9318	10109	51429	9185	25977	23048	29979	85439	3092	1213	6453	2017	156	9856	554	185	4036	1175	1173	8533	1129	9892	4952	26130	408	85021	8673	9146	6844	58513	157	154	6857	10980	6456	51138	915	1839	1212	29993	6455	2873	6572	1080	1785	338	7314
Cleavage Of Damaged Purine R-HSA-110331	255626	128312	8340	94239	55247	474382	65057	8331	8341	3015	3013	8338	4968	8970	3014	3018	102724334	4350	55766	85236	3017	54386	7013	8290	8349	8334	8348	723790	4595	8345	8342	26277	7014	25913
Cleavage Of Damaged Pyrimidine R-HSA-110329	255626	128312	252969	8340	94239	55247	474382	65057	8331	8930	8341	3015	3013	8338	4968	8970	3014	3018	102724334	55766	85236	3017	54386	7013	8290	8349	8334	23583	8348	7374	79661	723790	8345	4913	6996	8342	26277	7014	25913
Cobalamin (Cbl) Metabolism R-HSA-9759218	27249	25974	326625	4552	4594	4548
Cobalamin (Cbl, Vitamin B12) Transport And Metabolism R-HSA-196741	26119	25974	5826	81693	1504	4036	6947	27249	2694	6948	55788	4594	5646	4548	51293	8029	4552	4363	440387	136541	326625
Coenzyme A Biosynthesis R-HSA-196783	53354	80347	8034	79717	79646	80025	60490	55229
Cohesin Loading Onto Chromatin R-HSA-2470946	10735	8243	23383	5885	56937	25836	23047	23244	23063	9126
Collagen Biosynthesis And Modifying Enzymes R-HSA-1650814	1277	9509	1302	1290	1300	1296	23127	84570	5118	1288	1293	140766	1281	1287	1289	1305	255631	1291	1294	57642	169044	871	5351	26577	649	10491	85301	8985	1284	7092	1286	8974	1278	5034	136227	5479	340267	1297	256076	81578	80781	50509	1306	7373	283208	9508	10536	1299	79709	55214	5352	64175	5033	1295	1292	1301	1308	1303	131873	1282	1310	7093	1285	1280	91522	1307	1298
Collagen Chain Trimerization R-HSA-8948216	1277	1302	1290	1300	1296	84570	1288	1293	1281	1287	1289	1305	255631	1291	1294	57642	169044	85301	1284	1286	1278	136227	340267	1297	256076	81578	80781	50509	1306	7373	1299	1295	1292	1301	1308	1303	131873	1282	1310	1285	1280	91522	1307	1298
Collagen Degradation R-HSA-1442490	102	8754	5645	84570	4324	6868	1305	4314	5045	4312	4316	4323	1508	4319	136227	1991	4320	1297	4318	4321	80781	4327	1306	79148	7373	4317	4313	1299	1513	1514	164656	1509	1308	1303	1310	4322	85007	91522	1307	1298
Collagen Formation R-HSA-1474290	1277	1290	23127	84570	5339	1287	57642	4017	871	3910	1520	1278	3918	50509	1306	4016	10536	1299	79709	55214	5033	1295	131873	1308	1282	1292	1307	1300	1296	1281	1289	1305	255631	1291	4314	4015	8985	8974	5479	340267	4318	1301	7093	1310	4322	1280	91522	9509	1302	3914	7837	1288	977	169044	5351	26577	85301	4316	1508	5034	81578	84171	667	79148	84695	9508	5352	64175	1514	1285	1298	5118	1293	140766	1294	649	10491	1284	1286	136227	1297	256076	80781	7373	283208	3655	1515	1303	3691	7092
Common Pathway Of Fibrin Clot Formation R-HSA-140875	7056	5627	2157	8458	2266	83541	5196	10544	2149	3053	2162	57126	2244	5657	462	5197	2165	2243	5624	5270	2153	5104
Competing Endogenous RNAs (ceRNAs) Regulate PTEN Translation R-HSA-8948700	9218	23112	4343	246175	192669	192670	26523	57690	27327	27161
Complement Cascade R-HSA-166658	727	1604	100423062	719	1361	975	81494	7448	5627	10747	8458	715	966	3075	200576	4179	3183	3426	720	221184	27202	8547	2220	10877	725	78989	1191	1991	716	710	3004	3078	5648	722	3080	5688	4153	1380	731	728	713	1378	930	10584	2219	712	718	1645	733	10878	629	8904	714	732
Complex I Biogenesis R-HSA-6799198	4709	4712	4707	91942	4700	79133	4717	80224	51295	25915	4726	55967	4711	4704	4701	4694	4705	137682	4708	28976	55744	4713	4715	4719	4716	51103	4710	374291	54539	4696	4725	4729	4718	4698	51300	55471	55863	29078	126328	4706	4702	4695	4724	4731	4722	51079	25880	4728	4723	4720	4714
Condensation Of Prometaphase Chromosomes R-HSA-2514853	9133	23397	83452	983	9918	1460	1459	10051	64151	891
Condensation Of Prophase Chromosomes R-HSA-2299718	255626	128312	8340	94239	983	474382	8331	23310	387893	891	8341	5347	3015	29781	83452	126961	3013	8338	8970	3014	3018	102724334	10051	6418	55766	85236	3017	8290	8349	8334	8348	3020	54892	723790	23133	8345	79648	8342	5925
Conjugation Of Benzoate With Glycine R-HSA-177135	219970	92292	389396	116285	348158	10249
Conjugation Of Salicylate With Glycine R-HSA-177128	219970	54988	92292	389396	348158	10249	341392	123876
Constitutive Signaling By AKT1 E17K In Cancer R-HSA-5674400	7249	253260	55615	3164	4303	208	1147	84335	1026	64223	5170	10000	2932	2931	79109	4193	207	572	1385	6199	842	1027	2475	2309	2308
Constitutive Signaling By Aberrant PI3K In Cancer R-HSA-2219530	5154	2260	8822	9846	2069	2258	2323	8074	3815	2322	5155	128869	2264	5290	9965	2100	2885	930	2534	5296	2099	685	2065	2254	5295	7039	5159	2255	10718	2252	2251	255324	22883	391	29851	145957	152831	9365	1950	7409	2253	5781	5291	2066	6801	8823	8503	374	2250	941	3667	6035	1956	2248	4254	8731	27006	6714	9542	50852	3932	8660	942	2263	2249	6654	2246	3084	8817	26281	1839	2064	10818	2261	5156	118788	5880	940
Constitutive Signaling By EGFRvIII R-HSA-5637810	5290	11140	6464	4893	867	5295	5335	3265	1950	2885	1956	128869	6654	3320
Constitutive Signaling By Ligand-Responsive EGFR Cancer Variants R-HSA-1236382	7316	5290	7311	11140	6464	4893	6233	867	5295	7314	5335	3265	1950	2885	1956	128869	6654	3320
Constitutive Signaling By NOTCH1 HD Domain Mutants R-HSA-2691232	7316	102	7311	4851	57534	6233	9148	54492	182	6868	28514	142678	3714	54567	7314
Constitutive Signaling By NOTCH1 HD+PEST Domain Mutants R-HSA-2894862	102	79885	83933	5663	9759	57534	9978	2648	9611	51564	26508	1024	6868	8454	22938	7316	10046	7311	3065	55534	5664	6907	6233	6500	55851	10013	182	55869	892	23462	9612	9734	388585	2033	4851	3516	9148	8841	23493	84441	1387	142678	4609	3066	83464	28514	54567	54492	51107	8209	10014	8850	23385	55294	79718	9794	3714	7314
Constitutive Signaling By NOTCH1 t(7;9)(NOTCH1:M1580 K2555) Translocation Mutant R-HSA-2660826	102	4851	182	6868	28514	3714	54567
Constitutive Signaling By Overexpressed ERBB2 R-HSA-9634285	11140	6464	4893	2064	5782	3265	55914	2885	6654	3320
Conversion From APC/C:Cdc20 To APC/C:Cdh1 In Late Anaphase R-HSA-176407	27338	11065	7324	246184	29882	119504	8697	7321	51529	51343	10393	991	8881	51433	25906	29945	996	64682	8556
Cooperation Of PDCL (PhLP1) And TRiC/CCT In G-protein Beta Folding R-HSA-6814122	22948	54331	51764	2783	2786	10574	1460	59345	1459	6950	5082	2769	2791	2776	9628	2792	9630	10693	6000	2767	10681	10576	10694	388531	908	94235	2785	2782	2793	2788	55970	10575	7203	8786	2787	2790	2784
Cooperation Of Prefoldin And TriC/CCT In Actin And Tubulin Folding R-HSA-389958	22948	79861	7277	51807	10574	10471	6950	7411	5203	84617	5204	10382	10693	7280	7278	10576	10383	10694	908	347733	5202	112714	10376	113457	203068	10575	5201	7203	10381	728378	84790	7846
Costimulation By CD28 Family R-HSA-388841	942	4067	117145	5133	57761	1493	5295	253260	941	55615	6035	8874	998	5525	5585	5527	5528	3118	9402	29126	208	23308	916	5586	920	5529	5518	5777	3127	5290	915	29851	64223	919	3117	5170	8764	5519	80380	10000	151888	3126	5515	5526	1326	2885	7409	79109	5781	6714	2534	207	5296	1445	3122	3932	3120	7525	5516	3229	3113	3123	3125	9020	2475	8503	940
Creatine Metabolism R-HSA-71288	2593	6539	2628	6534	1160	1158	6535	1152	6538
Creation Of C4 And C2 Activators R-HSA-166786	2219	712	100423062	8547	2220	4153	78989	10747	715	713	714	716	10584	5648
Cristae Formation R-HSA-8949613	4580	522	10651	514	518	84303	513	440574	79135	517	9551	125988	515	516	539	10989	10632	55735	509	139322	521	10476	27109	498	506	8834	54927	25813	3313
Cross-presentation Of Particulate Exogenous Antigens (Phagosomes) R-HSA-1236973	653361	3685	948	1536	4688	1535	3693	4689
Cross-presentation Of Soluble Exogenous Antigens (Endosomes) R-HSA-1236978	5693	5706	5720	122706	5698	5719	5718	10197	5717	23198	5687	143471	5696	5686	5699	5684	5685	5704	5683	5713	5708	5682	5701	5702	50489	5714	5689	5705	5721	10213	5688	5715	5690	9491	5691	5711	5695	9861	9902	7979	5716	2209	5694	5709	4360	5700	5710	5692
Crosslinking Of Collagen Fibrils R-HSA-2243919	649	84171	7092	5118	7837	7093	4016	4017	84695	4015
Cyclin A/B1/B2 Associated Events During G2/M Transition R-HSA-69273	2305	7465	1017	983	891	995	5347	9133	5518	51451	5520	4331	28227	5519	9088	902	5515	51400	993	1022	5516	7514	8900	890	994
Cyclin A:Cdk2-associated Events At S Phase Entry R-HSA-69656	5720	10197	5717	5928	5687	7316	5934	5686	6233	6500	5685	5708	5714	55957	10213	1874	1019	51343	4609	902	5695	4149	5716	993	5700	5710	5693	5718	1875	8454	5696	898	1869	5682	5701	5705	5721	595	207	5709	5925	994	5706	1017	5698	6502	1163	5719	7311	5699	7029	91750	4331	5715	5690	5691	10000	9861	7979	1022	8900	91768	890	5692	286826	7465	5753	5684	5713	5683	208	132660	5702	7027	5689	1026	5688	9134	9491	5711	5694	1027	5704	7314
Cyclin D Associated Events In G1 R-HSA-69231	4067	1017	25	1031	6502	1163	1021	5933	8454	1875	1032	5753	5934	7311	7316	3717	6233	6500	898	1869	1871	1029	7029	5518	7027	896	5520	1026	4331	9134	1874	28227	894	5519	1019	595	1870	902	1030	5515	6714	1028	1022	5516	1027	5925	7314
Cyclin E Associated Events During G1/S Transition R-HSA-69202	5720	10197	5717	5928	5687	7316	5934	5686	6233	6500	5685	5708	5714	55957	10213	1874	1019	4609	902	5695	4149	5716	993	5700	5710	5693	5718	1875	8454	5696	898	1869	5682	5701	5705	5721	595	207	5709	5925	5706	1017	5698	6502	1163	5719	7311	5699	7029	91750	4331	5715	5690	5691	10000	9861	7979	1022	8900	91768	890	5692	286826	7465	5753	5684	5713	5683	208	132660	5702	7027	5689	1026	5688	9134	9491	5711	5694	1027	5704	7314
Cytochrome P450 - Arranged By Substrate Type R-HSA-211897	1582	1571	375056	112812	6256	1583	285440	56603	1548	1584	2230	54905	1558	1580	1589	1593	64816	1592	1557	120227	10858	1543	284541	57834	1553	51302	9971	1545	7417	1595	10499	1549	1559	8529	11283	66002	5740	1572	126410	1576	113612	1579	1577	340665	6916	8648	196	1585	1588	1594	5443	29785	9420	1562	4051	1591	1573	1555	57491	9915	2232	1544	1581
Cytochrome C-Mediated Apoptotic Response R-HSA-111461	331	56616	840	54205	51074	836	5594	22900	57099	317	842	5595	55075
Cytokine Signaling In Immune System R-HSA-1280215	3589	3718	64127	4893	959	8554	27177	6950	2258	2323	29110	115361	2919	2317	9775	5708	1278	4507	841	10068	4609	6283	3664	84639	3567	1977	8021	9987	3590	54014	5710	7706	2308	11097	27189	3563	129401	3635	7175	131096	122706	80216	6672	3452	5780	6776	4314	26354	3581	27179	6347	8740	6416	3588	55746	6059	3688	5724	5701	3560	3662	4318	9688	5705	9361	10762	948	7409	7525	23118	7431	1438	8744	6367	1440	7006	5795	79923	339345	402569	6195	2887	6778	5698	2889	64806	3135	3558	6624	4928	3911	5743	7323	6810	4502	1439	79671	3565	5715	5519	3126	3107	149233	10673	6285	5602	58480	5601	3113	8718	4927	9020	112744	817	4582	942	8945	598	1845	2208	7184	3559	3569	7322	282617	3687	6654	7124	10538	5713	815	3561	4128	5683	3839	5702	54739	3446	2633	3596	4281	4792	1026	5657	3557	9470	23495	6809	9491	5711	7040	9883	1445	8651	4205	84868	11009	5516	9636	5595	84818	51231	7314	821	3601	7318	944	729230	5594	6616	7133	3456	23198	50616	8784	4734	85363	5685	3106	829	10454	1435	3127	246330	10213	3627	2668	3572	4088	5580	7341	6813	1326	2885	3604	958	2534	5296	80263	356	5600	4615	26469	5055	2537	11141	5295	970	23765	4692	55801	3684	10475	84251	53833	5803	128178	133396	11213	79023	9683	6774	2353	6772	5371	6196	5721	22883	4982	836	26095	7297	3553	3663	23279	177	4599	3576	5604	8771	207	5709	3587	9631	64109	1385	1437	3578	282616	1230	5478	3841	3313	11074	3636	941	3448	3667	8807	23511	7324	59307	684	10913	56300	8600	6348	5495	4791	330	3977	79097	3105	818	58985	867	3117	9252	7292	329	5691	1489	8878	6850	3838	567	2634	240	5775	608	3932	6923	5598	1981	3455	7726	5692	6804	9261	6197	200081	8792	6097	3440	3460	10019	3383	6363	9616	1846	388646	9180	27178	4790	6280	9402	5684	604	3554	6888	4985	7076	4938	5971	3265	8086	3716	23037	2920	10018	51447	5610	115650	4055	5720	5897	552900	5608	1436	79155	3566	28511	4988	5687	7316	3568	5686	64919	3118	5335	2316	1147	6095	28512	121457	10612	83605	23165	5290	1511	5903	3595	24138	3656	5695	596	6352	5716	3122	3091	1052	10535	4478	55540	6773	246778	3654	1974	5693	9818	1848	6737	7422	8835	5970	7187	81603	3459	5718	8454	4170	116379	9446	23321	7293	3597	2690	5609	51091	5777	3458	9878	3669	595	8767	3837	3146	5781	10010	79792	3312	4092	5291	9021	4001	29949	317649	25970	3434	84867	26525	3123	55223	8517	10581	27250	3594	302	5784	59067	5719	2335	3976	51127	998	80128	387522	146433	3570	3552	25820	1896	9246	8638	84174	388372	23650	3433	3934	9173	9244	6175	3574	5034	5617	1958	2688	4600	3689	103	6777	7321	6775	9306	5908	7979	6041	3133	301	4215	3162	55706	3229	2309	57161	3445	9655	3181	53371	3429	6885	3661	6382	23291	3451	3598	2689	4312	5528	132014	11274	126961	51330	6844	3593	6364	3437	3586	3562	23586	2162	23225	10437	3725	943	163702	1234	3320	7534	6464	2209	6289	4940	4261	257397	3134	9466	7850	1399	10379	8741	5783	6845	9846	6396	8809	1441	3551	5770	10197	7412	5717	8808	4208	834	6233	6500	55128	4939	7157	5618	407977	23087	2322	5586	920	4050	5599	5714	1271	3441	3442	91543	282618	3556	1849	50615	51561	9097	5443	4313	3120	3449	5782	5896	5700	5578	4067	9684	9978	60401	6868	10148	143471	351	6647	5696	9972	7291	816	4684	54472	7867	51191	5682	6657	2625	163351	3454	9966	7334	3665	25930	960	939	3430	57162	3929	1265	84659	3600	57122	5306	759	3660	3659	3125	1901	8503	1982	8065	3055	3394	246	23636	5778	5706	3575	3965	8995	332	6627	81929	386653	4049	27	7311	3836	3717	5699	50604	5771	84166	1270	23529	6921	6655	1442	7189	9039	9235	8764	3444	5690	201626	10000	51135	5515	9861	7132	9040	85480	3603	5606	92610	3840	9830	10410	115362	8660	6944	90865	1154	10392	53832	3185	79902	8519	8672	6356	2357	1973	6597	208	5898	2185	6935	5518	25939	2939	5689	4793	3606	5451	54998	5688	3592	10346	1398	29760	1432	3443	5694	1027	10107	348995	5704
Cytoprotection By HMOX1 R-HSA-9707564	6604	10128	286826	645	2168	9997	6256	9167	1337	114548	51204	9611	83990	8930	23054	7975	4780	5753	6907	1351	85441	54205	1327	213	3163	84987	6774	23309	1349	1329	10499	9612	1345	6834	1340	8841	90639	51241	8648	1387	55620	10498	4363	644	285521	80205	9377	116228	81502	6341	25942	10628	1350	5465	3162	79718
Cytosolic Iron-Sulfur Cluster Assembly R-HSA-2564830	27158	9391	10101	51647	64210	57019	64428	83990	51750	5424	2068	22
Cytosolic Sensors Of Pathogen-Associated DNA R-HSA-1834949	6778	27297	6737	8517	1660	51082	5970	3551	340061	10621	28511	3661	4361	81030	7316	7311	29110	51428	4790	6233	11277	148022	4791	1499	661	22954	3428	1147	28512	10622	55718	115004	5435	2033	4793	4792	197358	5440	7098	3665	11035	147945	5441	55703	84265	8737	9208	51728	11128	5434	1387	5437	7520	5591	10623	4615	2547	170506	171568	23220	81844	9447	7314
Cytosolic Sulfonation Of Small Molecules R-HSA-156584	8460	8459	10380	445329	347734	6817	27284	50512	9061	84836	10861	6820	51000	6783	1836	54928	6799	391365	27233	6822	9060	25830
Cytosolic tRNA Aminoacylation R-HSA-379716	16	1615	7453	9255	7965	3735	4677	3376	7407	4141	2617	3035	8565	6301	833	51520	2193	5464	5917	9521	5859	10056	6897	2058
DAG And IP3 Signaling R-HSA-1489509	5578	5577	107	112	156	3708	5567	5568	84254	114	5573	5613	3709	5582	5136	815	5335	816	5576	111	814	115	5137	818	113	10768	5580	3710	801	26960	196883	3838	5575	1385	108	5153	5581	817	10645
DAP12 Interactions R-HSA-2172127	4893	124599	5295	3810	100528032	6035	6654	10326	3822	9402	5335	3937	3106	9436	3813	342510	284266	5290	10451	83985	54210	100049587	695	3824	3265	3107	6850	2885	100132285	7410	567	2534	5296	3133	5291	6464	7305	3932	5336	54209	23601	3809
DAP12 Signaling R-HSA-2424491	4893	5295	100528032	6035	6654	3822	9402	5335	3937	10451	5290	83985	695	3824	3265	6850	2885	7410	567	2534	5296	3133	5291	6464	7305	3932	5336	54209
DARPP-32 Events R-HSA-180024	5578	5577	5533	5499	5567	1020	5568	5534	5573	5528	5576	5144	5518	5141	84152	5519	5532	801	5515	5575	5143	5530	5516	5142
DCC Mediated Attractive Signaling R-HSA-418885	9423	8976	2534	22885	7204	3983	5747	4690	84448	6035	998	1793	1630	6714
DDX58/IFIH1-mediated Induction Of Interferon-Alpha/Beta R-HSA-168928	7318	79132	3551	3456	28511	7316	29110	6233	83737	1147	28512	3441	3442	841	26007	6283	9868	84282	3449	3093	7706	8772	5970	3452	7187	351	843	4214	51191	89122	9474	2033	3665	177	3146	64135	10010	54941	8517	3448	9140	7311	9246	4791	7323	84166	7189	79671	7321	3444	8737	3326	57506	6285	3229	55593	1540	5094	3445	3440	3661	7322	3451	4790	23586	3446	4793	4792	54476	1387	3320	3443	6289	9641	23037	8887	9636	7128	80143	7314
DEx/H-box Helicases Activate Type I IFN And Inflammatory Cytokines Production R-HSA-3134963	4790	3665	4615	1660	4791	5970	170506
DNA Damage Bypass R-HSA-73893	5985	5980	83932	7318	7320	5982	7353	9978	8450	57599	84669	6573	5424	51514	11201	7316	7311	9246	5984	5427	6233	51426	8451	51455	5983	55666	84172	10459	56655	9768	7398	124739	25898	54107	5426	57804	10714	5111	6119	56852	25885	5425	7415	5429	1642	9636	7706	7314
DNA Damage Recognition In GG-NER R-HSA-5696394	5887	9978	8450	283899	1069	86	7316	8533	7311	50813	4798	6233	8451	29844	1643	10920	54891	10980	51138	10987	5886	9318	7528	2873	10038	10445	93973	125476	142	83444	54617	79913	7508	1642	728378	8607	7314
DNA Damage Reversal R-HSA-73942	51008	121642	84164	79068	4255	10973	221120	54890
DNA Damage/Telomere Stress Induced Senescence R-HSA-2559586	255626	128312	3009	8340	1017	94239	10524	474382	65057	8331	10111	29855	8341	3159	4361	472	3015	23523	898	3013	8338	7157	8970	3014	3018	102724334	3005	3007	3006	57634	55766	85236	1026	3017	54386	7013	8091	9134	8290	8349	8334	7290	8348	25913	3008	723790	25842	3024	8345	4001	5925	9048	8342	1027	7014	26277	8900	890
DNA Double Strand Break Response R-HSA-5693606	255626	128312	51035	8340	23030	25	2138	7314	10524	10111	79184	5536	165918	8341	4361	7316	472	7311	84142	580	6233	2139	322	51588	7157	8970	3014	3018	102724334	5599	2140	85236	7468	8467	7334	3017	51720	8290	8349	9656	7341	9577	154043	8348	9025	7158	7329	3838	11200	8924	29086	7336	8345	9048	8342	9031	9682	672	2070
DNA Double-Strand Break Repair R-HSA-5693532	51035	128312	55791	165918	5893	4361	51567	7316	5531	5427	6233	348654	51588	7157	6047	5599	5888	2237	7515	23514	7341	5883	9025	7158	7520	7516	121227	6119	25885	7486	8345	142	2547	8342	9682	79840	144715	22976	390502	2070	151987	255626	5982	3981	5536	6573	5424	8341	472	5984	5884	27434	2139	3014	2067	3018	102724334	2140	197342	146956	85236	7468	84464	8467	3017	7334	56655	8349	55775	54962	5890	8914	54107	7329	10038	10635	11200	8924	5425	5429	5892	79728	5985	23030	1017	641	79184	83695	7311	80010	580	63967	322	51426	84172	3364	84126	1111	8290	6613	116028	9577	154043	3838	7979	27343	5111	7336	11073	672	8900	890	8340	5932	25	2138	1763	10524	10111	83990	7156	84142	51548	5983	8970	2072	51750	7517	9156	7518	5889	6236	51720	80198	9656	675	64421	8348	5426	29086	57804	10714	5591	9048	9031	7314
DNA Repair R-HSA-73894	51035	128312	7318	7507	8554	8450	474382	8331	84669	55791	165918	51514	5893	4361	51567	3015	7316	5531	5427	4798	6233	348654	2966	51588	9557	7157	6047	5599	29844	5888	2176	2237	7515	10459	5395	2178	23514	7013	2175	9768	7341	2967	902	670	201254	5883	404672	9025	5437	56949	7158	7374	7520	6917	7516	93973	121227	6119	25885	7486	8345	4913	79068	142	2547	8342	9682	79840	144715	7706	11232	390502	22976	2070	151987	255626	57697	57599	252969	83932	7320	2965	5982	29089	55120	9978	3981	328	54936	5536	6573	5424	8341	64858	2068	11201	472	50813	5984	5884	27434	2139	8338	51455	5432	3014	10450	3018	7874	2067	102724334	2968	4350	2140	197342	146956	85236	2033	2188	7468	3017	5435	84464	8467	7334	2187	56655	353497	8349	22909	7398	54962	55775	23583	5890	8914	54107	7329	2071	5431	10038	79661	10635	10445	10401	11200	121642	8924	125476	723790	26018	4436	56852	54617	5425	6996	5429	7508	7014	5892	85015	79728	5985	5887	5980	23030	1017	94239	84164	641	4292	4437	5433	79184	86	8178	83695	7311	51008	80010	580	9246	63967	322	3013	4968	51426	55666	1643	10920	2189	221120	55766	54890	54778	84172	3364	84126	1111	4331	10987	5886	5440	9318	2073	8290	5441	3150	2074	5439	124739	57654	6613	116028	91442	2956	9577	5430	154043	5434	3838	7979	27343	5111	4595	5438	11073	7336	1022	672	8900	890	25913	2177	9937	8340	5932	25	2138	27339	7353	1763	10524	55247	65057	10111	283899	1069	83990	8930	7156	10973	8533	84142	51548	11284	9716	8451	199990	8970	5983	2072	51750	5436	10980	54891	7517	9156	7518	51138	5889	6236	54386	51720	80198	8334	9656	675	25898	7528	64421	8348	2873	1161	55215	5426	29086	57804	10714	5591	91603	83444	79913	9048	4255	1642	9031	9636	728378	8607	7415	26277	80233	7314
DNA Replication Pre-Initiation R-HSA-69002	128312	5720	474382	8331	10197	5717	5687	7316	3015	5557	5427	5686	6233	5685	5708	119504	10926	5714	10213	51343	10393	5695	5716	6119	25885	8345	5000	8342	23594	5700	5710	5693	255626	8317	23649	23595	27338	5718	8341	55388	5696	8338	3014	3018	102724334	5682	5701	85236	5705	3017	5721	56655	8349	54107	3837	10166	8881	5709	723790	990	4175	5706	1017	94239	5698	5719	51053	4173	7324	7311	3836	5699	4174	29882	3013	55766	84172	7321	5715	51529	5690	5691	29935	9861	5001	7979	5558	996	29945	64682	5692	81620	4172	23633	8340	11065	246184	126961	5684	5713	5683	8970	5702	5689	8697	5688	9491	8334	5711	8348	5422	3020	8318	4176	83884	5426	5694	51433	25906	84515	5704	7314
DNA Replication R-HSA-69306	128312	5720	474382	8331	10197	5717	23198	5687	7316	3015	5557	5427	5686	51659	6233	6500	5685	5708	119504	10926	5714	2237	10213	51343	10393	5695	5716	6119	25885	8345	5000	8342	23594	5700	5710	5693	255626	8317	23649	23595	27338	122706	5982	9978	5718	6573	8454	5424	8341	143471	55388	5696	5984	898	8338	3014	3018	102724334	5682	5701	85236	5705	3017	5721	56655	8349	54107	3837	10166	8881	26018	5709	723790	990	84296	5425	4175	5985	5706	1017	94239	5698	6502	5719	51053	4173	7324	7311	3836	5699	4174	29882	3013	55766	84172	64785	7321	5715	51529	5690	5691	29935	9861	5001	7979	5558	5111	996	29945	8900	890	64682	81620	5692	4172	23633	8340	1763	11065	246184	9837	126961	5684	5713	5683	5983	8970	5702	5689	8697	5688	9134	9491	8334	5711	8348	5422	3020	8318	4176	83884	5426	5694	57804	10714	51433	25906	84515	5704	7314
DNA Methylation R-HSA-5334118	255626	128312	8340	94239	1786	474382	8331	29947	8341	3015	126961	3013	8338	8970	3014	3018	102724334	55766	85236	1788	3017	8349	8334	8348	3020	29128	723790	8345	8342	1789
DNA Replication Initiation R-HSA-68952	5557	5427	23649	5558	56655	54107	5422	5426
DNA Strand Elongation R-HSA-69190	5985	4172	23649	5982	1763	4173	6573	5424	5557	5984	9837	51659	4174	5983	84172	2237	64785	5422	4176	8318	26018	5558	10714	57804	5111	6119	25885	84296	5425	84515	4175
DSCAM Interactions R-HSA-376172	9423	1432	5603	5600	6300	1826	57453	6035	5599	1630	5585
Deactivation Of Beta-Catenin Transactivating Complex R-HSA-3769402	8945	90780	7090	4221	26108	64321	9580	283149	7316	7311	3065	607	5929	6736	6233	208	1499	56998	83439	6934	7089	6657	57680	6658	55553	331	1487	51176	8085	6659	5624	6932	7534	207	83595	7088	7091	25776	6662	7514	9070	7314
Deadenylation Of mRNA R-HSA-429947	10605	4849	79670	25904	1973	26986	9775	4850	23019	1975	23318	147945	9125	255967	4848	9337	1977	85456	5073	1981	246175	55571	29883	1974
Deadenylation-dependent mRNA Decay R-HSA-429914	167227	10605	4849	79670	80349	25904	6499	28960	27258	1974	51010	118460	1973	54464	26986	54512	9652	57819	9775	4850	23019	55802	23644	1975	51690	23658	11157	27257	196513	23318	147945	23016	5393	9125	29883	255967	219988	4848	115024	51013	9337	1977	25804	5073	85456	1656	22894	1981	246175	23404	55571	10767	80153	11340	56915
Death Receptor Signaling R-HSA-73887	25791	90268	22899	8874	3551	84888	84894	4804	7316	445328	6233	8997	1147	5599	10454	2194	7204	50649	841	10616	8793	389337	10672	5584	387	29	356	4615	23229	7074	3654	22986	8772	100271715	5970	6868	55512	27018	23365	7375	23421	54848	5664	843	7531	2245	55072	9181	8837	55160	9530	836	8841	9826	7409	8767	3066	23118	9500	10010	57580	396	4099	8743	8797	9138	9099	10399	8517	29761	57142	11108	6035	55701	25999	8439	7311	26230	330	64857	128272	4974	6655	7189	7185	56928	331	8737	329	9459	8795	8878	7132	9828	83464	572	4168	9639	23385	4803	8567	1540	5663	6453	56957	84033	23370	6885	121512	7124	6654	3065	4790	81858	55851	26574	11214	5924	8717	84904	7984	835	55119	10451	4792	50650	1894	6610	7410	57449	51107	27237	26084	8887	23263	7128	10018	257397	7314
Dectin-1 Mediated Noncanonical NF-kB Signaling R-HSA-5607761	5693	8945	5706	5720	122706	5698	5719	5970	5718	10197	8454	5717	5710	23198	23291	5687	143471	7311	7316	5696	5686	5699	6233	6500	5684	5685	5713	5683	4791	6361	1147	5708	5682	5702	5701	5714	5689	5705	5721	10213	9039	5688	5692	5715	5690	9491	5971	5691	5711	5695	9861	9040	7979	5716	5709	5694	6367	5700	9020	5704	7314
Dectin-2 Family R-HSA-5621480	4067	283463	200958	170482	10071	2207	4586	10462	727897	4583	394263	4588	56667	26253	143662	93978	50856	6850	140453	2534	4585	4589	5336	338339	118430	4582	94025
Defective B3GALT6 Causes EDSP2 And SEMDJL1 R-HSA-4420332	221914	1464	1462	9672	63827	6382	10082	6385	2719	6383	633	375790	3339	2817	1634	1463	126792	2262	10675	2239
Defective B3GALTL Causes PpS R-HSA-5083635	9509	11095	11173	11096	56999	11093	140766	80070	9507	81792	11174	170691	221981	170690	7058	5199	9510	81794	9037	171019	170689	10418	7057	92949	57188	339366	10417	79875	54437	55901	170692	9508	54507	157869	9719	145173	80731
Defective B3GAT3 Causes JDSSDHD R-HSA-3560801	221914	1464	1462	9672	63827	6382	10082	6385	2719	6383	633	375790	3339	2817	1634	26229	1463	2262	10675	2239
Defective B4GALT1 Causes B4GALT1-CDG (CDG-2d) R-HSA-3656244	176	4958	2331	11081	4060	5549	2683	4969
Defective B4GALT7 Causes EDS, Progeroid Type R-HSA-3560783	221914	1464	1462	9672	63827	6382	10082	6385	2719	6383	633	375790	3339	11285	2817	1634	1463	2262	10675	2239
Defective C1GALT1C1 Causes TNPS R-HSA-5083632	283463	4582	4586	140453	56913	200958	143662	29071	4585	727897	4589	4583	10071	394263	118430	4588	56667	94025
Defective CFTR Causes Cystic Fibrosis R-HSA-5678895	5693	5706	5720	122706	10613	5698	5719	5718	10197	10956	5717	23198	5687	79139	143471	7311	7316	5696	5686	5699	91445	6233	5684	5685	5713	5683	6400	91319	5708	51009	5682	5702	5701	5714	5689	5705	5721	10213	5688	5692	5715	5690	9491	5691	5711	11160	5695	9861	7979	5716	5709	5694	1080	7415	6048	5700	5710	27248	5704	7314
Defective CHST14 Causes EDS, Musculocontractural Type R-HSA-3595174	1464	1463	1462	113189	63827	10675	1634	633
Defective CHST3 Causes SEDCJD R-HSA-3595172	1464	9469	1463	1462	63827	10675	1634	633
Defective CHST6 Causes MCDC1 R-HSA-3656225	4166	176	4958	2331	11081	4060	5549	4969
Defective CHSY1 Causes TPBS R-HSA-3595177	1464	1463	22856	1462	63827	10675	1634	633
Defective CSF2RA Causes SMDP4 R-HSA-5688890	653509	6441	1439	729238	6440	6439	1438
Defective EXT1 Causes Exostoses 1, TRPS2 And CHDS R-HSA-3656253	2131	375790	221914	10082	3339	6385	2719	2817	9672	2262	6383	6382	2239
Defective F9 Activation R-HSA-9673221	90338	2811	2815	2814	2158
Defective GALNT12 Causes CRCS1 R-HSA-5083636	283463	4582	4586	140453	200958	143662	4585	727897	4589	4583	10071	79695	394263	118430	4588	56667	94025
Defective GALNT3 Causes HFTC R-HSA-5083625	283463	4582	4586	56667	200958	143662	4585	2591	727897	4583	4589	10071	394263	118430	4588	140453	94025
Defective HDR Thru Homologous Recombination (HRR) Due To BRCA1 Loss-Of-Function R-HSA-9701192	5932	1763	10524	641	10111	83990	7156	4361	472	80010	580	5888	9156	5889	675	116028	5890	10635	7979	7516	7486	9048	672	5892	79728
Defective HLCS Causes Multiple Carboxylase Deficiency R-HSA-3371599	5095	5096	3141	31	64087	56922	5624
Defective Intrinsic Pathway For Apoptosis R-HSA-9734009	1020	26059	4000	995	84290	351	7531	2309	7157	7001	10018	1029	2801	708	5052	823	3725	824	356	4001	993	826	8851	994
Defective LFNG Causes SCDO3 R-HSA-5083630	4851	4854	3955	4855	4853
Defective RIPK1-mediated Regulated Necrosis R-HSA-9693928	10010	841	8772	8737	8717
Defective ST3GAL3 Causes MCT12 And EIEE15 R-HSA-3656243	176	6487	4958	2331	11081	4060	5549	4969
Defective TPR May Confer Susceptibility Towards Thyroid Papillary Carcinoma (TPC) R-HSA-5619107	129401	9818	7175	53371	6396	23511	79902	81929	9972	4928	5871	55746	79023	9688	23165	23225	10762	5903	11183	8086	23279	84659	57122	9883	9631	23636	8021	55706	4927	348995	11097
Defective Factor IX Causes Hemophilia B R-HSA-9668250	2811	90338	83541	2157	2815	2158	2814	2677
Defective Factor VIII Causes Hemophilia A R-HSA-9662001	8460	83541	8459	2157	8458	2158	7450
Defective Homologous Recombination Repair (HRR) Due To BRCA2 Loss Of Function R-HSA-9701190	5985	5932	5982	1763	10524	641	10111	83990	7156	4361	83695	472	80010	580	5984	5884	5983	5888	9156	390502	84172	5889	3364	84126	6236	675	116028	5890	5883	10635	7979	7516	6119	25885	11073	7486	9048	672	5892	144715	79728
Defective Pyroptosis R-HSA-9710421	255626	128312	23649	94239	8340	1786	1687	474382	8331	5931	8341	5928	3015	5557	126961	3013	8338	23512	8970	3014	2146	3018	102724334	55766	85236	1788	3017	8726	8349	8334	8348	5422	3020	5558	723790	8345	8342	1789
Defects In Biotin (Btn) Metabolism R-HSA-3323169	5095	5096	3141	31	64087	56922	5624	221833
Defects In Cobalamin (B12) Metabolism R-HSA-3296469	27249	51293	2694	25974	6948	55788	326625	5826	81693	4552	8029	4594	4548
Defects In Vitamin And Cofactor Metabolism R-HSA-3296482	25974	3141	5826	81693	221833	27249	2694	5096	31	6948	55788	56922	4594	4548	5095	51293	8029	4552	5624	64087	326625
Defects Of Contact Activation System (CAS) And Kallikrein/Kinin System (KKS) R-HSA-9651496	8460	2811	90338	83541	8459	2161	2157	2815	8458	2158	2814	2677	710	3818	7450
Defensins R-HSA-1461973	245934	613210	5645	245937	1670	245939	1235	729230	7096	117285	81623	245928	245938	140881	613209	245913	920	245932	245929	644414	5646	613211	1669	100133267	1671	10077	245930	245936	400830	140850	7097	245927	1672
Degradation Of AXIN R-HSA-4641257	5693	5706	5720	122706	5698	5719	8312	5718	10197	5717	23198	5687	143471	7311	7316	5696	5686	5699	6233	80351	5684	5685	5704	5683	5713	64750	5708	5682	5702	5701	5714	8313	5689	5705	81847	5721	10213	5688	5715	5690	9491	5691	5711	5695	9861	7979	5716	5709	5694	8658	5700	5710	5692	7314
Degradation Of DVL R-HSA-4641258	5693	5706	5720	122706	5698	9978	5719	5718	10197	59349	5717	23198	5687	143471	7311	7316	5696	5686	5699	6233	8452	5684	5685	5713	5683	5708	5682	5701	5702	5714	5689	5705	51339	23072	10213	5721	5688	5692	5715	5690	9491	5691	5711	5695	9861	7979	5716	5709	5694	1857	1856	5700	5710	5704	7314
Degradation Of GLI1 By Proteasome R-HSA-5610780	5578	8650	5693	8945	5706	5720	122706	5698	9978	5567	5719	5568	5718	10197	8454	5717	23198	5687	143471	7311	7316	5696	5686	5699	6233	83737	5684	5685	5713	5683	6500	51684	5708	2735	5682	5702	5701	5714	5689	5705	5721	10213	5688	5692	5715	5690	9491	5691	5711	5695	9861	7979	5716	5709	5694	5700	5710	5704	7314
Degradation Of GLI2 By Proteasome R-HSA-5610783	5578	5693	8945	5706	5720	122706	5698	9978	5567	5719	5568	5718	10197	8454	5717	23198	5687	143471	7311	7316	5696	5686	5699	6233	6500	5684	5685	5713	5683	51684	5708	5682	5702	5701	5714	5689	5705	5721	10213	2736	5688	5692	5715	5690	9491	5691	5711	2932	5695	9861	1452	5716	5709	5694	7979	5700	5710	5704	7314
Degradation Of Beta-Catenin By Destruction Complex R-HSA-195253	5720	10197	5717	23198	5687	7316	5686	6233	6500	5685	5708	54764	5714	6934	83439	10213	23401	4609	5695	5526	5716	5700	5710	5693	122706	9978	7090	5718	8454	5527	143471	5696	5529	5682	5701	8313	7089	5705	5721	5709	166	5706	5698	5719	5525	1488	7311	5699	1499	10023	5715	5519	5690	5691	2932	5515	9861	5624	1452	7979	7091	5692	8945	8312	3065	5528	5684	5713	5683	139285	5702	5518	5689	5688	1487	51176	9491	5711	6932	7088	5694	5516	5704	7314
Degradation Of Cysteine And Homocysteine R-HSA-1614558	6821	58472	100131187	51380	23474	25828	4357	2806	339896	23584	1468	84890	1036
Degradation Of Extracellular Matrix R-HSA-1474228	11096	7177	84570	6650	1504	63827	11131	5045	3910	80274	1520	23473	4319	1511	3918	1215	4327	26254	1306	51343	170692	176	4313	1299	5654	440387	1308	4326	824	1307	5645	8751	10893	6868	1305	4314	101	3817	4318	9510	836	960	5340	10753	222663	825	7093	1310	4322	30827	91522	102	8754	56999	3914	26059	9507	7077	84290	147968	3911	4316	4323	1508	3818	823	79148	3912	4317	1634	1513	1514	164656	5650	23385	826	85007	92291	1298	11095	682	50859	4811	5663	4324	11132	3915	440854	649	4312	170690	136227	1991	4320	1297	4321	4325	3339	7076	80781	7373	827	136541	1515	1509	1303	388743	726	7092
Depolymerisation Of Nuclear Lamina R-HSA-4419969	5578	23175	7112	9663	4001	983	5579	4000	2010	23399	64900	891	23592	221496	255919
Deposition Of New CENPA-containing Nucleosomes At Centromere R-HSA-606279	255626	128312	8340	94239	55839	55320	11339	474382	8331	54069	5931	1058	8341	80152	64946	79172	5928	23421	3015	79019	3013	8338	8970	3014	3018	2491	102724334	55766	85236	8467	401541	3017	4869	8349	8334	79682	201254	387103	8348	91687	723790	55355	51773	8345	57082	64105	8342	8607	55166
Deregulated CDK5 Triggers Neurodegenerative Pathways In Alzheimers Disease Models R-HSA-8862803	1020	26059	4000	995	84290	351	7531	2309	7001	10018	2801	5052	823	3725	824	356	4001	993	826	8851	994
Dermatan Sulfate Biosynthesis R-HSA-2022923	92126	1464	1463	1462	29940	113189	63827	10675	1634	10090	633
Detoxification Of Reactive Oxygen Species R-HSA-3299685	25824	10935	30001	2950	134826889	538	2880	4688	475	2876	2878	653361	6647	54205	257202	493869	7001	5034	7296	10249	2882	318	50507	5052	25828	9973	1536	1535	343	2877	6649	2936	4689	10587
Deubiquitination R-HSA-5688426	128312	64127	5720	79589	2648	9960	8331	9958	10474	84669	79155	10197	5717	85235	3607	221613	4738	5687	23198	63891	100287327	7316	5686	4798	6233	80351	5685	7157	219333	5708	54764	29844	5714	440689	10454	8295	10869	114803	10213	55252	8678	91833	4088	92552	57695	10617	7416	4609	5695	9097	387	9868	4087	5716	93973	2099	84282	3091	8345	993	10868	8342	5700	5710	7706	11232	55611	409	57599	5693	255626	100287178	51651	122706	4086	114548	23358	55777	7187	5728	5718	8341	645836	317772	7375	84132	143471	84749	3416	4303	5696	377630	8338	8975	8473	64750	401447	23172	3018	55288	100287513	23252	5701	5682	6881	8313	123228	79594	85236	5705	2033	171023	2625	3017	5721	89122	100287144	8724	55031	9817	161725	8349	80124	8767	100287441	8027	221656	64135	10445	4193	5709	4092	125476	10010	723790	9986	93624	54617	79931	4194	9099	8517	29761	374	5887	9101	5706	5698	6502	10254	5719	57646	6314	79184	86	23326	10318	9929	7311	580	5699	63967	9736	84101	3013	51616	330	4287	1643	7189	81847	4089	23770	5886	7321	92815	5715	5690	25862	329	8737	5691	392188	100287404	100287238	9577	9861	154043	5624	728386	84196	7345	11047	7048	9738	57506	7979	8078	8658	7046	100287364	55593	672	8900	1540	890	64426	5692	90865	8340	56957	100287205	7353	983	83844	10392	6885	283899	8312	57559	78990	84142	100287478	5071	11274	5684	408	5713	5683	51377	23032	8970	7874	9146	7417	154	5702	8239	23586	645402	54891	5689	221937	7347	4792	5688	51720	9491	8334	5711	7528	27430	991	8348	9804	7040	1080	5694	29086	3054	6478	83444	8850	79913	114785	7415	126119	728378	8607	55432	7128	5704	7314
Developmental Biology R-HSA-1266738	5730	4893	7703	9045	8913	2044	7913	5317	6188	6164	2258	26019	55588	100288323	8997	5871	10974	5576	254910	9775	5708	6383	23380	10552	6130	79966	81870	140032	8976	2197	9211	6324	1019	6205	728255	5532	4609	58508	10095	1299	3883	6210	6132	22794	865	337880	6701	22943	24137	3856	2312	6299	8851	5313	1496	1641	2308	9794	4821	5710	6708	255626	7062	6227	1948	4440	7026	122706	6091	4185	287	6477	5931	3786	6147	23365	2255	728299	5585	6155	10097	100505724	8218	145258	1944	7224	3688	2596	27022	5701	168544	6138	55800	4318	5705	1045	6700	8829	948	55740	6160	1834	337963	8648	7525	59277	284827	6335	3087	5431	6704	64344	51003	8828	10369	10589	4099	81850	79923	1272	9442	51121	6195	2887	219541	100133941	5698	23122	785	9723	63978	6189	161	8687	25984	6123	57113	6736	59283	196374	1828	3013	776	9046	5046	126638	10371	6323	1827	7029	1605	375790	92	5440	6327	386674	5715	57698	100132386	3912	9063	9443	2932	288	5365	6169	8848	144501	27092	386672	8453	3848	3884	91584	6167	1285	4756	1000	353134	337974	286826	214	25	5567	390792	4651	112755	400569	6336	1175	7124	6654	2516	55534	6663	5713	55211	5683	9355	353142	386685	23032	256297	1286	5702	6206	3881	23521	7027	6300	57556	1026	2050	84962	27255	85290	6928	9491	10752	5711	23097	80031	3020	162605	386680	5362	192666	6699	10398	7040	11005	6154	1945	1809	4205	6326	7220	80306	285643	353133	7402	6334	53358	5595	50846	3849	6862	7314	2125	3678	6237	337973	3897	6192	5594	84891	163175	448835	474382	8331	23767	2675	1830	11313	8202	6886	971	5316	8515	387264	4686	23198	3015	4897	285704	1041	81857	23129	8689	5685	6136	4917	10487	1942	10499	338785	9314	26085	6193	10213	7204	2668	1879	5453	2674	10096	3630	4088	6698	3174	116832	2885	63925	9939	2534	5296	4087	5603	55816	28998	131873	5600	8345	5493	25937	6143	728224	2254	3170	4116	4656	27086	65110	8482	199699	387267	3680	6141	9439	643414	2051	5295	3858	1969	9935	2107	353145	100653049	51187	1459	1291	8341	125115	643418	7547	9260	388818	3866	5664	2167	100505753	284217	30011	8338	7903	8633	386675	55715	8626	1761	6774	1793	2886	9612	1002	85236	643803	5371	3017	6196	22883	5721	6142	6203	8745	3892	9826	3175	337978	3066	10413	3212	404203	440050	207	55558	3214	5709	80205	5604	1385	4023	7490	57522	2705	337968	9968	102	94239	3685	6256	4690	5979	4627	284656	6705	3785	389692	6332	7471	6217	3891	3211	85441	4359	85289	6514	386681	56956	6837	6159	149018	1499	1475	6168	892	337960	4297	27289	2649	23389	9441	5361	337959	148738	5439	4617	9252	9079	220164	3326	5691	5434	6703	5649	7225	6093	353144	5080	199834	10048	3674	6224	3908	3673	6923	5598	1981	6711	23385	826	653240	80728	6173	130399	64096	5692	6804	1298	6197	337976	5663	6453	55203	1020	23708	3713	83902	1051	22938	3156	8022	10046	6230	90390	10298	4790	1284	5747	79784	783	5684	23512	7436	440051	256076	2042	6456	10451	3851	79948	286887	2064	8986	3857	6329	8334	3265	85285	7528	4637	5346	10025	2676	3983	7305	6331	51592	353332	9282	6478	337882	7223	54209	342574	9475	728378	5652	4825	79718	128312	51129	5720	25873	1013	1946	782	2648	5608	3890	57453	83899	3985	50674	83901	7403	5687	7316	5045	222546	11202	4209	5686	10921	57167	6129	387332	5335	6706	2146	6688	440021	100533177	3887	54474	56963	6934	2041	5290	353135	5318	10154	3984	6157	11091	6207	140258	5695	337979	9119	387	775	5716	10368	1052	83896	6166	84448	6229	6586	8342	1959	4478	53616	200916	22976	2624	9969	1053	8650	6218	784	5693	9495	6228	6156	5970	4618	6194	5718	64065	55997	6161	6209	3850	6927	140807	6201	140801	6710	3882	1211	6092	1943	5432	3014	3018	3213	730755	3888	337967	4736	5435	6900	84246	337970	353139	2494	3221	319101	8841	3198	9125	8349	3996	150350	3171	663	43849	3952	84616	861	5781	5605	3312	5291	23332	723790	3852	6135	5909	5454	4628	3728	6234	9070	1050	3233	84648	8128	23396	1017	5588	10092	5719	3570	4211	998	728318	9370	6128	83900	11187	1829	3859	353132	3231	4760	83895	91	3861	6175	728279	337966	3201	896	10715	160	55766	9349	4089	5105	65109	823	2817	5962	8050	27330	54361	9862	5430	8731	10498	4838	6938	6176	7979	4014	2034	5827	6223	2309	1400	6721	121391	8320	9043	3199	51466	6204	7852	2904	353131	3915	8930	386682	6187	2627	386677	2048	1173	5929	10507	126961	1739	3200	71	374454	100507608	8970	10637	100271849	55851	1595	6712	3853	57716	1297	5436	203190	23114	2242	11224	51065	91653	6235	2047	11280	8506	1212	9967	51176	268	3725	1387	6170	4665	6932	3320	51107	23053	6464	57731	1463	8850	1785	5465	64221	8831	112802	3855	389	6202	9333	219699	2260	8688	29079	55090	1821	25791	6181	6387	9846	10891	1441	8874	1024	1287	22885	10197	5717	337971	5928	79727	2672	9477	5217	4208	6233	3921	10570	388	5586	1495	50937	85291	5599	5714	83439	6386	128869	93	3690	142910	26052	6330	5916	390874	9037	8928	8726	6208	10664	5216	7408	8085	64218	8912	28964	5364	5437	4313	8209	688	643812	1282	6144	779	1759	3860	5700	6165	5468	5623	5786	7074	4753	1292	5621	5578	4067	386684	6604	668	147183	79447	1825	9978	337972	652	1460	3854	7430	26239	353140	23054	254950	6720	143471	100131902	84498	5696	7094	26986	643394	147409	1869	4684	10094	163	353141	90249	286	102724334	2313	5682	3880	6657	2033	9423	6232	89884	1808	6124	1949	337969	6707	5306	2909	83881	6662	353137	4602	7480	63036	5788	23254	8503	353323	81871	5706	83897	114787	5266	10001	1826	6517	5568	9611	6035	55110	1630	1956	386678	6125	27	2049	7311	5087	386683	5699	3889	352909	4650	5914	3872	337977	51350	116986	3670	81851	7044	8440	337879	6921	6655	353333	51586	4664	5433	6709	56649	23581	84059	1947	5441	3516	8502	5690	22916	25818	10109	10000	9440	85280	9861	83464	6714	3875	9353	2045	3868	4629	5438	1796	340654	6768	1213	64283	4654	43847	8660	3672	6944	4356	2046	8340	386679	387273	9412	1293	6146	6171	4902	6328	5915	337975	6907	6158	2935	10627	2626	2043	6597	208	51332	112950	57211	6122	7051	285220	5689	3232	4851	7003	23414	5688	3886	85293	84441	10818	54797	8348	7410	9855	3642	1432	137970	5694	103910	353143	9048	353288	3375	27332	56896	5704	6191	7222
Digestion R-HSA-8935690	5408	279	8972	8513	280	11181	3938	119548	1118	250	5407	8544	6490	2984	2981	2980	5406	27159	1208	276
Digestion And Absorption R-HSA-8963743	5408	279	6518	8972	8513	280	11181	3938	6514	119548	6523	1118	250	5407	8544	6490	2984	2981	2980	5406	29881	27159	1208	276	6248
Digestion Of Dietary Carbohydrate R-HSA-189085	27159	6490	279	1118	8972	276	280	11181	3938
Digestion Of Dietary Lipid R-HSA-192456	5408	119548	1208	5406	8513	5407
Dimerization Of Procaspase-8 R-HSA-69416	2194	10010	841	356	8772	8737	8743	8797	8795	8717	8837
Disassembly Of Destruction Complex And Recruitment Of AXIN To Membrane R-HSA-4641262	4040	8312	7478	5525	7471	5527	5528	7479	1499	139285	5529	5518	4041	10023	23401	1455	5519	857	8321	2932	5515	5526	5624	1452	1857	2535	1856	89780	5516
Disease R-HSA-1643685	10800	2997	1850	8822	8087	83551	114	6164	7433	118429	29110	2588	5871	5708	6383	27183	6130	119504	9734	81794	1650	7414	1019	6205	51143	135	4609	2243	796	6132	1811	7706	5746	200958	2965	8459	23479	51510	6776	26354	5527	898	1783	6416	55746	6628	55869	6677	6575	9688	255324	3276	6924	948	113612	51530	5244	127833	1438	10015	7082	4763	108	84679	5892	51121	5698	81793	9908	161	3135	221833	1488	580	4928	293	100	7029	123041	1439	1605	2908	10163	2212	6916	9508	2838	50852	79947	1022	6048	672	3362	112744	7171	6636	25	112755	4853	9444	4128	2673	154	57105	5702	3446	23521	26281	6590	1487	55750	2931	55901	5336	9051	57670	5595	7314	6505	1356	6833	5557	8905	6637	5096	5685	2966	4855	84335	2264	2771	8678	7057	10096	26873	2100	2967	902	4143	5883	2885	176	930	26127	6119	64601	6143	2065	5053	23649	54331	471	6884	5159	2266	411	10971	56052	7469	2252	11245	7750	4041	2697	6772	85236	552	5721	22883	83666	3710	23279	64135	5604	162	5925	3841	1603	11221	2990	56999	79924	941	3667	10747	23511	7324	10827	6217	80010	5613	6514	29882	3105	22845	253832	3364	2959	10362	92815	116150	55733	56606	6850	1028	3932	996	6923	4589	6633	3440	11093	3938	2730	5684	3554	155	2246	7555	919	2799	5289	1585	79109	5732	157869	81631	9475	6271	2475	2488	79718	128312	2783	2648	2230	6559	81792	64174	2023	2146	7058	6934	51160	51114	51343	10393	7520	2548	25885	10535	10628	2863	685	4478	144715	3654	6218	9818	8772	11136	5970	54956	6161	6882	140801	1211	5432	4736	6507	9817	695	9365	8349	51201	8805	3837	3146	723790	8517	94025	5985	8460	1616	51764	10092	10613	1583	4292	5549	27123	8813	9187	8178	255061	79844	1029	399473	9349	486	2817	5430	8731	137492	1452	3133	6279	11073	3092	7046	2790	3708	10203	5373	55247	53371	11218	10898	3661	1173	5528	2694	6469	594857	56922	394263	23586	9451	51065	5889	6235	22987	9134	4907	1836	142678	5422	1234	51107	6464	9641	1463	6635	145226	118430	22934	5245	85365	2260	81031	3551	81693	6827	10197	5717	6484	10910	6233	3921	9526	7157	478	710	3441	7405	8726	51606	4891	5443	23164	6482	9197	5578	27044	51651	134864	10951	9978	6868	79695	229	21	9152	351	5696	9972	8452	163	3074	7334	8647	6124	5902	2071	26018	2262	5349	9719	1901	84312	3055	5978	100423062	2157	5568	5525	83695	957	79139	3717	6400	4650	4583	8487	80824	2288	57504	3703	9061	6921	7189	51128	2740	64180	4153	4254	7048	399687	5606	3840	8818	155382	1763	22856	10392	6146	1589	7172	6907	4854	6158	5027	408	208	139285	51271	7518	3606	2244	5688	1839	291	2641	84441	6483	29760	10484	3443	348995	5704	64127	7249	2781	6874	2158	7113	53828	79796	51304	5576	6843	2542	3955	140032	8976	2197	841	346562	6578	54567	1857	54625	8021	3676	2308	9794	255626	6227	131096	122706	6569	114548	23339	26508	9227	2591	3251	10762	6160	26154	3274	23118	26229	1778	64087	6801	79685	10267	597	994	11173	6487	9899	4000	54106	6189	9507	319100	3799	5950	3013	2248	283652	4159	375790	4331	8907	2120	5715	5519	79651	27006	7253	56913	27436	1852	29945	2582	2773	64426	83933	598	5567	10524	11065	7276	1175	6654	3164	5713	815	5983	60489	7251	79760	6206	79053	4792	1026	11320	9491	11041	9372	9420	11311	9883	718	6154	23476	81622	84447	2854	5594	55615	64240	474382	6528	221613	4686	6878	9340	1812	633	2237	59350	9715	116832	404672	55741	55970	4087	2958	4615	4913	2962	145173	390502	30849	5295	51187	101060233	8341	10082	4548	117579	10768	3553	25978	113189	4836	4193	2874	27090	2961	2692	2803	56603	6480	7170	93343	6159	6566	4968	892	5439	8737	2782	256435	79875	8878	53822	5558	51224	3674	126792	3455	6908	9321	673	5692	6804	5663	2249	1020	4060	1107	4643	10046	4790	5747	59272	238	6343	6456	90338	3339	7098	3549	2064	894	2678	8086	10060	29801	3716	23327	138474	153	1392	2926	369	728378	10018	1789	283463	25873	29071	5608	2069	5686	25920	115	6877	440689	117	5290	5395	26007	9965	6157	2793	2998	1052	483	1856	6229	8342	3190	200916	4969	5693	7422	6228	1021	6194	5718	8454	4249	8322	10266	5501	6201	29954	3795	1113	2968	5435	5199	6457	7450	391	8841	95	23493	11282	51411	7329	4695	5781	55109	6135	4001	5926	112812	3141	3425	5826	998	148022	2280	7454	140735	55766	4089	7321	6520	1937	7428	8655	151306	5624	7979	1781	8325	2784	79833	3073	10058	682	1816	253260	136	22866	6885	7156	6872	4161	126961	71	6844	10728	5956	5436	5002	9156	11224	675	1387	7879	6455	143	7534	133	799	4360	6202	2331	1024	4166	80351	6500	8908	2322	5599	5589	3690	9037	353	5901	10342	10417	1244	11160	8029	170692	8209	11064	7516	2547	1395	5621	4067	27338	64220	143471	811	4303	7094	368	10013	9397	6232	3665	143662	5170	152831	340665	833	26503	2066	9060	79728	23636	1780	9509	2250	57617	26059	6035	3303	91869	81929	6125	120227	84290	7311	92359	5699	5745	3071	904	170689	3444	57188	22916	10109	51135	2956	5515	9861	122042	7514	6344	10333	79644	814	6122	5689	2131	8817	5906	2984	10155	1398	23189	1591	7415	9048	54716	6005	79885	11096	4893	9045	1687	114897	10142	480	6188	63827	995	2258	10256	2323	11174	4296	64840	5037	7296	3973	28234	4552	55687	10095	6210	9868	2720	142	22943	824	8851	11097	129401	5982	3981	3452	2815	5931	113091	6155	10097	57085	5701	2683	6138	5705	8324	8829	29851	11285	928	25996	30061	10014	138050	5959	339345	9871	1523	23191	1464	641	7252	905	5348	7456	80853	10811	348932	3107	1634	10599	9332	4927	4210	10675	7434	5947	8945	1938	124056	283455	5172	4651	10071	8819	142680	3569	55534	170691	8812	23028	5683	3839	6732	7027	79720	85437	161742	200734	222236	6236	54457	9525	974	23193	3020	6894	7040	1445	6199	51433	6519	5516	9636	50846	821	5122	84168	6192	8331	6616	9632	6440	3015	4586	3106	11267	10213	10817	64223	11044	801	6883	92579	2534	3767	2099	4958	5296	28998	84282	8345	25942	2770	993	89780	2254	56965	57599	6141	6521	23765	84251	27249	30011	7531	8815	8338	79023	5529	7504	9612	5371	1655	2992	24	25828	1950	5890	2253	79661	207	5709	79668	940	5478	3714	3448	51564	4627	285195	2161	11116	1499	7936	6168	11254	2801	5095	867	3326	5434	9990	6093	4008	2787	55630	23385	6173	27248	56829	3417	60482	112	25974	285601	83990	5905	3159	22938	6230	7284	23512	7355	10268	8148	6888	388585	26258	8697	8334	116	91662	6524	84875	10146	5610	5720	8458	5687	7316	5045	5335	111	1147	182	2339	122876	1511	5903	50628	339366	482	2687	11253	54507	1794	5716	128866	11081	79872	6531	6773	409	2239	51517	292	9759	6156	6209	2068	83541	546	10787	6749	2592	3014	5609	5777	4594	11183	92949	340024	595	7097	797	6873	11140	3423	3615	5291	953	6234	1017	5133	387522	9672	3570	1593	19	3552	51616	7529	5507	23443	22808	84126	4869	823	2960	84313	1514	9215	3162	2268	3229	55706	2309	10152	116085	6204	7852	140766	8312	6187	6382	553	3451	55851	8323	51284	8717	6857	4588	56667	3295	23225	126410	3725	6170	54657	5880	1185	8850	257397	3134	10284	221914	9150	10006	1584	6396	51311	6240	2811	25929	5714	171019	857	10533	3449	5782	5700	5987	10427	7096	65082	4780	317772	472	1104	5884	1869	7099	1545	102724334	5682	10053	3454	5052	84659	10635	10810	4140	5868	8823	1798	2584	5119	9611	1956	3836	79643	51497	11168	1871	23462	84172	191	5433	3516	5441	5690	64398	6733	10000	116028	83464	196883	54492	2530	4204	9542	63916	1174	2691	1213	8660	8340	5539	6184	6880	2814	4179	22872	9038	2328	55193	51162	170690	5518	8036	3084	57674	10818	8348	28514	203068	92421	3375	6191	3718	1462	1108	10552	54815	5888	973	54344	153201	6017	10458	104909134	2785	55343	1588	1586	326625	3843	5710	7175	5734	7039	57448	10956	6147	6879	2255	221981	3688	6881	1312	10681	54894	2957	9510	9361	10418	6448	7409	7525	5431	6037	9648	402569	6123	23643	51009	1788	5440	11250	2538	147179	2932	2788	130340	6513	64241	6169	6238	572	6167	64682	817	4582	942	11095	719	5932	7991	27243	55690	5744	6490	51534	5711	118788	9900	4158	10020	84818	54960	10559	107	9469	3456	51185	85235	23198	81608	8074	3815	6136	5155	10454	644150	6193	51293	4124	4088	5236	27121	7341	5526	5729	4644	10195	356	6584	84061	55845	7486	51028	440138	340061	80168	10718	2791	5664	9112	6774	134860	1793	3017	4669	6142	6203	145957	7100	7297	83860	3066	8027	8881	4436	246213	9631	1385	335	6829	374	6439	102	94239	6502	10254	26762	4690	2778	4437	10280	2632	5495	3831	4791	818	113	5648	80304	2843	29929	5691	1800	3838	567	481	6224	6711	826	7533	3972	10111	3460	51125	1051	8936	11151	170589	5476	3065	6185	6280	83999	10451	3265	54437	79087	4585	25906	6530	387129	5739	80143	53335	5154	91782	4361	57459	5230	6129	55788	6634	5611	23165	3656	6207	5695	6917	22863	6166	25834	9219	114131	2848	1848	3363	11052	6019	7187	5728	3459	59345	55823	6385	1025	91319	4157	3018	55315	89122	2804	5126	8767	5605	10010	79792	51317	54658	2232	2060	53831	57534	5719	2335	6441	6128	29108	81030	5573	91445	3791	6175	9056	7532	896	160	6777	2696	11198	51529	3360	8732	5908	6176	55048	6223	3445	114609	2263	199857	2786	554	246184	7001	8970	9146	3586	26999	116255	10585	1870	3640	5156	140453	3320	2209	5577	1639	6181	1854	9846	8844	10769	5928	2589	3709	834	727897	5586	920	128869	3442	8496	50507	6208	653509	1849	1535	22906	5437	378884	6144	10568	2963	55294	6165	5500	7841	80731	10802	54518	5984	816	10094	2251	2033	708	9530	79412	79868	8106	7399	9208	23169	2850	1594	5575	57122	10610	8503	8065	5706	1786	477	80070	55914	7474	2719	31	6523	6948	26276	729238	3818	23186	4160	51742	6714	57506	54845	4595	5438	8658	10999	842	6557	215	89853	9844	27072	6171	4040	79902	51181	2792	23367	926	2492	25921	2729	4057	8826	5025	4851	27035	8671	9148	94235	4620	9843	164	2261	55624	7410	1432	1080	5694	10888	1027	2677	8546
Diseases Associated With N-glycosylation Of Proteins R-HSA-3781860	1798	85365	199857	91869	440138	80168	5476	79796	56052	9526	51162	2683	79053	79868	29929	11253	79087	10195	2720	7841
Diseases Associated With O-glycosylation Of Proteins R-HSA-3906995	9509	11095	283463	11173	11096	56999	200958	29071	11093	140766	10071	79695	80070	9507	4853	81792	4586	4854	11174	170691	29954	2591	727897	4583	221981	170690	7058	394263	3955	4855	4588	1605	56667	5199	9510	81794	4851	9037	171019	170689	143662	10418	7057	92949	57188	339366	10585	10417	79875	54437	55624	170692	11041	55901	9508	140453	54507	56913	4585	4589	9215	157869	9719	118430	145173	80731	4582	94025
Diseases Associated With Glycosaminoglycan Metabolism R-HSA-3560782	221914	6487	1464	9469	2331	22856	1462	9672	4060	5549	63827	6382	4166	10082	6385	2719	3074	6383	2683	633	375790	2131	3339	11285	2817	4969	113189	1836	1634	176	26229	4958	1463	126792	2262	11081	9060	10675	2239	3073
Diseases Associated With Glycosylation Precursor Biosynthesis R-HSA-5609975	8818	79644	2584	6590	116150	5236	5373	79947	2592	2673	2582	22845	8813	10020	54344
Diseases Associated With Surfactant Metabolism R-HSA-5687613	653509	10568	6441	1439	729238	21	6440	6439	1438
Diseases Associated With TLR Signaling Cascade R-HSA-5602358	81622	7096	81793	5970	7187	3551	2266	10333	23643	4790	6280	148022	4791	7099	1147	4792	2244	7098	948	7100	695	51135	2243	3146	4695	7097	6279	4615	6271	8517	114609
Diseases Associated With Visual Transduction R-HSA-2474795	222236	5947	5950	6017	9227	24	145226	101060233	7276	5959	5956	64220
Diseases Of Base Excision Repair R-HSA-9605308	79661	4595	4968	4913	55247
Diseases Of DNA Repair R-HSA-9675135	5985	5932	5982	1763	10524	641	4292	4437	55247	10111	83990	7156	4361	83695	472	80010	580	5984	5884	4968	5983	5888	9156	84172	5889	3364	84126	5395	6236	675	116028	2956	5890	5883	79661	10635	7979	79728	4436	7516	4595	6119	25885	11073	7486	4913	9048	672	5892	144715	390502
Diseases Of Mismatch Repair (MMR) R-HSA-5423599	5395	4436	4292	4437	2956
Diseases Of Carbohydrate Metabolism R-HSA-5663084	2990	2997	3425	229	411	2632	3938	7311	7316	51181	6233	2588	8908	2542	6677	3795	5507	6888	6490	4669	2992	2538	2799	6448	92579	2998	378884	3423	2548	2720	138050	22934	7314
Diseases Of Glycosylation R-HSA-3781865	283463	221914	85365	11096	29071	9469	2331	1462	63827	81792	4586	4166	79796	11174	9526	727897	6383	7058	3955	4855	633	54344	81794	9037	171019	7057	5236	339366	10417	170692	11253	176	54507	10195	2720	4958	11081	145173	7841	4969	2239	80731	200958	440138	79695	80168	10082	6385	56052	29954	2591	221981	2592	3074	2683	5199	9510	79868	143662	11285	10418	92949	113189	26229	2262	9719	9060	94025	1798	9509	11173	56999	2584	6487	1464	9672	91869	5549	80070	9507	8813	2719	4583	1605	22845	375790	170689	2817	29929	116150	57188	79875	1634	9508	56913	4589	79947	9215	126792	2582	10675	3073	4582	8818	11095	5373	199857	11093	140766	22856	10071	4060	4853	6382	5476	4854	79644	170691	51162	170690	2673	394263	79053	4588	56667	2131	4851	3339	6590	10585	1836	54437	55624	11041	79087	55901	140453	4585	1463	157869	10020	118430
Diseases Of Metabolism R-HSA-5668914	283463	221914	85365	11096	2997	29071	9469	2331	1584	2230	1462	81693	63827	6440	7316	81792	4586	4166	79796	11174	6233	2588	8908	9526	727897	55788	5096	2542	6383	7058	3955	4855	633	54344	81794	9037	353	171019	51293	653509	5236	7057	26873	339366	10417	8029	4143	170692	11253	4552	1588	1586	5443	54507	92579	2998	10195	2548	2720	378884	4958	326625	10568	11081	145173	7841	2239	4969	5621	80731	5053	200958	440138	79695	229	21	80168	411	10082	27249	6385	56052	29954	2591	221981	1545	2592	3074	6677	3795	3251	2683	4594	4548	5199	9510	79868	4669	143662	11285	113612	2992	10418	92949	95	23169	340665	6448	113189	1594	1438	3423	26229	138050	54658	64087	2262	2232	9719	9060	6439	94025	1798	9509	2990	11173	56999	2584	112812	6487	1464	3141	1583	3425	56603	5826	9672	91869	1593	5549	80070	9507	8813	6441	120227	2632	221833	7311	2719	31	6948	100	4583	5507	729238	1439	1605	22845	191	5095	375790	170689	2817	29929	2538	116150	57188	6916	79875	1634	5624	9508	56913	4589	79947	9215	126792	2582	10675	3073	4582	8818	11095	3417	5539	25974	5373	199857	11093	140766	22856	10071	4060	1589	4853	6382	3938	2328	5476	7172	4854	79644	51181	2730	2694	170691	51162	4128	170690	2673	56922	2729	394263	79053	4588	6888	56667	2131	4851	3339	6490	126410	6590	2799	2678	10585	1836	1585	54437	55624	11041	79087	55901	54657	140453	9420	176	1591	4158	4585	1463	157869	10020	118430	22934	7314
Diseases Of Mitotic Cell Cycle R-HSA-9675126	1616	1017	27338	6502	1021	11065	7324	246184	898	29882	546	1869	1871	7029	119504	7027	896	1026	8697	7321	9134	51529	894	1019	10393	51343	595	1870	1028	8881	51433	25906	29945	996	1027	5925	64682
Diseases Of Programmed Cell Death R-HSA-9645723	255626	128312	23649	94239	8340	1786	1687	8772	1020	26059	8331	474382	4000	5931	8341	995	5928	84290	3015	351	5557	7531	126961	3013	8338	7157	7001	23512	8970	3014	10018	2146	1029	3018	102724334	8717	2801	55766	85236	1788	708	3017	994	841	5052	8726	823	8349	8334	8737	3725	824	8348	5422	3020	10010	5558	356	723790	8345	4001	993	826	8342	8851	1789	2309
Diseases Of Signal Transduction By Growth Factor Receptors And Second Messengers R-HSA-5663202	79885	4893	7249	1850	8822	10142	8087	2258	10256	2323	4296	64840	5037	5708	9734	7414	4609	2243	54567	22943	5710	2308	9794	7175	122706	7039	57448	26508	6776	10956	2255	5527	57085	55869	5701	54894	5705	255324	9361	29851	51530	7409	7525	5431	4763	10014	6801	597	6037	9648	1523	5698	4000	1488	3799	2248	80853	51009	5440	2120	5715	5519	2932	27006	6238	572	27436	50852	1852	7171	817	942	83933	598	283455	6654	55534	3164	9444	5713	815	5683	5702	161742	200734	1026	26281	1487	55750	9491	5711	2931	118788	7040	9372	1445	6199	5516	57670	5595	50846	7314	84447	5594	55615	4686	23198	81608	8074	3815	5685	5155	84335	2264	10213	10817	64223	4088	11044	27121	2100	9715	801	5526	2885	930	26127	2534	2099	5296	4087	89780	2065	2254	2962	57599	471	5295	5159	2266	10718	5664	2252	7750	6774	5529	4041	9612	6772	5721	22883	145957	1950	3066	2253	5604	4193	207	5709	1385	940	374	3714	102	11221	2803	941	3667	51564	4627	10827	7170	5495	3831	11116	1499	892	818	80304	5439	867	55733	5691	5434	8878	3674	3932	4008	6711	23385	9321	673	27248	5692	56829	5663	2249	1051	22938	10046	3065	5684	238	83999	2246	388585	3549	2064	3265	79109	369	2475	10018	53335	79718	5154	5720	2648	2069	5687	7316	5686	5335	1147	182	6934	5290	9965	5903	5695	5716	10535	685	4478	409	5693	1848	9759	11052	5728	6194	5718	8454	8322	5501	5432	5435	7450	391	8841	9365	2804	23493	8805	51411	5781	5605	55109	11140	5291	57534	5719	2335	27123	5573	2280	3791	7529	399473	22808	4089	6777	4869	1937	5430	8731	5624	5908	1452	7979	3092	8325	7046	2309	2263	253260	22866	8312	5528	55851	8323	6469	5436	9451	1387	142678	5156	5880	1185	3320	51107	6464	8546	8850	5245	1639	2260	9846	1024	10197	8844	5717	80351	6233	6500	2322	5714	128869	3690	8496	50507	10342	1849	11160	22906	5437	10533	23164	8209	11064	5782	2963	55294	5700	5500	27044	4067	9978	6868	54518	143471	5696	4303	7094	816	10013	5682	2251	2033	9530	79412	5170	152831	9208	833	2066	4140	8823	8503	5706	2250	9611	6035	5525	55914	1956	7311	3717	5699	6400	80824	23462	9061	5433	3516	5441	5690	22916	4254	10000	5515	9861	83464	6714	54492	7048	54845	399687	4204	9542	5438	8658	1213	842	8660	4040	22872	6907	408	208	139285	5518	8826	3084	8036	5689	4851	8817	2244	5906	5688	1839	9148	57674	84441	10818	2261	23189	28514	5694	7415	1027	5704
Disinhibition Of SNARE Formation R-HSA-114516	5578	5582	6814	5579	6810
Disorders Of Developmental Biology R-HSA-9675151	5578	6907	3065	4204	8841	25942	9611	2874	814	801	9612	79718
Disorders Of Transmembrane Transporters R-HSA-5619115	10559	5720	6505	64240	6396	81031	1356	10197	5717	6833	6528	23198	5687	7316	6559	5686	6233	5685	5871	55788	5708	5714	23165	153201	10213	28234	5903	55343	1244	11160	5695	6578	4891	3767	5716	1811	6584	8021	9197	10568	5700	5710	6531	11097	5693	129401	9818	7175	6521	122706	6569	114548	11136	5718	10956	21	9152	143471	5696	9972	368	55746	91319	79023	5682	5701	6575	55315	9688	6507	5705	552	5721	10762	11183	26154	8647	5244	340024	23279	84659	26503	57122	5709	30061	246213	9631	335	84679	23636	5706	5698	10613	5719	5826	23511	285195	9187	19	81929	255061	79139	7311	6514	6566	5699	91445	4928	6523	6400	9056	51009	11254	283652	123041	23443	348932	6520	5715	5690	5691	9990	56606	6513	9861	64241	7979	10599	55630	10999	55706	6048	6557	4927	116085	215	27248	5692	10058	682	60482	5172	53371	554	142680	79902	553	5684	5713	5683	7355	5702	5002	5689	23225	8671	5688	9491	9843	5711	8086	1836	10060	9883	1080	5694	6524	6519	6530	7415	54716	348995	5704	6005	7314
Displacement Of DNA Glycosylase By APEX1 R-HSA-110357	4595	4968	4913	328	6996	23583	8930	4350	7374
Dissolution Of Fibrin Clot R-HSA-75205	3273	5270	5329	5328	5269	302	5054	5345	5327	5340	6281	5055	5271
Dopamine Neurotransmitter Release Cycle R-HSA-212676	8825	8224	64130	10815	8497	22999	6616	55327	8500	10497	6853	6844	6857	320	8573	9256	6571	6812	8499	8541	6854	5864	6804
Dopamine Receptors R-HSA-390651	1816	1815	1813	1814	1812
Downregulation Of ERBB2 Signaling R-HSA-8863795	9101	55914	1956	2069	10718	7316	7311	10273	6233	208	10193	3084	1839	2064	145957	10000	1950	3320	11140	207	9542	2066	5782	26469	685	2065	4145	8065	7314
Downregulation Of ERBB2:ERBB3 Signaling R-HSA-1358803	7316	7311	9101	207	9542	6233	2064	208	2065	10000	10193	3084	7314
Downregulation Of ERBB4 Signaling R-HSA-1253288	7316	7311	6233	2066	83737	4734	11059	6714	7314
Downregulation Of SMAD2/3:SMAD4 Transcriptional Activity R-HSA-2173795	6497	5594	5054	9611	22938	7316	7311	3065	5494	6233	7050	7323	64750	8239	9612	6772	54778	4089	7321	4088	60436	23439	4087	4092	23327	51592	6498	25937	142	5595	7314
Downregulation Of TGF-beta Receptor Signaling R-HSA-2173788	5499	23645	9958	25805	7316	7311	10273	5501	6233	51377	56937	64750	4088	7048	153443	7040	4087	4092	23327	9372	7046	57154	7514	9110	5500	7314
Downstream TCR Signaling R-HSA-202424	5720	3551	10197	5717	997	23198	5687	7316	5686	3118	6233	6500	5685	1147	5708	920	5714	3127	5290	10213	5695	5296	5716	3122	3120	5700	5710	5693	3635	122706	5295	5970	5728	5718	8454	143471	5696	916	5682	5701	5705	10892	7334	5721	5170	8767	23118	5709	5291	3123	3125	8517	5706	84433	5588	5698	5719	387522	7311	5699	8915	7189	7321	5715	3117	5690	5691	3126	9861	7979	50852	3932	3113	5692	8945	6885	7322	23291	4790	5684	5713	5683	5702	5689	4792	915	5688	919	9491	5711	5694	5704	7314
Downstream Signal Transduction R-HSA-186763	5154	6778	4893	1399	5295	4690	2889	6776	5159	6654	5335	6774	5155	8440	2886	6772	5290	6777	1398	3265	5156	2885	6714	5781	5296	5291	8831	9564
Downstream Signaling Events Of B Cell Receptor (BCR) R-HSA-1168372	4893	5720	3551	10197	5717	23198	5687	7316	5686	6233	6500	5685	4772	1147	5708	5714	4775	10125	10213	5579	5532	801	5695	5716	5700	5710	5693	122706	5970	5718	8454	143471	5696	5682	5701	4773	5705	10892	5721	5709	4794	5478	8517	5706	84433	5698	5719	5534	7311	5699	8915	2280	5715	5690	5691	9861	7979	5692	8945	6885	23291	4790	5684	5713	25780	5683	5702	5689	4793	4792	5688	9491	5711	3265	5694	5530	5966	5704	7314
Downstream Signaling Of Activated FGFR1 R-HSA-5654687	2260	2250	2249	23768	4893	5295	8822	23767	2255	2258	6654	8074	5335	2248	2251	2246	128869	5290	26281	10817	9365	3265	10818	27006	2885	2253	5781	6464	23769	2254
Downstream Signaling Of Activated FGFR2 R-HSA-5654696	4893	2250	2249	2263	5295	8822	2255	2258	6654	8074	5335	2248	2252	2251	2246	128869	5290	8817	26281	10817	3265	10818	27006	2885	2253	5781	6464	2254	8823
Downstream Signaling Of Activated FGFR3 R-HSA-5654708	4893	2250	2249	5295	8822	2258	6654	8074	5335	2246	128869	5290	8817	26281	10817	3265	10818	2261	2885	2253	5781	6464	2254	8823
Downstream Signaling Of Activated FGFR4 R-HSA-5654716	4893	2249	5295	8822	2258	6654	8074	5335	2251	2246	128869	2264	5290	8817	26281	10817	9965	152831	3265	10818	2885	2253	5781	6464	2254	8823
Drug ADME R-HSA-9748784	2944	7367	7498	161823	22978	55748	4831	54576	79799	5444	2686	6817	10249	28234	11309	10720	1244	2687	4363	9429	55270	341392	64078	1066	2950	7366	2938	348158	574537	213	124	7364	3251	7365	8833	54575	389396	95	6783	7409	3615	54658	2030	54578	124975	167127	10991	1571	1558	54659	54579	6035	590	8714	1557	3177	6566	445329	54577	123876	6581	133688	10864	2987	92292	5105	6580	54600	8824	27233	10599	5446	682	6582	2952	7172	54490	10257	10057	2939	1559	10451	10941	81539	1576	2678	9153	54657	7363	7410	219970	54988	6822	5243
Drug-mediated Inhibition Of CDK4/CDK6 Activity R-HSA-9754119	894	1019	1021	595	896
Dual Incision In GG-NER R-HSA-5696400	5985	2965	5982	9978	8450	6573	5424	2068	7316	7311	5984	5427	6233	2966	9557	8451	51426	5983	2067	2072	1643	2968	84172	56655	2073	7507	2967	54107	404672	2071	10038	5426	57804	10714	5111	6119	25885	142	5425	1642	7314
Dual Incision In TC-NER R-HSA-6782135	5985	2965	5982	27339	9978	8450	6573	5424	2068	7316	7311	5984	5427	9716	6233	2966	5432	51426	8451	5983	10450	7874	2072	2067	2968	5435	5436	84172	2033	4331	5440	5433	5439	56655	2073	5441	3150	2074	57654	2967	5434	7507	902	5430	54107	404672	5437	5431	1161	56949	2071	5426	6917	57804	10714	5111	6119	25885	5438	91603	5425	1022	1642	7314
E2F Mediated Regulation Of DNA Replication R-HSA-113510	84515	23649	23595	983	891	5557	1869	7029	5518	7027	28227	5519	5515	5422	83884	10166	5001	5558	5000	5516	23594	5925
E2F-enabled Inhibition Of Pre-Replication Complex Formation R-HSA-113507	23595	983	5000	10166	23594	84515	891	83884	5001
E3 Ubiquitin Ligases Ubiquitinate Target Proteins R-HSA-8866654	255626	56254	10670	23168	8340	7320	79577	54623	9646	5828	92305	80349	123169	7324	7319	8341	9810	51255	7322	79139	7311	5192	7316	5830	6233	9781	8915	220441	7323	8970	3106	3018	3105	85236	55829	5194	7334	3017	7321	257218	51322	8348	5193	5111	7336	5591	56852	8345	7415	5195	8342	118424	6596	7332	7314
ECM Proteoglycans R-HSA-3000178	1311	3680	6678	3685	5054	2331	7448	1462	4060	3915	63827	3694	3687	7042	3910	5802	8516	284217	63923	8785	3911	4684	54829	4038	3688	3381	1297	1605	3690	633	84823	375790	4593	3339	1404	1834	3679	3912	7148	1634	176	1299	7040	7043	3674	4148	3908	3673	1463	7143	3693	7137	9988	4146	1298
EGFR Transactivation By Gastrin R-HSA-2179392	5578	1956	4893	1839	3265	4314	2885	6654
EGFR Downregulation R-HSA-182971	5796	10254	7039	8874	998	10252	29924	1956	2069	7316	7311	6233	30011	10253	9146	58513	255324	6456	6457	867	1839	1950	8027	2885	6455	5782	685	2060	5774	374	7314
EGFR Interacts With Phospholipase C-gamma R-HSA-212718	1839	5335	7039	685	2069	1950	1956	374	255324
EGR2 And SOX10-mediated Initiation Of Schwann Cell Myelination R-HSA-9619665	6721	1821	3915	3156	4359	6663	6597	57211	1595	79966	57716	1605	4664	7003	79948	84059	5453	3912	4665	3066	10413	3908	25937	4099	5827	7402	5454	2705	1959
EML4 And NUDC In Mitotic Spindle Formation R-HSA-9648025	55143	55839	348235	1063	6396	79172	5048	80776	220134	151648	284058	9183	401541	5903	51143	3796	5526	10783	701	9212	8379	79980	54821	57405	81565	699	5527	23421	5501	1783	55746	79023	5529	55055	25909	6232	23279	81930	79682	10403	57122	140609	23332	1778	57082	64105	9184	22919	1780	55166	23122	332	54908	5525	81929	64946	147841	9735	4928	79019	2491	140735	151246	91754	5519	5515	8655	27436	10726	1781	7514	1062	84643	3619	5905	1058	79902	80152	5347	5528	54820	5518	55920	57551	4085	11004	9793	6249	991	83540	11130	91687	5516	79003	348995
EPH-Ephrin Signaling R-HSA-2682334	1946	2044	25791	8874	3985	8997	5586	6383	1942	10552	6386	2041	8976	3984	10096	10095	28964	4313	387	2534	1759	7074	4067	1948	2051	1969	5585	5664	10097	1211	8218	1943	1944	10094	163	4318	7525	1949	4628	102	10092	114787	6035	4627	998	284656	161	2049	8440	160	1947	10109	6093	83464	6714	2045	4629	1213	23385	64283	6944	2046	5663	6453	2904	2048	1175	1173	10627	5747	2043	55851	71	79784	285220	2042	10451	2050	2047	1212	3265	4637	7410	51107	10398	1945	103910	9475	728378	8831
EPH-ephrin Mediated Repulsion Of Cells R-HSA-3928665	102	4067	2046	5663	1948	2051	1946	2044	1969	6035	284656	161	2048	1175	2049	1173	5664	1211	8218	1943	1944	2043	55851	163	1942	285220	4318	160	2041	2042	10451	2050	2047	1947	1212	7525	83464	6714	7410	1949	4313	51107	2534	2045	1945	1213	1759	23385	7074
EPHA-mediated Growth Cone Collapse R-HSA-3928663	387	4067	10398	2534	4629	25791	79784	103910	9475	4627	4628	7525	6093	4637	6714
EPHB-mediated Forward Signaling R-HSA-3928662	4067	6453	10092	114787	2904	6035	998	3985	5585	10097	5747	8997	71	10094	6383	10552	8976	3984	10096	10109	3265	7525	6093	10095	6714	387	2534	9475	728378	8831	64283	7074	6944
ER Quality Control Compartment (ERQC) R-HSA-901032	84447	10299	55757	10956	7316	7311	91445	6233	6400	51009	11253	55741	56886	7844	11236	267	80267	6048	9695	10206	7314
ER To Golgi Anterograde Transport R-HSA-199977	1639	6811	55738	6396	9632	22870	1314	81876	10671	829	22796	1075	90411	4905	10175	22818	93661	10342	84342	51226	3630	55291	51143	25839	830	57511	3998	51693	10652	6708	10427	377	80142	10802	375056	79748	2350	7039	287	149111	10282	9919	6710	1783	286	81562	11258	11316	11196	2804	9476	1778	79090	374	9871	1780	1604	10960	381	51164	83696	9382	2157	966	9554	55014	6399	5861	128637	8615	140735	2801	84364	378	51128	6709	23243	7109	27095	387885	5265	288	9117	8655	8774	126003	2153	2890	254263	1781	6711	54732	10540	91949	100302736	22820	51272	51399	5537	1294	1315	22872	23256	23423	122553	26286	51332	6712	55860	10113	11015	832	10466	10945	9570	1522	83548	64689	84516	10959	11070	9276	11014	10484	372	58485	57731	26984	1453	89866	10121	9527	26958
ER-Phagosome Pathway R-HSA-1236974	3134	5720	3551	10197	5717	23198	5687	7316	5686	6233	5685	23541	3106	1147	5708	5714	10213	55176	2243	5695	6892	5716	4615	5700	5710	5693	122706	7096	5718	9341	2266	143471	811	5696	7099	5682	5701	5705	5721	948	695	266629	3146	4695	7097	5709	8517	5706	5698	5719	10952	9554	3135	7311	23643	5699	6810	3105	29927	5715	5690	5691	3107	9861	567	7979	8773	3133	6279	2923	5692	114609	10333	6280	5684	5713	5683	8673	5702	5689	2244	5688	9491	5711	23480	5694	6271	5704	7314
ERBB2 Activates PTK6 Signaling R-HSA-8847993	5753	9542	3084	10718	2066	1839	2064	145957	685	2065	1950	1956	2069
ERBB2 Regulates Cell Motility R-HSA-6785631	387	9542	3084	10718	2066	1839	2064	145957	685	2065	51072	1950	1956	2069	1729
ERCC6 (CSB) And EHMT2 (G9a) Positively Regulate rRNA Expression R-HSA-427389	255626	128312	8340	94239	474382	8331	1107	5931	8341	5928	57459	3015	3065	1108	126961	10919	3013	8338	9112	8970	3014	3018	57504	102724334	54815	55766	85236	3017	64180	8349	2074	8334	8348	3020	3066	11335	723790	8345	8342	9219	7270
ERK/MAPK Targets R-HSA-198753	6197	6195	1848	131096	5594	1845	1846	4208	5528	5518	6196	9252	1849	5519	5515	1432	4205	5600	5598	5516	5595	51231
ERKs Are Inactivated R-HSA-202670	1848	5528	5594	1845	5598	1849	5519	5516	5515	5595	5518	51231	1846
ESR-mediated Signaling R-HSA-8939211	128312	4893	2783	6387	5594	474382	8331	2354	8202	2069	3015	3480	10499	9126	5290	2771	2668	2785	2100	857	2793	4609	801	346562	596	5437	55970	4313	3727	5296	2099	200845	2958	865	8345	2770	685	2963	8342	2962	7764	199699	255626	54331	131096	5295	7039	7090	59345	5536	4314	8341	1105	340481	2791	10735	1025	4343	8338	5432	3014	3018	102724334	26523	2353	10681	5435	4318	2957	85236	255324	3276	2033	2625	3017	1655	3169	2494	27327	5170	8349	595	1950	8648	5481	861	5431	27161	207	2066	723790	1385	4602	6801	8503	374	51523	5241	23030	94239	51764	1956	5590	3013	4316	2288	55766	57678	8243	5433	5440	7391	904	5439	5441	2782	3326	5434	10000	2788	5430	6714	3838	10498	858	23112	5438	2787	6908	2790	2784	7514	2309	2773	6722	8340	7031	10524	2786	2289	8312	8930	1903	8204	3065	2792	5747	126961	23028	342977	208	56937	8970	9687	10728	5436	9166	5451	7033	1839	4435	8877	94235	7392	8334	55625	3265	3725	1387	7528	8348	3020	23189	3320	6464	5885	1509	8850	1027	192669	127933	192670	5595	57690
Early Phase Of HIV Life Cycle R-HSA-162594	2237	7518	7520	84251	26018	3836	8815	7852	3981	11168	2547	920	3159	5478	1234
Early SARS-CoV-2 Infection Events R-HSA-9772572	221914	91782	30849	26762	23479	9672	6382	7113	5045	79643	27243	10082	6385	2719	59272	6383	85437	375790	1655	8829	8678	3339	7405	2817	5289	25978	7428	1514	128866	92421	7415	81631	2262	3229	5925	2239
Effects Of PIP2 Hydrolysis R-HSA-114508	26090	5583	5588	3708	11343	57113	3709	747	8526	9162	160851	10125	5580	3710	221955	139189	7225	8525	1609	8527	10235	1608	5581	1607	1606	57406	7222
Eicosanoid Ligand-Binding Receptors R-HSA-391903	10800	165140	2840	56413	5729	5733	5734	5732	5739	6915	5731	57105	5737	11251	1241
Eicosanoids R-HSA-211979	11283	8529	284541	66002	1582	5740	57834	4051	126410	1579	1580	6916
Elastic Fibre Formation R-HSA-1566948	3678	3685	7448	650	652	3696	4017	27302	8076	3694	4015	5045	7042	8516	2201	2200	10516	30008	3688	2202	3690	4238	100130933	84171	8200	4052	4016	655	84695	7040	7043	4239	4054	2192	4237	3693	8425	2199	84467
Elevation Of Cytosolic Ca2+ Levels R-HSA-139853	5023	9127	57113	3709	22953	5024	5027	3708	6786	3710	84876	80228	7225	5025	7222
Endogenous Sterols R-HSA-211976	1582	375056	112812	6256	1583	285440	1584	2230	1589	1593	10858	51302	9971	1545	1595	10499	5740	8648	196	1585	1588	5443	9420	57491	9915	2232	1581
Endosomal Sorting Complex Required For Transport (ESCRT) R-HSA-917729	91782	10254	155382	51510	93343	7316	7311	27243	79643	6233	9146	11267	7251	51271	27183	79720	51534	51160	9525	25978	84313	137492	8027	55048	128866	92421	89853	51028	7314
Endosomal/Vacuolar Pathway R-HSA-1236977	3134	567	3133	1520	1514	1515	3106	3107	3105	3135	4012
Energy Dependent Regulation Of mTOR By LKB1-AMPK R-HSA-380972	58528	10670	5562	7249	57521	53632	64121	55437	10542	5564	5494	51422	92335	5565	6009	5571	10325	153129	55004	7248	64223	5563	6794	28956	51719	8649	2475	81617	389541
Entry Of Influenza Virion Into Host Cell Via Endocytosis R-HSA-168275	55193	26258	1211	1213	7504	26354
Ephrin Signaling R-HSA-3928664	2049	2050	2534	2047	10627	1947	2051	1948	1949	2048	5586	6035	8874	8440	5585	6386	28964	6714
Epigenetic Regulation Of Gene Expression R-HSA-212165	10284	128312	23451	7913	2648	474382	8331	22823	51082	29947	5928	57459	3015	64174	1108	2966	3720	2146	54815	8726	2967	902	80312	404672	5437	11335	25885	8345	25942	8342	9219	255626	64425	2965	26147	200424	5931	8341	5252	2068	54790	8338	9112	9013	3014	3018	10849	102724334	2968	5435	85236	8467	2033	3017	79101	8349	3066	2071	6839	54606	723790	9015	79685	6996	7343	94239	1786	23411	10919	3013	57504	23309	121536	55766	1788	11176	84172	4331	5440	79595	64180	5441	51742	2074	5434	2932	6908	1022	64426	8340	8819	1107	4643	3065	126961	23512	8970	30834	221830	29115	23378	8334	9014	10514	8348	3020	29128	8850	728378	9031	7270	1789
Erythrocytes Take Up Carbon Dioxide And Release Oxygen R-HSA-1237044	760	84182	606495	51706	6521	759	51700	762	51167	6005
Erythrocytes Take Up Oxygen And Release Carbon Dioxide R-HSA-1247673	760	84182	6521	759	762	6005
Erythropoietin Activates Phosphoinositide-3-kinase (PI3K) R-HSA-9027276	4067	5290	3717	22883	5291	23533	5295	8288	2057	8660	5294	128869
Erythropoietin Activates Phospholipase C Gamma (PLCG) R-HSA-9027277	4067	3717	5335	8288	5336	2057	8660
Erythropoietin Activates RAS R-HSA-9027284	4067	6464	4893	1399	3717	8288	2889	2057	3265	7409	2885	8660	6654
Erythropoietin Activates STAT5 R-HSA-9027283	4067	3717	6777	8288	2057	6776	8660
Establishment Of Sister Chromatid Cohesion R-HSA-2468052	10735	8243	5885	56937	113130	23047	23244	23063	114799	157570	9126
Estrogen Biosynthesis R-HSA-193144	3292	441282	51170	51171	3294	1588
Estrogen-dependent Gene Expression R-HSA-9018519	128312	6387	474382	8331	2354	8202	3015	10499	9126	2668	4609	596	5437	3727	2099	200845	2958	865	8345	2963	8342	2962	7764	199699	255626	7039	7090	8341	1105	10735	1025	4343	8338	5432	3014	3018	102724334	26523	2353	5435	2957	85236	27327	3276	2033	2625	3017	1655	3169	2494	8349	595	8648	861	5431	27161	2066	723790	4602	51523	5241	23030	94239	3013	2288	55766	57678	8243	5433	5440	7391	904	5439	5441	3326	5434	5430	3838	10498	23112	5438	6908	8340	7031	10524	8312	8930	8204	3065	126961	23028	56937	8970	9687	10728	5436	9166	5451	7033	4435	7392	8334	3725	1387	7528	8348	3020	23189	3320	5885	1509	8850	192669	192670	57690
Estrogen-dependent Nuclear Events Downstream Of ESR-membrane Signaling R-HSA-9634638	131096	5594	7039	1956	2069	5747	208	2353	255324	1839	595	10000	1950	596	207	1385	685	1027	127933	7514	2309	5595	6722	374
Estrogen-stimulated Signaling Thru PRKCZ R-HSA-9634635	5590	4893	5170	5594	3265
Ethanol Oxidation R-HSA-71384	219	126	217	128	130	124	131	55902	84532	125	216
Eukaryotic Translation Elongation R-HSA-156842	9045	6192	25873	6181	6188	6164	6233	3921	6129	6136	1936	6130	140032	2197	6193	6208	6157	6205	6207	116832	1917	6210	6132	28998	6166	6229	6143	6144	200916	6165	6141	6218	6227	6228	6156	51187	6194	6147	6161	6209	6201	140801	6155	6138	4736	6232	6142	6203	6160	6124	6135	6234	51121	6189	6128	6125	6217	7311	6123	6159	1915	6175	6168	9349	1937	6169	6176	6224	6167	6173	6223	1938	6204	6146	6171	6187	6230	6158	6122	6206	23521	11224	51065	6235	1933	6170	6154	6202	6191
Eukaryotic Translation Termination R-HSA-72764	9045	6192	25873	6181	6188	6164	6233	3921	6129	6136	6130	140032	29104	2197	6193	6208	6157	6205	6207	116832	6210	6132	28998	6166	6229	6143	6144	200916	6165	6141	6218	6227	6228	6156	51187	2107	6194	6147	6161	6209	6201	140801	6155	6138	4736	6232	6142	6203	6160	6124	6135	6234	51121	6189	51504	6128	6125	6217	7311	6123	6159	6175	6168	9349	6169	6176	6224	6167	6173	6223	6204	23708	6146	6171	6187	6230	6158	2935	327	6122	6206	23521	11224	51065	6235	6170	6154	6202	6191
Export Of Viral Ribonucleoproteins From Nucleus R-HSA-168274	129401	9818	7175	53371	6396	3303	23511	79902	81929	26354	55193	9972	4928	55746	79023	9688	23165	26258	23225	10762	5901	5903	8086	23279	84659	57122	9883	9631	23636	8021	55706	7514	4927	348995	11097
Expression And Translocation Of Olfactory Receptors R-HSA-9752946	283162	127077	219982	390190	8383	81099	401665	401994	390072	390431	219482	8386	403278	26664	390199	138804	119772	390083	284532	390201	81168	127066	391109	391114	338674	390157	441308	255725	219464	81442	391195	134083	219432	341276	390063	26496	390064	219954	403282	391191	402135	26658	81285	442191	390168	390429	390321	286365	219487	256148	219870	26189	341799	26648	126370	26531	219874	219447	65055	8390	219869	219438	26693	390061	162998	144124	390067	119749	219469	219965	344892	138803	135948	26341	4991	4995	9355	81328	4994	81797	26696	81300	122742	403257	390261	390323	119682	403284	138883	81697	138799	442194	219958	26219	282763	119678	81392	120065	283159	219986	138881	119764	441639	346517	390275	1879	442185	392391	390155	390181	390075	401993	81466	390264	390038	390445	79544	504190	79339	393046	26339	79346	81282	219428	121364	81469	390883	119687	219431	79317	120796	219453	390054	128366	219858	26212	219477	391190	26595	219484	132112	138882	81327	403273	390892	79310	26493	392138	135924	196335	8392	121130	119694	390058	254973	81127	219493	391211	391107	26248	9079	390439	119774	403253	392392	219479	392309	254786	390441	125963	403274	441933	119695	286362	143503	127385	346525	26529	26476	219873	390148	338751	4993	390265	390077	79290	26689	26188	401666	403239	391194	26533	283297	390260	283160	392376	442361	401427	79334	390271	120775	390437	79549	135946	120793	23538	125962	390084	283694	219436	390433	127074	390081	441608	389090	219437	390882	390648	338662	284521	390195	127059	338755	390059	347468	390036	79541	120066	401992	122740	219957	390144	254879	441669	387748	390154	81448	283092	390093	138805	390442	130075	26707	26338	26539	219473	8388	338675	390142	219968	56656	81050	81309	128367	219981	347169	442184	442186	26538	121129	26735	283093	390191	391192	282775	391189	343173	390649	403244	219983	341418	127068	390078	343169	26740	81696	391196	138802	390152	79324	390326	341152	343172	125958	119765	283111	390197	119692	219875	341416	124538	219865	391112	150681	219952	26245	128371	26211	79295	7932	127062	79296	128368	128372	285659	390151	26494	26246	120787	158131	81318	403277	119679	390327	26692	126541	347168	26716	4992	143502	390066	120586	283189	81470	81341	441670	135941	284383	79345	284433	392390	8387	219429	127064	120776	26534	81472	219956	79482	282770	256144	390113	81061	401667	127069	26659	343171	26333	340980	254783	26737	390079	390162	26687	8590	343406	144125	26532	390167	219959	283365	219960	127623	121275	79473	219417	10798	122748	390037	128360
Extension Of Telomeres R-HSA-180786	5985	23649	1017	5982	54921	1763	641	79991	65057	5537	54433	6573	5424	5557	5984	5983	80119	80169	63922	51750	84172	2237	54386	7013	1736	23243	55291	5422	25913	55505	10856	26018	5558	57804	10714	55651	5111	6119	25885	7486	5425	55135	26277	8607	55164	8900	7014	890	79075	7015
Extra-nuclear Estrogen Signaling R-HSA-9009391	4893	54331	51764	2783	131096	5594	5295	2786	7039	59345	4314	1956	1903	2069	340481	2791	5590	2792	5747	4316	208	342977	3480	2353	10681	4318	255324	3276	5290	2771	1839	5170	8877	94235	2785	2782	2100	55625	857	595	10000	801	1950	2788	2793	346562	596	3265	55970	6714	3320	4313	858	5296	207	2099	6464	1385	2787	2770	6801	685	1027	2784	2790	2309	5595	6722	127933	8503	7514	374	2773
Extracellular Matrix Organization R-HSA-1474244	1277	3675	5154	3678	11096	1290	23127	22795	7177	84570	2331	6650	1462	5339	3683	1287	57642	1504	4017	8076	63827	8515	871	2258	7412	11131	5045	7042	3910	80274	1520	10319	5802	2201	23473	2200	8785	4038	634	5155	4319	1278	6383	3690	4238	633	100130933	4593	1511	3918	1215	7057	4327	26254	4016	51343	50509	1306	655	2243	170692	176	10536	1299	79709	55214	5654	4313	440387	5033	1295	3695	131873	4148	1308	4054	4326	1282	7143	3676	824	8425	7137	9988	2199	1307	1292	84467	1311	3680	3682	4921	58494	5578	6678	5645	1300	1296	8751	4680	7448	1281	652	10893	1289	6868	1305	255631	101	27302	1291	3696	2266	4314	3684	4015	83700	3817	6385	8516	284217	8985	4684	3688	8974	5479	87	340267	4318	9510	836	960	1404	1834	5340	10753	59277	222663	1088	825	1301	7093	1310	3681	4322	4237	3693	30827	1280	91522	9644	102	8754	9509	56999	1302	3685	3914	7837	1288	650	977	26059	2335	9672	169044	780	5351	9507	3386	7077	3694	84290	26577	147968	85301	8728	63923	961	3911	4316	54829	3791	4323	1508	30008	5034	1605	3818	81578	375790	3689	84171	667	3384	4052	823	3385	22801	79148	3679	3912	4317	7148	1634	84695	9508	9378	8038	5352	1513	64175	1514	4239	3674	164656	3908	3673	5650	23385	826	2192	1285	5175	85007	92291	7087	3672	1298	11095	682	50859	4811	5663	50848	5054	5118	1293	140766	11132	4324	4060	3383	3915	1294	51399	7276	6382	440854	3687	649	10491	4312	1284	10516	170690	1756	1286	2202	136227	1991	4320	3381	1297	256076	4321	84823	4325	8573	2244	8200	3339	7076	80781	7373	283208	3655	827	8174	7040	7043	136541	1515	1509	1303	1463	388743	726	3691	4146	7092
Extrinsic Pathway Of Fibrin Clot Formation R-HSA-140834	2155	83541	7035	2158	2152
FBXL7 Down-Regulates AURKA During Mitotic Entry And In Early Mitosis R-HSA-8854050	5693	5706	5720	122706	5698	80028	9978	5719	5718	10197	8454	5717	23198	5687	143471	7311	7316	5696	5686	5699	6233	6500	5684	5685	5704	5683	5713	5708	5682	5702	5701	5714	5689	5705	5721	10213	5688	5715	5690	9491	5691	23194	5711	5695	9861	7979	5716	5709	5694	6790	5700	5710	5692	7314
FBXW7 Mutants And NOTCH1 In Cancer R-HSA-2644605	4851	6500	9978	55294	8454
FCERI Mediated Ca+2 Mobilization R-HSA-2871809	4067	100423062	3708	7294	5534	6654	3709	9402	3702	5335	3937	4772	4773	4775	10451	83985	10768	695	3710	5532	7409	801	6850	2885	7410	6464	5336	5530	7006
FCERI Mediated MAPK Activation R-HSA-2871796	4067	100423062	4893	5594	6035	5585	6654	9402	6416	5335	3937	5586	4214	5599	5609	2353	10451	83985	3265	3725	7409	6850	2885	7410	5602	6464	5601	5336	5595
FCERI Mediated NF-kB Activation R-HSA-2871837	5720	3551	10197	5717	997	23198	5687	7316	5686	6233	6500	5685	1147	5708	5714	10454	10125	10213	115727	5695	5716	5700	5710	5693	4067	122706	5970	5718	8454	143471	5696	5682	5701	5705	10892	7334	5721	5170	23118	5709	8517	100423062	5706	84433	5588	5698	5719	387522	7311	5699	8915	7189	7321	5715	5690	5691	9861	7979	10235	5692	8945	6885	7322	23291	4790	5684	5713	5683	5702	5689	4792	5688	9491	5711	5694	257397	5704	7314
FCGR Activation R-HSA-2029481	4067	2534	100423062	2209	919	6714	2268	2212	7525	6850	3055
FCGR3A-mediated IL10 Synthesis R-HSA-9664323	5578	4067	5577	100423062	107	112	3708	5567	5568	114	5573	5613	3709	5335	5576	111	115	3586	113	10768	919	3710	2212	7525	801	6850	196883	6714	5575	2534	2209	1385	108	5336	2268	3055
FCGR3A-mediated Phagocytosis R-HSA-9664422	4067	9844	100423062	10092	25	23191	5594	4690	10006	4651	6035	4627	998	4643	8936	7456	10097	5747	71	4650	10787	10094	7454	10552	1793	3071	644150	10451	8976	26999	10458	919	695	10096	4620	1398	10163	147179	10109	7409	7525	6850	10095	2885	6714	7410	4644	2534	5595	55845	63916	2268	728378	10810	10152	3055	51517
FGFR1 Ligand Binding And Activation R-HSA-190242	8074	26281	2250	2249	2260	8822	2248	9365	3730	2254	2255	2251	27006	2246	2258	2253
FGFR1 Mutant Receptor Activation R-HSA-1839124	1523	2260	2250	2249	5295	11052	8822	9846	6776	2258	8074	11116	7750	6774	2251	2246	6772	5290	9530	26281	6777	9208	11160	8805	2885	2253	11064	399687	26127	2254
FGFR1b Ligand Binding And Activation R-HSA-190370	2260	2248	2255	27006	2246	2258
FGFR1c Ligand Binding And Activation R-HSA-190373	8074	26281	2250	2249	2260	8822	3730	2254	2251	2246	2258	2253
FGFR2 Alternative Splicing R-HSA-6803529	4670	3185	4686	7073	3187	5432	7072	5435	5436	3178	5433	5440	5439	5441	22916	5434	23543	5430	5431	5437	54845	5438	80004	2963	2962	5725
FGFR2 Ligand Binding And Activation R-HSA-190241	9982	2250	2249	83888	2263	8822	2255	2258	8074	2248	2252	2251	2246	8817	26281	143282	27006	2253	2254	8823
FGFR2 Mutant Receptor Activation R-HSA-1839126	2250	2249	2263	8822	2255	4686	2258	8074	2248	2252	5432	2251	5435	2246	5436	8817	26281	5440	5433	5439	5441	22916	5434	5430	27006	2253	5437	5431	5438	2963	2254	2962	8823
FGFR2b Ligand Binding And Activation R-HSA-190377	9982	2263	83888	143282	2248	2252	2255	27006	2246	2258
FGFR2c Ligand Binding And Activation R-HSA-190375	8074	8817	26281	2250	2249	2263	8822	2254	2251	8823	2246	2258	2253
FGFR3 Ligand Binding And Activation R-HSA-190239	8074	8817	26281	2250	2249	8822	2591	2254	2261	8823	2246	2258	2253
FGFR3 Mutant Receptor Activation R-HSA-2033514	8074	8817	26281	2250	2249	8822	2254	2261	8823	2246	2258	2253
FGFR3b Ligand Binding And Activation R-HSA-190371	8817	26281	8822	2254	2261	2246	2253
FGFR4 Ligand Binding And Activation R-HSA-190322	8074	8817	26281	2249	2264	9965	8822	152831	2254	2251	8823	2246	2258	2253
FGFRL1 Modulation Of FGFR1 Signaling R-HSA-5658623	161742	200734	8074	8817	2250	2249	8822	2248	53834	2255	27006	2253	2258
FLT3 Signaling R-HSA-9607240	2887	4893	5295	8835	7314	9846	6776	10019	6654	27	2323	7311	7316	84174	6233	9402	208	2322	51091	5290	6777	867	3265	10000	6850	2885	9306	5781	2534	207	1445	3932	1027	10018	5795	3055	2309
FLT3 Signaling By CBL Mutants R-HSA-9706377	7316	7311	2323	6233	867	2322	7314
FLT3 Signaling In Disease R-HSA-9682385	4893	5295	598	9846	6776	6654	7316	2323	7311	6233	7750	2322	9361	5290	1026	50507	6777	2120	867	2804	3265	2885	5781	399687	6711	9321	7314
FLT3 Signaling Thru SRC Family Kinases R-HSA-9706374	2323	2534	3932	2322	6850	3055
FOXO-mediated Transcription R-HSA-9614085	2290	27113	23460	10891	1649	23411	4852	6720	5934	3065	4303	10971	5871	208	604	7529	4800	4287	114907	84676	7532	10249	3484	56729	9314	2033	57060	1026	4801	4089	2908	5105	23410	4088	25828	2538	3630	6794	694	857	65018	10000	1387	2660	3066	5443	10370	7534	181	207	25996	4087	356	10628	25942	8850	91584	4802	1027	1647	10018	901	2308	2309
FOXO-mediated Transcription Of Cell Cycle Genes R-HSA-9617828	2290	57060	1026	5934	4303	4087	4089	4088	694	857	1027	1647	2309	901	2660	2308	9314
FOXO-mediated Transcription Of Cell Death Genes R-HSA-9614657	2033	10370	27113	4303	4801	356	6794	604	4800	4802	1649	65018	1387	10018	2308	2309
FOXO-mediated Transcription Of Oxidative Stress, Metabolic And Neuronal Genes R-HSA-9615017	23460	10891	4852	6720	3065	4303	5871	4287	114907	84676	10249	3484	56729	4089	23410	2908	5105	4088	2538	3630	3066	5443	4087	181	25942	91584	2309	2308
FRS-mediated FGFR1 Signaling R-HSA-5654693	2260	2250	2249	4893	8822	2255	2258	6654	8074	2248	2251	2246	26281	10817	9365	3265	10818	27006	2885	2253	5781	2254
FRS-mediated FGFR2 Signaling R-HSA-5654700	4893	2250	2249	2263	8822	2255	2258	6654	8074	2248	2252	2251	2246	8817	26281	10817	3265	10818	27006	2885	2253	5781	2254	8823
FRS-mediated FGFR3 Signaling R-HSA-5654706	4893	2250	2249	8822	2258	6654	8074	2246	8817	26281	10817	3265	10818	2261	2885	2253	5781	2254	8823
FRS-mediated FGFR4 Signaling R-HSA-5654712	4893	2249	8822	2258	6654	8074	2251	2246	2264	8817	26281	10817	9965	152831	3265	10818	2885	2253	5781	2254	8823
Factors Involved In Megakaryocyte Development And Platelet Production R-HSA-983231	5577	30845	23764	64780	3456	7975	7157	5576	829	9927	139818	55669	3441	3442	55604	23348	56992	3796	23095	830	146909	1794	3834	25942	3449	24137	2624	5578	89953	8165	3045	1795	3452	26153	55083	3798	55619	2623	161882	64145	1793	3047	2625	221458	3835	9585	81930	5890	23046	3066	147700	29127	5575	51317	3660	3659	4602	25970	81704	5868	9732	3705	9493	1017	3448	5568	6035	998	55582	5573	3799	3717	11216	3046	3831	3797	55614	23186	11127	124602	85440	3048	10362	3444	22920	64147	57572	113220	10112	91768	1062	3800	3445	81928	84643	7465	25	3832	5567	3440	1020	50808	10019	10749	547	2627	3451	10938	90990	3065	2626	3833	126961	23028	9371	3446	832	5889	23414	80005	4097	23303	11004	30846	3020	23468	4778	11311	3443	140628	10603	221037	285643	55605
Fanconi Anemia Pathway R-HSA-6783310	9937	57697	29089	55120	57599	64858	7316	7311	6233	199990	2067	2072	2189	197342	146956	2176	2188	84172	84464	84126	2178	2175	2187	353497	80198	22909	7398	91442	201254	55215	6119	25885	80233	2177	390502	7314
FasL/ CD95L Signaling R-HSA-75157	2194	843	841	356	8772
Fatty Acids Bound To GPR40 (FFAR1) Regulate Insulin Secretion R-HSA-434316	2776	2864	9630	5331	23236	5330	2767	2769
Fatty Acid Metabolism R-HSA-8978868	117145	5730	54677	55825	27349	64174	5444	5096	145482	84129	9536	11332	54898	79966	23305	1384	11283	5740	2194	4593	6319	8644	5563	5321	2687	1376	79993	4363	6584	337880	242	23205	80221	247	84869	5742	1544	1892	80142	51	83401	5445	22949	1580	2876	7069	1543	641371	55289	239	47	51422	27306	10388	59344	1545	4594	1632	2181	8529	788	10449	51144	8309	283927	113612	11000	1579	641372	6785	4048	3293	2877	91452	34	201562	10005	4051	4056	253017	64834	1573	3030	51495	22880	79777	30	246	6256	1558	9524	26027	122970	6296	1557	84693	55301	142827	2180	31	2879	5743	81616	7923	1962	60481	79071	5565	241	158833	5095	55856	26063	64180	51703	873	6916	2182	158584	4706	127281	1800	37	84320	240	51179	1622	2053	10478	284486	215	80724	5446	9261	390916	1582	9200	3033	109703458	35	284541	57834	23597	11001	10728	5538	9415	8310	401494	6576	134526	1559	5467	3295	23600	23417	33	414149	10965	126410	197322	2678	79152	224	5264	10455	58526	58488	3248	3032	1374	51102	1666
Fatty Acids R-HSA-211935	8529	11283	284541	66002	1572	57834	4051	126410	1553	1573	1579	1555	1580	1549
Fatty acyl-CoA Biosynthesis R-HSA-75105	9200	83401	109703458	9524	55301	47	2180	11001	31	81616	7923	60481	79071	5538	54898	79966	6576	401494	23305	2181	2194	6319	51144	197322	11000	51703	6785	2182	3293	79993	201562	64834	253017	23205	84869	51495	22880
Fc Epsilon Receptor (FCERI) Signaling R-HSA-2454202	4893	5720	5594	9846	3551	10197	5717	997	23198	5687	7316	3709	5686	6233	6500	3702	5685	5335	5586	4772	1147	5708	5599	5714	10454	4775	5290	10125	10213	5532	115727	801	5695	2885	2534	5296	5716	5700	5710	5693	4067	122706	5295	7294	5970	2207	5718	8454	5585	143471	5696	6416	4214	5682	5609	5701	2353	4773	5705	10892	7334	5721	5170	10768	695	3710	7409	23118	5709	5291	7006	8517	100423062	5706	84433	5588	5698	5719	387522	6035	5534	7311	5699	8915	23428	2205	7189	83985	7321	5715	5690	5691	9861	6850	7979	5602	5601	10235	2206	5692	8945	3708	6885	7322	6654	23291	4790	9402	5684	5713	5683	3937	5702	5689	10451	4792	5688	9491	5711	3725	3265	7410	6464	5694	5336	5530	5595	257397	5704	7314
Fcgamma Receptor (FCGR) Dependent Phagocytosis R-HSA-2029480	5594	10006	3709	5335	10552	5589	644150	5290	8976	10458	3984	5580	10096	122618	10095	2885	4644	2534	5296	55845	51517	4067	5295	196051	5585	10097	10787	10094	1793	5338	10768	695	3710	7409	7525	5291	5581	10810	3055	100423062	10092	23191	84513	4690	6035	4627	998	7456	4650	7454	3071	10163	3326	147179	2212	10109	23646	6850	6714	63916	8398	2268	10152	6944	9844	25	3708	4651	4643	8936	5747	71	4771	10451	26999	919	4620	1398	7410	3320	2209	5336	728378	5595
Fertilization R-HSA-1187000	117144	7784	157855	347732	7783	49	113177	8748	5016	79820	378807	11085	57829	2515	6677	2683	8747	84329	117155	126123	928	257062	57828	284359
Fibronectin Matrix Formation R-HSA-1566977	3678	4680	2335	634	3688	1088
Ficolins Bind To Repetitive Carbohydrate Structures On Target Cell Surface R-HSA-2855086	2219	8547	2220	10747	5648
Folding Of Actin By CCT/TriC R-HSA-390450	908	22948	10575	7203	10693	10574	728378	6950	10576	10694
Formation Of ATP By Chemiosmotic Coupling R-HSA-163210	515	521	10476	516	522	517	27109	498	539	514	518	9551	506	10632	513	509
Formation Of Fibrin Clot (Clotting Cascade) R-HSA-140877	2155	7056	5627	2157	2815	8458	2158	2814	5547	2266	3827	2811	83541	2161	5196	10544	2149	3053	2162	710	3818	2152	7450	90338	708	57126	2244	5657	462	5197	2165	2243	5624	5270	2153	7035	5104
Formation Of HIV Elongation Complex In Absence Of HIV Tat R-HSA-167152	9150	2965	905	6827	8178	2068	4686	1025	8812	51497	25920	7469	5432	6749	2966	7936	2968	6921	5435	5436	4331	5440	5433	904	6924	5439	5441	11198	22916	2967	5434	902	5430	404672	5437	5431	2071	6917	51224	5438	6923	1022	2963	2962	6829
Formation Of HIV-1 Elongation Complex Containing HIV-1 Tat R-HSA-167200	9150	2965	6827	8178	2068	4686	1025	51497	7469	25920	5432	2966	6749	7936	2968	6921	5435	5436	4331	5440	5433	904	6924	5439	5441	11198	22916	2967	5434	902	5430	404672	5437	5431	2071	6917	51224	5438	6923	1022	2963	2962	6829
Formation Of Incision Complex In GG-NER R-HSA-5696395	5887	8554	2965	9978	8450	1069	2068	7316	7311	6233	2966	9557	8451	2067	2072	1643	2968	54778	84172	7334	4331	5886	2073	7507	7341	2967	6613	902	7329	404672	2071	10038	10401	6119	25885	7336	142	7508	1022	1642	85015	7314
Formation Of RNA Pol II Elongation Complex R-HSA-112382	85403	23168	9150	2965	79577	55929	54623	9646	80349	905	123169	6827	8178	2068	4686	1025	4300	8812	51497	25920	7469	5432	6749	7936	2966	2968	6921	5435	5436	55677	4331	5440	5433	904	6924	4298	5441	5439	11198	22916	6830	2967	5434	902	5430	404672	5437	5431	2071	6917	51224	5438	6923	1022	2963	2962	27125	6829
Formation Of Senescence-Associated Heterochromatin Foci (SAHF) R-HSA-2559584	1026	3009	3008	23523	25842	3024	8091	4001	7157	5925	29855	7290	3005	3007	3159	57634	3006
Formation Of TC-NER Pre-Incision Complex R-HSA-6781823	2965	27339	9978	8450	2068	7316	8533	7311	50813	9716	6233	2966	5432	8451	10450	7874	2968	10920	5435	10980	5436	2033	51138	4331	5440	5433	10987	5439	9318	5441	3150	2074	57654	2967	5434	7507	902	5430	404672	5437	5431	1161	2873	56949	2071	6917	91603	5438	1022	1642	7314
Formation Of A Pool Of Free 40S Subunits R-HSA-72689	9045	6192	25873	6181	6188	6164	6233	3921	6129	6136	8664	6130	140032	2197	6193	8661	8665	6208	6157	6205	1964	6207	116832	6210	6132	28998	6166	6229	6143	6144	200916	6165	6141	3646	6218	6227	6228	6156	51187	6194	6147	6161	6209	6201	140801	6155	6138	4736	6232	6142	6203	6160	6124	8668	8666	10480	6135	6234	51121	6189	6128	6125	6217	7311	6123	6159	6175	6168	8669	9349	27335	6169	6176	6224	6167	6173	6223	6204	6146	6171	51386	6187	6230	6158	8662	6122	6206	23521	11224	51065	6235	8663	6170	8667	6154	6202	6191
Formation Of Annular Gap Junctions R-HSA-196025	1173	1601	1211	1212	8218	1785	1213	1759	2697
Formation Of Apoptosome R-HSA-111458	331	56616	51074	54205	5594	22900	57099	317	842	5595	55075
Formation Of Early Elongation Complex R-HSA-113418	9150	2965	6827	2068	4686	51497	7469	25920	5432	2966	7936	2968	5435	5436	4331	5440	5433	5439	5441	22916	2967	5434	5430	902	404672	5437	5431	2071	5438	1022	2963	2962	6829
Formation Of Editosome R-HSA-75094	29974	339	403314	10930	164668	27350	9582
Formation Of beta-catenin:TCF Transactivating Complex R-HSA-201722	255626	128312	8340	94239	79577	10524	474382	8331	90780	4221	26108	7090	123169	8341	283149	3015	3065	607	5929	126961	3013	8338	6597	1499	8970	3014	3018	102724334	83439	8313	6934	8295	55766	85236	7089	2033	3017	864	8290	8349	8334	8085	51176	4609	1387	8348	3020	6932	7088	7091	723790	8345	8342	8607	9070	7015
Formation Of Cornified Envelope R-HSA-6809371	9333	2125	7062	643414	448835	1825	5266	3713	353145	5317	1830	26239	353131	353140	6705	643418	64065	11187	1829	43847	5045	11202	1041	353132	1828	643394	6706	147409	149018	353142	5046	1475	353141	254910	126638	7051	1827	26085	142910	353139	353135	6700	5318	23581	8502	823	1834	6698	25818	6703	43849	353144	6699	6704	404203	6707	11005	199834	4014	5493	340654	6701	353137	6768	353143	826	353133	2312	3728	5652	63036	23254	84648	353134
Formation Of Ternary Complex, And Subsequently, 43S Complex R-HSA-72695	3646	6218	6227	6192	6228	6204	6194	6188	6189	51386	6187	6209	6217	6230	6201	6233	1968	8894	3921	8662	8664	8669	6206	140032	51065	2197	6193	6235	8661	8663	8665	6208	6203	6232	6205	1964	6207	8668	27335	8667	8666	10480	6210	6224	1965	6229	6223	6234	6202	6191
Formation Of Tubulin Folding Intermediates By CCT/TriC R-HSA-389960	22948	79861	7277	51807	10574	6950	84617	10382	10693	7280	7278	10576	10694	10383	908	347733	112714	10376	113457	203068	10575	7203	10381	84790	7846
Formation Of Xylulose-5-Phosphate R-HSA-5661270	51181	6652	9942	10327	51084
Formyl Peptide Receptors Bind Formyl Peptides And Many Other Ligands R-HSA-444473	6368	351	6289	2357	301	2358	50865	2359
Free Fatty Acid Receptors R-HSA-444209	2853	2864	2867	2865	338557
Free Fatty Acids Regulate Insulin Secretion R-HSA-400451	2776	2864	9630	5331	948	23236	5330	2182	2767	2769	2181
Frs2-mediated Activation R-HSA-170968	5604	5906	1399	5594	2889	7529	4803	10818	673	5595	4914	5605
Fructose Catabolism R-HSA-70350	26007	132158	3795	229	216
Fructose Metabolism R-HSA-5652084	26007	132158	6652	231	3795	229	216
G Alpha (12/13) Signaling Events R-HSA-416482	2783	25791	22899	8874	2768	445328	8997	388	7204	50649	2785	389337	10672	2793	148	5364	55970	387	29	23229	7074	54331	100271715	146	59345	23365	54848	2791	2245	10681	9181	55160	695	147	9826	7409	57580	9138	6915	51764	55701	26230	64857	128272	6655	2782	9459	2788	6093	9828	4168	2787	9639	2790	2784	6453	84033	2786	23370	121512	6654	2792	11214	5924	84904	7984	55119	10451	50650	94235	1894	7410	57449	27237	26084	9475	23263	389
G Alpha (I) Signaling Events R-HSA-418594	2781	353299	57121	114	2913	2919	5576	50835	2785	259290	6357	5532	346562	8698	64407	51083	5142	1880	5533	1325	9934	6370	2769	2840	2841	5196	10681	11251	3579	5141	9294	5995	5330	1814	108	8811	353164	129521	56670	84254	6010	9283	259295	624	51289	4543	1815	2916	187	8484	259294	151	5519	2788	9568	134	2773	8843	10874	817	4887	719	156	5567	1903	6755	10287	4283	815	221391	5697	2779	50838	388531	8490	50831	80834	2832	718	189	5516	259286	6376	6004	3352	107	729230	5594	80835	63940	4852	9628	50837	57007	6000	6002	2771	3627	5580	2921	801	26960	55970	2770	431704	54331	1235	101060233	2791	2847	53637	5137	58191	117579	10768	3354	3710	256933	728	3576	259285	1385	643	10850	6366	5153	1230	8601	5331	2778	8862	84539	2774	5613	6373	186	818	3355	113	26166	5332	64805	2782	1232	3838	8786	2787	53829	1524	100996758	10803	727	26086	150	112	1020	259287	5368	6363	27198	1129	338398	10022	6750	5144	5367	10692	4985	5998	6751	283869	2358	2920	5530	846	2783	4988	2776	259292	111	50836	115	5321	2793	6352	59345	140	1132	4544	5726	5136	5173	27199	84152	623	6372	2852	85397	10645	6374	51764	6753	259293	5573	388372	54429	5996	50832	10636	4889	2831	2780	83756	50840	56923	301	23236	2790	2784	10663	23566	152	51554	5499	3708	7852	2786	9290	5528	5733	6364	29899	5956	3351	56144	10537	3577	1234	4986	5143	5473	6289	5577	50833	6387	6346	3709	5582	259296	5999	1237	23596	5443	56142	2918	5578	2833	1902	351	816	6360	259289	4886	1236	2853	5575	50834	126006	59340	5568	5534	10563	6368	3827	729238	5515	196883	6714	2914	2587	339403	4987	2861	165140	338442	5539	6754	10316	50865	5030	26575	56477	2792	9630	2357	2917	3361	814	2767	6752	5518	2912	50839	94235	6001	5179	2359
G Alpha (Q) Signaling Events R-HSA-416476	10800	6004	5583	4893	2783	5594	5028	353299	8458	4829	57121	1906	5737	2776	7200	3709	5999	8997	2925	7201	100507027	1131	2828	887	5290	7204	10125	10911	2867	2785	5580	2793	8620	148	84109	8525	2885	55970	1241	8527	5296	64407	1908	51738	2863	431704	9704	6866	4923	338557	8111	5578	54331	5295	1902	114548	146	1907	59345	4314	128674	2769	3061	10887	2791	351	3356	2840	56413	2847	3060	2862	221044	6870	5724	6865	8526	10681	9162	23620	552	6196	2796	695	3710	147	221955	623	5330	139189	8767	1609	2837	4922	5595	1385	115557	6869	2151	5581	1128	6915	6846	1606	8503	1133	26090	6195	129521	51764	5588	5331	2915	1909	1956	84539	11343	6368	624	3827	57113	680	60675	2150	2149	886	131450	5996	160851	2869	94233	2864	2797	5332	2782	1910	2911	222545	10886	7225	2788	27334	257313	2798	56923	301	2787	5598	2846	10235	23236	1608	2790	2784	23566	10874	5029	6197	6863	10457	3708	156	3814	5031	2786	10316	185	5731	2693	553	6654	26575	10287	2792	9630	5021	747	84634	594857	2865	2767	57105	2829	5367	8490	29933	1839	5998	84432	94235	2641	64106	2358	3358	347148	9002	3265	5020	6375	4935	6289	189	387129	846	2520	8477	1607	10161	57406	7222
G Alpha (S) Signaling Events R-HSA-418555	5577	3678	2781	2783	107	2854	114897	83551	114	7433	5138	9340	5576	111	115	1812	117	122876	2771	59350	104909134	3973	2785	2870	135	2793	346562	796	55970	5729	5443	2863	2770	1395	27115	409	2848	5578	5140	5746	54331	3363	51651	134864	5734	114548	6019	59345	2791	10266	113091	5136	8622	11245	4157	3688	1113	134860	10681	5141	117579	2850	3274	797	5575	108	2852	10267	5153	5150	53831	2692	79924	51764	2778	5568	7252	10846	50940	319100	5573	5139	5745	4159	113	4160	2869	2740	11250	2696	2843	2782	3360	2788	151306	196883	6714	7253	2838	122042	2787	2691	2790	2784	2773	3362	6344	1816	7434	112	156	10203	136	2786	285601	5567	3972	554	9038	170589	2792	4161	408	2492	5144	594857	157	154	57105	10268	155	6343	5744	94235	2641	3640	116	5151	5143	6464	133	153	4158	799	1392	10888	387129	5732	5739	3375	2488
G Alpha (Z) Signaling Events R-HSA-418597	152	5578	6004	5583	54331	51764	150	107	112	2783	2781	5588	353299	2778	2786	59345	114	2791	26575	10287	2792	5582	5999	111	115	10681	113	151	2771	94235	5579	2785	5580	2782	2793	346562	2788	55970	196883	108	2787	2770	2790	2784	5581	2773	8601
G Beta:Gamma Signaling Thru BTK R-HSA-8964315	2791	54331	51764	2792	2783	94235	695	2785	2786	2782	2787	2793	59345	2784	2790	2788	10681	55970
G Beta:Gamma Signaling Thru CDC42 R-HSA-8964616	54331	51764	2783	2786	59345	998	5585	2791	2792	10681	94235	2785	2782	9459	2793	2788	55970	2787	2790	2784
G Beta:Gamma Signaling Thru PI3Kgamma R-HSA-392451	54331	51764	2783	2786	59345	2791	2792	208	10681	5294	23533	5170	94235	2785	2782	2793	10000	2788	55970	387	207	2787	146850	2790	2784
G Beta:Gamma Signaling Thru PLC Beta R-HSA-418217	54331	51764	2783	5331	2786	59345	2791	2792	10681	94235	2785	2782	2793	5330	2788	55970	2787	23236	2790	2784
G-protein Activation R-HSA-202040	54331	51764	2783	2786	59345	4988	2769	2791	2776	2792	9630	5173	2767	10681	94235	2785	2782	2793	2788	55970	5443	2787	2790	2784
G-protein Beta:Gamma Signaling R-HSA-397795	54331	51764	2783	5331	2786	998	59345	5585	2791	2792	208	10681	5294	23533	5170	94235	695	2785	2782	9459	2793	10000	5330	2788	55970	387	207	2787	23236	146850	2790	2784
G-protein Mediated Events R-HSA-112040	5578	5577	5331	107	112	156	3708	5594	5567	5568	84254	114	2769	5573	2774	2776	5613	3709	5582	9630	5136	815	816	5576	111	814	115	2767	5137	818	113	5332	2771	10768	5580	3710	5321	5330	801	346562	26960	196883	3838	5575	1385	108	2770	23236	5153	2773	817	10645
G0 And Early G1 R-HSA-1538133	286826	1017	1859	4605	983	5933	1875	5928	5934	3065	898	1869	132660	7029	7027	91750	55957	9134	1874	4609	7153	4149	5111	990	993	8900	890
G1/S DNA Damage Checkpoints R-HSA-69615	5693	5706	1017	51230	122706	5698	5720	25946	5719	5718	10197	5717	5710	23198	5687	143471	472	7311	7316	5696	5686	5699	6233	898	5684	5685	7157	5683	5713	5708	1029	5682	5702	5701	5714	5705	5689	57060	114769	1026	1111	10213	5721	5688	5692	5715	9134	5690	9491	5691	5711	5695	9861	4193	11200	5716	5694	5709	7979	993	1027	4194	8900	5700	890	5704	7314
G1/S Transition R-HSA-69206	5720	5933	10197	5717	5928	5687	7316	5557	5934	5427	5686	6233	6500	5685	5708	5714	10926	55957	10213	1874	1019	4609	902	5695	4149	5716	6119	25885	5000	993	23594	5700	5710	5693	7298	8317	23649	23595	5718	8454	1875	55388	5696	898	26271	1869	5682	5701	5705	5721	56655	1876	595	54107	10166	207	5709	990	6241	5925	4175	5706	1017	5698	6502	1163	5719	51053	4173	7311	5699	4174	7029	91750	84172	4331	5715	7083	5690	5519	5691	29935	10000	5515	9861	5001	7979	5558	5111	1022	8900	91768	890	5692	81620	286826	4172	7465	983	891	5753	3065	1719	5684	5713	5683	208	132660	5702	5518	7027	5689	1026	5688	9134	28227	9491	5711	5422	83884	8318	4176	5426	5694	5516	1027	84515	5704	7314
G1/S-Specific Transcription R-HSA-69205	286826	7298	983	5933	1875	5928	5934	3065	898	1719	26271	1869	132660	7029	7027	91750	55957	1874	7083	1876	5422	10166	8318	5111	990	993	6241	8900	81620
G2 Phase R-HSA-68911	1017	1869	1871	8900	890
G2/M Checkpoints R-HSA-69481	128312	5720	165918	10197	995	5717	4361	23198	5687	7316	5686	6233	5685	51588	7157	5708	5714	10926	10213	5695	5883	9025	7158	5716	6119	25885	7486	8345	5000	993	8342	23594	5700	5710	144715	390502	9088	5693	255626	8317	23595	122706	5982	5718	8341	143471	472	55388	5696	5984	7531	10971	5884	3014	3018	102724334	5682	5701	85236	7468	5705	7334	3017	5721	8349	10166	11200	25996	8924	5709	990	4175	5985	5706	1017	5698	51512	641	5719	4173	79184	83695	7311	80010	580	5699	63967	4174	7529	7532	84172	3364	84126	1111	5715	8290	5690	5691	116028	9577	9861	5001	7979	7336	11073	672	7533	5692	4172	8340	7465	5932	983	1763	10524	10111	83990	891	7156	84142	9133	5684	5713	5683	5983	8970	5702	5689	9156	6236	5688	51720	9491	9656	5711	8348	83884	8318	4176	7534	5694	29086	9048	84515	5704	7314
G2/M DNA Damage Checkpoint R-HSA-69473	255626	128312	5985	8340	7465	5932	5982	983	1763	641	10524	10111	79184	83990	165918	891	8341	995	4361	7156	83695	472	80010	84142	580	5984	7531	10971	5884	51588	7157	5983	8970	7529	3014	3018	102724334	7532	85236	9156	7468	84172	7334	3017	3364	84126	1111	6236	51720	8290	8349	9656	116028	9577	8348	5883	9025	7158	7534	11200	25996	8924	29086	6119	25885	11073	7336	8345	7486	9048	8342	672	7533	144715	390502
G2/M DNA Replication Checkpoint R-HSA-69478	9133	7465	983	891	9088
G2/M Transition R-HSA-69275	2305	79441	5577	1639	27175	5720	7277	7314	1063	4605	10142	22897	4660	9662	995	10133	10197	5717	5928	23198	5687	7316	10806	5686	5048	6233	6500	4659	5685	7157	5708	5714	55957	54801	10844	22974	85378	10213	22995	902	5695	11064	5716	993	6790	5700	5710	5500	102800317	9088	5578	55835	5693	55559	122706	9978	3161	22981	5718	8454	143471	5696	9814	7531	29922	5682	5701	11258	5520	2033	5705	5721	440145	84131	5709	10733	10426	55755	23332	1778	114791	653784	22919	994	80321	55125	11190	5706	1017	5698	51512	8481	80028	5719	23354	7311	121441	5699	95681	10382	11116	55722	7532	91750	10383	4331	5715	5519	5690	3326	5691	5515	8655	9861	5108	9702	9738	7979	4957	79866	80184	1781	51400	22822	4218	1022	7514	8900	890	10540	79959	5692	7846	55142	286826	728642	8945	7465	983	1069	891	22994	5347	23291	54930	9133	7283	5684	5713	4751	5683	8636	27229	132660	80254	54820	5702	5518	51451	5689	1026	84962	5688	80097	28227	115106	984	9491	5711	23194	9793	3320	63943	203068	5694	7840	93323	1453	5516	10121	5704	5116
GAB1 Signalosome R-HSA-180292	5290	1445	1839	5295	7837	5781	6714	7039	685	2069	1950	2885	1956	55824	374	128869	255324
GABA Receptor Activation R-HSA-977443	200959	2558	54331	51764	2783	107	112	2567	3772	2786	59345	114	3766	2562	55879	2791	2774	3768	2792	2557	3763	3759	2556	111	115	10681	2566	113	3773	2560	2771	2559	94235	2785	2561	2782	10537	2793	3765	3761	346562	2788	2570	55970	196883	9568	27020	2554	108	2787	2770	23229	3762	2790	2784	2773	2555	2569	3760
GABA Synthesis, Release, Reuptake And Degradation R-HSA-888590	6539	10815	22999	6616	7915	6529	6844	6540	6857	140679	2571	18	6538	2572	80331	3312	6812	5864	6804
GDP-fucose Biosynthesis R-HSA-6787639	8790	282969	2762	55343	7264	197258
GLI Proteins Bind Promoters Of Hh Responsive Genes To Promote Transcription R-HSA-5635851	91653	2736	2737	5727	8643	2735	64399
GLI3 Is Processed To GLI3R By Proteasome R-HSA-5610785	5578	5693	8945	5706	5720	122706	5698	9978	5567	5719	5568	5718	10197	8454	5717	23198	5687	143471	7311	7316	5696	5686	5699	6233	6500	2737	5684	5685	5683	5713	51684	5708	5682	5702	5701	5714	5689	5705	5721	10213	5688	5692	5715	5690	9491	5691	5711	2932	5695	9861	1452	5716	5709	5694	7979	5700	5710	5704	7314
GP1b-IX-V Activation Signaling R-HSA-430116	2811	7534	5295	2815	2316	2814	6037	6714	7450
GPCR Downstream Signaling R-HSA-388396	10800	4893	2781	353299	114897	57121	83551	114	5737	2913	7433	2919	2925	8997	5576	1131	50835	10911	104909134	3973	2785	259290	6357	135	8620	148	346562	5532	8525	8698	796	64407	51083	338557	5142	27115	1880	5533	5746	5734	114548	1325	9934	1907	6370	4314	23365	5585	2769	3061	113091	2840	56413	2841	3060	5196	3688	5724	10681	11251	3579	9181	9162	5141	55160	9294	2796	147	5995	3274	5330	7409	1814	2837	57580	108	6869	10267	6915	8811	1133	6195	129521	353164	56670	7252	84254	6010	2915	9283	11343	319100	259295	624	57113	51289	4543	60675	1815	4159	2916	187	8484	131450	259294	151	2869	2864	11250	5519	2788	9828	9568	134	7253	2838	2846	2773	8843	3362	10874	817	4887	7434	10457	719	156	5567	5731	121512	1903	6654	6755	10287	4283	815	747	221391	5697	154	57105	2779	50838	5744	388531	8490	29933	50831	80834	2832	347148	57449	718	26084	189	4158	5516	259286	6376	5595	57406	6004	3678	3352	107	729230	2854	5594	5028	80835	63940	1906	4852	9628	445328	50837	57007	9340	5138	6000	2828	6002	1812	7204	2771	3627	10125	59350	5580	389337	2921	801	26960	84109	2885	55970	5729	8527	5296	29	1908	51738	2770	431704	23229	6866	54331	1235	5295	101060233	54848	2791	2847	8622	11245	53637	2245	134860	6865	5137	23620	552	6196	58191	117579	10768	3354	3710	256933	9826	728	139189	1609	3576	259285	207	1385	643	10850	6366	2151	5153	5150	1230	8601	2692	79924	5331	2778	10846	50940	1909	8862	84539	2774	5139	5613	680	64857	6373	186	818	3355	113	26166	5332	94233	64805	2843	2782	1910	2911	222545	10886	7225	27334	6093	1232	3838	2798	8786	2787	5598	10235	53829	1524	100996758	10803	5029	727	6197	6863	26086	6453	150	112	5031	84033	285601	1020	3972	259287	185	5368	6363	27198	170589	1129	338398	10022	6750	5144	10268	6343	155	7984	55119	5367	10451	10692	50650	4985	5998	6751	283869	2358	3358	64106	3265	116	6375	5151	153	1392	387129	2920	5732	5739	146850	23263	846	5530	8477	9475	10161	221044	2488	5583	2783	22899	8458	4829	4988	2776	259292	100507027	111	50836	115	5294	117	122876	5290	50649	5321	2793	1241	6352	387	2863	9704	8111	409	2848	5140	3363	6019	146	59345	140	128674	1132	10266	4544	5726	5136	5173	4157	6870	1113	27199	695	84152	221955	623	8767	797	4922	6372	2852	1128	6846	1606	53831	85397	10645	6374	51764	5588	6753	998	259293	5573	388372	54429	128272	2149	886	5996	50832	160851	2797	2696	10636	3360	4889	2831	151306	2780	83756	50840	56923	301	4168	23236	9639	2790	2784	10663	23566	152	51554	1816	5499	3708	10203	7852	136	2786	554	23370	1607	9290	553	5528	4161	5021	5733	594857	11214	6364	5924	29899	5956	3351	56144	1894	10537	9002	3640	3577	1234	4986	5143	27237	6464	5473	133	6289	799	389	5577	50833	6387	25791	6346	8874	2768	7200	3709	5582	259296	5999	7201	388	1237	23596	887	2867	2870	5579	10672	5364	5443	56142	2918	4923	1395	7074	5578	2833	51651	134864	100271715	1902	10887	351	3356	816	2862	8526	6360	259289	4886	1236	2853	5170	2850	5575	50834	115557	9138	5581	8503	126006	26090	59340	5568	5534	10563	55701	1956	6368	3827	26230	5745	2150	729238	4160	6655	2740	23533	9459	10000	5515	257313	196883	6714	2914	2587	122042	2691	1608	339403	4987	6344	2861	165140	338442	5539	3814	6754	10316	2693	50865	9038	5030	26575	56477	2917	2792	2357	9630	3361	408	2492	208	814	84634	2865	157	2767	6752	5518	2829	84904	1839	2912	84432	94235	50839	2641	5020	4935	7410	6001	10888	5179	2520	3375	2359	7222
GPCR Ligand Binding R-HSA-500792	10800	114897	57121	83551	5737	2913	7433	2919	2925	1131	50835	10911	104909134	3973	2785	259290	6357	135	8620	148	8698	796	5727	51083	338557	1880	5746	5734	114548	1325	9934	1907	6370	3061	113091	2840	6347	2841	56413	3060	5196	2834	5724	10681	11251	3579	8324	9294	2796	147	5995	3274	1814	2837	6367	6869	10267	6915	8811	1133	353164	129521	56670	7252	7482	6010	2915	9283	319100	259295	624	51289	4543	60675	1815	4159	2916	187	8484	131450	259294	151	2864	2788	2532	9568	134	7253	2846	8843	3362	10874	4887	7434	10457	719	54886	5731	1903	6755	4283	7473	221391	5697	154	57105	50838	5744	29933	1813	50831	80834	2832	347148	718	189	4158	259286	6376	50846	1238	3352	729230	5028	80835	1906	4852	50837	57007	9340	2828	1812	59350	3627	2921	84109	55970	5729	1908	51738	89780	6866	11211	54331	1235	101060233	7484	2791	2847	53637	134860	6865	7504	2859	57486	23620	552	7481	58191	117579	3354	256933	728	3576	259285	643	10850	6366	2151	1889	1230	90226	1604	2692	79924	2778	1909	8862	7471	84539	27202	6348	1240	680	6373	186	3355	94233	64805	2782	1910	2911	222545	10886	27334	1232	2798	2787	80326	53829	1524	100996758	10803	976	5029	727	6863	150	5031	3972	259287	185	5368	6363	27198	170589	1129	338398	10022	6361	6750	10268	6343	155	5367	10692	4985	79948	3549	6751	283869	2358	3358	64106	116	6375	153	1392	387129	2920	5732	5739	846	8477	221044	10161	2488	2783	7472	8458	4829	4988	51052	259292	100507027	50836	117	122876	2793	1241	6352	2863	9704	8111	114131	3363	6019	146	59345	140	128674	1132	8322	10266	4544	5726	5173	4157	6870	1113	27199	623	8767	797	4922	7475	6372	2852	1128	6846	3792	6374	51764	6753	259293	388372	54429	2149	886	9034	50832	2797	2696	3360	4889	54361	8321	2831	151306	83756	50840	56923	301	3350	8325	2015	2790	2784	10663	23566	152	51554	1816	10203	7852	136	2786	554	9290	553	51384	4161	5021	5733	8323	6469	594857	6364	5956	3351	56144	10537	9002	3640	3577	1234	4986	5473	133	6289	799	50833	6387	6346	7200	259296	7201	1237	23596	887	2867	7477	5443	163404	56142	2918	4923	1395	2833	51651	134864	1902	8643	7349	10887	351	3356	1393	2862	6360	259289	4886	1236	110599583	64748	2853	6354	7476	2535	50834	7480	1901	59340	7478	10563	6368	3827	7474	5745	2150	729238	11255	4160	2740	30817	257313	2914	2587	122042	2691	8326	339403	4987	6344	2861	165140	338442	5539	3814	6754	10316	54498	50865	9038	2693	5030	6356	56477	2792	2917	2357	7479	3361	2492	84634	7483	2865	6752	2829	2912	84432	94235	50839	2641	5020	4935	9890	84658	5179	3375	2359
GPER1 Signaling R-HSA-9634597	5578	5577	3678	54331	51764	2783	107	112	2781	5567	2778	2786	5568	59345	114	2791	5573	2792	5576	111	3688	115	10681	113	2771	94235	2785	2782	2793	346562	2788	55970	196883	5575	6714	6464	108	2787	2770	2852	2790	2784	2773
GPVI-mediated Activation Cascade R-HSA-114604	4067	5295	6035	2207	998	5590	51266	388	3937	51206	5777	5294	10451	5290	83985	391	23533	5170	7409	5880	6850	5781	7410	387	2534	5296	5291	3932	5336	146850	8503	10630
GRB2 Events In EGFR Signaling R-HSA-179812	4893	1839	7039	685	2069	3265	1950	2885	1956	374	6654	255324
GRB2 Events In ERBB2 Signaling R-HSA-1963640	9542	3084	4893	10718	2066	1839	2064	145957	685	3265	1950	2885	1956	2069	6654
GRB2:SOS Provides Linkage To MAPK Signaling For Integrins R-HSA-354194	5908	6654	5906	2244	7094	54518	3674	5747	2335	2243	2885	2266	6714	3690	7450
GRB7 Events In ERBB2 Signaling R-HSA-1306955	9542	2064	2065	2886	3084
GSK3B And BTRC:CUL1-mediated-degradation Of NFE2L2 R-HSA-9762114	5693	8945	5706	5720	5698	9978	5719	5718	10197	8454	5717	4780	5687	7316	7311	5696	5686	5699	6233	6500	5684	5685	5704	5683	5713	5708	5682	5702	5701	5714	5689	5705	5721	10213	5688	5715	5690	9491	5691	5711	2932	5695	9861	7979	5716	5709	5694	5700	5710	5692	7314
GTP Hydrolysis And Joining Of 60S Ribosomal Subunit R-HSA-72706	9045	6192	25873	6181	6188	6164	6233	3921	6129	6136	8664	6130	140032	2197	6193	8661	8665	6208	6157	6205	1964	6207	116832	6210	1977	6132	28998	6166	6229	6143	6144	200916	6165	1974	6141	3646	6218	6227	6228	6156	51187	6194	6147	6161	6209	9669	6201	140801	6155	6138	4736	6232	6142	6203	6160	6124	8668	8666	10480	6135	6234	51121	6189	6128	6125	6217	7311	6123	6159	6175	6168	8669	1975	9349	27335	6169	6176	1983	6224	1965	1981	6167	6173	6223	6204	6146	6171	7458	51386	6187	6230	6158	1968	8894	1973	8662	6122	6206	23521	11224	51065	6235	8663	6170	8667	6154	6202	6191
Gain-of-function MRAS Complexes Activate RAF Signaling R-HSA-9726842	5501	369	7529	5500	673	6037	8036	22808
Gamma Carboxylation, Hypusine Formation And Arylsulfatase Activation R-HSA-163841	2155	8460	340075	1938	79672	8459	143244	5627	2157	8458	2158	347527	1802	411	5045	25870	83541	8858	22901	120526	410	92715	632	416	412	51611	285362	1801	56648	5624	83475	415	153642	285381	2621	414	79642	2677	89978	64122	1725	23463
Gamma-carboxylation Of Protein Precursors R-HSA-159740	2155	83541	8858	2621	5627	8458	632	2158	2677	5624
Gamma-carboxylation, Transport, And Amino-Terminal Cleavage Of Proteins R-HSA-159854	2155	5045	83541	8858	2621	5627	8458	632	2158	2677	5624
Gap Junction Assembly R-HSA-190861	2702	2703	57369	2701	127534	375519	2709	219770	10804	125111	2705	2707	2706	2697	2700	57165
Gap Junction Degradation R-HSA-190873	1173	1601	1211	1212	8218	1785	1213	1759	4646	2697
Gap Junction Trafficking R-HSA-190828	127534	2709	2707	57165	1173	2703	1211	8218	2697	2702	375519	1212	4646	57369	1601	2701	219770	10804	125111	1213	1785	1759	2705	2706	2700
Gap Junction Trafficking And Regulation R-HSA-157858	127534	2709	2707	57165	1173	2703	1211	8218	2697	2702	375519	1212	4646	6714	7082	57369	1601	2701	219770	10804	125111	1213	1785	1759	2705	2706	2700
Gap-filling DNA Repair Synthesis And Ligation In GG-NER R-HSA-5696397	5985	5982	6573	5424	7316	7311	5984	5427	6233	51426	5983	84172	7515	56655	54107	5426	26018	10714	57804	121227	5111	6119	25885	5425	7314
Gap-filling DNA Repair Synthesis And Ligation In TC-NER R-HSA-6782210	5985	2965	5982	27339	9978	8450	6573	5424	2068	7316	7311	5984	5427	9716	6233	2966	5432	51426	8451	5983	10450	7874	2968	5435	5436	84172	2033	7515	4331	5440	5433	5439	56655	5441	3150	2074	57654	2967	5434	902	5430	54107	404672	5437	5431	1161	56949	2071	5426	6917	26018	57804	10714	121227	5111	6119	25885	5438	5425	91603	1022	1642	7314
Gastrin-CREB Signaling Pathway Via PKC And MAPK R-HSA-881907	5578	6197	6195	6196	6654	4893	1839	5594	1385	5598	3265	2520	4314	5595	2885	1956	887
Gastrulation R-HSA-9758941	387332	4087	4089	6932	51592	8320	8928	83881	4088	145258	1499	51176	652	8626	79923	6862	6657
Gene Silencing By RNA R-HSA-211000	128312	474382	8331	6396	3015	54487	143689	23165	5901	5903	5437	8021	8345	113802	8342	23405	11097	255626	129401	9818	8575	7175	55124	8341	201164	9972	8338	5432	55746	54456	79023	3014	3018	10526	102724334	26523	5435	9688	85236	27327	3017	10762	8349	23279	84659	5431	27161	57122	57510	122402	7247	723790	9631	91646	23636	94239	144233	23511	81929	54514	7257	9271	4928	3013	55766	5433	5440	5439	5441	5434	5430	84944	221400	23112	5438	55706	4927	8340	53371	4603	79902	56165	60528	283	126961	8970	11022	6895	5436	23225	8334	8086	8348	3020	8468	3320	29102	9883	192669	192670	57690	348995	136991
Gene And Protein Expression By JAK-STAT Signaling After Interleukin-12 Stimulation R-HSA-8950505	552900	302	3181	998	6950	3185	6627	9446	6647	6280	5586	6175	829	6944	5898	3586	6888	2939	4507	3458	5721	54998	9878	1265	6775	5908	5306	759	9987	4001	4478	5478	27250	5055	3313
Gene Expression (Transcription) R-HSA-74160	133746	7703	27244	5933	1263	168374	5871	5708	340385	119504	9734	163255	1874	1019	4609	58508	1030	9377	54973	83744	2965	79862	79577	581	51204	201164	5527	898	55746	6628	5196	55869	9688	3276	640	7182	6924	60436	57547	57335	7082	54811	51003	4322	5892	9099	9442	5698	8535	7552	728957	58484	580	9271	4928	9971	54715	7029	79595	2908	9329	79088	91584	1022	672	54700	7638	6636	54925	25	25946	84321	123169	55240	3559	4853	4300	283	11022	6895	5702	339488	286075	163223	55215	80789	5595	7181	7314	26149	10224	6886	3683	5564	6637	5685	2966	10249	4855	2176	3930	7057	2100	2967	902	5883	9939	6119	6599	5600	25937	54556	79230	199699	25824	9439	55929	6884	79664	91975	147687	10971	51422	2737	7469	7702	2353	4773	284309	85236	6772	5721	144348	23279	57343	8794	8797	349075	5925	114026	10308	23511	7324	80010	7768	29882	5816	3977	79837	23309	4297	3364	2959	56950	996	6923	100129543	163059	6097	285268	28984	56165	5684	374928	637	221830	7767	23378	4435	79109	9031	2936	2475	55663	79718	136991	55814	1277	10128	128312	27297	9310	55657	2648	1436	26155	29947	64174	196528	2146	2971	6934	4298	51343	10393	26013	25885	10535	10628	144715	3654	9818	441234	57521	440077	7068	5970	6882	6927	5432	339559	64750	57711	2494	3458	129685	84265	8349	65251	27161	723790	6341	901	92285	5985	27113	1616	4292	7625	146540	8178	632	1029	10622	58490	23410	6830	7005	65123	9862	5430	8731	2972	11073	7988	53371	10898	84765	84676	374655	9134	79733	27166	57474	7566	143686	4878	8468	4306	2103	6635	6940	112495	730291	10891	22823	64216	1649	6827	10197	5717	7695	29894	143689	83737	6233	7157	83439	5916	11338	8726	79370	8085	7745	1378	8493	5443	463	9330	5578	55835	728927	4086	148213	340252	9978	148206	6015	5696	9972	90317	6045	7874	126375	6657	27327	79101	7248	11051	57693	2071	26097	7760	7748	3958	64769	147837	7022	92105	83695	7257	4287	57504	6921	64180	55900	115196	146542	7757	9668	1647	90827	27125	4904	1763	7978	6907	4854	90594	6597	208	84289	5452	8738	55677	388536	5688	170959	10514	65243	84441	84436	79973	348995	5704	284306	57508	7249	6874	80778	117584	7761	162655	162967	10250	51385	84838	55290	100287226	22794	84108	865	8021	3676	285971	2308	9794	255626	10780	8317	55124	122706	342926	1749	27153	147686	163071	4800	1349	84914	10762	146434	2877	11200	79685	317	7551	100506658	23248	79744	6427	51213	579	54514	3013	7711	4331	5715	190	5519	10370	1513	7694	8289	29945	64426	162239	7699	83933	7766	10524	22835	11065	6605	3164	5713	815	5983	51276	30834	1026	7559	9491	9014	23468	8649	10398	55656	10914	9883	126068	1493	5594	4605	55615	474382	7994	4686	79813	6878	199704	5442	28996	285676	1998	9314	169270	3630	404672	59348	55762	4087	2958	2962	117608	390502	339327	10650	5457	7020	64121	26147	51692	55904	8341	6598	8626	55713	253639	26974	1876	6601	10413	7159	4193	55634	1437	2874	5458	2961	6256	55756	6257	63934	892	147929	27165	5439	7733	5775	51224	3674	6908	50862	4781	5692	9739	1020	7678	1107	4643	891	10046	90390	4790	6750	90075	5467	90338	3549	2064	894	8086	10794	28956	4778	220992	9984	23327	9282	1392	138474	23037	728378	10018	1789	25896	22936	10002	388569	5608	58492	4988	5934	5686	25920	4091	94241	152687	6877	7582	5395	6741	80312	84661	4149	2976	8342	7586	6790	5693	7422	9646	1021	93134	5718	8454	155061	54790	161882	1113	2968	5435	8467	864	8841	23493	7329	10168	5781	4839	221785	6996	79898	7019	79759	90874	7652	64859	6432	55766	54778	4089	5105	65109	7321	284370	4488	113835	10498	147694	7979	221400	90576	246175	84527	253260	2904	23429	10542	4603	7156	6872	5929	10302	126961	134353	5436	9156	51176	9656	1387	7534	1515	57209	7581	23451	29079	168417	10007	10569	5770	1024	26512	7067	6500	169841	79027	9970	5901	8793	126231	140612	390927	8209	8189	6431	91875	6604	51230	27338	6515	4005	163050	1460	6720	143471	1351	7291	4303	80032	10013	10781	80196	2625	146198	5170	7738	6619	90592	27287	10795	85456	285521	1490	4602	9015	282890	10062	7769	94039	23636	10670	84671	650	10001	7556	81929	7311	5699	7697	904	342132	22916	5515	9861	9877	9975	84324	7712	7376	115509	84870	23379	83667	814	23019	5689	7003	10155	8266	80237	9048	23619	7621	79885	4893	9167	7753	199777	51755	995	147923	84924	10138	9775	7296	1278	1329	22974	2572	142	8851	11097	129401	1482	283337	5982	90589	54807	4221	5931	387893	843	1750	5701	26523	27154	5705	80110	55367	57187	1478	80108	25996	10014	7626	147741	30827	91646	23466	10765	641	86	905	2063	23411	23283	7323	6009	11176	5571	1111	148268	9443	84911	181	5111	8683	79818	4927	84449	5562	55888	8819	10189	3486	3569	3329	55534	5494	8812	5308	5683	639	148254	7027	6236	54457	3020	7040	1911	51433	5516	400720	9572	3678	51082	8331	4852	3015	5876	84333	11059	5875	80317	147657	10213	64223	79755	3174	801	5305	6883	84874	2099	200845	8396	57103	8345	25942	79788	7567	57154	1337	4849	388566	5252	2903	7531	8338	79023	90649	55659	9612	57492	5371	900	25828	11128	65018	30832	54606	207	5709	285349	6241	4194	7343	127396	9968	10782	51564	80349	4929	10212	4359	1499	7936	84987	1643	51333	2649	9079	5434	136051	29959	51593	389541	121274	983	9534	83990	22938	23512	8148	8697	2571	6794	8334	442319	10025	163049	23460	5720	54623	91120	5687	7316	5045	182	6688	3484	730087	5903	11335	5716	284443	57677	7562	353088	2624	9969	9295	9759	81856	64065	1875	2068	9358	6749	54456	3014	57615	4801	665	9125	51728	204851	595	389114	861	84967	6873	4092	353274	284459	4802	84883	9070	7762	8445	1017	5588	51058	79943	51616	117581	9328	7529	9757	84524	84126	4869	2960	155054	7692	1479	6938	1514	53981	55706	2309	171568	374879	6446	6497	374900	5054	344787	8312	10397	7050	3562	201514	23225	163227	29101	3725	7673	10793	8409	8850	57690	80095	9891	10284	9150	6396	199746	9477	54487	2811	4208	7919	57573	5714	80012	857	7592	9785	7587	5366	5700	5468	8013	25888	54541	100289635	200424	63970	472	7122	5884	7832	1869	55174	10526	102724334	114907	5682	122809	2593	5052	8621	121340	84659	144455	85403	50484	2104	114787	9611	332	10621	1956	27300	4774	9464	51497	7596	5914	23462	79869	7770	4784	84172	5433	3516	5441	5690	90639	23439	10000	116028	9440	51412	4204	23112	92595	8900	2177	23168	8340	6880	8427	23368	55193	2626	10520	5275	56729	5518	619279	84337	10325	124411	55004	7574	8348	28514	7884	163732	22955	7771	26152	29028	192670	388561	7913	1108	84775	51123	5079	79175	54815	6618	5888	10848	7710	5710	6428	7175	23774	7039	6879	148103	1327	10849	6881	2957	55778	8089	284119	7004	199692	7525	5431	6839	54971	122402	162972	148266	58528	102724594	5241	7743	6617	3558	83746	1788	5440	2538	8856	124446	25799	2932	8795	51499	57336	890	654254	64682	84626	817	5932	79891	4004	133522	7539	2516	4850	835	57060	153129	219578	80139	1340	80145	8563	5711	100129842	8431	10127	57117	6498	51585	59269	7021	6621	93474	81556	353355	23198	81608	26173	3815	90233	8784	81857	348327	9540	2668	7728	100131827	4088	58500	348	7341	2975	6603	6595	356	7486	116228	4116	9212	64425	8575	219749	6430	112858	1459	163081	54205	9112	10419	26048	3017	83860	3066	7101	7594	8881	4436	197320	9631	1385	6046	6829	374	9997	94239	6502	284252	5565	25925	818	9441	6602	5691	2660	6426	50943	148156	79047	158431	1350	7533	162963	29982	284307	10111	1051	80314	839	3065	661	604	8239	7025	29115	7565	1912	4848	7528	440515	9337	29128	51592	80264	25906	55422	65988	79871	221044	4361	56242	57459	10921	7627	6095	23314	6634	55339	23165	5563	11091	1477	90809	5695	6917	1820	113802	100131980	126382	9219	23405	11052	92283	5728	285267	83741	1025	4343	10172	9013	2623	3018	255403	84246	55197	694	6910	9021	7247	10623	51741	29883	388567	7571	6532	5719	7421	84271	125919	7532	896	11198	51529	2074	11105	51241	8732	55571	80818	2290	133383	2289	8930	57332	246184	163051	55726	60528	4336	7001	8970	1345	147949	51808	162966	6932	3320	4986	29102	170960	5465	7270	10769	5928	10273	55786	834	3720	7561	2194	2736	163087	5579	4094	84124	5437	171392	2963	7576	55294	84733	57541	5984	816	23269	58491	84248	2033	29117	6834	8106	7752	5325	57122	57510	6662	22869	51362	5706	53632	1786	256051	144233	387032	25904	55110	10919	860	121536	57678	8463	51586	55703	51742	84944	6714	8550	5438	79035	81035	7755	55170	6429	7161	158399	79902	5915	54989	112950	6258	126070	55718	2891	5451	4851	7633	2101	23660	79228	1432	5694	1027	192669	147948	7222
Generation Of Second Messenger Molecules R-HSA-202433	9398	7535	51466	4690	8874	5585	3118	9402	3702	5335	3937	5586	916	920	7454	3127	915	83985	919	3117	55740	7408	3126	2533	3122	3932	3120	5336	3113	3123	3125
Generic Transcription Pathway R-HSA-212436	284306	79885	133746	4893	7703	27244	7249	9167	7753	388561	6874	7913	80778	5933	199777	1263	51755	117584	995	7761	162655	147923	84924	1108	10138	168374	5871	84775	51123	5079	5708	7296	1278	162967	54815	119504	1329	9734	5888	79175	340385	22974	163255	51385	84838	1874	1019	10848	100287226	4609	58508	1030	2572	7710	84108	9377	865	142	3676	8851	5710	285971	2308	9794	255626	83744	8317	1482	10780	23774	122706	5982	2965	1749	90589	581	51204	54807	7039	79862	27153	4221	5931	387893	147686	6879	5527	843	1750	898	1327	148103	163071	5196	4800	55869	1349	26523	5701	6881	27154	5705	55778	3276	640	7182	55367	8089	84914	80110	6924	146434	60436	7004	57547	199692	7525	57335	5431	2877	80108	7082	11200	25996	54811	10014	51003	7626	342926	162972	147741	317	4322	148266	5892	30827	9099	23466	100506658	7551	9442	58528	5241	79744	5698	8535	10765	641	7743	579	7552	86	905	2063	23411	728957	58484	3558	580	3013	9971	7323	54715	83746	7029	6009	7711	5571	4331	1111	2908	5440	148268	5715	2538	190	8856	5519	124446	25799	9443	2932	8795	79088	84911	10370	51499	181	1513	5111	7694	57336	8289	29945	91584	1022	79818	672	890	162239	64682	84626	7638	817	7699	84449	654254	5562	83933	7766	5932	25	4004	55888	25946	79891	54925	10524	22835	133522	11065	7539	6605	55240	3486	3569	4853	3559	2516	3329	55534	3164	5494	8812	5713	5308	815	5683	5983	639	148254	51276	4850	5702	7027	835	57060	1026	6236	153129	219578	54457	80139	1340	7559	9491	5711	100129842	339488	3020	8431	23468	286075	163223	55215	8649	10398	1911	7040	10127	6498	51433	126068	5516	5595	59269	7181	400720	7314	26149	9572	93474	3678	7021	1493	5594	4605	55615	10224	474382	8331	7994	3683	6886	353355	4852	23198	5564	79813	3015	5876	3815	6878	90233	8784	199704	81857	5685	2966	28996	84333	285676	11059	10249	1998	4855	5875	9314	80317	348327	2176	9540	147657	169270	10213	2668	3930	7728	64223	100131827	4088	7057	3630	58500	348	79755	2100	7341	3174	2967	801	902	5305	6883	5883	404672	59348	55762	84874	6603	4087	6595	2099	200845	356	6119	6599	116228	5600	8345	25942	57103	25937	79788	7486	7567	57154	2962	9212	54556	117608	390502	79230	199699	25824	339327	9439	10650	219749	1337	5457	7020	64121	6884	112858	4849	55904	1459	91975	388566	8341	163081	2903	147687	54205	7531	10971	51422	2737	7469	8338	6598	10419	8626	26048	90649	55713	55659	2353	57492	9612	4773	253639	85236	5371	284309	6772	3017	5721	144348	900	25828	26974	1876	65018	30832	6601	83860	3066	7101	10413	7594	147948	7159	207	8881	55634	4193	4436	5709	57343	1385	1437	197320	8794	285349	6241	2874	8797	5458	4194	5925	114026	6046	6829	349075	127396	374	9968	10782	10308	9997	94239	6256	6502	51564	284252	4929	7324	80010	4359	6257	7768	63934	29882	5816	1499	3977	7936	10781	84987	79837	23309	892	1643	5565	4297	25925	2649	818	51333	9441	6602	147929	27165	3364	5439	9079	56950	5691	5434	2660	7733	136051	23619	50943	148156	79047	5775	51224	3674	158431	996	6923	1350	6908	29959	7533	50862	162963	100129543	5692	9739	163059	389541	29982	284307	6097	121274	983	1020	10111	7678	9534	285268	1107	83990	28984	891	1051	80314	22938	839	10046	3065	90390	4790	5684	23512	604	6750	374928	90075	8239	7025	8148	637	5467	7767	7565	8697	90338	3549	4435	2064	2571	894	1912	8334	6794	10794	4848	7528	440515	28956	4778	79109	10025	220992	442319	9337	23327	51592	80264	9282	1392	138474	163049	25906	23037	55422	65988	2936	55663	2475	10018	221044	79718	10002	1277	10128	128312	23460	5720	388569	9310	55657	2648	5608	1436	26155	58492	91120	4361	4988	57459	5687	7316	56242	5045	5934	5686	196528	7627	25920	4091	94241	152687	182	2146	6095	23314	6688	6877	3484	6934	730087	7582	5395	5563	11091	51343	10393	90809	5695	84661	11335	26013	4149	6917	5716	284443	57677	1820	25885	10535	10628	100131980	126382	7562	8342	9219	6790	7586	353088	144715	2624	3654	9969	5693	441234	57521	9759	440077	7422	81856	10325	7068	5970	1021	92283	5728	93134	285267	5718	64065	8454	1875	6882	2068	155061	83741	6927	9358	1025	4343	5432	10172	6749	2623	64750	161882	3014	3018	339559	1113	2968	57615	255403	5435	84246	57711	2494	3458	4801	665	864	8841	9125	8349	694	204851	595	23493	65251	861	389114	6910	7329	10168	5781	27161	6873	9021	4092	353274	723790	6341	4839	284459	27327	221785	4802	84883	901	9070	51741	7762	29883	388567	92285	5985	7571	8445	27113	1616	1017	5588	6532	79898	4292	5719	51058	79943	79759	90874	7625	146540	8178	7421	7652	283337	51616	117581	7529	632	1029	125919	7532	9757	896	55766	54778	4089	84126	23410	4869	5105	7321	11198	51529	284370	7005	11105	51241	4488	9862	5430	155054	8731	7692	113835	10498	147694	6938	7979	1514	11073	90576	246175	7988	84527	55571	2309	374879	80818	2290	6446	6497	374900	5054	253260	344787	2904	23429	133383	10542	2289	8396	8312	8930	7156	10397	57332	246184	6872	163051	5929	7050	84765	126961	4336	7001	8970	84676	3562	5436	9156	374655	1345	147949	201514	163227	9134	79733	27166	57474	51176	7566	162966	9656	3725	4878	1387	143686	7673	6932	4986	10793	170960	7534	4306	8409	1515	8850	2103	5465	57690	6940	80095	57209	9891	7581	9150	29079	730291	10007	168417	10891	5770	1024	1649	6827	10197	10769	5717	5928	7695	9477	54487	2811	7067	55786	4208	834	6233	83737	10273	6500	7157	7561	169841	79027	57573	5714	80012	83439	9970	2194	5916	2736	163087	8726	79370	5579	4094	8793	8085	857	126231	84124	7745	7592	140612	1378	8493	5437	171392	5443	390927	8209	7587	463	2963	7576	5366	55294	5700	5468	8013	91875	25888	5578	55835	84733	6604	728927	54541	51230	27338	6515	4086	100289635	148213	340252	9978	4005	163050	1460	148206	63970	6015	57541	6720	143471	472	1351	7122	4303	5696	5984	5884	7291	80032	7832	90317	1869	816	10013	6045	23269	7874	126375	114907	5682	102724334	58491	6657	122809	2033	2625	29117	2593	5052	80196	6834	7248	146198	5170	7738	8621	57693	90592	121340	7752	27287	2071	10795	5325	85456	285521	1490	7760	6662	7748	4602	3958	282890	22869	10062	144455	7769	64769	94039	147837	10670	2104	7022	5706	50484	53632	114787	84671	256051	9611	650	10001	387032	25904	332	7556	1956	83695	27300	7311	5699	9464	51497	7596	10919	5914	7697	860	4287	23462	7770	6921	84172	57678	8463	51586	5433	3516	904	64180	55900	5441	342132	5690	90639	23439	10000	116028	9440	5515	9861	6714	115196	8550	7621	51412	4204	146542	7757	9975	5438	92595	23112	9668	7712	7376	7755	1647	90827	8900	115509	2177	55170	84870	8340	4904	1763	6880	8427	7161	158399	23368	5915	83667	54989	4854	55193	6907	2626	10520	90594	6597	208	84289	814	112950	6258	23019	5275	126070	56729	5518	8738	619279	84337	5689	2891	388536	7003	124411	55004	4851	5688	10155	170959	7574	7633	2101	8266	65243	84441	23660	8348	28514	1432	5694	84436	163732	22955	7771	26152	9048	1027	192669	29028	192670	79973	54971	5704	7222
Global Genome Nucleotide Excision Repair (GG-NER) R-HSA-5696399	8554	8450	7316	5427	4798	6233	2966	9557	29844	7515	7341	2967	902	404672	93973	121227	6119	25885	142	2965	5982	9978	6573	5424	2068	50813	5984	2067	2968	7334	56655	54107	7329	2071	10038	10445	10401	26018	125476	54617	5425	7508	85015	5985	5887	86	7311	51426	1643	10920	54778	84172	4331	10987	5886	9318	2073	7507	6613	5111	7336	1022	283899	1069	8533	8451	5983	2072	10980	54891	51138	7528	2873	5426	57804	10714	83444	79913	1642	728378	8607	7314
Glucagon Signaling In Metabolic Regulation R-HSA-163359	5578	5577	54331	51764	2783	107	112	5567	2778	2786	5568	59345	114	2791	5573	5576	111	115	57105	113	94235	2785	2782	2641	2788	55970	196883	5575	108	2787	2790	2784
Glucagon-like Peptide-1 (GLP1) Regulates Insulin Secretion R-HSA-381676	5578	5577	54331	51764	2783	112	9495	3708	5567	2778	2786	5568	59345	114	3745	2791	5573	3709	2792	3790	5576	111	10681	8826	10411	5906	2740	94235	2785	3710	2782	2641	26251	2793	2788	55970	11069	5575	3747	2787	2790	2784
Glucagon-type Ligand Receptors R-HSA-420092	7434	54331	51764	2783	2692	114897	2778	2786	59345	7433	2791	2792	9340	6343	57105	10681	117	2740	2696	94235	2785	2782	2641	2793	2788	116	55970	2787	2691	2790	2784	6344
Glucocorticoid Biosynthesis R-HSA-194002	3291	3290	3283	1584	3284	1585	1589	866	1586	5443
Gluconeogenesis R-HSA-70263	10007	229	441531	26330	54020	5230	5224	2203	4191	2026	2023	2542	10165	5106	1468	6576	4190	5105	219855	8402	2538	57818	2806	5624	92579	64430	2027	7167	230	127845	8604
Glucose Metabolism R-HSA-70326	10007	6396	26330	5230	5871	2023	2542	4190	23165	5903	57818	2806	92579	64430	2027	7167	230	8021	5313	11097	5578	129401	9818	7175	5208	669	229	9972	4191	2026	29911	55746	79023	10165	1468	9688	10762	11183	23279	84659	57122	5210	9631	5207	5315	23636	5211	5568	23511	5209	81929	255061	4928	5106	5105	283209	132789	219855	2538	5519	5515	283871	5624	55706	4927	5567	53371	79902	84376	441531	54020	5224	5528	2203	5213	5518	6576	83440	23225	8402	8086	9883	5214	127845	5516	8604	348995
Glucuronidation R-HSA-156588	7367	54659	54579	7366	7360	54576	79799	54490	54577	574537	55347	7364	7365	10941	54575	133688	23169	10720	54600	54657	7363	7358	54658	54578	167127
Glutamate Neurotransmitter Release Cycle R-HSA-210500	6505	10815	8497	22999	57030	6616	6512	6511	8500	10497	6844	6857	6507	27165	54407	9256	10550	6812	8499	8541	5864	6506	6804
Glutamate And Glutamine Metabolism R-HSA-8964539	883	27165	2747	57494	4942	29920	5832	5831	65263	284716	2806	2752	2746
Glutamate Binding, Activation Of AMPA Receptors And Synaptic Plasticity R-HSA-399721	5578	9463	80852	9495	161	1175	2892	1173	5582	59283	815	1739	816	7102	163	818	4905	160	2891	5579	2893	4646	3996	2036	4193	2890	27092	10368	10369	85329	817
Glutathione Conjugation R-HSA-156590	2950	2944	55748	2947	2938	2952	119391	9446	373156	2730	27306	2686	221357	2729	4259	10327	2954	2939	653689	2941	2948	2953	79094	2678	2940	4257	79017	26873	2687	4258	2098	2946	2949	124975	494143	5621
Glutathione Synthesis And Recycling R-HSA-174403	2730	55748	2686	79094	2678	2729	26873	79017	124975	2687	494143	5621
Glycerophospholipid Biosynthesis R-HSA-1483206	23761	79887	8694	374986	10390	64600	55326	149998	126969	5589	84879	84803	2820	81579	5833	5321	114879	122618	9926	10044	8760	9791	57153	129642	80339	11145	81490	10554	137964	200879	56994	123745	114884	171586	1460	1459	56895	83394	80821	201164	79888	114971	50487	250	5338	64850	23259	27132	5130	9600	10400	57605	85465	11200	347516	3030	56910	22925	8605	56894	64900	63874	9663	100137049	23659	117245	10423	79143	5322	590	23446	2819	11343	114882	23760	10162	8399	57110	8895	1120	57678	255043	150763	1119	6901	51205	9468	23646	23171	283748	54675	50640	43	162466	8398	80736	8904	51365	30814	26279	10809	5319	151056	204962	5920	54947	158835	55500	9362	5320	23175	253558	55750	84895	55224	8443	154141	9489	54979	57104	10555	58488	3032	254531	56261	255189	84649
Glycerophospholipid Catabolism R-HSA-6814848	81544	375775	51573	10908	284161	133121	79153
Glycogen Breakdown (Glycogenolysis) R-HSA-70221	2548	8908	2992	5260	5236	5837	178	5261	5834	5257	801	5255	5256	5836
Glycogen Metabolism R-HSA-8982491	2997	5257	7360	5836	2632	7311	7316	6233	8908	5837	178	5261	5507	2992	5260	5236	801	5255	2998	378884	2548	5834	5256	7314
Glycogen Storage Diseases R-HSA-3229121	378884	7311	7316	2548	2997	6233	8908	2992	7314	2538	2542	5507	92579	2998	2632
Glycogen Synthesis R-HSA-3322077	378884	7311	7316	2997	6233	8908	2992	7314	5236	5507	7360	2998	2632
Glycolysis R-HSA-70171	5578	129401	9818	7175	10007	5211	5208	5567	669	53371	5568	6396	23511	229	79902	5209	81929	255061	84376	441531	26330	5230	9972	5224	5528	4928	5871	2026	29911	55746	5315	79023	2023	5213	5518	83440	9688	23165	23225	10762	283209	132789	5903	11183	5519	8086	23279	5515	84659	283871	57122	9883	5210	5214	2027	9631	7167	230	8021	55706	5516	5207	11097	4927	5313	348995	23636
Glycoprotein Hormones R-HSA-209822	3623	3972	3626	3624	7252	1113	3625	2488	83729
Glycosaminoglycan Metabolism R-HSA-1630316	55501	221914	10855	27087	9469	2331	26973	1462	9653	29940	63827	10331	6484	6548	4166	10402	57214	6383	8372	633	8534	79586	64711	10090	176	2720	4958	64131	6482	11081	8702	2239	4969	3161	9955	166012	411	92126	9951	10082	6385	3074	6677	2683	9953	4669	23563	960	11285	10861	51000	135152	6448	113189	3423	26229	2262	83539	3038	9060	9334	3340	2990	6487	93010	1464	26035	8692	54480	3425	9672	5549	64132	347734	8703	2719	9061	64579	375790	2817	1634	79411	3037	126792	55576	55454	10675	3073	8704	9394	22856	51363	4060	9348	6382	222537	55790	79369	9435	337876	10057	8509	2131	56548	3339	10894	50515	10678	2799	1836	90161	11041	6483	9957	1463	9331	266722	11046	9956	60495
Glycosphingolipid Metabolism R-HSA-1660662	340075	57704	51228	55512	347527	8706	411	339221	80772	83850	5476	25870	22901	51162	410	2760	3074	427	416	412	2581	729238	285362	23344	2583	7368	7357	6609	9027	6610	415	4759	153642	10825	2720	57733	79411	57488	414	79642	129807	55627	64781	56624	3073
Glyoxylate Metabolism And Glycine Degradation R-HSA-389661	593	2653	1743	8659	27232	1629	4967	1737	51601	387787	5160	64902	8050	8528	58510	4706	2806	2731	9380	55526	5161	5162	189	54363	197257	5827	594	1610	275	112817	11019
Golgi Associated Vesicle Biogenesis R-HSA-432722	6845	2580	1176	81567	5878	8905	55330	64746	4952	5286	1211	408	8301	10618	286451	8673	3482	54885	7164	6844	2647	7037	9685	9026	10053	6456	9829	26258	8907	23557	152503	27131	2804	51429	164	9476	130340	25977	2495	6272	7163	2512	10717	9455	388552	3312	1174	84062	1785	1213	9698	162	6643	23431	8546
Golgi Cisternae Pericentriolar Stack Reorganization R-HSA-162658	8548	9133	8615	5594	983	64689	5861	5862	5595	891	26003	2801	5347	81876
Golgi-to-ER Retrograde Transport R-HSA-8856688	1639	22931	55738	1314	81876	2589	5048	10671	51560	829	5050	5870	9183	4905	51594	22818	93661	53407	51226	56992	5321	51143	3796	23095	830	146909	3834	24137	377	80142	26153	25782	55083	3798	1783	11258	221458	11316	3835	9585	81930	9476	23046	22930	147700	29127	1778	60561	56894	1780	9493	636	5049	381	51164	2590	9554	55582	3799	3831	5861	3797	140735	55614	84364	11127	378	124602	662	22920	64147	8774	8655	113220	10112	1781	8398	55605	54732	1062	10540	3800	100302736	84643	22820	3832	10749	547	1315	23423	23299	90990	26286	3833	65264	55860	9371	11015	832	10945	11004	23303	84516	10959	9276	11014	372	6836	285643	10121	26958	89953
Growth Hormone Receptor Signaling R-HSA-982772	4067	1154	5594	8835	3667	5770	6776	6868	2689	3717	2690	5618	6774	5617	5777	2688	6772	1442	6777	9021	8651	25970	5595	8660
HATs Acetylate Histones R-HSA-3214847	128312	9643	2648	55578	8331	7994	10474	85235	221613	8520	84148	10902	54859	11143	284058	55140	440689	10499	8295	2668	10933	11091	6883	8345	8342	112869	54556	255626	23587	51230	23774	55929	79960	117143	1810	5931	8341	317772	6871	55250	8338	8473	3018	6881	9913	27154	26009	85236	2033	8089	3017	8349	55683	8648	10445	10856	723790	93624	64769	54934	55167	9575	6314	86	23326	3013	51147	57325	27097	79595	92815	5077	6944	8340	10524	6880	80314	9767	8464	55689	126961	10629	8970	84289	51562	23338	57634	339287	23522	8334	1387	8348	56943	55257	10943	11014	3054	8850	728378	8607
HCMV Early Events R-HSA-9609690	128312	5122	79718	1854	6396	8331	85235	221613	5928	6240	2146	440689	23165	8726	5903	51143	8021	8345	8342	114131	11097	255626	129401	9818	7175	131096	10951	5931	8341	317772	9972	1783	8338	55746	79023	3018	3688	9612	9688	85236	5371	3017	10762	7399	25828	8841	8349	23279	5126	84659	57122	723790	9631	1778	1385	2874	23636	1780	1616	3667	9611	6035	23511	81929	1956	4928	3013	140735	92815	8655	1781	55706	4927	8340	53371	4179	79902	6907	4790	126961	23512	8970	3295	23225	10155	8334	8086	8348	9883	348995
HCMV Infection R-HSA-9609646	128312	91782	5122	79718	1854	6396	8331	85235	221613	5928	6240	2146	11267	27183	440689	23165	51160	8726	5903	51143	55687	128866	1052	8021	8345	8342	3190	51028	114131	11097	255626	129401	9818	7175	131096	10951	5931	8341	317772	9972	1783	8338	55746	79023	3018	3688	9612	9688	85236	5371	3017	10762	7399	25828	8841	8349	23279	25978	5126	84659	57122	723790	9631	1778	1385	2874	23636	1780	1616	3667	5119	9611	6035	23511	81929	1956	93343	79643	4928	3013	140735	92815	84313	8655	137492	55048	1781	55706	4927	89853	8340	155382	53371	4179	79902	6907	27243	4790	126961	23512	8970	7251	51271	79720	3295	23225	10155	8334	8086	8348	6894	9883	92421	348995
HCMV Late Events R-HSA-9610379	128312	91782	5122	6396	8331	85235	221613	6240	11267	27183	440689	23165	51160	5903	55687	128866	1052	8021	8345	8342	3190	51028	114131	11097	255626	129401	9818	7175	8341	317772	9972	8338	55746	79023	3018	9688	85236	3017	10762	25828	8349	23279	25978	5126	84659	57122	723790	9631	23636	3667	5119	23511	81929	93343	79643	4928	3013	92815	84313	137492	55048	55706	4927	89853	8340	155382	53371	4179	79902	27243	126961	8970	7251	51271	79720	3295	23225	8334	8086	8348	6894	9883	92421	348995
HDACs Deacetylate Histones R-HSA-3214815	255626	128312	5978	10284	8340	83933	79718	9611	8331	8819	1107	5931	8341	85235	317772	221613	57459	5928	6907	3065	1108	126961	3013	8338	23028	9112	8970	3018	55869	57504	54815	9612	440689	23186	85236	3017	64180	92815	10362	8841	51742	8349	8334	8348	3066	51317	723790	8345	2874	79685	8342	9219	64426	84312	5926
HDL Assembly R-HSA-8963896	649	5578	5567	335	5568	29801	19
HDL Clearance R-HSA-8964011	949	335	81693	8029	3069
HDL Remodeling R-HSA-8964058	9388	9619	213	344	348	335	345	5360	3931	1071
HDMs Demethylate Histones R-HSA-3214842	23210	7404	84159	23030	23135	10765	7403	51780	23028	126961	80853	23081	84678	84864	8242	55693	5253	221656	8284	23133	5927	9682	22992	55818
HDR Thru Homologous Recombination (HRR) R-HSA-5685942	5985	5932	5982	1763	10524	641	10111	83990	6573	5424	7156	4361	83695	7316	472	7311	80010	580	5427	5984	6233	348654	5884	51426	5983	51750	5888	84464	197342	146956	9156	84172	7517	5889	3364	84126	1111	6236	23514	56655	80198	675	116028	5890	54107	5883	5426	10635	7979	79728	7516	57804	10714	5111	6119	25885	11073	7486	5425	9048	5429	672	5892	144715	390502	7314
HDR Thru Homologous Recombination (HRR) Or Single Strand Annealing (SSA) R-HSA-5693567	128312	165918	5893	4361	7316	5531	5427	6233	348654	51588	6047	5888	23514	5883	9025	7158	7516	6119	25885	7486	8345	8342	144715	390502	151987	255626	5982	6573	5424	8341	472	5984	5884	3014	2067	3018	102724334	84464	197342	146956	85236	7468	7334	3017	56655	8349	54962	5890	8914	54107	7329	10635	8924	5425	5429	5892	79728	5985	1017	641	79184	83695	7311	80010	580	63967	51426	84172	3364	84126	1111	8290	6613	116028	9577	7979	5111	7336	11073	672	8900	890	8340	5932	25	1763	10524	10111	83990	7156	84142	51548	5983	8970	2072	51750	7517	9156	5889	6236	51720	80198	9656	675	8348	5426	29086	57804	10714	9048	7314
HDR Thru MMEJ (alt-NHEJ) R-HSA-5685939	2237	7515	5932	121227	142	51426	9048	10111	675	5893	4361	10038
HDR Thru Single Strand Annealing (SSA) R-HSA-5685938	5985	5932	25	5982	1763	10524	641	10111	83990	7156	5893	4361	83695	472	80010	580	5984	5884	5983	2067	2072	5888	9156	84172	3364	84126	6236	116028	5883	6119	25885	11073	7486	9048	672	144715	390502
HIV Infection R-HSA-162906	91782	9150	5720	6874	6396	6827	10197	5717	4686	5687	23198	7316	5045	6878	8905	5686	6233	6500	25920	5685	2966	5586	5708	920	6877	27183	5714	23165	2237	10213	51160	5901	5903	51606	2967	902	5695	6883	404672	5437	7520	6917	2534	1794	5716	2958	128866	8021	2959	2547	2963	2962	5700	5710	11097	5693	129401	9818	292	7175	2965	122706	9978	6884	51510	3981	5718	6879	6882	84251	2068	143471	1104	5696	9972	1025	7469	8815	5432	55746	79023	6749	163	9397	5682	5701	6881	2968	10053	5435	9688	5705	2957	5721	10762	6924	23279	25978	5902	84659	83860	3837	2071	5431	4836	10015	6873	57122	26018	5709	9631	162	5478	6829	2961	3055	8065	23636	5706	5698	5719	6035	23511	905	161	81929	8178	93343	7311	3836	79643	5699	51497	4928	293	51616	5704	11168	7936	3105	6921	160	4331	5440	5433	8907	904	4869	5715	5441	5439	11198	5690	22916	5691	5434	2960	5430	130340	9861	8731	137492	8732	567	7979	55048	51224	3932	5438	1174	6923	6908	1022	55706	7514	4927	5692	89853	9844	8945	155382	7852	53371	6880	5905	79902	3159	1175	1173	6872	27243	8812	926	5684	5713	5683	60489	7251	51271	5702	55690	8148	5436	79720	5689	7518	23225	51534	54457	5688	9525	919	291	9491	5711	8086	164	1234	9883	23327	5694	138474	92421	348995	940	7314
HIV Life Cycle R-HSA-162587	91782	9150	6874	6396	6827	4686	7316	5045	6878	6233	25920	2966	920	6877	27183	23165	2237	51160	5901	5903	2967	902	6883	404672	5437	7520	6917	2958	128866	8021	2547	2963	2962	11097	129401	9818	7175	2965	6884	51510	3981	6879	6882	84251	2068	1104	9972	1025	7469	8815	5432	55746	79023	6749	9397	6881	2968	5435	9688	2957	10762	6924	23279	25978	5902	84659	83860	2071	5431	4836	10015	6873	57122	26018	9631	5478	6829	2961	23636	23511	905	81929	8178	93343	7311	3836	79643	51497	4928	51616	11168	7936	6921	4331	5440	5433	2959	904	5439	5441	11198	22916	5434	2960	5430	8731	137492	8732	55048	51224	5438	6923	6908	1022	55706	7514	4927	89853	155382	7852	53371	6880	5905	79902	3159	6872	27243	8812	7251	51271	8148	5436	79720	7518	23225	51534	54457	9525	8086	1234	9883	23327	138474	92421	348995	7314
HIV Transcription Initiation R-HSA-167161	2965	6884	6874	6880	6879	6882	2068	6872	6878	2966	5432	51616	6877	6881	2968	8148	5436	5435	2957	4331	5440	5433	54457	5439	2959	5441	2967	5434	2960	902	5430	6883	83860	404672	5431	5437	2071	6873	5438	2958	138474	6908	1022	2963	2962	2961
HIV Elongation Arrest And Recovery R-HSA-167287	9150	905	6827	8178	1025	8812	51497	25920	7469	5432	6749	7936	5435	6921	5436	5433	5440	904	6924	5439	5441	11198	5434	5430	5437	5431	6917	51224	5438	6923	2963	2962	6829
HS-GAG Biosynthesis R-HSA-2022928	3340	221914	26035	9394	9653	9672	9955	9348	6382	222537	9951	10082	6385	2719	6383	64579	8509	2131	375790	3339	9953	2817	64711	90161	9957	2262	266722	11046	9956	2239
HS-GAG Degradation R-HSA-2024096	2990	221914	10855	3425	9672	2239	6382	10082	6385	2719	6383	375790	3339	4669	2817	6448	3423	79411	2720	2262	60495
HSF1 Activation R-HSA-3371511	3337	1288	6013	10808	3303	3281	3310	871	7531	29074	1915	10013	10728	10049	2288	3297	84172	3305	3326	2765	27242	1413	3320	162989	6119	25885	7415	7314
HSF1-dependent Transactivation R-HSA-3371571	3337	57521	1288	6013	10808	3303	3281	3310	871	815	29074	1410	816	10728	10049	2288	3297	84335	818	2033	64223	3305	3326	2765	27242	1413	1387	3306	3320	3312	162989	2475	26353	817	7314
HSP90 Chaperone Cycle For Steroid Hormone Receptors (SHR) In Presence Of Ligand R-HSA-3371497	1639	3337	5241	10963	51164	55466	2289	3303	10294	1783	10671	829	10728	2288	55860	140735	11258	832	2908	93661	3305	3326	51143	84516	830	8655	3301	3306	3320	4306	3312	1778	1781	10121	10540	374	1780
Hedgehog Off State R-HSA-5610787	5577	5720	107	114	10197	5717	23198	5687	7316	5686	6233	83737	6500	5685	5576	51684	111	5708	2735	115	5714	10213	2736	79659	79809	55764	5695	5716	26160	5727	23322	5700	5710	5578	8650	5693	122706	57728	9978	5718	8454	143471	5696	2737	374654	5682	5701	5705	5721	5575	5709	108	54903	57539	5706	5698	8481	2778	5719	5568	8100	5573	7311	23432	5699	27152	113	11127	5715	5690	5691	2932	9861	196883	1452	7979	5692	8945	112	5567	7289	54498	5684	5713	5683	55811	5702	9742	5689	5688	51098	9491	5711	5694	55081	80199	5704	7314
Hedgehog On State R-HSA-5632684	5720	10197	5717	23198	5687	7316	5686	6233	83737	5685	51684	22873	5708	2735	50937	5714	339745	10213	2736	5695	8405	5716	5727	57154	2121	5700	5710	409	8650	5693	122706	79577	9978	8643	5718	2619	143471	5696	8452	2737	64750	374654	5682	5701	5705	5721	5709	5706	5698	23288	5719	2622	7311	23432	5699	84455	11127	5715	5690	5691	9861	1452	7979	5692	156	132884	54498	5684	408	5713	5683	6469	5702	5689	64399	91653	25989	3549	5688	9491	5711	5694	50846	5704	7314
Hedgehog Ligand Biogenesis R-HSA-5358346	5693	5706	84447	5720	122706	5698	5719	147111	6868	5718	10197	10956	57758	5717	23198	5687	143471	7311	7316	5696	5686	5699	6233	5684	5685	5713	5683	6400	5708	5034	51009	5682	5702	5701	5714	6469	5705	5689	5721	10213	3549	5688	5692	5715	5690	9491	55733	5691	5711	5695	9861	7979	5716	5709	5694	7415	2262	5700	5710	85455	27248	50846	5704	7314
Heme Biosynthesis R-HSA-189451	1352	3145	212	9429	210	1371	213	7389	211	1355	7390	2235	28982	5498
Heme Degradation R-HSA-189483	644	2990	645	2168	9429	10599	28234	54658	213	11309	3163	3162	2938	1244	54657	4363
Heme Signaling R-HSA-9707616	6604	9572	286826	9575	79718	6256	9611	10891	83990	8930	23054	7975	4780	23411	6907	8204	85441	4209	23643	51266	4208	7099	6095	113235	493901	10499	23373	2033	4862	2668	200186	8841	8648	1387	10498	406	80205	1385	64784	5465	335	3162	7514	338
Hemostasis R-HSA-109582	4893	6402	90952	2158	3779	7042	5576	9927	5678	6383	3959	10184	23539	55604	5680	7414	2785	2243	346562	8525	7078	4072	7873	5919	8832	24137	3676	3635	197	334	3452	2815	26153	5672	10916	2769	2995	5527	140885	5196	3688	10681	5592	27154	9162	9127	948	5340	7409	7525	29127	928	130367	4099	6915	81704	6037	339345	9564	9493	51706	9057	11343	57113	3799	22927	11216	5590	9046	6401	6810	11127	151	6786	84876	5519	57572	8795	2788	11069	5271	113220	14	2153	10335	488	2773	6717	1525	25	5567	7276	284	3687	6654	10938	3833	23028	5593	747	5341	10257	6281	3446	832	5657	80005	135228	23303	30846	3020	23468	7040	11311	1445	140628	5336	5051	285643	5516	967	5595	350	57406	89953	3675	3678	7056	3897	5024	5594	23764	5028	3683	3456	962	8515	5328	5138	5345	829	634	10487	5155	5874	2771	10125	7057	5580	23095	801	5526	6813	2885	55970	10522	8527	2534	5296	3834	83706	3778	2996	2770	25942	440533	5055	3512	54331	5295	27094	1795	5627	2207	7804	3684	2266	81	55083	9123	2791	3798	55619	213	7102	5529	1793	2886	7441	3047	83953	3710	5768	9585	139189	1950	5890	23046	7424	1609	3066	54863	3543	207	22953	6543	285	335	487	8797	2151	5153	5478	5023	3685	3448	2778	308	10846	200576	50940	23759	6566	2161	3700	961	3831	55423	492	5675	56301	83985	54210	462	64805	10362	2782	5265	6414	7225	6850	7010	481	3674	3932	3673	2787	1	10235	2734	84643	7465	150	50848	6814	3832	3440	1020	10019	29802	51571	3065	6280	55664	5747	342977	2977	10544	3671	3053	5673	10451	90338	7076	5197	4097	3265	4778	88	10603	5739	146850	9749	813	338	5154	7423	5583	2783	10447	64780	8458	51378	5552	9948	7975	5547	54676	23657	2776	490	5335	10630	2316	51206	139818	5294	5290	23348	10490	56992	5321	2793	482	830	146909	387	1794	6547	483	409	2624	3920	7123	7422	3045	11136	4680	59345	83700	6385	83541	5136	2623	161882	64145	87	2982	5777	7450	27345	221458	94121	3835	391	221955	81930	147700	5781	5270	51317	5291	2621	25970	1606	1017	51764	302	5588	2335	51744	9672	998	83692	5573	3273	3046	9056	3797	2149	972	55614	120425	124602	160851	3689	6520	2817	6546	22920	2983	1893	5624	10112	5908	5267	23052	4267	2268	5175	2790	2784	91768	1062	3445	5329	152	682	2155	3708	1521	5054	2786	22915	10749	547	2627	6382	3451	4312	5269	5528	126961	3937	9371	2162	5670	5889	11004	7066	9002	4352	5880	340719	3655	5004	139322	7534	6464	5473	10461	221037	1048	2888	5577	30845	7277	5770	5676	2768	2811	3709	5582	51266	388	7157	259215	55669	710	3441	3690	10411	3442	7114	5579	5216	8793	10672	3796	857	2165	5327	3449	5005	3481	58494	7018	5578	4067	6678	8165	54518	351	6647	5099	7094	54495	489	5152	12	8526	2625	965	708	5170	960	1088	5575	29106	3660	3659	4602	7035	8140	5581	5868	8503	9732	26090	3705	100423062	2277	2157	5568	6035	6404	5525	55582	3827	5671	3717	374354	23428	29789	7044	1191	729238	8654	3818	23186	8407	85440	57126	3048	23533	3444	64147	5515	66005	6714	90273	3699	5104	1608	51368	3800	3479	3672	6944	81928	3309	9463	51097	50808	2814	78991	90990	2792	9630	2626	2994	5027	408	493	2767	4973	5518	5025	2152	5906	2244	23414	94235	1398	80228	914	7410	1432	3443	7043	1607	55605	7222
Heparan Sulfate/Heparin (HS-GAG) Metabolism R-HSA-1638091	3340	2990	221914	10855	27087	1464	26035	9394	3425	1462	9653	9955	9672	63827	9348	6382	64132	222537	9951	10082	6385	2719	6383	64579	633	8509	375790	2131	3339	9953	4669	11285	2817	60495	135152	64711	6448	90161	1634	9957	3423	26229	2720	79411	64131	1463	126792	2262	266722	11046	10675	9956	2239
Hh Mutants Abrogate Ligand Secretion R-HSA-5387390	5693	5706	84447	5720	122706	5698	5719	5718	10197	10956	5717	23198	5687	143471	7311	7316	5696	5686	5699	6233	5684	5685	5704	5683	5713	6400	5708	6469	51009	5682	5702	5701	5714	5689	5705	5721	10213	3549	5688	5715	5690	9491	55733	5691	5711	5695	9861	7979	5716	5709	5694	7415	5700	5710	27248	50846	5692	7314
Hh Mutants Are Degraded By ERAD R-HSA-5362768	5693	5706	84447	5720	122706	5698	5719	5718	10197	10956	5717	23198	5687	143471	7311	7316	5696	5686	5699	6233	5684	5685	5704	5683	5713	6400	5708	6469	51009	5682	5702	5701	5714	5689	5705	5721	10213	5688	5715	5690	9491	5691	5711	5695	9861	7979	5716	5709	5694	7415	5700	5710	27248	5692	7314
Highly Calcium Permeable Nicotinic Acetylcholine Receptors R-HSA-629597	1141	1137	1138	1143	1142	1136	8973	1134	1135
Highly Calcium Permeable Postsynaptic Nicotinic Acetylcholine Receptors R-HSA-629594	1141	1137	1138	1143	1142	1136	8973	55584	1134	1135	89832
Highly Sodium Permeable Postsynaptic Acetylcholine Nicotinic Receptors R-HSA-629587	1141	1137	1143	1144	1136	1146	1145
Histidine Catabolism R-HSA-70921	51696	3034	10841	131669	138199	3176	144193	57571
Homologous DNA Pairing And Strand Exchange R-HSA-5693579	5985	5932	5982	1763	10524	641	10111	83990	7156	4361	83695	472	80010	580	5984	5884	5983	5888	7517	9156	390502	84172	5889	3364	84126	1111	6236	675	116028	5890	5883	10635	7979	7516	6119	25885	11073	7486	9048	672	5892	144715	79728
Homology Directed Repair R-HSA-5693538	128312	165918	5893	4361	7316	5531	5427	6233	348654	51588	6047	5888	2237	7515	23514	5883	9025	7158	7516	121227	6119	25885	7486	8345	142	8342	144715	390502	151987	255626	5982	6573	5424	8341	472	5984	5884	3014	2067	3018	102724334	84464	197342	146956	85236	7468	7334	3017	56655	8349	54962	5890	8914	54107	7329	10038	10635	8924	5425	5429	5892	79728	5985	1017	641	79184	83695	7311	80010	580	63967	51426	84172	3364	84126	1111	8290	6613	116028	9577	7979	5111	7336	11073	672	8900	890	8340	5932	25	1763	10524	10111	83990	7156	84142	51548	5983	8970	2072	51750	7517	9156	5889	6236	51720	80198	9656	675	8348	5426	29086	57804	10714	9048	7314
Hormone Ligand-Binding Receptors R-HSA-375281	170589	122876	7253	2797	3973	2796	2492	3972	7252	1113	2488	2798
Host Interactions Of HIV Factors R-HSA-162909	5720	6396	10197	5717	23198	5687	7316	8905	5686	6233	6500	5685	5586	5708	920	5714	23165	10213	5901	5903	51606	5695	2534	1794	5716	8021	5700	5710	11097	5693	129401	9818	292	7175	122706	9978	5718	84251	143471	1104	5696	9972	1025	8815	55746	79023	163	5682	5701	10053	9688	5705	5721	10762	23279	5902	84659	3837	57122	5709	9631	940	162	5478	3055	23636	8065	5706	5698	5719	6035	23511	161	81929	7311	3836	5699	4928	293	11168	3105	6921	160	8907	904	4869	5715	5690	5691	130340	9861	567	7979	3932	1174	6923	55706	7514	4927	5692	9844	8945	53371	5905	79902	3159	1175	1173	926	5684	5713	5683	60489	5702	55690	5689	23225	5688	919	291	9491	5711	8086	164	9883	5694	348995	5704	7314
HuR (ELAVL1) Binds And Stabilizes mRNA R-HSA-450520	5578	5168	8125	9052	8021	8741	5580	7514	1994	6418
Hyaluronan Metabolism R-HSA-2142845	6548	2990	3037	10894	960	8692	55576	26973	3161	3074	6677	8372	57214	10057	3038	3073
Hyaluronan Uptake And Degradation R-HSA-2160916	6548	2990	10894	960	8692	55576	26973	3161	3074	6677	8372	3073
Hydrolysis Of LPC R-HSA-1483115	123745	79887	56261	5321	255189	8605	283748	100137049	23659
IGF1R Signaling Cascade R-HSA-2428924	117145	5140	2260	2250	2249	2263	30849	4893	8822	8471	3667	57761	9846	5295	54106	2255	2258	6654	2323	8074	2248	2252	208	2322	3480	2251	2246	128869	2264	5290	8817	26281	5170	9965	152831	9365	5289	3265	10818	2261	27006	2253	2885	5781	5296	6464	5291	2254	8823	8660	3481	3479
IKK Complex Recruitment Mediated By RIP1 R-HSA-937041	387522	3551	7322	7316	7311	23643	6233	148022	7323	330	7099	1147	7189	7334	7321	11035	8737	329	4695	23098	8517	7314
IL-6-type Cytokine Receptor Ligand Interactions R-HSA-6788467	3589	9180	3717	3572	7297	386653	133396	3977	9244	3590	3716	3976	1489	1270	23529	83605	1271
IRAK1 Recruits IKK Complex R-HSA-937039	246330	7189	7334	57162	387522	1147	3551	57161	8517	3654
IRAK2 Mediated Activation Of TAK1 Complex R-HSA-937042	7316	7311	7189	6233	3656	6885	257397	23118	10454	7314
IRAK2 Mediated Activation Of TAK1 Complex Upon TLR7/8 Or 9 Stimulation R-HSA-975163	7316	7311	7189	23643	6233	148022	7099	3656	6885	257397	23118	10454	4695	7314
IRAK4 Deficiency (TLR2/4) R-HSA-5603041	114609	10333	2244	23643	6279	6280	948	4615	7096	695	7099	6271	3146	4695	51135	2243	2266	7097
IRE1alpha Activates Chaperones R-HSA-381070	3309	1639	84447	2135	55738	55033	3068	10130	65057	4000	7709	2137	58477	51726	118	22872	9820	56005	10897	7094	6734	2673	1663	27230	10954	10113	5611	11015	9570	64061	4189	2134	2931	5526	9114	7466	116138	37	6464	9797	2081	55062	6745	10106	9695	30827	10525	100137049
IRF3 Mediated Activation Of Type 1 IFN R-HSA-1606341	29110	147945	3661	23220	81030
IRF3-mediated Induction Of Type I IFN R-HSA-3270619	7520	197358	29110	51428	11277	5591	147945	3661	2547	3428	340061	23220	4361
IRS Activation R-HSA-74713	2887	3643	3667	3630	8660
IRS-mediated Signaling R-HSA-112399	117145	5140	2260	2250	2249	2263	30849	4893	8822	57761	3667	5295	9846	54106	2255	2258	6654	2323	8074	2248	2252	208	2322	2251	2246	128869	2264	5290	8817	26281	5170	9965	152831	9365	5289	3265	10818	2261	27006	2253	2885	5781	5296	5291	2254	8823	8660
IRS-related Events Triggered By IGF1R R-HSA-2428928	117145	5140	2260	2250	2249	2263	30849	4893	8822	8471	3667	57761	9846	5295	54106	2255	2258	6654	2323	8074	2248	2252	208	2322	3480	2251	2246	128869	2264	5290	8817	26281	5170	9965	152831	9365	5289	3265	10818	2261	27006	2253	2885	5781	5296	5291	2254	8823	8660	3481	3479
ISG15 Antiviral Mechanism R-HSA-1169408	129401	5610	9818	7318	7175	7314	53371	6396	23511	7324	79902	3661	26354	81929	8672	84251	25820	7316	7311	9246	3836	9972	6233	1973	4928	5495	4734	11274	5335	55746	79023	3839	2317	9775	51191	402569	23586	3841	9688	6772	23165	4600	7334	23225	10762	9470	5903	8086	23279	84659	4599	3837	3716	3838	57122	1977	9883	3840	9631	8021	23037	1981	317649	55706	3434	9636	11097	4927	5595	7706	348995	1982	23636	1974
IkBA Variant Leads To EDA-ID R-HSA-5603029	4792	4790	4791	5970	1147	3551	8517
Immune System R-HSA-168256	959	8554	27177	6950	29110	126433	10877	2588	10671	5708	140683	1650	147945	84766	7414	51143	4609	6283	2243	51725	26091	11126	7706	9447	27189	197	200958	117285	90135	6477	6776	84231	26354	5527	653361	1783	6416	55746	50489	3662	4318	9688	93611	640	948	10293	55313	266629	1438	8924	100526773	6367	1440	89777	79923	9493	6778	11240	84433	5698	81793	161	3135	58484	2220	4928	245913	150372	2519	1439	79671	3565	6786	10163	2212	135892	14	55336	50852	8453	2896	6614	5601	5834	3811	112744	1525	25	1845	6518	26270	3559	7322	1315	3687	10326	4128	22954	5702	3446	10549	4281	5657	84261	93978	122769	6590	23495	22875	57520	2444	4205	7220	5336	9051	8887	285643	5595	7314	5873	7318	140739	3683	8905	85363	5685	829	634	10249	25847	716	8678	10096	2885	930	51297	5600	26268	84418	9867	140459	7332	25824	3821	3684	2266	411	9820	128178	133396	11213	4125	916	2353	4773	6772	5721	22883	4982	3710	23279	64135	9903	5604	89910	162	963	3841	2990	4068	3636	941	3667	10747	114088	23511	966	200576	7324	59307	64581	29882	961	3977	3105	5787	140691	6850	285852	3932	996	6923	4589	1981	7726	90678	374383	976	6197	6097	528	3440	10019	340205	81567	51209	6363	9616	5684	3554	4321	4985	7076	919	2799	5289	535	2358	79109	7305	6478	1509	199675	10385	54209	5530	6271	10121	23601	7128	2475	117145	22931	27297	5897	552900	538	1436	1510	4591	79155	3566	27036	3118	410	127124	51248	3984	51343	10393	3595	3824	6892	7520	712	2548	9690	10535	10628	3904	4478	7174	732	3654	1974	3920	51752	9818	5645	8772	8288	1660	5970	81603	1211	2690	90423	64750	4214	51091	3458	114771	9817	695	84265	81930	3837	3146	79876	3434	10578	26525	8517	27246	94025	1774	10092	1361	9140	59067	51127	146433	6947	1896	23650	3934	1915	9173	3797	10875	5034	10193	10622	2205	22888	6278	11006	63893	7317	84541	6775	3133	6279	55905	28988	154664	3708	53371	3661	131405	1173	5528	5071	11274	3937	427	84676	6364	394263	23586	9371	51665	55182	142678	340719	3577	1234	8174	5004	23071	11027	6464	3903	9641	54850	10870	64129	118430	23412	9466	1399	6845	8809	8874	3551	197131	10197	5717	10910	6233	83737	55128	7157	407977	5912	25897	5819	6386	710	3441	10411	91543	282618	3556	51606	4718	115727	1378	5443	4313	23608	5578	9684	11031	11146	127544	6993	57761	9978	55175	60401	80176	6868	3310	140458	351	933	5696	9972	8452	26578	725	23308	163	12	3074	51191	6657	374403	10892	7334	100049587	26191	3600	92369	5806	26249	3660	3958	5788	1901	1672	3055	1982	3394	245934	100423062	5568	10952	222235	8995	5534	5525	386653	525	3717	50604	116842	4650	4583	6921	10383	79654	51128	7189	4153	84078	4064	1992	10970	23098	222487	5606	8773	92610	3840	2923	26267	10540	10890	1512	10392	53832	3185	5027	6597	208	26272	5898	6935	25939	2939	3606	2244	54998	5688	10857	11314	80228	2533	245927	29760	10484	3443	3804	5864	348995	5704	57020	3806	613210	64127	57826	135250	55600	5317	51295	7130	997	115361	55008	4345	8976	841	10324	5532	9114	84639	8021	3093	3676	2308	56253	131096	7320	122706	114548	5780	5869	3581	8740	140885	3588	6059	5592	5338	3579	10762	9296	3803	11120	1834	400830	10225	23118	4012	1778	11333	317	5795	6195	51164	10075	54106	912	3799	81619	51676	1828	8895	2934	131450	8907	5715	51132	84876	5519	3126	80331	11069	5602	1513	3848	29945	837	3113	8718	84861	3820	124599	11024	598	81494	2208	5567	11065	7276	1175	282617	6654	5713	815	54739	11322	284266	4792	1026	79465	3557	9470	9491	56654	25898	8649	9883	25801	718	5591	84868	4689	51231	81622	944	1493	5594	55615	7133	92912	3702	23352	51088	3627	3572	93100	3604	258010	958	5603	5493	4615	5055	285231	2537	30849	5295	2207	55801	6282	10475	23406	3798	8547	5803	6793	81559	3813	342510	722	836	26095	10768	868	158747	3553	140462	728	2204	177	4599	1437	3578	282616	3693	5315	54941	3313	5023	55585	84727	684	6348	23218	1508	54918	3916	26253	83985	54210	3385	8737	3805	23646	1489	8878	10312	5775	7336	608	3455	10878	2206	26263	5692	6804	727	23547	5036	84643	200081	5663	3832	4643	1471	1727	26259	80329	4790	5747	6406	327	6361	29992	1991	6456	5320	8778	8139	7098	29121	79895	8086	50856	28956	3716	23327	5068	23037	728378	64333	10018	9604	283463	10855	5608	5547	4988	5686	64919	11277	23295	83605	4277	5290	160364	26007	56992	596	387	1052	629	5693	2950	7422	8835	11119	5718	8454	27181	10871	4332	1113	9725	5435	5199	391	4048	51411	147700	4695	57115	5781	90933	4794	4001	1654	25970	30	84867	1670	998	154881	84174	388372	10321	3433	148022	2280	3428	7454	30835	140735	29927	54778	120425	4600	3689	7321	7428	83716	8655	387921	26046	9902	7979	100131439	1781	8560	4215	4267	326624	55593	127247	57161	1062	6494	5641	51466	253260	6885	114132	255488	126014	441531	4312	126961	25780	71	6844	6712	3593	2040	9522	197358	140456	11004	84516	1387	7879	7534	5473	6289	1515	4360	4940	1785	10007	10379	5770	7412	10477	55521	29126	6500	5618	2322	4050	5599	5589	353	56658	54926	4257	55176	51561	10396	390594	144165	2547	5005	4067	27338	6515	1143	1460	245928	92591	143471	388698	533	811	7291	613209	54472	7867	11258	92747	80196	2625	11118	3665	143662	960	5170	1380	245936	151888	3659	23636	1780	283807	91694	100528032	5266	6035	3303	94103	9554	81929	27	7311	5699	55276	3071	642	1442	6709	1476	3080	3444	731	201626	10109	51135	5515	9861	10395	9040	90273	733	8398	338339	1116	10410	80380	8904	1540	79754	441864	1154	715	3075	158506	8519	53339	6356	6738	10333	8876	10462	1973	10120	566	2185	5689	1669	5906	3109	3592	1398	23317	84085	10422	7415	10107	10666	81844	10788	4893	6402	7498	1687	2258	2323	63891	1520	925	9775	1278	911	3664	10095	3567	9868	2720	230	3590	54014	11097	129401	80142	170482	6672	3452	4688	26153	9341	4314	22918	221184	353189	27179	6347	843	196527	10097	140461	5724	5701	2683	7328	5705	3078	29851	210	55740	79865	7431	10584	3346	138050	8744	148581	339345	9871	2887	23191	115290	2889	130120	245938	6624	51428	7456	3911	5743	178	1118	7323	1827	6810	338324	57531	3107	55824	10673	58480	4927	9020	4210	8945	1938	4651	10071	7184	3569	3426	7124	51320	5683	3561	3839	55860	2633	832	1522	1536	9027	974	7040	1445	8651	51433	5516	9636	967	5966	89953	9535	821	527	51082	6616	9632	910	4586	122665	55658	4734	3106	10487	64410	11059	245929	1435	3127	246330	10125	10213	55832	64223	801	6813	2534	5296	200845	80263	84282	26469	57154	2213	223082	11141	283489	1235	970	23765	5627	101	51071	140881	84251	53833	30011	79023	9683	5529	127829	272	5371	6196	2992	25828	1519	11128	3576	2219	8771	207	5709	7704	64109	26235	1230	5478	51816	7535	401036	84513	3448	4627	10288	23014	5273	56300	27202	26224	64114	330	1499	79097	3004	58985	6468	9450	867	196500	3117	9252	7226	3326	329	5434	5265	6093	240	54509	80184	4008	5598	10235	23385	10425	9261	8792	3417	26190	3383	388646	9180	342977	3902	245932	4771	115004	6888	8697	79948	8993	6036	57823	23200	89858	121260	5610	5720	50617	6727	8458	28511	3183	5687	7316	3568	175	5335	1147	121457	26234	51444	10612	1511	5903	51348	1794	5716	3122	3091	144699	25793	55540	6773	246778	51517	154214	6737	81623	196051	720	23321	5878	7293	51806	10787	5609	5777	3835	3669	51728	595	7097	3312	4092	5291	3615	317649	84883	55223	9520	5133	3594	302	5588	80028	387522	3976	3570	3552	3812	25820	9246	978	8638	79791	9244	7529	8925	2760	245973	1958	913	10694	3384	11035	823	22920	7326	9306	6041	1514	1645	79930	301	3162	2268	3229	55706	2309	10152	171568	55236	9655	3181	23545	8972	6382	3451	8411	2689	5269	3822	51330	25852	51284	8987	3562	4588	2162	56667	23114	23225	915	10437	3725	5880	10159	163702	1729	2512	55	118424	4261	84708	257397	3134	8566	79132	10006	6396	11026	27180	51311	4208	4939	9436	5714	1271	4775	26052	523	10616	23593	116844	79908	10533	80204	526	3449	5782	1759	5700	7325	10427	153579	8635	932	7096	9320	9761	5817	8804	10148	55070	6647	7099	114907	5682	64718	10053	3454	965	51316	8621	26	3929	84659	1088	201456	5306	11010	84937	3125	55754	5581	10810	3575	142686	332	10621	6627	3836	26118	8915	84166	1191	57126	5930	5441	5690	10000	4317	7132	3603	5284	63916	1174	1213	9830	170506	5094	3800	8660	64320	6944	90865	3309	5539	9354	4179	22872	84376	9342	2357	11001	51162	25831	4973	56729	5518	84514	26232	55004	11275	57674	10695	54620	100132285	203068	6836	3809	51382	3589	51465	3718	100507436	4126	2919	2317	10552	1075	5870	6039	973	84329	4507	10458	10068	93661	64219	84961	122618	713	1977	9987	401258	24137	57542	5710	23220	8836	3563	3635	7175	7294	80216	5585	142689	78989	3688	3560	9361	1671	10489	7409	7525	29127	51552	9550	6286	7006	6037	402569	4353	146894	5049	975	64806	29099	114876	3558	23643	149954	27252	4502	128859	529	6317	11127	136371	5440	245972	10077	147179	54461	130340	149233	2495	146330	2665	6285	9730	899	64682	817	4582	942	245937	719	10538	56888	80301	6300	835	946	3596	6556	10562	6809	117157	5711	23194	118788	51719	388697	7064	221687	11009	84818	55958	90025	3601	2352	729230	51666	22861	3456	23198	50616	8784	5328	4772	644414	10454	644150	2668	4088	5580	5236	245930	7341	5526	1326	4644	356	84061	55845	10384	10219	114770	9798	245939	29952	79176	4692	340061	7319	10450	6774	1793	7297	7100	5768	3663	8881	3587	9631	151636	1385	534	11074	102	6049	1604	3685	6502	4690	9437	8807	7077	10913	8600	90293	5495	3831	4791	818	4025	5648	671	968	7292	79148	5691	3838	155066	51619	567	2634	3111	10043	1	81618	9398	89890	3460	51125	8936	1846	5476	27178	6280	9402	661	604	10451	140460	4938	5971	54476	3265	221	374395	991	4585	58485	2920	80143	51447	338	115650	4055	4361	5836	124583	8514	23541	2316	6047	6095	28512	5611	23165	143279	24138	3656	7327	5695	830	3608	6352	57153	22863	683	8722	1848	79980	4680	7448	7187	5728	3459	4170	116379	9446	47	3597	64145	89122	150726	9878	10990	9545	8767	10010	79792	9021	10623	5909	57630	29949	3728	3123	53831	10581	27250	5784	5211	5719	2335	80128	29108	81030	6175	3574	5617	972	2688	160	613211	114836	103	6777	51529	339390	10112	5908	89790	3347	5175	3445	5329	114609	10577	3429	475	23291	3598	246184	4033	132014	3437	3586	10576	23197	26999	80341	9870	943	7337	140453	3320	2209	10555	8916	3112	10517	1639	7850	64167	8741	8694	5783	9846	51646	1441	4831	10273	8808	114790	3709	834	51266	727897	23087	5586	3482	920	2517	3442	100133267	5579	1849	7408	1535	3796	50615	9097	5437	3695	3120	25797	5896	55294	10802	24145	259197	696	79888	9218	55819	56954	4684	816	10094	5646	9474	9666	2033	163351	9966	25930	27071	939	3430	9208	9145	55284	140850	56244	57162	1265	10493	57122	945	759	23376	8503	8065	246	5778	5706	4069	3965	142685	23108	3386	4049	53917	23428	3163	5771	8992	117159	23304	1270	729238	23529	6655	9039	9235	8764	55703	6714	85480	57506	5799	81035	842	29116	115362	290	7087	9844	64170	3810	10859	79902	8672	926	65264	8673	55718	4057	8826	23526	4793	5451	23250	10346	4620	164	146722	7410	23480	83858	1432	5694	84658	201294	1027	353514	714	940
Immunoregulatory Interactions Between A Lymphoid And A non-Lymphoid Cell R-HSA-198933	3134	3806	959	6402	135250	11026	100507436	3683	27180	7412	27036	910	51266	925	3106	9436	4345	5819	911	4277	51343	3824	930	958	51348	3695	10219	3904	3676	11126	2213	56253	259197	3821	5817	27181	933	10871	916	3688	342510	3803	10990	79865	10225	945	4068	100423062	146894	975	100528032	9437	912	3386	3812	3135	10288	3105	131450	913	120425	3689	11006	54210	3384	114836	196500	3385	3805	3107	285852	339390	567	100131439	3133	6614	4267	81035	89790	3811	374383	7087	1525	23547	3820	124599	11024	10859	3383	114132	340205	8519	126014	80329	926	29992	946	8778	915	79465	29121	919	11314	56654	117157	146722	8174	100132285	11027	57823	7305	718	2209	89858	3804	3903	54209	10870	353514	10666
Impaired BRCA2 Binding To PALB2 R-HSA-9709603	5932	1763	10524	641	10111	83990	7156	4361	472	80010	580	5888	9156	5889	675	116028	5890	10635	7516	7486	9048	672	5892	79728
Impaired BRCA2 Binding To RAD51 R-HSA-9709570	5985	5932	5982	1763	10524	641	10111	83990	7156	4361	83695	472	80010	580	5984	5884	5983	5888	9156	84172	3364	84126	6236	675	116028	5883	7979	6119	25885	11073	7486	9048	672	144715	390502
Inactivation Of APC/C Via Direct Inhibition Of APC/C Complex R-HSA-141430	27338	11065	7324	246184	29882	119504	8697	7321	4085	51529	10393	991	8881	51433	25906	29945	996	701	9184	64682
Inactivation Of CDC42 And RAC1 R-HSA-428543	9353	6091	6035	57522	80728	998	23380
Inactivation Of CSF3 (G-CSF) Signaling R-HSA-9705462	4067	1441	6776	7322	9616	7316	7311	3717	6233	7323	6774	6921	6772	6777	7321	7297	6850	3716	9021	8651	8065	6923	1440	3055	7314
Inactivation, Recovery And Regulation Of Phototransduction Cascade R-HSA-2514859	5578	5588	23173	79823	5148	6010	9616	2792	5158	9397	6011	10988	2339	10681	5957	2779	5475	388531	9626	2868	2782	801	1258	1259	4836	131890	2979	3000	5145	2986
Incretin Synthesis, Secretion, And Inactivation R-HSA-400508	5122	90701	51764	114897	9789	2626	139760	1499	3670	6934	28972	1045	2864	2782	2641	1803	346562	3952	5080	338557	2784	60559	221044	23478
Infection With Mycobacterium Tuberculosis R-HSA-9635486	5594	11151	7316	7311	5230	3836	6233	2023	9146	26276	80824	4057	1511	57674	51606	2931	7879	3837	7097	567	5595	4360	5987	5868	339345	7314
Infectious Disease R-HSA-5663205	10800	3718	64127	9045	2781	6874	114897	480	6188	83551	114	6164	7433	118429	7113	29110	53828	1108	51304	5576	6843	5708	6383	7296	10552	27183	54815	6130	140032	973	8976	2197	10458	104909134	3973	1650	2785	6205	51143	135	346562	55687	10095	796	6210	9868	6132	1857	54625	8021	142	3843	3676	5710	7706	11097	255626	129401	5746	6227	131096	2965	122706	7175	5734	114548	23339	23479	51510	3981	3452	5931	6147	6879	26354	113091	6155	10097	1783	6416	55746	6628	3688	5701	6881	1312	10681	6138	9688	5705	8324	3276	2957	8829	10762	6924	6160	3274	7409	7525	127833	23118	5431	10015	928	7082	25996	1778	108	79685	10267	339345	9871	402569	51121	6487	9899	5698	23191	9908	7252	54106	6189	905	161	5348	3135	319100	6123	7456	4928	293	3013	4159	10811	375790	4331	5440	2908	8907	11250	5715	10163	147179	2212	2932	2788	130340	3107	79651	6169	7253	2838	9332	6167	1022	2773	4927	4210	64426	3362	112744	7434	6636	8945	1938	719	25	124056	5567	4651	112755	8819	3569	1175	6654	7991	27243	8812	23028	5713	5683	3839	60489	6732	7251	154	57105	79760	55690	3446	5702	23521	6206	79720	85437	5744	51534	54457	9525	11320	9491	5711	2931	974	23193	9900	6894	7040	11311	9883	718	6154	23476	4158	5336	9051	9636	5595	84818	7314	821	54960	84168	5122	6192	107	2854	5594	8331	6616	3456	9632	51185	85235	221613	4686	23198	6878	8905	6637	9340	5685	2966	6136	3106	11267	1812	10454	644150	2237	6193	2771	10213	8678	59350	4124	10096	7341	2967	801	902	116832	6883	2885	404672	55741	55970	5729	4644	2534	84282	28998	84061	55845	2958	8345	64601	2770	6143	2962	56965	51028	6141	54331	30849	23765	6884	51187	340061	8341	80168	84251	2791	10082	30011	10971	7469	7531	8815	11245	8338	9112	79023	134860	1793	7504	9612	2697	6772	85236	5371	3017	1655	5721	117579	6142	6203	83666	10768	25828	7297	3710	3553	23279	25978	83860	3066	8027	4836	64135	5604	207	5709	9631	1385	79668	2874	162	5925	27090	5478	6829	2961	1603	3841	2692	79924	10254	26762	3448	3667	2778	4690	10747	4627	23511	6480	10280	93343	6217	6159	5613	4791	1499	7936	6168	3105	113	5648	253832	2959	5439	867	92815	2843	10362	8737	2782	3326	5691	256435	5434	6093	6850	1800	3838	567	53822	481	51224	3932	6224	2787	6923	3455	6908	6173	7533	6633	5692	6804	112	285601	3440	3972	3460	1107	4643	51125	3159	5905	8936	11151	170589	6230	3065	6185	7284	4790	5747	59272	5684	23512	3554	10268	6343	155	8148	7555	6456	10451	26258	3339	919	2678	8334	5289	8086	116	29801	91662	3716	23327	138474	153	1392	2926	387129	5732	81631	84875	5739	728378	9475	80143	2488	10146	79718	5610	91782	128312	5720	2783	25873	5608	57459	5687	7316	5045	5230	64174	5686	6129	5335	25920	111	2023	2146	1147	6634	115	6877	2339	440689	5611	117	23165	122876	1511	26007	51160	51114	5903	50628	6157	51343	2793	3656	6207	482	2687	11253	5695	7520	6917	1794	22863	5716	128866	1052	483	1856	2863	25834	6166	6229	10628	8342	9219	3190	79872	200916	6773	114131	2239	3654	51517	2848	6218	5693	9818	292	3363	7422	6228	6156	6019	5970	7187	3459	59345	54956	5718	6194	6161	6882	6209	2068	4249	55823	10266	6201	140801	6385	1025	1211	5432	10787	6749	4157	3018	1113	5609	2968	5777	4736	5435	6457	89122	8841	695	9817	8349	11282	51201	5126	8767	3837	7329	7097	5781	797	5605	6873	79792	51317	3615	723790	6135	953	2060	6234	8517	53831	5926	1616	5133	51764	10092	5719	387522	9672	3570	998	6441	6128	3552	8178	29108	81030	5573	51616	79844	2280	6175	7529	7454	7532	140735	9349	160	486	4869	2696	2817	11198	3360	2960	7428	5430	84313	8655	151306	8731	137492	8732	1452	6176	3133	7979	1514	55048	1781	3162	2268	3229	2790	2784	55706	6223	10152	79833	3445	1816	3708	10203	7852	136	2786	53371	11218	6204	554	6885	10898	6187	3661	6382	3451	1173	6872	4161	126961	71	8970	51284	9146	6844	594857	10728	3586	6857	5436	23586	11224	51065	3295	26999	23225	116255	6235	22987	4907	3725	1387	3640	7879	6170	6455	143	1234	3320	7534	2209	133	799	9641	4360	6635	257397	6202	3134	10284	5577	221914	9150	6181	10006	1854	6396	3551	6827	10197	10769	5717	51311	5928	6240	6484	2589	10910	3709	834	3921	6233	6500	25929	5586	920	5599	478	5589	5714	3441	3442	7405	6208	8726	5901	51606	1535	857	5437	5443	3449	6144	6482	2547	2963	5700	5987	1395	6165	7841	10427	5578	4067	10802	51651	134864	10951	7096	9978	65082	6868	4780	317772	143471	1104	811	9972	5696	8452	10094	163	9397	5682	10053	3454	7334	6232	8106	3665	5170	7399	6124	2850	5902	84659	2071	5575	57122	26018	10610	2262	5349	10810	5868	1901	84312	8065	3055	1780	23636	5978	100423062	5706	477	57617	5119	9611	5568	6035	3303	81929	1956	6125	957	7311	3836	79643	92359	5699	7474	51497	2719	3717	5704	4650	11168	5745	8487	80824	2288	57504	3071	26276	3703	6921	23186	4160	7189	51128	5433	2740	904	64180	4153	5441	3444	51742	5690	22916	64398	6733	10109	10000	9861	196883	6714	57506	2530	5606	3840	5438	63916	1174	122042	2691	1213	7514	6344	89853	9844	8340	6184	155382	27072	6880	10392	6171	6146	4179	79902	9038	6907	6158	55193	2792	23367	5027	926	2492	25921	208	6122	51271	4057	5025	5689	7518	3606	27035	2984	5688	1839	10155	291	94235	4620	1398	2641	57674	164	8348	6483	7410	29760	10484	1432	3443	5694	203068	10888	92421	7415	3375	348995	940	6191
Inflammasomes R-HSA-622312	598	22861	114548	24145	5970	29108	58484	10910	351	4790	834	5027	4791	25828	3326	596	10628	9051	3162	4210	9447
Influenza Infection R-HSA-168255	821	5610	9045	6192	25873	6181	6396	6188	6164	6233	3921	6129	6136	6130	140032	5611	23165	2197	6193	6208	5901	5903	6157	6205	6207	116832	5437	6210	6132	28998	8021	142	6166	6229	6143	3843	6144	2963	2962	200916	6165	11097	6141	129401	6218	9818	6227	7175	6228	6156	51187	6194	6147	6161	26354	6209	811	9972	140801	6155	6201	1211	5432	55746	79023	7504	6138	4736	5435	9688	10762	6232	8106	6142	6203	6160	6124	23279	84659	3837	5431	57122	9631	6135	6234	3841	23636	402569	51121	3303	23511	6189	6128	81929	6125	6217	7311	6123	6159	3836	4928	293	6175	6168	9349	5433	5440	5439	5441	5434	5430	3838	6169	6176	3840	5438	6224	6167	1213	55706	6173	6223	7514	4927	6204	53371	6146	6171	79902	10898	6187	6230	6158	55193	3839	6122	6206	23521	5436	11224	51065	26258	23225	6235	8086	6170	3320	7040	9883	6154	2926	9636	348995	6202	6191
Influenza Viral RNA Transcription And Replication R-HSA-168273	9045	6192	25873	6181	6396	6188	6164	6233	3921	6129	6136	6130	140032	5611	23165	2197	6193	6208	5903	6157	6205	6207	116832	5437	6210	6132	28998	8021	142	6166	6229	6143	3843	6144	2963	2962	200916	6165	11097	6141	129401	6218	9818	6227	7175	6228	6156	51187	6194	6147	6161	26354	6209	6201	9972	140801	6155	5432	55746	79023	7504	6138	4736	5435	9688	10762	6232	6142	6203	6160	6124	23279	84659	5431	57122	9631	6135	6234	23636	51121	23511	6189	6128	81929	6125	6217	7311	6123	6159	4928	6175	6168	9349	5433	5440	5439	5441	5434	5430	6169	6176	5438	6224	6167	55706	6173	6223	4927	6204	53371	6146	6171	79902	6187	6230	6158	55193	6122	6206	23521	5436	11224	51065	26258	23225	6235	8086	6170	3320	9883	6154	2926	348995	6202	6191
Inhibition Of DNA Recombination At Telomere R-HSA-9670095	255626	128312	1616	94239	8340	474382	65057	8331	8341	3015	546	3013	8338	5432	8970	3014	3018	102724334	5435	5436	55766	85236	3017	5433	5440	54386	7013	5439	5441	8290	8349	8334	5434	5430	8348	3020	5437	5431	723790	5438	8345	8342	26277	7014	25913
Inhibition Of Signaling By Overexpressed EGFR R-HSA-5638303	1839	7039	685	2069	1950	1956	374	255324
Inhibition Of Replication Initiation Of Damaged DNA By RB1/E2F1 R-HSA-113501	5557	23649	5558	28227	5925	1869	5519	5516	5515	7029	5518	7027	5422
Initial Triggering Of Complement R-HSA-166663	100423062	10747	715	200576	3183	720	8547	2220	78989	716	5648	3004	4153	713	10584	2219	712	718	629	714
Initiation Of Nuclear Envelope (NE) Reformation R-HSA-2995383	983	4000	891	221496	9133	22933	8815	23141	7444	5518	5520	7112	3930	5515	3837	7443	4001	2010	23592
InlA-mediated Entry Of Listeria Monocytogenes Into Host Cells R-HSA-8876493	7316	7311	6233	1499	51343	79872	6714	7314
InlB-mediated Entry Of Listeria Monocytogenes Into Host Cell R-HSA-8875360	7316	7311	6457	6233	30011	867	7314	10254	9146	2060	6455	8027	8731	2885	6456
Innate Immune System R-HSA-168249	57826	613210	10788	64127	4893	6402	1687	55600	5317	4126	51295	7130	997	29110	1520	10877	2588	2919	5708	10552	140683	1075	5870	6039	84329	8976	10458	841	1650	147945	84766	7414	51143	5532	122618	6283	2243	713	9114	10095	9868	2720	230	401258	3093	5710	23220	7706	8836	9447	80142	131096	197	200958	122706	170482	114548	7294	80216	3452	117285	4688	5869	22918	5585	221184	653361	353189	843	196527	10097	6416	140885	78989	5724	5701	2683	5338	4318	3579	5705	3078	1671	9296	948	210	1834	400830	7409	7525	55313	23118	9550	51552	10584	6286	100526773	138050	3346	1778	11333	6367	317	7006	5795	6037	89777	339345	4353	6195	6778	11240	84433	5698	5049	23191	975	81793	10075	130120	29099	54106	245938	161	58484	81619	51428	2220	149954	1828	23643	7456	245913	7323	178	1118	150372	1827	128859	8895	2934	6317	338324	529	2519	79671	5440	8907	5715	245972	10077	10163	147179	5519	2212	3107	80331	2495	2665	14	5602	1513	6285	2896	3848	5601	5834	837	9020	4210	4582	8945	245937	719	124599	25	1938	598	1845	81494	6518	5567	10071	7184	4651	7276	7322	1315	3426	3687	6654	10326	5713	5683	22954	56888	5702	55860	6300	835	3446	11322	80301	10549	284266	4792	6556	5657	10562	1522	93978	6590	1536	9491	22875	9027	5711	51719	8649	25801	388697	718	8651	2444	4205	5591	5336	9051	8887	5516	9636	967	4689	5595	51231	9535	7314	5873	527	2352	7318	81622	729230	5594	22861	51082	3683	6616	3456	7133	23198	4586	122665	5328	535	3702	5685	3106	4772	23352	634	10487	829	245929	10249	644414	716	10454	644150	246330	10125	10213	2668	55832	5580	10096	5236	93100	245930	801	1326	2885	930	258010	51297	4644	2534	5296	5603	84282	84061	55845	5600	4615	84418	114770	9798	25824	283489	30849	245939	1235	29952	5295	5627	2207	340061	101	51071	6282	140881	2266	3684	411	23406	8547	11213	4125	6793	9683	10450	1793	3813	2353	4773	127829	342510	272	722	6196	5721	10768	2992	25828	158747	3710	3553	5768	7100	11128	728	2204	177	2219	64135	5604	5709	1385	534	963	5315	5478	54941	51816	5023	102	2990	1604	3685	84513	3448	4690	10747	4627	966	200576	7077	59307	684	10288	5273	27202	64581	64114	23218	961	4791	330	1499	57020	1508	3105	54918	4025	3916	3004	5648	26253	83985	5787	9450	54210	671	968	9252	7226	3385	8737	3326	329	79148	5691	5434	23646	5265	6093	6850	10312	155066	567	240	5775	10043	3932	80184	54509	4589	5598	1	10235	23385	10878	2206	81618	976	5692	9261	727	6197	5036	3417	5663	528	3440	4643	51125	81567	1471	51209	8936	1846	1727	5476	4790	6280	9402	5747	5684	6406	342977	327	661	6361	245932	4771	1991	115004	4321	5320	10451	8778	79948	7098	919	2799	8993	5289	5971	54476	79895	221	50856	2358	3265	374395	6036	28956	23200	7305	4585	1509	199675	5068	23037	58485	54209	5530	6271	728378	23601	7128	64333	80143	338	121260	283463	22931	10855	5720	27297	50617	538	5608	6727	8458	79155	28511	5547	3183	4361	5687	5836	7316	124583	8514	175	5686	11277	5335	410	127124	1147	28512	121457	51248	5611	5290	1511	160364	26007	3984	3824	3656	5695	830	3608	596	7520	387	712	57153	1794	2548	5716	683	81844	10628	629	732	3654	51517	3920	5693	5645	1848	79980	2950	6737	8772	8288	1660	4680	5970	7448	7187	81623	5718	8454	196051	720	5878	47	51806	10787	90423	4332	4214	64145	1113	9725	5609	5777	5435	5199	89122	114771	391	84265	695	4048	51728	9545	8767	51411	3837	57115	3146	4695	5781	7097	10010	79792	3312	3615	5291	10623	1654	30	10578	3728	84883	8517	53831	94025	1670	1774	302	5588	10092	1361	5211	9140	5719	387522	998	6947	29108	81030	9246	978	10321	3934	148022	1915	245973	3428	2760	7454	10875	10622	30835	2205	613211	10694	6278	3689	3384	7321	11035	823	83716	8655	387921	5908	7979	3133	6279	1514	1645	79930	8560	326624	3162	2268	3347	3229	55593	5175	57161	10152	171568	3445	5329	28988	154664	10577	114609	5641	3708	23545	6885	8972	475	3661	126014	23291	3451	441531	8411	4033	5269	5528	3822	11274	71	3937	25852	51284	8987	427	394263	23586	4588	10576	23197	56667	23114	9522	2040	197358	26999	80341	3725	1387	7879	340719	3577	10159	5880	5004	1729	23071	2512	3320	140453	6464	5473	2209	55	1515	6289	3903	10555	9641	1785	64129	257397	118430	23412	8566	79132	10007	8694	10006	9846	51646	11026	8874	3551	10197	27180	5717	51311	4831	10910	114790	3709	4208	834	6233	83737	6500	727897	7157	5586	9436	3482	5912	920	2517	5599	5589	5714	6386	710	3441	4775	26052	3442	523	100133267	353	23593	1849	51606	1535	116844	115727	4257	4718	10396	9097	1378	5437	10533	526	25797	3449	2547	1759	5700	5005	5578	4067	9684	11031	8635	6515	6993	932	7096	24145	1143	9761	1460	245928	3310	8804	143471	388698	351	533	5696	79888	9218	613209	56954	725	26578	10094	7099	54472	12	3074	7867	51191	5682	5646	374403	9474	92747	2033	965	7334	10892	51316	100049587	3665	143662	960	5170	1380	9208	8621	245936	9145	140850	57162	3929	1265	84659	10493	26	1088	945	5806	11010	3958	5581	55754	10810	5788	1672	3055	245934	100423062	5706	4069	100528032	5266	5568	6035	3303	94103	5534	10621	7311	525	5699	55276	116842	8915	23428	4583	3163	4650	84166	5704	53917	8992	117159	1191	3071	729238	10383	7189	6709	57126	1476	3080	9039	4153	5441	3444	55703	731	5690	10109	51135	4317	5515	4064	9861	1992	10970	10395	90273	23098	6714	9040	57506	222487	5606	8773	92610	5284	733	63916	8398	5799	338339	842	1116	170506	5094	8904	1540	290	6944	10890	9844	441864	64170	5539	1512	3810	10392	715	4179	3075	84376	10333	6738	8876	9342	10462	2357	5027	10120	51162	11001	8673	566	4973	56729	5518	8826	55718	4057	5689	1669	23526	84514	4793	5906	2244	55004	5688	23250	4620	10857	11314	1398	10695	23317	100132285	7410	245927	83858	1432	3443	5694	203068	84658	6836	201294	7415	5864	714	3809	51382
Inositol Phosphate Metabolism R-HSA-1483249	3705	3635	11165	8821	5331	89869	3636	5333	113026	5728	51196	3628	117283	9807	27124	11163	8867	9651	4952	5335	84812	9677	5332	55586	253430	9108	9562	5330	122618	801	3707	66036	3706	3633	3632	23262	55190	5336	23236	51477	23007	3612	3631	51447	3613	80271	64768	170685
Insertion Of Tail-Anchored Proteins Into Endoplasmic Reticulum Membrane R-HSA-9609523	6811	7917	10952	1528	351	819	9218	6449	6844	27230	9381	51608	8266	224	7485	23480	3162	118424	2010	439	6804	5621
Insulin Processing R-HSA-264876	57393	5873	55763	1363	30001	5122	10640	3798	3799	149371	6844	60412	25924	23265	55676	148867	56605	3630	11336	64924	5126	54536	55770	4644	169026	3800	6804
Insulin Receptor Recycling R-HSA-77387	527	50617	528	23545	533	525	90423	127124	8992	245973	529	523	9296	3643	3630	245972	535	51606	9114	9550	10312	155066	526	534	537	51382
Insulin Receptor Signaling Cascade R-HSA-74751	117145	5140	2887	2260	2250	2249	2263	30849	5594	8822	4893	3667	57761	9846	5295	54106	2255	2258	6654	2323	8074	2248	2252	208	2322	2251	2246	128869	2264	5290	8817	26281	3643	9965	5170	3630	152831	9365	5289	3265	10818	2261	27006	2253	2885	5781	5296	6464	5291	2254	5595	8823	8660
Insulin-like Growth Factor-2 mRNA Binding Proteins (IGF2BPs/IMPs/VICKZs) Bind RNA R-HSA-428359	960	10643	728378	10642	4609	3481	10644
Integration Of Energy Metabolism R-HSA-163685	5577	2783	107	6616	114	6833	2776	3709	3790	5576	111	1131	115	10411	2194	2771	5563	2785	3630	2793	55970	775	3767	2770	5313	10554	5578	784	54331	9495	59345	2769	2791	47	51422	10681	2181	6861	777	948	10768	3710	51094	5330	5575	108	6812	5207	51764	5331	9254	2778	5568	9370	32	3745	773	5573	6514	31	776	5565	113	2864	2740	5519	2782	2182	2788	6513	5515	196883	11069	3747	2787	23236	51085	2790	2784	4082	6804	152	7086	150	112	3708	5567	2786	2792	5528	9630	783	6844	2767	57105	5518	8826	6888	79602	5906	94235	6794	2641	26251	5516
Integration Of Provirus R-HSA-162592	7518	7520	3836	8815	11168	3981	2547	3159	5478	84251
Integrin Cell Surface Interactions R-HSA-216083	682	1311	3675	3678	3680	3685	50848	7448	2335	3683	1305	3383	3696	4060	3386	7412	8515	2266	3687	3694	3684	7137	83700	58494	8516	2200	1284	961	3791	3672	3688	1286	3381	1297	3690	375790	3689	2244	3339	3384	960	80781	7057	3385	51343	22801	3679	2243	3655	8174	1299	3674	3682	3695	3673	1282	3681	5175	1285	3676	3693	30827	91522	7087	1307	1298
Integrin Signaling R-HSA-354192	2335	5770	2266	54518	6654	7094	5747	10411	3690	7450	10125	2244	5906	5170	1398	2243	6850	2885	11069	6714	5908	207	6464	1445	3674	10235	9564
Interaction With Cumulus Cells And Zona Pellucida R-HSA-2534343	8747	2683	11085	57829	7784	2515	7783	6677	8748	5016
Interaction Between L1 And Ankyrins R-HSA-445095	3897	287	3785	3786	6336	6332	6328	4897	6710	51332	286	6323	6712	55800	23114	11280	6330	6709	6327	6324	6329	288	6335	6331	6326	57731	6711	6334	6708
Interactions Of Rev With Host Cellular Proteins R-HSA-177243	129401	9818	7175	53371	6396	23511	5905	79902	81929	1104	9972	4928	55746	79023	9688	23165	23225	10762	4869	5901	5903	8086	23279	5902	84659	3837	57122	9883	9631	23636	8021	55706	7514	4927	348995	11097
Interactions Of Vpr With Host Cellular Proteins R-HSA-176033	129401	9818	292	7175	53371	6396	23511	79902	3159	81929	84251	3836	9972	4928	293	8815	55746	79023	11168	9688	23165	23225	10762	5903	291	8086	23279	84659	57122	9883	9631	8021	55706	11097	4927	348995	23636
Interconversion Of Nucleotide Di- And Triphosphates R-HSA-499943	50484	7298	1635	1841	79077	1854	203	1503	4831	221264	6240	204	4833	122481	7296	2745	51727	26289	2987	158067	25828	56474	205	4832	6241	2936	102157402	25961
Interferon Signaling R-HSA-913531	3134	5610	7318	8554	10379	6396	5770	3456	7412	7316	64919	3118	6233	85363	115361	4939	55128	4734	23087	5335	3106	2317	2316	9775	10612	3441	3127	23165	3442	91543	5903	5580	7341	24138	3664	1977	80263	3122	8021	3120	3449	6773	7706	11097	1974	129401	9818	2537	7175	6737	6672	3452	81603	3459	26354	10475	23321	84251	5696	9972	816	4684	55746	79023	6059	51191	5724	5777	3662	9688	6772	5371	3454	163351	7334	3458	10762	3665	7297	960	3430	3669	3663	23279	84659	4599	3837	5781	57122	9021	4092	5595	9631	3660	3659	317649	3434	3123	3125	55223	3841	10581	1982	3394	23636	11074	402569	3448	51127	80128	23511	7324	81929	684	3135	25820	7311	9246	3836	8638	3717	23650	3433	4928	5495	5771	79097	1958	4502	3105	818	4600	103	3117	3444	201626	3126	3107	3838	567	2634	6041	3133	3840	1981	3455	55706	7726	3229	10410	3113	9830	115362	4927	3445	817	3440	53371	3429	3460	3383	79902	3661	8519	8672	3451	388646	1973	11274	815	3839	54739	3437	23586	3446	25939	2633	4281	23225	9470	10346	4938	10437	8086	3716	9883	2209	3443	8651	4940	23037	9636	4261	51447	10107	348995	7314
Interferon Alpha/Beta Signaling R-HSA-909733	3134	2537	10379	3448	3440	3452	5770	3429	3456	3661	8519	3135	684	3451	3836	8638	5696	3433	3394	4939	11274	3106	6059	1958	3437	54739	3105	3446	3662	5777	3441	25939	4600	3442	3454	6772	91543	103	3665	7297	3444	4938	3430	3669	24138	3663	4599	3107	3664	3837	3716	5781	2634	9021	6041	3133	3443	8651	4940	3449	3455	3660	3659	3229	3434	10410	9636	51447	6773	10581	3445
Interferon Gamma Signaling R-HSA-877300	3134	8554	10379	5770	7412	64919	3118	85363	115361	4939	55128	23087	3106	10612	3127	5580	7341	3664	80263	3122	3120	7706	6737	6672	81603	3459	10475	23321	816	4684	5724	5777	3662	6772	5371	163351	3458	3665	960	3663	5781	9021	4092	3660	3659	3123	3125	55223	3394	11074	51127	80128	3135	8638	3717	23650	5771	79097	4502	3105	818	3117	3126	3107	567	2634	3133	7726	9830	3113	115362	817	3460	3383	3661	388646	815	2633	4281	10346	4938	10437	3716	2209	8651	4940	4261	10107
Interleukin Receptor SHC Signaling R-HSA-912526	3635	3718	5295	3636	9846	3559	6654	3558	3717	3568	3561	3562	5777	3560	1439	5290	22883	2885	3716	1438	3567	5296	6464	5291	1437	8503	3563
Interleukin-1 Family Signaling R-HSA-446652	64127	7850	5720	5783	27177	5608	8809	3551	79155	10197	28511	5717	23198	5687	7316	29110	8808	5686	834	6233	6500	5685	7157	1147	5708	28512	121457	5599	5714	10454	246330	10213	1511	841	10068	3556	4088	3656	6283	5695	9097	1326	84639	5716	4615	5782	26469	5700	5710	3654	5693	9684	11141	122706	9978	80216	5970	5780	5718	8454	143471	351	27179	5696	6416	11213	54472	9683	6774	5682	5701	5777	5705	7334	5721	26095	25930	3553	57162	177	8767	23118	3146	5781	5604	10010	79792	5709	84867	26525	8517	5778	5706	5698	5784	5719	387522	8807	3552	59307	7311	56300	5699	4791	9173	5771	84166	7189	79671	3565	5715	5690	5691	51135	8878	9861	6285	7979	240	5775	92610	4215	3229	57161	5692	90865	8945	10392	6885	23291	27178	4790	11274	5684	5713	5683	3554	5702	3596	5689	4793	4792	3606	5688	3557	9491	5711	6289	5694	257397	5704	7314
Interleukin-1 Processing R-HSA-448706	3606	79792	1511	4790	834	4791	3553	5970	3552
Interleukin-1 Signaling R-HSA-9020702	64127	7850	5720	5608	3551	79155	10197	28511	5717	23198	5687	7316	5686	6233	6500	5685	7157	1147	5708	28512	121457	5714	10454	246330	10213	841	3556	3656	6283	5695	9097	1326	5716	4615	5700	5710	3654	5693	9684	122706	9978	80216	5970	5718	8454	143471	351	5696	6416	11213	54472	9683	5682	5701	5705	7334	5721	3553	57162	177	8767	23118	3146	5604	10010	5709	8517	5706	5698	5719	387522	3552	7311	5699	4791	84166	7189	79671	5715	5690	5691	51135	8878	9861	6285	7979	92610	4215	3229	57161	5692	8945	10392	6885	23291	4790	11274	5713	5684	5683	3554	5702	5689	4793	4792	5688	3557	9491	5711	6289	5694	257397	5704	7314
Interleukin-10 Signaling R-HSA-6783783	942	7850	729230	941	2208	3976	7133	3383	3552	3569	6363	7124	6347	388372	6348	2357	2919	5743	3588	3554	6774	3593	6364	5724	3586	1435	3606	3627	3557	3592	7076	7297	3553	7132	1234	3716	6352	3576	3587	1437	6367	2920	1440	1230
Interleukin-12 Family Signaling R-HSA-447115	821	9466	552900	3594	302	6845	3181	998	6950	3185	6627	9446	10148	6647	3717	6280	5586	9244	6175	6944	5898	5034	829	3593	6774	3586	6888	2939	6772	4507	3458	5721	54998	3572	7297	3592	9878	3595	51561	1265	149233	6775	3716	5908	5306	759	9987	4001	4478	5478	246778	27250	5055	3313
Interleukin-12 Signaling R-HSA-9020591	552900	3594	302	6845	3181	998	6950	3185	6627	9446	6647	3717	6280	5586	6175	829	6944	5898	5034	3593	3586	6888	2939	4507	3458	5721	54998	7297	3592	9878	3595	1265	6775	3716	5908	5306	759	9987	4001	4478	5478	27250	5055	3313
Interleukin-15 Signaling R-HSA-8983432	3718	3601	6464	6654	6777	3561	3560	9846	6776	6774	2885	3716	3600	6655
Interleukin-17 Signaling R-HSA-448424	6197	6195	64127	1848	8945	131096	5594	23765	1845	8517	5608	257397	387522	7314	10392	3551	6885	64806	79155	8454	23291	1846	7311	7316	4208	5528	132014	4790	6416	6233	6500	1147	7867	5599	5609	2353	5518	10454	7189	7334	6196	2668	9252	1849	5519	3656	3725	5515	8767	1326	23118	5604	5602	1432	5606	4205	5600	1385	5601	5598	5516	5595	55540	84818	51231	112744	3654	27189	9261
Interleukin-18 Signaling R-HSA-9012546	3606	240	27178	10068	3565	8809	8807	3596
Interleukin-2 Family Signaling R-HSA-451927	3635	3718	3601	5295	3636	9846	59067	3965	6776	3559	6654	3581	3558	3717	3568	3561	6774	2185	3562	5777	3560	6772	1439	6655	5290	22883	6777	50615	6850	2885	3600	3716	6775	1438	3567	5296	6464	5291	3932	1437	84868	3578	8503	3563
Interleukin-2 Signaling R-HSA-9020558	3718	3558	6464	6777	3932	3561	6776	2185	3559	6850	3560	3716
Interleukin-20 Family Signaling R-HSA-8854691	3718	6776	53832	55801	116379	282617	50616	3717	53833	50604	3588	6774	6772	58985	6777	282618	7297	163702	6775	3716	5781	9021	11009	29949	282616	6773
Interleukin-21 Signaling R-HSA-9020958	3718	6777	6772	3561	59067	6776	6774	50615	6775	3716
Interleukin-23 Signaling R-HSA-9020933	3717	3594	7297	6774	5034	3593	51561	149233	6775
Interleukin-27 Signaling R-HSA-9020956	821	9466	3717	10148	6772	3572	7297	9244	6774	246778	3716
Interleukin-3, Interleukin-5 And GM-CSF Signaling R-HSA-512988	5578	4067	3718	3635	1399	5295	3636	2889	9846	6776	3559	6654	3558	3717	3568	3561	3562	5777	3560	1439	5290	22883	6777	867	1398	7409	7525	6850	2885	3716	5781	1438	3567	29760	7534	2534	5296	5291	6464	1437	7006	8503	3055	3563
Interleukin-35 Signaling R-HSA-8984722	821	9466	3717	10148	6772	3572	7297	3592	3595	6774	6775	3716
Interleukin-36 Pathway R-HSA-9014826	84639	56300	27179	8808	3556	27177	26525
Interleukin-37 Signaling R-HSA-9008059	5784	5783	8809	5780	59307	29110	27178	834	5771	6774	5777	10068	26095	25930	4088	5781	5775	5782	26469	84867	5778
Interleukin-4 And Interleukin-13 Signaling R-HSA-6785807	3718	7133	3566	7412	4988	2258	7157	6095	1278	83605	4609	51561	596	5443	4313	356	3091	1052	10535	2308	7422	5295	4692	4314	4170	3684	7291	6347	3597	3688	6774	2353	3662	4318	6657	6772	2625	9361	948	7297	3553	595	3929	7431	3576	9021	207	3312	6367	1901	79923	339345	246	6778	2335	3976	3570	332	3552	3717	6624	3934	3911	5743	3689	3565	149233	240	58480	301	3162	2309	112744	4582	6097	598	9655	2208	7184	3383	3569	3687	6654	7124	3598	6356	10538	4312	3561	4128	604	3593	6935	3586	2162	3596	3606	1026	5451	4985	7076	3592	3716	3320	7040	6289	8651
Interleukin-6 Family Signaling R-HSA-6783589	3589	3976	3570	3569	386653	9180	3717	133396	3977	9244	6774	1270	23529	83605	6772	1271	3572	867	7297	1489	3716	5781	9021	3590
Interleukin-6 Signaling R-HSA-1059683	9021	3717	6772	3572	867	7297	3570	6774	3569	3716	5781
Interleukin-7 Signaling R-HSA-1266695	3718	1154	5897	3575	5295	8835	3667	6776	6654	126961	3561	6597	3574	6774	6777	85480	3716	5296	8651	64109	5896	54014	8503	8660
Interleukin-9 Signaling R-HSA-8985947	3581	3718	6777	6772	3561	3578	6776	6774	3716
Intestinal Absorption R-HSA-8963676	6514	6523	6518	29881	6248
Intra-Golgi And Retrograde Golgi-to-ER Traffic R-HSA-6811442	122830	9266	1639	22931	6811	9267	55738	84316	57589	1314	81876	2589	5048	83452	10618	10671	51560	3482	829	22796	5050	7110	5870	9183	738	10905	4905	90196	51594	22818	4124	93661	53407	9609	84342	51226	56992	4074	5321	51143	3796	23095	27314	25839	8675	830	57511	146909	3834	10652	24137	27333	377	89953	80142	57016	26153	9341	25782	55083	10139	3798	4122	60560	1783	250	54734	9265	79571	11258	221458	11316	3835	6293	4121	9585	81930	9476	23046	22930	147700	29127	55275	60592	1778	57134	60561	56894	9648	1780	1523	9493	636	2803	5049	381	51164	22836	9382	9712	2590	9554	55582	8674	3799	339122	400966	3831	5861	3797	55614	23647	140735	84364	11127	378	124602	662	27128	64147	22920	8774	8655	440270	8677	113220	10112	1781	8398	9321	54732	1062	10540	3800	91949	100302736	84643	22820	51272	3832	10749	10226	547	143187	2800	51209	1315	23423	10228	10244	23299	90990	9342	26286	3833	65264	55860	9371	11015	832	10466	10945	9570	83548	347517	23303	84516	11004	9367	10959	9276	11014	11311	372	6836	285643	10121	51542	9527	26958	55605
Intra-Golgi Traffic R-HSA-6811438	1523	91949	9266	6811	51272	9267	9382	57589	143187	10228	4122	83452	400966	9342	250	22796	54734	9265	10905	4905	10466	9570	4124	83548	347517	9609	84342	27314	27128	4121	8675	25839	9476	8774	57511	440270	11311	57134	10652	9321	9527	27333
Intracellular Signaling By Second Messengers R-HSA-9006925	5154	117145	5577	2260	5720	7249	107	5594	8822	55615	9846	114	10197	5717	2069	2258	57459	5687	2323	8074	3815	23198	3709	5686	6233	1108	57167	10273	5685	5582	7157	4734	5576	5335	111	1147	2146	5155	5708	115	2322	54815	5714	80012	84335	128869	2264	5290	10213	2668	3556	8726	3643	9965	64223	3630	5580	2100	8870	801	26960	5305	5526	5695	2885	930	11060	2534	5296	2099	5716	8396	4615	685	2065	2254	23608	9219	5700	6591	5710	5468	5987	2308	3654	5578	2122	84733	5928	5693	57521	122706	57761	5295	64121	7039	5728	1460	6015	1459	5159	8394	5718	5931	2255	10718	5527	143471	5696	4303	9218	5136	23035	6045	4343	2252	9112	816	8975	7874	5529	23252	5137	26523	5701	5682	2251	5705	255324	5371	27327	5721	22883	391	29851	5170	145957	8841	10768	3710	152831	9365	1950	7409	3066	2253	7101	5781	27161	5575	4193	207	5709	5291	2066	10014	1385	108	6801	5153	5581	8823	23466	8503	374	10645	58528	5978	23396	10670	5706	2250	5698	8535	941	3667	5719	51564	5568	6035	84254	5525	1956	5573	7311	5613	5699	2248	5704	9173	80351	79837	57504	1958	818	23186	113	6009	7189	7316	331	81847	80243	64180	5715	1822	5519	5690	4254	5691	10000	2932	51135	5515	9861	8731	27006	196883	6714	3838	7979	9542	23112	572	50852	3932	8658	842	246175	3229	2309	8660	5692	817	389541	942	90865	2263	2249	8395	112	156	3708	253260	5567	10542	1107	6654	57332	3065	3164	5528	84232	23028	5684	5713	5683	208	23512	815	814	5702	5518	2246	3084	5689	10325	1026	8817	26281	55004	153129	5688	1839	2064	1912	9491	5711	3725	2931	10818	2261	5156	118788	5880	28956	6615	79109	8649	1911	5694	2444	22955	6199	23239	5516	1027	192669	2475	192670	5595	57690	940	7314
Intraflagellar Transport R-HSA-5620924	80173	11020	57576	57728	64792	28981	3842	8100	200132	23059	3797	26146	9371	140735	9742	11127	55112	79659	90410	51098	79809	57560	112752	22920	55764	51626	8655	89891	83657	56912	6991	26160	255758	55081	9321	57539	83658
Intrinsic Pathway For Apoptosis R-HSA-109606	51074	5533	27113	5594	1687	598	581	3002	22900	7161	5534	23368	54205	7531	10971	90427	1869	208	7533	7157	7529	8626	6774	1029	5599	7532	5414	7027	140735	7029	55075	637	331	708	840	841	836	10000	8655	596	4836	578	56616	7534	207	7159	79792	572	25996	57099	317	842	5366	10018	5595
Intrinsic Pathway Of Fibrin Clot Formation R-HSA-140837	5627	2157	2815	8458	2158	2814	5547	3827	2811	83541	2161	3053	3818	710	7450	90338	708	462	5624	5270	5104
Inwardly Rectifying K+ Channels R-HSA-1296065	3764	54331	51764	2783	3772	2786	59345	3766	6833	2791	3768	2792	3763	3759	10681	3773	3758	94235	2785	2782	10537	2793	3765	3761	10060	2788	55970	9568	3767	3770	2787	3762	2790	2784	3760
Ion Channel Transport R-HSA-983712	7442	133308	444	527	344905	27032	538	7314	50617	6337	6262	480	1188	7316	53828	490	1182	6233	140803	79054	127124	148229	11059	478	51248	57101	285335	5350	523	51606	540	801	482	10396	9114	5205	6340	286410	2281	483	526	57719	53373	537	9635	55129	65268	63982	51393	57578	533	22802	196527	23400	80727	10079	80036	489	816	7224	90423	150159	23120	40	100533105	55107	51076	9296	1186	54831	55283	1831	1193	9550	6339	59341	6261	219931	534	487	5349	255231	6037	1181	57348	477	28962	65266	1184	6588	5348	57130	4308	7311	57113	57194	285175	525	8992	245973	492	529	121601	818	1179	486	84239	259232	7226	9914	245972	8989	10345	162514	7225	51802	495	7439	10312	155066	6263	53822	481	488	496	7809	65125	57198	9311	817	6717	6446	284525	374868	26133	1180	29850	528	41	23545	55503	57192	51761	56302	1183	203859	815	338440	55515	54822	1187	493	266675	2040	57205	23250	161003	535	79895	144453	65267	1185	10786	23200	23327	7223	6338	7220	479	94015	54795	50636	51382	7222
Ion Homeostasis R-HSA-5578775	5578	444	3708	477	6262	480	6588	5348	53828	490	3709	815	489	816	493	492	478	818	6717	5350	486	1760	10768	6786	84876	3710	6546	80228	10345	801	10060	482	340719	1193	6263	53822	3767	481	2281	488	483	6543	6547	6261	7220	487	5349	7137	817
Ion Transport By P-type ATPases R-HSA-936837	374868	344905	27032	538	477	480	6588	5348	57130	57194	51761	490	53828	10079	23400	815	489	816	493	148229	492	478	23120	51248	818	57205	5350	6717	486	84239	51076	23250	9914	79895	540	801	482	10396	495	5205	53822	23200	286410	481	488	483	496	487	479	5349	57198	817
Iron Uptake And Transport R-HSA-917937	527	50617	528	7036	23545	48	1356	8454	55240	3077	3658	4738	57192	28982	7311	7316	94033	525	533	6233	79901	3934	6500	90423	3163	127124	245973	51382	113235	8992	7037	26234	529	523	261729	9296	55832	210	245972	10539	9843	51606	535	9114	2495	9550	4891	155066	10312	2512	30061	9429	526	534	3162	537	51310	7018	7314
JNK (c-Jun Kinases) Phosphorylation And Activation Mediated By Activated Human TAK1 R-HSA-450321	7189	7334	64127	5602	8767	23118	6416	5601	387522	10392	3656	6885	5599	5609	257397	8517	10454	3654
Josephin Domain DUBs R-HSA-5689877	7316	7311	5887	5071	5886	6233	92552	7415	126119	4287	9929	7314
KEAP1-NFE2L2 Pathway R-HSA-9755511	5720	27244	10197	7975	5717	23198	5687	7316	23657	5686	6233	6500	5685	5708	7296	5714	10213	5580	4609	5695	5716	5700	5710	26043	5693	6737	122706	140809	9978	1460	2938	1459	5718	8454	4780	143471	5696	8452	5682	5701	79594	5705	2033	5052	5721	9817	207	5709	5706	5698	6502	5719	7311	5699	55666	1029	26227	5715	5690	5691	10000	2932	8878	9861	7979	3162	5692	57717	7086	3417	8945	7353	83990	83667	2730	5684	5713	5683	208	64839	2729	5702	6888	5689	4851	5688	468	9491	2940	4097	5711	8266	1387	1728	5694	7415	81631	2936	5704	7314
KSRP (KHSRP) Binds And Destabilizes mRNA R-HSA-450604	167227	51010	118460	7534	207	1432	5073	5600	22894	23016	54512	56915	5393	8570	23404	11340	51013
Keratan Sulfate Biosynthesis R-HSA-2022854	8704	6487	93010	2331	4060	5549	10331	6484	4166	8703	79369	9435	10402	2683	8534	23563	10678	11041	6483	176	4958	9331	6482	11081	8702	11046	9334	4969
Keratan Sulfate Degradation R-HSA-2022857	176	79411	2720	4958	2331	2799	3074	11081	4060	5549	4969	3073
Keratan Sulfate/Keratin Metabolism R-HSA-1638074	8704	6487	93010	2331	4060	5549	10331	6484	4166	8703	79369	9435	10402	3074	2683	8534	23563	10678	2799	11041	6483	176	2720	79411	4958	9331	6482	11081	8702	11046	9334	4969	3073
Keratinization R-HSA-6805567	9333	2125	8688	337973	448835	3890	83899	5317	1830	83901	387264	337971	5045	11202	1041	100288323	8689	6706	254910	85291	440021	100533177	338785	54474	26085	81870	3887	142910	353135	5318	6698	728255	140258	337979	9119	3883	643812	337880	83896	5493	6701	3860	3856	2312	728224	387267	386684	7062	147183	643414	3858	1825	337972	353145	3854	100653049	26239	353140	64065	125115	254950	643418	3850	728299	388818	100131902	140807	3866	3882	100505753	100505724	643394	147409	386675	353141	730755	3888	3880	337967	643803	337970	353139	6700	319101	1834	3892	337963	43849	337978	284827	84616	6704	337969	404203	440050	6707	3852	353137	81850	3728	63036	23254	84648	337968	353323	81871	83897	5266	6705	728318	83900	386678	8687	11187	1829	3891	3859	25984	386683	85289	386681	196374	3889	1828	83895	353132	337977	149018	3861	3872	1475	5046	81851	126638	728279	1827	51350	337960	337966	337879	337959	353333	23581	386674	823	8502	25818	100132386	6703	85280	353144	3875	144501	199834	3868	386672	4014	3848	340654	3884	6768	826	653240	43847	353134	337974	337976	121391	386679	387273	390792	83902	3713	353131	386682	386677	337975	100507608	374454	353142	386685	7051	3853	440051	3881	3851	85290	286887	3857	3886	85293	162605	386680	6699	192666	11005	353332	337882	353143	342574	353133	5652	112802	353288	3855	85285	3849
Ketone Body Metabolism R-HSA-74182	5019	3155	3158	622	54511	6646	56898	65985	64064	79611
Killing Mechanisms R-HSA-9664420	7474	27035	1857	1856	124056	1535	6035	3725	5599	10811	8324
Kinesins R-HSA-983189	9493	89953	84643	3832	26153	10749	547	55582	55083	3798	90990	3799	3833	3831	3797	9371	55614	11127	124602	221458	3835	56992	22920	64147	9585	23303	3796	23095	81930	11004	23046	146909	147700	29127	113220	10112	3834	24137	285643	1062	3800	55605
L13a-mediated Translational Silencing Of Ceruloplasmin Expression R-HSA-156827	9045	6192	25873	6181	6188	6164	6233	3921	6129	6136	8664	6130	140032	2197	6193	8661	8665	6208	6157	6205	1964	6207	116832	6210	1977	6132	28998	6166	6229	6143	6144	200916	6165	1974	6141	3646	6218	6227	6228	6156	51187	6194	6147	6161	6209	6201	140801	6155	26986	6138	4736	6232	6142	6203	6160	6124	8668	8666	10480	6135	6234	51121	6189	6128	6125	6217	7311	6123	6159	6175	6168	8669	1975	9349	27335	6169	6176	6224	1965	1981	6167	6173	6223	6204	6146	6171	7458	51386	6187	6230	6158	1968	8894	1973	8662	6122	6206	23521	11224	51065	6235	8663	6170	8667	6154	6202	6191
L1CAM Interactions R-HSA-373760	3678	2260	3897	5594	11313	8515	4897	6386	3690	26052	6330	6324	1759	24137	4478	6708	1641	8650	3680	287	1460	1459	7430	3786	5585	6710	284217	1211	4684	163	3688	286	2596	55800	6900	6196	8829	1808	3996	6335	5605	5604	3312	8828	1272	6195	100133941	3685	6035	3785	161	6332	1956	6323	160	6709	6327	5962	9252	57698	3912	27330	288	6714	10048	3674	3673	6711	1213	3672	6197	4356	214	3915	2048	6336	1175	6328	1173	1739	51332	6712	23114	6456	11280	8506	27255	8986	6329	10752	7410	6331	6326	57731	1463	1785	285643	6334	5595
LDL Clearance R-HSA-8964038	1173	10577	26119	338	1211	3949	8435	163	1213	6646	10648	57552	161	255738	1175	51599	23491	160
LDL Remodeling R-HSA-8964041	319	4018	388610	5034	338	1071
LGI-ADAM Interactions R-HSA-5682910	9211	59283	27092	10368	8745	10369	163175	55203	4185	112755	6804	3996	53616	203190
LRR FLII-interacting Protein 1 (LRRFIP1) Activates Type I IFN Production R-HSA-3134973	2033	1499	9208	1387	3661
LTC4-CYSLTR Mediated IL4 Production R-HSA-9664535	10800	64174	64180	2678	2687	57105	1800
Lagging Strand Synthesis R-HSA-69186	5985	23649	5982	1763	6573	5424	5557	5984	5983	84172	2237	5422	26018	5558	10714	57804	5111	6119	25885	5425
Laminin Interactions R-HSA-3000157	3675	4811	3914	3685	22795	3915	3910	10319	284217	3911	3688	84823	3339	3918	80781	3679	3912	3655	3908	3673	3691	3672
Late Phase Of HIV Life Cycle R-HSA-162599	91782	9150	6874	6396	6827	4686	7316	5045	6878	6233	25920	2966	6877	27183	23165	51160	5901	5903	2967	902	6883	404672	5437	6917	2958	128866	8021	2963	2962	11097	129401	9818	7175	2965	6884	51510	6879	6882	84251	2068	1104	9972	1025	7469	5432	55746	79023	6749	9397	6881	2968	5435	9688	2957	10762	6924	23279	25978	5902	84659	83860	2071	5431	4836	10015	6873	57122	9631	5478	6829	2961	23636	23511	905	81929	8178	93343	7311	79643	51497	4928	51616	7936	6921	4331	5440	5433	2959	904	5439	5441	11198	22916	5434	2960	5430	8731	137492	8732	55048	51224	5438	6923	6908	1022	55706	7514	4927	89853	155382	53371	6880	5905	79902	6872	27243	8812	7251	51271	8148	5436	79720	23225	51534	54457	9525	8086	9883	23327	138474	92421	348995	7314
Late SARS-CoV-2 Infection Events R-HSA-9772573	821	6487	6184	54956	6480	51125	80168	4249	6484	7991	7316	2589	7311	6185	6233	25921	79844	51304	6732	5589	3703	3276	253832	116255	4124	1650	83666	51114	11320	6733	7341	11282	2931	2932	256435	51201	11253	23193	6483	143	55741	7329	29801	1452	2530	10610	54625	84061	79668	25834	6482	84875	3229	56965	27090	7841	1603	7314
Late Endosomal Microautophagy R-HSA-9615710	1068	91782	155382	11315	6035	10226	8100	93343	123	7316	7311	27243	79643	6233	10013	200894	7251	51271	79720	51160	25978	137492	3312	55048	1080	128866	92421	89853	5116	7314
Leading Strand Synthesis R-HSA-69109	5985	5557	5984	23649	5558	10714	57804	5111	5982	5425	5983	6573	5424	5422
Lectin Pathway Of Complement Activation R-HSA-166662	2219	8547	2220	4153	78989	10747	10584	5648
Leishmania Infection R-HSA-9658195	10800	5577	2781	2783	107	2854	5594	10006	114897	83551	114	10769	7433	10910	5045	64174	3709	834	9340	5335	5576	111	115	10552	5599	1812	644150	117	122876	8976	2771	1511	104909134	3973	59350	10458	10096	2785	1535	135	2793	801	2687	346562	10095	796	55970	2885	5443	5729	4644	2534	1857	55845	1856	10628	2863	2770	1395	51517	2848	5578	4067	5746	54331	3363	51651	134864	5734	114548	6019	5970	59345	6868	2791	10266	113091	10097	11245	10787	10094	4157	1113	134860	1793	10681	8324	117579	10768	25828	695	3710	3553	2850	3274	7409	7525	797	5575	79792	5595	953	1385	108	10267	10810	53831	3055	100423062	2692	79924	51764	10092	23191	4690	2778	5568	6035	4627	998	7252	3552	29108	957	319100	5573	5613	7474	7456	4650	4791	5745	7454	3071	4159	10811	113	4160	2740	11250	2696	64180	2843	10163	2782	3326	147179	3360	10109	2212	2788	151306	6850	1800	79651	196883	6714	7253	2838	63916	122042	2787	2691	9332	3162	2268	2790	2784	2773	10152	4210	3362	6344	1816	7434	9844	719	25	112	3708	10203	124056	136	2786	285601	5567	3972	4651	554	4643	8936	3569	9038	170589	2792	4161	4790	5027	5747	2492	71	594857	10268	154	57105	3586	155	6343	5025	10451	3606	5744	26999	27035	919	94235	4620	2678	1398	2641	4907	3725	3640	116	7410	1432	718	133	2209	153	4158	799	1392	10888	5336	387129	5732	5739	9051	728378	3375	2488
Leukotriene Receptors R-HSA-391906	10800	2840	56413	57105	1241
Lewis Blood Group Biosynthesis R-HSA-9037629	6484	124872	84750	30815	10690	6487	2526	10402	2527	2529	170384	8708	2528	8705	2525	2524	10317	8707
Ligand-receptor Interactions R-HSA-5632681	91653	3549	5727	6469	50937	2619	50846	64399
Linoleic Acid (LA) Metabolism R-HSA-2046105	4593	83401	64834	2180	60481	9415	215	54898
Lipid Particle Organization R-HSA-8964572	63924	1149	345275	29923	161247	128486
Lipophagy R-HSA-9613354	5571	3312	51422	53632	123	5563	10226	5565	5564
Listeria Monocytogenes Entry Into Host Cells R-HSA-8876384	10254	7316	7311	6233	30011	1499	9146	6457	6456	867	51343	8027	6455	8731	2885	6714	2060	79872	7314
Long-term Potentiation R-HSA-9620244	4356	114787	2904	2905	2903	815	1739	816	4900	3084	818	2891	3996	2906	801	6714	4355	2890	2066	88	4747	817
Loss Of Function Of SMAD2/3 In Cancer R-HSA-3304349	7048	7040	9372	4087	4089	4088	7046
Loss Of Function Of TGFBR1 In Cancer R-HSA-3656534	7048	7040	9372	4087	4088	2280	7046
Loss Of MECP2 Binding Ability To NCoR/SMRT Complex R-HSA-9022537	6907	4204	8841	9611	2874	9612	79718
Loss Of Nlp From Mitotic Centrosomes R-HSA-380259	80321	55125	55835	11190	1639	55142	79441	5577	55559	5578	8481	102800317	7277	983	10142	23354	22897	1069	22981	9662	10806	22994	5347	54930	7283	121441	5048	9814	7531	95681	4751	11116	10382	55722	8636	80254	54820	7532	5518	11258	54801	10383	5116	115106	7846	22995	9793	8655	84131	5108	3320	9702	11064	9738	4957	203068	55755	23332	1778	80184	1781	10733	7840	93323	1453	10121	10540	79959	22919
Lysine Catabolism R-HSA-71064	2639	123688	501	10157	4967	1743	51166	89874	1428	85007	197257	51268
Lysosome Vesicle Biogenesis R-HSA-432720	6845	81567	1777	351	27243	8905	157807	1211	408	8673	9146	6844	9179	2647	10053	6456	9829	134829	8907	1522	1212	2799	4074	164	130340	10717	3312	1174	1785	1213	162	23431	11154	8906
Lysosphingolipid And LPA Receptors R-HSA-419408	8698	64748	163404	54886	79948	9890	9294	1902	53637	57121	1901	23566	1903
M Phase R-HSA-68886	10142	3842	5048	220134	151648	5708	27183	7444	119504	9183	9126	10844	4926	51143	10783	8021	84790	5710	11097	8379	255626	129401	7175	55559	122706	23310	387893	5527	55844	1783	55746	29922	55869	5701	9688	5705	25909	10762	10403	10733	1778	23592	55125	9493	5698	23122	4000	4928	3013	95681	10382	5861	8615	8243	5715	5519	200014	27436	29945	4927	64682	10776	11065	27243	23397	5713	4751	5683	27229	5702	57551	80097	9491	347688	5711	83540	3020	9883	91687	5885	51433	5516	5595	7314	27175	55143	5594	348235	1063	474382	8331	22897	23198	3015	5685	80776	25836	6418	401541	85378	10213	3930	7341	5526	8345	23399	9212	9798	9232	54821	1459	8341	29781	84617	9814	7531	8815	26271	8338	23141	79023	5529	55055	85236	3017	5721	112714	23279	6683	25978	79682	10376	8881	5709	9631	653784	64105	64900	5925	22919	55166	94239	23511	7324	54908	221496	121441	147841	79019	29882	11116	55722	10051	7278	2801	151246	91754	5691	9738	54892	4957	80184	996	5692	84643	79861	983	3619	5905	1058	891	22994	54930	9133	7283	22933	5684	56937	80254	8697	8334	8086	64151	991	25906	10121	2010	128312	91782	5720	55839	51807	9662	10806	79172	81876	5687	7316	5686	284058	7280	23165	5903	10393	22995	5695	5716	128866	701	8342	102800317	5693	9818	79980	22981	5718	23063	10735	5501	23383	3014	3018	23244	5520	8349	81930	3837	7329	140609	23332	723790	4001	9184	9663	8481	5719	113130	9735	7532	140735	55766	7321	8290	51529	8655	5108	10112	9702	8548	7979	10726	1781	55706	1062	7846	53371	80152	5347	246184	5528	126961	8970	9918	7112	23225	347733	4085	115106	64689	11004	3320	1453	79441	5577	1639	7277	6396	10197	5717	83452	6233	5714	54801	5901	5579	3796	26003	11064	5700	5862	5578	55835	27338	1460	57405	81565	699	23421	143471	1104	5696	9972	102724334	5682	11258	9700	6232	440145	84659	84131	84930	57122	10426	55755	114791	57082	23636	1780	80321	11190	5706	23354	332	5525	81929	64946	7311	79643	5699	2491	10383	2029	5690	23047	5515	9861	113457	7443	10381	79648	7514	10540	79959	55142	8340	1069	79902	8636	54820	5518	55920	5689	255919	23175	5688	9793	6249	8348	11130	203068	5694	92421	23133	7840	93323	79003	348995	5704	5116
MAP Kinase Activation R-HSA-450294	6197	6195	64127	1848	8945	131096	5594	7314	1845	5608	387522	10392	3551	6885	79155	8454	23291	1846	7311	7316	4208	5528	4790	6233	6416	6500	1147	7867	5599	5609	2353	5518	10454	7189	7334	6196	2668	9252	1849	5519	3656	3725	5515	8767	1326	23118	5604	5602	1432	5606	4205	5600	1385	5601	5598	5516	5595	257397	8517	51231	3654	9261
MAP2K And MAPK Activation R-HSA-5674135	4893	5594	283455	22866	2335	8844	2266	54518	10256	7094	5037	408	7529	8826	3690	7450	5906	2244	7414	3265	2243	28956	6714	5605	8649	54756	5908	84292	5604	1445	3674	369	673	4140	5595	6037	409
MAP3K8 (TPL2)-dependent MAPK1/3 Activation R-HSA-5684264	7316	7311	5604	8945	4790	6233	6500	6416	8517	7314	1147	3551	79155	8454	1326	23291
MAPK Family Signaling Cascades R-HSA-5683057	3718	25759	4893	1850	8822	5147	2258	10256	2323	4296	5037	8997	5708	4319	7414	153090	4609	2243	3567	81926	6708	5710	2308	3563	122706	10156	7039	2255	5585	5527	377630	5701	26523	3560	5705	255324	1438	4763	9462	9986	6037	148170	5698	3558	2248	64926	1439	2118	5715	5519	27006	1852	817	598	283455	5567	3559	284	3569	6654	5713	815	5593	5683	3561	5702	6300	161742	200734	26281	9491	5711	8649	1445	5516	53358	5595	7314	5922	5594	2675	8202	23198	8074	3815	5685	5155	2264	10125	10213	2668	3572	10817	2674	801	5526	2885	2534	5296	2065	2254	3337	58489	5295	1847	5159	5536	989	2266	10718	2252	11266	5529	5721	7297	145957	1950	2253	5604	5709	1437	5774	374	11221	3667	5979	8682	818	152559	83985	5691	7010	10048	3674	6711	673	64096	1844	5692	2249	983	51125	1846	5747	5684	2246	2064	3265	28956	3716	2676	3315	88	369	64333	5154	5720	5897	2069	5687	7316	3568	5686	2339	5596	5290	51114	9965	5695	4355	5716	685	409	5693	1848	57139	10602	5718	5501	6710	4343	7450	9365	3996	8437	5781	27161	5605	84292	5291	4747	5588	5719	2335	3570	998	51104	7529	399473	896	22808	5863	8731	5908	7979	2309	2263	2904	22866	5528	1739	25780	6712	5924	3562	3725	5156	6464	57731	8831	57690	5245	2260	8874	10197	8844	5717	6233	5586	195828	2322	5714	3690	10434	1849	115727	4313	5896	5700	5500	5623	5786	8556	23463	5578	9978	54518	143471	5696	7094	8452	10435	816	4684	5682	2251	27327	5923	152831	10642	54756	2066	4140	8823	5778	5706	2250	114787	5568	6035	5525	1956	5900	7311	3717	5699	80824	402	6709	84078	5690	4254	5515	9861	6714	8550	9542	23112	7514	8660	221002	4356	5597	9693	4902	408	51332	5518	8826	3084	8036	5689	8817	2244	5906	5688	1839	2906	10818	2261	5694	9048	22821	192669	192670	5704
MAPK Targets/ Nuclear Events Mediated By MAP Kinases R-HSA-450282	6197	6195	1848	131096	5594	1845	1846	4208	5528	5599	2353	5518	6196	2668	9252	1849	5519	3725	5515	5602	1432	4205	5600	1385	5601	5598	5516	5595	51231	9261
MAPK1 (ERK2) Activation R-HSA-112411	3717	3572	7297	5594	3570	3569	3716	5781	5605
MAPK1/MAPK3 Signaling R-HSA-5684996	5154	3718	5245	25759	2260	5720	5922	4893	5594	1850	8822	5147	2675	10197	8844	5717	2069	2258	5687	23198	10256	8074	2323	3815	4296	5686	6233	7316	3568	5037	5685	2322	5708	5155	2339	5714	2264	3690	5290	10125	10213	2668	51114	10817	3572	9965	10434	2674	153090	1849	7414	115727	801	2243	5695	5526	2885	3567	2534	4355	5296	81926	5716	685	2065	2254	5700	6708	5710	5500	5623	5786	409	23463	3563	5693	1848	58489	122706	5295	10156	9978	57139	7039	1847	5159	5536	5718	2266	2255	10718	54518	5527	143471	5501	5696	7094	6710	377630	8452	2252	816	4684	11266	5529	5682	5701	2251	3560	5705	255324	7450	5923	5721	7297	145957	152831	9365	3996	1950	8437	2253	5781	1438	5605	5604	54756	84292	5709	5291	4763	2066	9462	9986	1437	4747	4140	6037	8823	5774	374	5778	11221	5706	2250	5588	5698	114787	3667	5979	5719	2335	3570	5525	1956	5900	7311	3558	3717	51104	5699	2248	7529	80824	402	64926	8682	399473	1439	818	152559	22808	6709	83985	5715	5519	84078	5690	4254	5691	5863	5515	9861	8731	27006	6714	5908	7979	9542	7010	10048	3674	1852	6711	673	64096	1844	8660	5692	817	221002	4356	2263	2249	598	983	283455	2904	9693	22866	51125	3559	284	3569	4902	6654	1846	5528	5747	408	1739	25780	5593	5684	5683	5713	51332	815	3561	6712	5702	5924	5518	8826	2246	3084	8036	5689	6300	161742	200734	3562	8817	26281	2244	5906	5688	1839	2064	9491	5711	3265	2906	10818	2261	5156	28956	3716	2676	8649	6464	1445	5694	88	57731	369	9048	5516	22821	8831	64333	53358	5595	5704	7314
MAPK3 (ERK1) Activation R-HSA-110056	5604	3717	3572	7297	983	3570	5595	3569	3716	5781
MAPK6/MAPK4 Signaling R-HSA-5687128	5720	5897	8874	8202	10197	5717	23198	5687	7316	5686	6233	8997	5685	5586	195828	5708	4319	5714	5596	10213	4609	5695	4313	5716	5896	5700	5710	2308	8556	5578	5693	3337	122706	10602	5718	989	5585	143471	5696	4343	10435	5682	5701	26523	5705	27327	5721	10642	27161	5709	5706	148170	5698	5719	5568	6035	998	7311	5699	896	2118	5715	5690	5691	9861	8550	7979	23112	7514	2309	5692	5597	983	5567	5684	5713	5683	5702	5689	5688	9491	5711	3725	5694	3315	192669	192670	57690	5704	7314
MASTL Facilitates Mitotic Progression R-HSA-2465910	2029	84930	55844	10776	983	5519	5516	5515	5518	891
MECP2 Regulates Neuronal Receptors And Channels R-HSA-9022699	2903	4986	2891	3065	4204	4851	5775	6515	1385	114787	8731	2904	25942	2289	5770	3066	4988	7222
MECP2 Regulates Transcription Factors R-HSA-9022707	4204	4208	1385	54715	5468
MECP2 Regulates Transcription Of Neuronal Ligands R-HSA-9022702	3065	4204	1392	1385	25942	6750	28514
MET Receptor Activation R-HSA-6806942	3083	3249	6692	10653	8731	6654
MET Activates PI3K/AKT Signaling R-HSA-8851907	5290	5295	8731	2885	128869	6654
MET Activates PTK2 Signaling R-HSA-8874081	84823	3675	3910	10319	3914	284217	3918	5747	3908	3673	3911	3912	3688	3915	8731	6714	6654
MET Activates PTPN11 R-HSA-8865999	8731	2885	128869	5781	6654
MET Activates RAP1 And RAC1 R-HSA-8875555	5908	85440	5906	1399	2889	1398	6035	8731	2885	128869	6654
MET Activates RAS Signaling R-HSA-8851805	6464	4893	200958	10048	57610	3265	8731	2885	6654
MET Interacts With TNS Proteins R-HSA-8875513	64759	3688	84951	8731	6654
MET Promotes Cell Motility R-HSA-8875878	3675	1399	3914	2889	6035	84951	3915	6654	3910	10319	284217	5747	3911	3688	128869	84823	64759	85440	5906	3918	1398	3912	8731	2885	6714	5908	3908	3673
MET Receptor Recycling R-HSA-8875656	382	1399	23163	5867	1398	8731	2885	128869	6654
MHC Class II Antigen Presentation R-HSA-2132295	821	3112	1639	6396	1510	9632	8905	1520	3118	10671	829	1075	3127	26052	93661	56992	51143	3796	830	3122	144165	3120	1759	24137	8722	10427	10802	26153	3798	1211	1783	163	10053	11258	3835	1519	81930	147700	29127	1778	162	3123	3125	9871	1780	9493	51164	161	114876	3799	3831	1508	3797	140735	972	160	11127	51128	8907	3117	22920	3126	130340	8655	10112	3111	1513	1514	1781	1174	1213	3113	1062	3800	10540	84643	5641	1512	3832	1175	22872	5476	1173	10120	3902	6712	55860	9371	6456	832	3109	10437	11004	84516	164	7879	10484	1515	1509	1785	285643	10121	89953
MTOR Signaling R-HSA-165159	58528	10670	5562	7249	57521	53632	64121	55437	10542	6194	5564	5494	51422	208	2280	92335	7529	1975	5565	84335	6009	5571	10325	153129	55004	7248	64223	5563	6794	1978	28956	51719	8649	1977	207	6198	29904	1981	2475	81617	389541
Macroautophagy R-HSA-1632852	91782	7249	54543	7314	5564	7316	401505	64419	123	6233	83734	23710	9927	55669	8678	7405	64223	84971	5563	7416	51143	4077	10533	9868	22863	192111	128866	55062	30849	57521	64121	84938	1460	1459	472	10452	84749	285973	51422	1783	10013	200894	51001	56270	3297	79065	11337	9474	7334	7248	8408	440738	65018	25978	9776	3312	60673	1778	1780	58528	55054	10670	53632	9140	11315	387522	8100	139341	7311	84557	79643	5565	140735	6009	5571	64422	8878	8655	6714	2034	1781	389541	1068	5562	8897	10542	10226	100188893	56993	27243	5830	115201	5071	11345	10325	153129	55004	9821	5289	55626	9804	28956	23192	3320	8649	1080	92421	11152	7415	81631	2475	26100	5116
Major Pathway Of rRNA Processing In Nucleolus And Cytosol R-HSA-6791226	9045	84916	6192	25873	6181	117246	6188	84888	6164	9724	5822	118460	55127	6233	3921	6129	6136	54512	51602	6130	140032	88745	10969	2197	6193	10200	6208	79897	6157	6205	6207	116832	23246	51013	6210	6132	11103	10171	28998	6166	6229	6143	6144	200916	26168	6165	102800317	56915	5394	6141	6218	51096	10556	6227	51118	27340	6228	6156	51187	54913	6194	55720	27043	6147	6161	26354	6209	10607	55781	6201	140801	6155	84128	10557	83732	55813	2091	54555	6138	4736	4809	79050	27042	6232	6142	6203	6160	6124	54606	6135	134430	27341	22984	6234	23076	9136	51121	23160	10799	84946	10436	51388	114049	6189	10199	11056	6128	23481	6125	6217	23517	7311	6123	6159	10438	6175	6168	56902	65083	9349	705	5393	11102	10885	25926	55131	80331	6169	10813	8602	6176	6224	28987	22894	6167	6173	51202	6223	23404	8780	90459	10528	81887	81875	6204	6146	6171	57418	6187	57050	6230	51010	6158	57647	9277	25879	6122	6191	6206	23521	11224	51065	6235	92856	55759	23016	79159	6170	54881	51077	22803	6154	1453	84135	9790	79707	6202	11340
Maturation Of Nucleoprotein R-HSA-9683610	54625	83666	79668	84875	3229	56965	2931	2932	54956	7341	7329	143
Maturation Of Protein 3A R-HSA-9683673	2589	6487	10610	6482	256435	6480	27090	6483	6484
Maturation Of Spike Protein R-HSA-9683686	821	116255	5589	23193	7841
Meiosis R-HSA-1500620	128312	27030	474382	8331	4361	3015	11083	5888	9126	7013	1019	25777	6119	25885	8345	10734	56979	8342	390502	4438	255626	29893	8341	472	10735	8338	10388	3014	4439	3018	102724334	644186	85236	3017	8349	7329	723790	4001	7014	1017	94239	641	4292	23345	4000	56158	23353	3013	55766	84172	8243	8290	23224	283987	23626	672	50511	25913	84057	8340	5932	65057	10111	7156	93426	256126	27127	126961	9985	56937	8970	6847	5889	54386	8334	675	8348	3020	3306	8468	5885	9048	26277
Meiotic Recombination R-HSA-912446	255626	128312	84057	8340	1017	5932	94239	27030	641	474382	8331	4292	10111	29893	8341	7156	4361	472	3015	126961	3013	8338	8970	3014	4439	3018	102724334	5888	55766	85236	84172	5889	3017	8290	8349	1019	8334	675	283987	8348	3020	723790	6119	25885	23626	8345	9048	56979	8342	672	4438
Meiotic Synapsis R-HSA-1221632	255626	128312	8340	94239	23345	474382	65057	8331	4000	8341	56158	3015	10735	93426	23353	256126	27127	3013	8338	56937	10388	9985	8970	3014	3018	102724334	11083	644186	9126	55766	85236	6847	3017	8243	54386	7013	8290	8349	8334	25777	23224	8348	3306	7329	8468	723790	5885	8345	4001	10734	8342	26277	7014	672	50511	25913	390502
Melanin Biosynthesis R-HSA-5662702	4948	1638	7306	51151	7299
Membrane Trafficking R-HSA-199991	9266	338382	7249	201627	89781	57148	5048	5867	117177	10671	51560	9363	60412	10552	1075	79735	7110	5870	27183	738	9183	10905	4905	8976	93661	53407	126432	22879	27314	51143	25839	1601	79961	24137	23431	11154	6708	80142	55707	375056	115548	64786	114548	51510	7039	287	26153	9341	25782	5869	10139	10640	50813	79890	10097	1783	8218	54734	79571	11337	23163	255324	9829	11196	8408	127833	2664	29127	51552	55275	55770	4012	950	7082	25996	1778	57134	27348	6869	79090	9648	9871	382	1523	9493	5049	51164	2580	9382	161	55014	6399	57165	3799	157807	400966	79058	286451	23216	5861	54885	6810	8615	10920	11127	5571	662	8907	10987	27095	80006	387885	288	130340	2495	113220	2665	2153	9698	22820	156	9847	1175	1315	23423	10228	27243	149371	64746	3833	26130	85021	57679	58513	7251	154	55860	10980	84079	79720	832	9570	51534	1522	9525	23303	102724862	125058	11070	11311	10981	285643	6643	9909	9527	89866	89953	7314	122830	5873	26119	127534	6764	9632	84958	22870	10133	5564	8905	829	11267	7037	5874	51594	22905	4124	54662	9609	84342	10096	3630	1861	23095	801	29763	2885	4644	57369	3834	8766	51693	51028	50618	83874	2350	10282	84251	55083	60560	3798	9919	30011	10971	51422	7531	8871	2697	9265	9585	1950	25978	9476	23046	22930	23011	7163	8027	207	219770	112574	162	2705	23682	374	1604	2803	10254	83696	4627	966	2707	54874	93343	143425	4359	339122	54453	3831	7164	5565	23647	2801	867	7109	4646	9185	5265	221960	29979	6711	10804	9321	7533	54732	23557	84315	100302736	84643	51272	6453	6814	3832	185	4643	81567	51209	1777	1129	122553	6456	10945	51138	26258	83548	2799	9367	55667	27342	2873	58485	81631	10121	338	91782	22931	6811	55738	84316	57589	1122	2069	81876	3257	7316	55330	91683	90411	10260	90196	22818	51160	5563	51226	56992	5321	8675	830	54536	146909	3998	27147	388552	5872	128866	1856	125111	685	10652	409	27333	55763	57016	11021	149111	4122	8322	5878	6710	274	23149	1211	23637	250	79958	9179	9685	81562	6457	23265	221458	26000	11316	3835	57465	60684	2804	81930	147700	3312	60592	2060	23396	636	10960	10092	9712	2590	9135	273	8867	8301	3949	128637	9610	7529	3797	7532	140735	55614	160	124602	378	9318	23243	22920	51429	84313	8655	137492	6272	10112	55048	163486	1781	84062	3092	1062	8906	91949	9882	2709	9856	554	10749	547	143187	10244	23256	23299	1173	26286	9146	6844	6712	26088	9371	6305	6857	11015	915	134829	347517	1212	64689	57186	11004	84516	10959	7879	6455	9276	2512	11014	7534	372	163259	6572	2701	57731	1785	1453	51542	2706	2700	1639	414918	9267	6845	6396	1314	4738	2589	201475	83452	6233	10618	3482	920	22796	5050	26052	10175	10342	4943	4074	11336	55291	3796	27131	22878	57511	9455	55357	259173	1759	10427	7018	377	10802	57533	11031	79748	29924	351	5286	22898	10094	163	286	2647	9026	10053	11258	374403	2702	57706	11252	29988	7248	9322	116442	6293	4121	23258	107080638	90019	60561	56894	5868	23433	1780	23062	3575	53632	381	22836	2157	6517	6035	9554	1176	1956	55582	8674	7311	79643	7474	3267	11037	84364	29978	51128	6709	51112	375519	27128	64147	152503	10109	51762	10000	25977	8774	9117	23048	440270	6714	8677	8773	85439	2890	126003	254263	1174	8398	4218	1213	8567	10540	3800	89853	10890	2017	155382	51399	5537	10226	1294	4036	2800	160518	22872	90990	8533	2703	9892	4952	9342	408	51332	208	65264	8673	5898	51271	157	10113	11345	10466	1839	164	29993	5866	81846	10717	10484	1080	6836	92421	26984	5864	26958	8546	55605
Membrane Binding And Targetting Of GAG Proteins R-HSA-174490	7316	7311	55048	6233	51160	7314	155382	9397	7251	51271	137492	84251	79720	93343	89853
Metabolic Disorders Of Biological Oxidation Enzymes R-HSA-5579029	112812	1583	56603	1584	2230	1589	1593	120227	2328	7172	2730	4128	1545	2729	191	126410	113612	95	2678	26873	23169	340665	6916	1585	4143	54657	1594	1588	1586	9420	1591	54658	2232	5621
Metabolism R-HSA-1430728	7351	2997	8800	114	6164	55229	55588	79799	5871	3906	84129	4833	5708	6383	6130	79966	51084	11283	23539	6319	81579	60678	123264	6205	4129	10591	6132	64131	9377	10101	7167	55270	341392	51268	8459	51204	23479	3161	283316	201164	2769	55746	6677	79646	4715	9688	124872	51144	955	948	113612	51170	5244	9107	8648	5092	5166	165679	5634	51003	108	1208	51495	3029	9442	51121	7350	5698	10983	3628	221833	4928	25816	9971	100	84274	79071	79178	9615	8801	131669	6916	2182	55361	4759	2098	619189	2946	10478	79944	5834	2170	5446	57717	51365	286826	2952	119391	9390	570	9217	55066	5593	4128	6535	54947	5702	57105	23521	1559	3704	55750	3948	114880	9521	127845	5336	1610	6822	29095	7314	10975	91942	221823	51109	25902	347527	6833	5096	5685	54884	387787	10249	2820	2771	337	3930	26873	114879	4143	2806	176	8760	5498	374569	84869	6143	128486	1544	128240	199699	57412	5053	200879	9439	54331	8821	471	1355	411	2167	51422	1735	4125	51099	7365	8529	788	5721	22883	777	80230	83666	3422	4696	2527	3710	4521	23279	1428	3707	134147	3939	347516	80205	3945	54578	63874	9334	100137049	56624	51540	2990	3636	7389	54579	23511	200576	6217	85441	6837	6514	81689	2180	79837	23309	2618	113675	255043	56474	64077	55576	874	1621	2329	122961	445	1431	9200	9348	27124	5224	2730	5684	79369	783	132	50515	29920	1576	10678	2799	5289	8435	1585	6610	29796	2731	5264	79581	2936	266722	79718	55501	10128	117145	2783	8564	125981	345275	270	2230	9896	55349	2875	373156	64174	51588	410	3284	2023	8034	2745	55744	51248	3419	84836	5723	2356	9926	6799	2548	80221	9016	7386	55739	6218	9818	645	784	5168	114884	55300	54956	6573	6161	6120	140801	412	56623	51091	4736	2181	8879	3837	218	391365	4722	79001	3155	6341	131	414	9663	2184	64781	9255	8460	9885	501	51764	2653	1583	25874	56985	57019	5549	8714	590	26027	6947	9807	255061	8867	25870	10162	6006	55331	6713	5832	55902	57110	4713	125	9349	5160	2712	83930	2817	7083	5164	9862	29078	8803	5917	55190	506	5827	2790	954	376497	2747	8897	3708	285440	53371	7360	586	11163	5528	2694	54490	113235	427	56922	51065	6235	33	441282	10965	9967	116285	4907	3418	4698	55471	1836	124976	150274	162417	9489	6579	1463	255189	64129	59339	22934	2944	10891	81693	64600	160428	549	1504	10197	5717	10331	83850	6484	64419	6233	3921	57107	344	4597	4708	10411	160287	4718	64711	126328	1376	8720	5443	3633	129642	79048	23205	2109	247	6482	4832	23007	2644	8424	5578	57761	204219	142891	229	766	56110	5696	9972	125061	3074	7364	2581	340485	8647	641372	6785	6124	65985	51300	3293	23743	4056	8140	2262	131870	124975	5165	56894	10654	84750	1841	5568	83594	116519	133686	5167	221264	957	84693	23683	54577	26230	9061	51128	2740	283209	64180	219855	51205	10243	1577	6613	27235	5464	55454	79717	2752	30833	11238	6539	15	22856	6146	1589	10809	10955	1757	7172	6907	6158	4952	5213	29968	2767	25939	2939	23175	200895	54998	23417	5688	64801	2641	55224	80025	6483	55526	10484	51166	730249	57488	7371	27231	84649	348995	5704	170685	57128	27087	51295	1629	51292	5576	1131	3991	2542	2954	140032	1384	8976	2197	26289	5833	9791	2638	121278	440387	7358	54625	6472	9429	8021	5742	6227	51312	122706	5445	4144	79133	348158	587	84532	9227	158	54981	574537	55347	29911	4800	1349	23475	3251	5338	9054	10449	84706	169355	10762	6160	6538	6999	2877	85465	26229	11200	64087	4948	5207	6487	10003	9254	1548	8692	6189	51504	51119	11343	5950	347734	51380	8776	776	114881	6716	137682	64579	8895	4716	375790	339983	5715	5519	60490	11069	57733	2052	1562	2582	3631	25961	1582	51763	9394	5567	7276	91734	5713	5169	337876	204962	5920	23584	10057	6206	23600	414149	10894	9491	2643	11041	9883	9420	6154	189	58526	51102	2058	728294	10390	159	1638	79603	6528	55256	6817	64327	633	81034	4593	3630	7357	54996	93100	29841	57818	116832	2525	55970	8898	4363	27034	54363	4837	6534	56953	81894	4723	55328	137964	51151	25830	147323	4123	30849	5295	51187	54905	4700	51573	7804	7299	9123	1543	4726	1807	10082	7352	80765	6309	4548	283927	10768	11000	10632	113189	153642	1573	3030	2874	246181	64900	5315	9575	6256	518	56603	51196	8705	773	2819	219	6159	6257	6566	142827	8703	1158	170384	416	892	8399	23389	1120	58472	27165	8942	7084	53354	10131	11164	2782	23646	127281	27233	37	79411	60496	126792	438	5692	6804	79153	7086	109703458	89869	150	1615	4060	222537	1727	23498	90390	1737	4705	314	8310	1549	401494	9517	59338	5320	55711	5467	285362	3339	2678	26251	92483	8086	8443	27430	5346	54988	136541	9282	146850	57491	64333	54677	10855	23761	25873	55825	161823	79887	6389	64816	83875	5686	57546	223	115	5294	5290	64080	114883	26007	11309	6157	64210	7416	2793	2998	5860	521	3242	196743	6229	200916	4969	5693	340075	57704	2950	6228	9955	6194	5718	28	8611	5501	6201	80777	250	3795	5287	1113	51171	9953	7368	771	8841	95	5130	1579	25865	4048	161247	9600	64428	10400	6783	2224	55163	7329	55863	4258	4695	509	6135	51360	30	160728	167127	112812	3141	3425	5826	152926	79611	392636	7173	3949	84812	2879	5837	2346	10715	3292	5105	150763	6901	6520	8050	5297	27242	50	9023	5624	10498	7979	8560	2784	275	4082	3073	682	51660	10606	8395	5641	79969	3157	63924	441531	3034	259230	6844	10728	79873	83440	11224	515	338328	4946	29967	1387	64064	143	50506	347735	5288	1785	57571	8604	8639	6202	212	10998	29079	10007	7108	2331	1024	6548	5805	4166	27068	8908	145482	9536	339896	5589	1036	4719	9677	353	763	4710	5901	10434	79814	6609	646480	4257	1244	8029	670	4714	5621	6604	6515	1460	5424	23054	2876	6720	143471	1351	2026	1468	10229	1352	4862	93492	6232	5170	960	389396	440	340665	9391	80150	285521	23729	10062	3038	9060	10991	55304	23636	10001	94103	81929	10317	120227	6125	7311	5699	10438	23760	55276	5587	729020	144193	1962	768	26227	158833	55856	92292	6301	5515	9861	415	8398	1622	7376	55627	8904	80271	7179	27232	9412	4036	29914	79644	2326	5019	8876	54511	29923	6122	7417	5538	134526	5689	2131	5906	5009	81539	1455	123099	8266	22937	10948	66036	57104	219970	1591	706	56261	9956	3613	5730	3145	9045	9167	7498	6188	63827	883	29956	5867	149998	57407	493901	7296	11332	1329	6007	84879	2710	516	28234	374291	4835	4552	6210	2720	2027	230	84245	10554	11097	129401	80142	3620	56848	92126	9951	9583	6155	51601	5701	2683	6138	5705	27132	51218	210	11285	135152	8708	6715	122622	91452	130367	57494	9453	79777	22925	6869	83539	64768	9871	593	1464	26035	4357	51004	7252	10380	32	1557	3081	55301	445329	51302	5743	178	4701	7923	384	60481	115677	2864	1119	9443	1634	50640	10599	137872	253782	51733	4927	10675	5947	35	8884	23590	5683	23504	9027	54928	23097	11112	5255	1109	3248	80306	5516	5007	11019	9572	51074	26119	6192	7367	55748	9653	203	6616	8202	9632	54576	123	81544	5444	151531	6652	6470	4329	10499	23305	2941	10213	171546	801	5305	92579	5296	3767	4958	8396	28998	3632	25942	2770	22876	56898	56965	8702	64802	55034	6141	56994	1337	2350	51071	1592	27249	517	4191	79023	54	9612	23259	272	22	66002	2948	217	2992	25828	57605	207	10476	5709	4051	23262	79668	113278	6241	129807	594	2110	51686	118672	81889	9968	3340	117245	7384	5209	7054	6168	84987	27284	4524	5095	5332	58478	9468	3326	158584	81537	283871	133121	2169	3037	240	5161	55191	2787	6173	9261	8704	3417	54545	4709	112	25974	5333	56125	2529	83990	3156	28982	6230	284541	3421	5319	23597	150379	342977	23564	9415	158835	55500	6888	79602	56548	8877	3158	6794	3712	10025	29785	3032	80219	254531	84875	89874	51129	10797	5720	8540	1716	27010	5687	7316	2776	55326	5335	2686	5625	111	11083	36	84803	5903	5321	58510	2687	54963	10087	79993	5716	11081	494143	2239	513	5256	9969	100131187	2526	9495	1149	57016	6156	22949	8394	660	23491	55937	80821	2068	6209	10690	50487	2592	4594	4801	9256	128	11183	51000	435	51094	10166	3423	3615	5162	5291	953	4802	6234	23659	8228	1646	7388	55697	1571	10157	514	1558	54480	54659	9672	1593	3745	19	23446	216	349565	1734	978	3376	114757	122481	5261	81616	2760	5507	441024	51727	7390	241	51103	132789	2395	9562	23171	54477	79626	7166	1645	23236	3162	55706	85007	65263	84890	23530	152	3033	148811	6721	6204	5257	84618	6187	6382	55790	2203	1719	22901	51750	6576	8509	253558	3295	23225	539	126410	54539	377677	6170	54657	154141	224	7363	4534	2949	5831	6392	84188	8566	221914	55090	4712	8613	27349	1584	6396	6240	80772	9477	130	4704	126969	221357	8372	5714	8534	388121	231	857	5859	93058	11145	5700	5468	10427	113451	1066	377	63826	30815	5208	239	1545	80704	5682	23576	3294	2593	51070	26	84659	4731	34	201562	10005	11010	3612	5868	50484	2584	80347	9611	79143	4717	271	50814	443	204	25979	57515	28976	191	133688	23533	5690	152503	90639	9440	8802	196883	8226	10558	84320	54893	43	3747	94101	162466	22928	51477	7381	4720	25796	3290	5539	51363	26279	10135	84376	2328	9630	57834	11001	51162	26020	5518	51805	1572	346606	132158	84895	9957	2746	2531	84725	11046	6191	22978	374986	1462	2222	4126	80224	26031	57214	54898	4947	653689	6390	23344	4507	952	2785	122618	196	10044	1588	1586	337880	326625	9915	81490	5313	5710	60386	7274	3635	51	375056	7175	3638	171586	669	1580	1717	1503	6147	83394	56895	27306	23324	622	1327	10388	10165	1312	10681	2583	55217	8309	56267	5330	6448	51552	80270	27304	644	55065	5210	64834	56910	635	9110	2108	219541	1635	5322	10858	114876	6123	4967	55967	4711	138199	345	5260	2538	51703	54600	2788	6513	9673	51520	6169	10825	51079	205	6167	284716	130013	80724	10641	11165	10560	6307	2947	133522	400569	339221	25915	3420	55312	23474	1160	1340	158067	2739	10295	253430	5711	8612	1728	22908	10455	65977	57664	1723	107	51251	9469	8659	23198	126	81857	10402	6136	866	8707	4190	6193	51293	5236	348	10720	6584	116228	80339	102157402	9088	7298	2168	3283	2938	1459	166012	80168	7069	5298	2791	54205	55289	213	8871	124	4141	64850	1632	1718	64902	4669	765	6142	6203	57089	123688	9631	4023	335	8605	64757	112817	522	9997	10423	5331	4707	3028	2778	9524	2632	166929	5565	113	9441	1644	26063	6718	873	5691	762	1800	8824	54675	6224	51179	120103	1350	80736	211	3972	10247	30814	6646	284161	5476	9651	50486	2172	151056	10908	377841	9362	375775	4729	221	8574	90161	54979	760	65220	9331	79642	51447	338	2524	60495	27158	26973	29940	1528	5836	5230	6129	2274	3790	55788	9551	4694	6095	91703	23165	5740	1371	27089	5563	6207	90809	5695	10090	775	51696	27109	57153	683	6166	403313	3291	1892	83401	5198	123745	5728	59345	4598	9446	641371	6385	13	47	1553	114971	8875	2173	8833	84246	11185	6861	55586	23563	154807	4724	53905	253017	54658	6812	23464	22880	6725	1152	2232	1581	23396	2628	5211	5719	9942	9370	6128	7306	122970	3735	7421	5573	646486	6175	5106	27063	761	2953	2987	51647	51241	51141	5406	283748	4706	4338	6176	4728	2523	2053	6223	316	390916	5499	4899	2786	51228	8930	7965	117283	9435	1595	6305	1345	10941	116255	51582	8402	4725	79094	8528	2940	79017	6554	3706	3320	10555	26275	25880	1374	5465	1666	57017	5577	6181	8694	5783	1854	4831	26330	3709	256987	23632	4259	50512	29104	2194	6208	4942	8644	6820	4337	79586	378884	29958	22977	64430	10841	242	2766	6144	6165	5500	956	10802	7366	55512	340481	2235	79888	84498	5286	9218	9481	59344	2528	5646	6555	2033	54575	6834	7385	389434	10861	7378	9108	23169	134429	1594	5575	57122	2639	498	759	4522	8503	246	3705	5706	93010	1743	79077	7372	64132	6296	114882	200931	2719	31	80308	1806	6948	3163	53343	259307	729238	10327	123876	57678	22874	51586	9963	1633	4702	1555	51085	284486	215	197257	6821	113026	6171	79902	10226	8706	54498	151742	54020	51181	2792	3176	112950	2729	8826	10840	197322	94235	2101	79152	54797	126282	83884	9380	81846	83549	406	5214	5694	58488	53630	23057
Metabolism Of Angiotensinogen To Angiotensins R-HSA-2022377	84909	1511	189	1522	1215	1509	59272	1361	1360	147040	51200	1636	2028	10159	290	2999	1066	4321
Metabolism Of RNA R-HSA-8953854	9128	9045	10605	8896	117246	11260	6188	84991	6164	84888	23381	3842	5822	2733	26019	55127	10262	5093	9775	5708	6130	140032	10250	2197	79171	147945	6205	4609	55687	55505	6210	1977	6132	22794	339	81605	8021	84705	26168	5710	3191	11097	6428	51118	129401	10556	6227	7175	2965	122706	27340	54913	54433	6147	9582	26354	55181	55781	60487	6155	55746	6628	83732	2091	54555	5701	6138	79042	9688	5705	27042	10762	6160	9410	116461	57187	1478	5431	1207	285755	55651	134430	22984	55226	10772	5725	51121	102724594	5698	84946	6427	51213	6189	10199	51504	55954	23283	6123	6631	4928	10946	65083	127253	196513	4331	5440	5715	10885	25926	80331	6169	81890	8683	6167	1022	51202	54888	4927	51645	27292	167227	10528	1653	286826	6636	84321	57418	10189	5546	54920	5713	5683	10643	260434	4850	51729	5702	79760	51690	6206	23521	85437	57570	9416	80145	9491	8563	5711	54881	9692	25804	9883	22803	10914	29960	90353	1656	6154	55178	51585	154007	10767	79707	80153	2058	7314	54960	113179	10421	6192	9724	4686	23198	81608	118460	115939	6637	152992	5685	2966	6136	57819	6418	10969	3178	10213	6193	5580	10081	79622	10785	2967	116832	902	404672	9939	51013	5073	11103	28998	5600	348180	6143	23049	6434	2962	1994	4116	65110	56915	5394	6141	51187	2107	112858	4849	51692	6430	54974	28960	56339	79023	10419	10450	283989	4809	5721	1655	6142	6203	91801	23279	80746	54606	207	51367	5709	9631	10285	56259	220988	23076	6829	55253	55599	10799	10436	3028	79670	23511	93587	80349	27350	11056	6217	10212	6159	10283	8175	387338	6168	1975	23658	79922	5439	9092	1736	705	5393	5691	5434	55131	83480	10236	9129	6426	6625	10713	6224	28987	104	56006	1981	6173	10949	23404	6633	51593	5692	9261	81887	8125	9052	23708	55644	22938	11325	6230	51010	5684	57647	8570	25879	23398	23016	8086	4848	3192	5356	27316	6936	9337	9984	80324	3315	728378	55006	22826	5720	25873	83443	3183	5687	7316	5686	10921	6129	55039	54512	25949	6634	51602	10992	55802	55339	23165	4234	7538	23318	221078	10200	79897	5903	50628	6157	84844	1477	6207	5695	23246	24140	56949	2521	5716	339487	10171	9836	6166	6229	3190	200916	102800317	1974	5693	6218	9818	9295	51637	5168	11052	6228	1660	6156	55720	6194	5718	6161	6209	2068	27258	6201	140801	54464	5432	10557	23644	2968	4736	5435	5520	27257	85313	9125	9589	3184	84967	115024	3312	6135	11017	4839	27341	55696	6234	9136	29883	23450	1787	114049	5719	11066	51095	54802	6626	79084	6128	1665	10084	84271	24148	7529	6175	56902	6432	9349	26121	103	65109	10291	11102	29107	5430	11193	8731	1479	115708	8732	9887	6176	7979	677	10523	53981	9343	22894	55706	246175	403314	10930	23536	6223	55571	79833	90459	81875	27339	6204	3181	53371	11218	4670	51106	10898	6187	10482	60528	11100	134353	5436	11224	51065	23225	6235	92856	51808	24144	6170	51077	7534	23524	1453	6635	9790	6202	11340	25821	23451	84916	51340	8741	6181	10569	5976	6396	199746	10197	5717	51691	54901	29894	3921	6233	53938	25929	7919	5714	10644	88745	22827	9879	6208	11338	5901	8233	54482	5437	57604	9785	27238	8189	6144	6431	2963	5700	3188	6165	3481	25888	5578	51096	6499	27043	10607	143471	5696	9972	26986	84128	3187	8449	9652	55813	5682	84248	79050	11157	6232	8106	84950	960	11051	10594	23293	6124	10642	255967	57794	57721	84659	2071	26097	57122	85456	54931	51362	23636	1993	29974	23160	5706	51639	283742	51388	10181	79691	3303	25904	7536	55110	6627	81929	23481	988	6125	129450	23517	7311	5699	10438	10465	55629	10907	55623	8487	79869	286430	51605	57703	54517	5433	23020	5441	5690	51503	22916	54883	5515	10073	9861	55660	10813	8602	9877	5438	84324	81035	7514	5094	8780	8270	4904	6429	6146	10286	6171	23350	3185	79902	130916	57050	6638	55749	2935	6158	9716	1973	10248	9277	6122	23019	63892	5518	5689	51493	5688	55759	164668	79159	219988	79228	7884	1432	5694	6629	84135	134637	348995	5704	6191
Metabolism Of Amine-Derived Hormones R-HSA-209776	53905	1734	7166	121278	1644	15	50506	1735	389434	7173	7252	1113	1621	10400	438	11083	6528	7054
Metabolism Of Amino Acids And Derivatives R-HSA-71291	9045	6188	6164	1629	883	5708	57407	493901	7296	6130	4947	2954	140032	2197	4507	60678	6205	4552	6210	121278	6132	84245	5710	51268	6227	122706	3620	587	6147	6155	51601	10165	5701	6138	5705	84706	169355	55217	56267	6160	6538	6999	5092	57494	64087	4948	635	51121	593	5698	10003	4357	7252	6189	51119	3081	6123	4967	51380	138199	384	339983	5715	131669	9673	51520	6169	619189	6167	284716	130013	10641	5713	5683	6535	23584	5702	6206	23474	23521	1160	10295	9491	5711	11112	1728	6154	189	9521	127845	1610	11019	2058	51074	6192	8659	1638	6528	23198	5685	55256	6136	6470	387787	4329	6193	10213	116832	4143	2806	374569	27034	54363	4837	28998	6534	6143	51151	6141	5053	51187	7299	1735	4141	4548	5721	64902	6142	6203	25828	1428	5709	123688	594	112817	51686	118672	51540	3028	7054	6217	6159	1158	6168	113675	58472	27165	8942	58478	1644	5691	5161	6224	120103	6173	1621	438	5692	445	10247	1615	6646	6230	23498	1737	5684	29920	3712	2731	2936	89874	5720	25873	8564	55349	2875	5687	5686	6129	5625	223	11083	36	6157	5723	58510	6207	5695	5860	51696	5716	3242	196743	6166	6229	200916	1892	6218	5693	100131187	6228	6156	6194	5718	6161	6209	6201	140801	1113	51091	4736	11185	435	10400	10166	53905	5162	6135	23464	6725	1152	6234	2184	9255	2628	10157	501	2653	5719	152926	6128	7306	23446	3735	1734	3376	7173	6175	5832	2346	9349	5160	6520	8050	4706	7166	5917	6176	7979	5827	6223	275	85007	65263	84890	2747	6204	79969	7965	6187	586	3034	56922	11224	51065	6235	51582	4946	8528	6170	162417	26275	50506	347735	57571	8604	64129	5831	6202	6181	549	10197	5717	6233	3921	256987	339896	5714	1036	6208	4942	79814	29958	10841	79048	5859	6144	5700	6165	8424	113451	63826	143471	5696	125061	5682	1468	2593	6232	389434	440	6124	23743	80150	2639	8140	9060	5706	1743	6125	7311	5699	443	144193	57515	259307	9061	26227	191	5690	6301	9861	22928	2752	197257	6821	6539	15	27232	6146	6171	1589	10955	1757	54498	6158	3176	29968	6122	5689	5688	81539	5009	2746	9380	83884	55526	5694	51166	5704	6191
Metabolism Of Carbohydrates R-HSA-71387	55501	221914	2997	10855	27087	10007	9469	2331	221823	6396	26973	1462	9653	29940	4126	63827	22934	10331	6484	5836	7316	6548	26330	5230	4166	348995	6233	8908	5871	6652	3906	10402	57214	2023	6383	2542	8372	6007	8707	4190	23165	633	8534	64080	51084	26007	5903	5236	231	79586	57818	801	64711	10090	2806	2525	92579	2998	176	378884	2548	2720	4958	2027	64430	64131	7167	230	8021	6482	11081	8702	5313	2239	5256	4969	5578	129401	11097	9818	30815	4123	7175	2526	5208	669	3161	9955	166012	229	51071	28	6120	411	92126	9951	10082	9972	6385	10690	23324	4191	2026	29911	4125	55746	2592	79023	3074	2528	6677	3795	10165	2683	1468	9688	124872	10762	9953	4669	23563	960	11285	2992	2527	11183	10861	51000	135152	8708	23279	6448	113189	84659	57122	3423	26229	5210	5634	9631	23729	2262	5207	83539	3038	5315	9334	9060	23636	3340	2990	2584	6487	84750	93010	1464	26035	8692	54480	3425	5211	5568	9672	23511	8705	5549	9942	5209	81929	64132	10317	216	2632	255061	7311	347734	8703	4928	55276	729020	2719	5837	170384	178	5261	6006	5507	5106	10327	9061	64579	26227	375790	5105	283209	132789	219855	2817	5260	2538	5519	6513	5515	283871	1634	5624	79411	3037	126792	2523	55706	5834	2582	55576	55454	4927	10675	3073	7086	8704	25796	9394	5567	2529	53371	22856	51363	5257	4060	79902	7360	9348	6382	84376	222537	55790	441531	54020	51181	5528	2203	5224	79369	9435	5213	337876	10057	5518	6888	6576	83440	8509	2131	23225	56548	3339	50515	10894	8402	132158	10678	2799	8266	8086	1836	90161	11041	5255	6483	9957	9883	5214	127845	9331	1463	5516	8604	266722	11046	9956	2524	60495	7314
Metabolism Of Cofactors R-HSA-8978934	57017	3417	51004	5805	57107	23590	1719	5593	342977	84274	10229	51805	2643	801	27235	3320	207	6869	2644
Metabolism Of Fat-Soluble Vitamins R-HSA-6806667	7274	221914	5947	57016	51109	9672	7276	7804	4036	55937	6382	29914	5950	83875	10082	10438	9227	6385	2719	3949	151056	54884	344	345	6383	26020	375790	23504	337	3339	338328	8644	2817	348	154807	29967	5406	1109	79001	1645	1208	4023	335	53630	2262	338	2239
Metabolism Of Folate And Pterines R-HSA-196757	4524	10840	200895	10797	6472	1719	4522	2350	6470	113235	2356	6573	160428	25902	441024	81034
Metabolism Of Ingested SeMet, Sec, MeSec Into H2Se R-HSA-2408508	51540	4837	27232	3176	23584	4143	191
Metabolism Of Lipids R-HSA-556833	5730	374986	8800	2222	55588	29956	26031	5867	84129	149998	3991	7296	11332	54898	79966	84879	1384	11283	23344	2710	6319	81579	28234	5833	123264	122618	196	10044	1588	1586	9791	2638	2720	337880	5742	9915	81490	10554	3635	80142	51	375056	3638	171586	5445	1580	56848	1717	56895	83394	283316	201164	27306	622	10388	4800	5338	27132	10449	2583	51144	8309	948	113612	51170	5244	9107	8648	6715	51552	80270	165679	2877	85465	91452	11200	130367	64834	51003	9453	51495	56910	79777	22925	9110	9871	9442	219541	5322	32	1557	10858	11343	114876	55301	51302	5743	9971	25816	8776	114881	7923	6716	60481	79071	8895	1119	51703	6916	9443	2182	55361	54600	4759	10825	57733	50640	10599	253782	10478	2170	3631	80724	5446	57717	51365	1582	286826	51763	5567	6307	133522	35	400569	339221	570	9217	91734	204962	5920	54947	1559	23600	414149	55750	9027	114880	8612	23097	22908	1109	9420	10455	65977	189	58526	3248	80306	6822	29095	51102	5007	57664	9572	26119	10390	8202	79603	9632	347527	123	81544	5444	81857	5096	866	10499	64327	23305	2820	4593	171546	3930	7357	114879	29841	5305	8760	4363	8898	5296	8396	6584	25942	84869	22876	80339	56898	128486	1544	137964	9088	199699	200879	147323	56994	2168	9439	8821	30849	5295	3283	51573	1459	80168	411	7069	5298	1543	80765	55289	2167	6309	51422	213	8871	51099	9612	64850	1632	23259	8529	788	1718	2948	22883	80230	283927	3422	11000	153642	57605	347516	80205	4051	1573	3030	335	2874	129807	8605	64900	63874	100137049	56624	9968	117245	9575	10423	6256	3636	9524	200576	2819	166929	85441	6837	6257	142827	2180	79837	416	892	23309	5565	8399	23389	1120	9441	5095	255043	26063	9468	23646	6718	873	158584	127281	81537	1800	133121	2169	37	54675	79411	240	51179	80736	211	79153	9261	9200	54545	109703458	3972	30814	6646	284161	3156	5476	27124	284541	90390	5319	50486	23597	2172	150379	151056	10908	9415	158835	55500	8310	9362	401494	9517	59338	5320	55711	5467	285362	375775	8877	3158	1576	8435	2678	5289	221	1585	6610	8443	5346	10025	54979	5264	9282	3032	254531	79642	146850	57491	64333	79718	117145	51129	54677	23761	55825	79887	125981	8540	345275	2230	9896	55326	64174	2274	51588	410	3284	6095	5294	84803	5290	5740	114883	5563	5321	90809	2687	9926	10087	79993	57153	80221	403313	3291	1892	9969	340075	83401	57704	123745	1149	114884	55300	22949	5728	8394	4598	660	80821	8611	5501	641371	47	114971	50487	250	5287	1113	51171	412	56623	2173	4594	2181	84246	4801	9256	7368	8879	8841	5130	1579	25865	4048	161247	9600	10400	2224	3837	7329	5291	253017	3155	22880	414	51360	4802	30	2232	9663	64781	1581	23659	8228	1646	23396	55697	1571	9885	112812	1583	1558	1593	590	8714	19	26027	79611	122970	23446	7421	8867	646486	25870	392636	2879	10162	81616	2760	55331	6713	27063	57110	241	10715	3292	2712	150763	6901	83930	5297	23171	51141	283748	9023	9862	4706	54477	27242	79626	10498	1645	8560	2053	3073	390916	376497	3033	5499	4899	6721	8395	5641	8897	51228	8930	3157	63924	259230	22901	427	1595	10728	6305	6576	253558	3295	33	441282	116255	10965	126410	9967	124976	1387	64064	154141	224	6554	4534	9489	6579	10555	5288	1374	255189	5465	59339	84188	1666	10998	29079	55090	8613	7108	8694	5783	27349	1584	10891	1024	64600	83850	80772	9477	64419	145482	4597	9536	126969	5589	2194	388121	8644	5901	231	6609	646480	857	8029	1376	8720	5443	129642	242	23205	247	11145	5468	5500	10427	5578	377	10802	6604	57761	204219	142891	1460	23054	55512	2876	6720	79888	84498	5286	9218	239	59344	1545	3074	2581	3294	6555	2033	4862	93492	340485	8647	9108	641372	6785	65985	134429	3293	1594	34	201562	10005	4056	11010	56894	10062	5868	10654	8503	55304	246	9611	10001	5568	79143	94103	116519	6296	120227	84693	23683	114882	200931	23760	50814	31	5587	26230	25979	1962	729238	57678	158833	51586	55856	22874	51128	23533	64180	51205	152503	6613	9440	415	10558	84320	54893	43	162466	94101	8398	1622	7376	55627	284486	215	8904	7179	3290	9412	1589	26279	4036	10809	10226	8706	151742	6907	79644	5019	4952	57834	11001	51162	54511	112950	29923	5538	134526	23175	23417	346606	197322	2101	1455	64801	79152	84895	22937	123099	10948	55224	66036	54797	126282	84725	2531	81846	406	57104	10484	1591	58488	706	57488	56261	84649
Metabolism Of Nitric Oxide: NOS3 Activation And Regulation R-HSA-202131	8976	51070	207	115677	10434	342977	114757	1785	23564	857	6869	801	23576	340481	3320
Metabolism Of Non-Coding RNA R-HSA-194441	129401	286826	9818	54960	6636	7175	53371	11218	6396	23511	79084	79902	81929	4686	9972	6637	4928	25929	55746	79023	6628	10419	6634	8487	79760	9688	23165	23225	10762	5903	50628	51808	22916	8086	23279	84659	10073	1207	57122	9883	9631	8021	6633	55706	11097	6635	4927	79833	348995	23636
Metabolism Of Nucleotides R-HSA-15869	22978	51251	161823	7498	1854	270	203	159	1716	4831	6240	51292	151531	4833	7296	2745	26289	353	54963	10591	2766	56953	55270	4832	102157402	956	7298	5198	471	1503	1807	9583	158	3251	8833	272	64902	955	25828	7378	4521	122622	57089	3615	953	6241	131870	50484	9997	1635	1841	79077	80347	56985	271	7372	221264	957	978	1806	100	204	122481	53343	51727	2618	9615	7084	2987	7083	11164	1633	56474	8226	205	51733	954	30833	25961	10606	5539	84618	377841	132	79873	25939	3704	158067	4907	83549	730249	7371	2936	1723
Metabolism Of Polyamines R-HSA-351202	5693	10641	5706	5720	122706	5698	5719	5718	10197	5717	54498	23198	5687	143471	5696	5686	5699	5684	5685	5713	5683	5708	5682	5702	5701	5714	493901	4947	5705	5689	5721	10213	5688	51582	4946	5692	5715	81539	79814	5690	9491	5691	5711	5695	9861	1728	7979	5716	5709	5694	196743	6725	5700	89874	5710	51686	5704	113451
Metabolism Of Porphyrins R-HSA-189445	2990	645	2168	3145	7389	2938	1355	2235	28982	213	3163	7390	1352	28234	210	1371	11309	1244	54657	4363	5498	644	9429	10599	54658	3162	211	212
Metabolism Of Proteins R-HSA-392499	338382	7703	8554	7941	284076	6950	6164	284098	126433	10671	51560	5708	6383	6130	9126	4905	79587	81794	1650	27314	6205	1978	51143	135	4609	10617	25839	2243	796	54839	6132	51725	80267	51280	6708	84790	338557	7706	197	200958	8459	79577	23358	90135	6477	55699	2769	11227	898	1783	55746	9245	4924	84892	7150	93611	9688	1045	5194	124872	26284	164395	8648	221656	1438	64344	10445	8924	619373	56160	79090	9099	51121	5698	8535	84259	5279	580	94005	4928	54460	9971	60509	2519	1605	1439	2908	161357	1636	728386	9508	4759	6622	55336	8453	79947	6048	672	22820	7512	26270	2762	123169	7322	1315	23423	149371	118487	23032	2673	154	5702	8542	3956	10980	3816	251	23521	9570	84261	122769	1487	6590	347688	135228	55901	22803	9521	89866	7181	7314	5873	140739	55143	1356	51514	347527	8858	5685	829	6000	54534	5874	337	8678	8565	7057	83729	90864	93973	26268	6143	140459	89978	54556	7332	55611	84002	54331	2266	411	9820	3817	254013	56052	8313	85236	5721	54938	23279	55808	9476	23011	64135	9903	10376	125476	5201	11236	79016	9334	23682	1603	56999	30001	23511	966	7324	6217	51253	1975	3105	22845	92815	116150	7109	392188	27335	1983	115426	4589	6923	1981	7726	54732	1725	25809	147040	11093	51209	9616	28952	5204	5684	79369	56937	25879	420	50717	4321	7347	401138	7076	10564	10678	2873	6478	1509	157869	5530	10121	7128	55577	2488	128312	84752	22931	2783	55738	8450	2648	79155	1122	81792	51588	410	116540	7058	54757	54764	6934	114803	55252	4045	7158	25885	140687	64122	11232	1974	6218	9818	100287178	7068	5970	6161	10735	140801	8975	64750	23172	55288	412	51734	4736	100287144	55031	2494	9817	8349	51201	5193	723790	64949	93624	168391	414	7508	23142	8517	9255	94025	8128	8460	5887	79590	1616	51764	1361	590	8813	51642	25870	54187	220441	1915	54959	128637	632	5034	1029	51005	9349	137797	7317	84541	7345	11047	64981	5917	22921	7046	169026	2790	7264	2155	5373	50863	53371	51386	3915	58477	2627	7411	100287478	26286	5071	11274	26589	2822	394263	23586	51665	11015	51065	6235	374378	347517	9134	10959	4878	9276	51107	4306	3054	1087	9641	57731	54850	9487	118430	23412	1363	85365	10891	10197	5717	10331	6484	201475	6233	3921	9526	7157	4597	8664	9445	128308	10054	28991	84276	55291	442117	1917	8720	5443	4313	2109	6482	197258	11031	51651	4086	9978	55175	80176	6015	79695	21	10098	7349	56945	140458	351	5696	9972	8452	6045	7874	7334	51200	4121	6124	92369	29106	54780	26249	147719	51263	9719	23062	26985	7022	381	2157	10952	433	6314	222235	9789	116519	353091	79139	6400	4583	4287	3670	402	64978	8614	3703	6921	79805	10383	7189	390243	8892	51128	55676	5886	54965	92675	84078	91851	5202	6613	9117	10970	5464	51021	7048	7844	2890	254263	10381	2923	10056	26267	10540	10890	8818	56957	1512	1114	5828	258	10392	6146	1069	1294	26140	6158	2935	408	26272	2767	4152	10113	7518	60488	54998	5688	2641	10026	11222	9804	6483	10484	5864	23478	348995	26958	5704	64969	84141	64127	90701	2158	997	79796	29074	140032	2617	10905	2197	158135	51023	10324	346562	8021	3093	2999	90480	255626	51299	25941	6227	7320	122706	6569	114548	287	5869	57505	120526	2591	8473	11226	23163	3490	10762	6160	161725	5340	80124	51322	100287441	55770	1778	11173	6487	51164	57591	11315	6189	51246	51504	9507	6399	3799	81619	51676	3013	10382	5861	740	10920	2934	3698	10987	5715	3912	9063	84196	56648	56886	56913	79677	142684	84861	64426	10528	57038	11065	7276	197370	55768	5830	10117	5713	6206	29906	79053	91978	4792	388531	11320	9491	11041	23468	79739	11070	9883	718	6154	189	5591	54876	10981	114785	6905	1642	126119	219927	64960	9527	2058	84447	29925	474382	22870	221613	92912	54951	28996	92715	144245	54165	9314	51088	282969	6304	9609	3630	116832	2525	59348	55741	55970	7153	4087	51693	57719	51738	10868	54587	145173	9988	285231	7020	130576	140825	51187	55757	8341	10282	53942	3798	84617	9919	51146	7903	401447	83752	112714	140462	3487	257218	83475	153642	4193	3483	5372	4286	27090	65003	6256	84727	79184	6480	80344	9929	6159	8703	9736	416	8737	2782	256435	79875	8878	7336	64976	1965	29088	26263	10206	5692	6804	51272	150	23708	1615	1107	1471	26259	122553	1968	8894	6406	59272	327	51156	5865	54891	285362	8139	3339	55827	9801	8086	27430	9994	1755	23275	267	266727	728378	146183	8607	1789	283463	6811	25873	29071	51807	92305	165918	81876	5686	4798	9189	51602	29844	440689	6157	23627	7416	2793	10196	54536	387	6229	8342	3190	6790	200916	6596	338596	5693	55763	80067	340075	23556	8835	6228	9646	5277	6194	5718	7453	8454	4249	4122	9669	6201	7407	29954	250	1113	5199	5110	10238	11316	8841	11282	7329	10480	10401	6135	8891	50614	6996	265	84545	123624	63931	9486	154881	140735	29927	378	4089	7321	23243	1937	7428	8655	2193	5624	7979	1781	326624	55593	2784	127247	7353	136	6885	57559	51255	5082	23256	3488	4312	5929	126961	6844	6712	11224	57171	140456	79609	338328	9656	84516	1387	7879	6289	1048	6202	3489	51122	3626	84669	5893	4738	7155	7067	5069	80351	10477	2200	27068	6500	22796	57176	5589	9037	59343	91833	54926	10342	55176	10417	170692	390594	8733	1395	3481	7018	27338	29089	652	1460	6499	7375	92591	143471	811	4303	54972	51611	79594	11258	151194	2625	6232	8724	143662	3270	116442	325	833	26503	8890	51227	79931	54948	7045	10062	23636	1780	283807	9509	10670	9101	64856	60676	6903	123263	91869	9554	81929	6125	3827	7311	5699	6709	114769	81847	170689	57188	6301	51762	8774	9861	9040	415	83871	8934	7203	4218	56955	7376	54939	64284	1540	79754	22948	1154	150465	29080	8533	53339	84142	8876	79644	1973	419	10116	7417	6122	5281	51397	5689	3895	10155	1933	84085	57104	83444	26984	6653	7415	23113	11096	9045	79589	114897	6188	63891	11174	5867	84620	9363	25924	57403	6210	9868	2720	6731	142	4062	432	4241	55568	11097	6897	3646	129401	80142	64975	334	643847	196483	6672	340348	4221	5931	256281	7369	377630	7425	6155	139760	83987	122704	140461	100287513	257194	22846	5701	2683	54734	123904	64377	23363	5705	6138	7328	11196	8668	130367	57134	30827	9871	25973	115290	641	7252	86	10318	10210	84101	7323	8669	8615	2864	387885	100287238	154043	2153	5111	6182	80055	4927	1000	8945	1938	10299	64965	10071	7184	283899	146712	3486	3569	64772	170691	5683	55860	5283	832	1522	1801	9027	23193	3020	7040	1911	29086	51373	821	5122	16	6192	8331	10471	55168	9632	6440	253827	29880	3015	4586	9628	5876	3106	64410	10499	5875	1435	10213	8661	55832	84342	801	2099	200845	84282	28998	148789	8345	78988	25942	993	8702	11167	6141	57599	2350	5627	83887	84749	3416	8338	79023	23252	9612	5371	1655	25828	64432	124454	6489	7466	5709	7704	56852	26235	129807	4194	10884	6729	51816	79672	149951	401036	79823	51564	80349	4929	23014	219402	4359	5192	26224	339122	349633	330	1499	7070	6168	1643	7278	2801	23369	908	6468	148867	8893	329	5265	793	9738	64968	4008	2787	23385	6173	5029	8704	79861	983	26190	3619	5905	11098	10272	6230	78990	7284	9781	23512	8451	23471	3053	55173	3801	8877	8334	1368	80328	64928	5720	54623	6727	8458	10474	3183	5687	7316	5045	2776	80222	26234	3484	7280	90411	55829	5018	51067	221143	1511	5903	339366	11253	11328	54507	51667	5716	3091	4148	144699	25793	409	57393	9759	6156	55777	11021	149111	6209	720	5222	5878	92399	83541	3014	81562	171023	23265	376267	92949	1043	84628	3312	4092	79841	6234	10960	80028	55208	84197	80896	9246	3376	79791	63967	8434	51616	54148	64841	146760	10694	23770	4869	9318	55884	7326	9306	205564	7007	2034	9215	55706	374907	152	91949	51318	55236	9655	6204	10130	140766	7458	8312	6187	22901	55851	55052	23107	4588	56667	23225	6170	10159	8850	118424	23621	51035	6396	4978	9654	100287327	85476	259215	3090	80012	5714	5954	171019	81849	11336	57511	51116	10575	6902	80204	5859	26094	5700	5862	5987	5468	10427	23463	1066	63917	377	30815	79748	9761	4780	317772	102724334	58512	114907	5682	8073	643834	28977	493861	84659	201456	55650	23170	5868	3625	1798	340351	142686	332	8000	170622	26118	8915	5914	4052	503542	5690	9577	83464	5238	2530	43	3396	23137	8900	3800	7690	3479	90865	23168	8340	6184	5537	10102	23038	22872	56975	9630	2626	79694	51162	170690	9553	51073	9210	28972	26232	346606	8404	11275	54620	8348	203068	22955	5179	79913	51650	3375	6191	147111	1462	10574	84992	2813	83639	5203	60412	1075	5870	10667	54344	93661	399818	84961	2785	55343	4482	1977	401258	5195	57542	28973	5710	7137	26043	375056	7175	6730	401409	27076	7039	10956	6147	10640	50813	142689	221981	120071	6881	10681	9510	10418	10489	1803	56929	25837	51552	9986	29761	8869	5241	9091	65005	6728	9382	29099	79623	55014	6123	140838	27252	64951	51009	83746	84932	1788	136371	8243	284348	51715	8856	27095	25862	54461	288	2788	51520	10055	6169	146330	10825	57111	6167	899	890	8816	4582	11095	83844	54872	4528	7991	2516	23555	8662	5067	645402	55037	25950	5711	23194	84909	115827	5885	124995	10020	55958	7021	10559	51666	90268	9958	85235	3607	23198	8074	55157	10402	6136	1936	10454	26085	6193	8665	4124	4088	57695	348	1964	3624	7341	6746	4644	10195	7486	84061	8766	9212	9488	57129	79176	2107	51649	2650	1459	154064	440138	7319	80168	150684	84132	2791	213	9112	4141	6774	123228	3017	6142	6203	5768	3066	8027	92935	9631	93183	335	374	6439	102	1604	6502	10254	83696	57646	23326	90293	64963	22944	4791	7857	8883	462	29929	64979	5691	5973	567	63971	5080	8786	6224	285381	6711	100287364	100302736	29843	10942	89890	3972	5476	29926	8204	3065	6185	51377	55907	8239	221937	84823	10945	140460	51138	8663	83548	1912	9367	54437	7528	79087	991	4585	58485	1155	9331	79642	79731	221044	813	338	51046	51258	84340	6670	65993	3623	6129	219333	10232	6095	23314	79091	8295	5611	65008	10869	23165	22818	1967	51226	11091	4061	6207	7327	123879	79269	830	5695	6748	3998	5872	683	6166	25834	55135	10652	23395	60559	192134	7187	5728	59345	254173	6710	6294	8875	3018	56995	89122	150726	65080	2804	3952	5126	9545	8767	8581	8666	10010	9021	63875	116372	54617	2621	10521	56254	5719	2335	2590	84720	6128	6441	9810	3735	1802	7421	91445	6904	6734	10693	6175	55666	249	5617	51081	2688	286053	100287404	6176	8078	55647	6223	7846	6675	5329	26290	143244	199857	2786	7965	4677	23291	57332	8970	152330	9146	3485	26088	10576	10966	29995	116255	347733	51720	374969	64689	10585	10537	80341	122416	8667	1161	140453	11014	372	1453	5465	55432	7270	10517	1639	9627	7277	6181	9960	2028	1314	2589	26330	83452	727897	10618	2517	128869	29104	10175	6208	1215	653509	92552	64924	84871	9097	23287	1360	9945	6144	10568	55294	6165	7841	80731	84733	10802	668	349667	57799	645836	26986	286	2033	8790	79868	55284	64983	57122	10610	6150	6747	6745	9695	8065	5706	4069	93010	6975	1786	142685	80070	54516	2719	53917	729238	255738	3818	3035	84364	54742	9039	221395	80235	57506	113457	126003	8658	4240	171169	290	80740	646627	116541	100287205	51399	6171	79902	2792	51332	65264	10240	10352	4057	10466	56605	94235	55624	23480	1080	5694	51604	2677	10164
Metabolism Of Steroid Hormones R-HSA-196071	147323	112812	3290	1583	3972	3283	2230	1584	1589	283316	79644	3284	6716	1113	51171	866	3294	441282	3292	51144	9256	83930	51170	231	10948	134429	1585	3293	6715	1588	1586	5443	706	2232	3291
Metabolism Of Steroids R-HSA-8957322	10998	26119	7108	1584	2230	2222	9632	26031	51588	3284	4597	866	10499	64327	5740	2194	114883	6319	3930	28234	8644	5901	123264	231	8029	1588	1586	5443	8720	2638	403313	10427	3291	199699	9088	10802	6604	147323	3638	3283	1717	4598	23054	283316	6720	80765	6309	213	10388	4800	1113	51171	3294	6555	1718	4801	51144	9256	8309	3422	51170	8647	8648	134429	3293	2224	6715	7329	3837	1594	80270	10005	80205	9453	51360	4802	2232	10654	1581	9871	1646	9885	112812	6256	1583	1593	32	8714	7421	120227	10858	114876	85441	200931	50814	31	51302	9971	114881	6716	79071	6713	57678	51128	3292	83930	152503	6718	6613	51141	9023	10498	10599	1645	1582	286826	6721	5641	3290	6307	3972	1589	8930	4036	3157	3156	6907	79644	570	91734	2172	11001	1595	23600	3295	441282	8435	64801	10948	114880	22937	1585	1387	6554	6579	1109	9420	10484	1591	706	5465	5007	79718
Metabolism Of Vitamins And Cofactors R-HSA-196854	57017	8566	221914	26119	10797	51109	81693	1528	160428	25902	1504	27010	55229	5805	83875	57107	5096	55788	344	54884	6470	8034	6383	51248	81034	5740	2194	337	51293	8644	952	4337	348	93100	2356	801	8029	4552	4363	440387	4837	54625	6472	683	326625	56965	55328	2644	64802	55034	128240	2239	60386	7274	55739	5168	6515	57016	2350	54956	7804	6573	55937	9446	10082	9227	27249	54981	6385	8875	80704	79646	23475	54	4594	5646	10229	4548	9054	83666	154807	55163	27304	55065	207	79001	79668	113278	4522	1208	4023	335	64087	2262	6869	160728	3141	51004	80347	5826	9672	83594	32	133686	5167	6947	349565	221833	5950	10438	2719	31	80308	3949	5743	6948	345	84274	79178	441024	4524	375790	5095	9963	53354	2817	10243	5406	6513	27235	4338	60490	5624	55191	1645	60496	316	79717	1582	3417	5947	10560	25974	7276	119391	4036	10135	8884	6382	29914	1727	9390	8876	2694	55312	23590	1719	5593	5169	342977	151056	113235	26020	56922	23504	10840	200895	3339	51805	338328	2643	4907	29967	80025	143	3320	1109	136541	79581	65220	53630	84875	23057	27231	338
Metabolism Of Water-Soluble Vitamins And Cofactors R-HSA-196849	8566	26119	10797	81693	1528	1504	25902	160428	27010	55229	5096	55788	6470	8034	51248	81034	5740	2194	51293	952	4337	93100	2356	8029	4552	4363	440387	4837	54625	6472	683	326625	56965	55328	64802	55034	128240	60386	55739	5168	6515	2350	54956	6573	9446	27249	54981	8875	80704	79646	23475	54	4594	5646	4548	9054	83666	55163	27304	55065	79668	113278	4522	64087	160728	3141	80347	5826	83594	32	133686	5167	6947	349565	221833	31	80308	5743	6948	79178	441024	4524	5095	9963	53354	10243	6513	4338	60490	5624	55191	60496	316	79717	1582	10560	25974	119391	4036	10135	8884	1727	9390	8876	2694	55312	1719	5169	113235	56922	10840	200895	4907	80025	143	136541	79581	65220	84875	23057	27231
Metal Ion SLC Transporters R-HSA-425410	29985	7922	29986	1356	57181	84102	283375	7781	1317	27173	55676	6556	148867	23516	254428	9843	64924	7779	4891	64116	55532	30061	7780	169026	55630	25800
Metal Sequestration By Antimicrobial Proteins R-HSA-6799990	338324	6278	6280	6279	3934	4057
Metalloprotease DUBs R-HSA-5689901	114548	8331	79184	57559	85235	317772	221613	7316	7311	84142	580	6233	3013	8338	23172	2033	114803	10213	92815	51720	8334	10617	9577	8027	29086	723790	8850	672	7314
Metallothioneins Bind Metals R-HSA-5661231	4502	4501	4495	4504	4496	84560	4493	4499	4489	4494	4490
Methionine Salvage Pathway R-HSA-1237112	51074	4507	58478	127845	55256	84245
Methylation R-HSA-156581	7172	57412	27430	4837	4144	4552	4143	51504	1312	1544	9446	29104	4548	191
MicroRNA (miRNA) Biogenesis R-HSA-203927	8575	144233	54487	5432	6895	26523	5435	5436	5433	5440	5439	5901	5441	5434	5430	5431	5437	27161	29102	57510	5438	192669	23405	192670
Microbial Modulation Of RIPK1-mediated Regulated Necrosis R-HSA-9686347	841	11035	8737	197259	26354	6240
Mineralocorticoid Biosynthesis R-HSA-193993	3972	3283	3284	1113	1589	1585
Miro GTPase Cycle R-HSA-9715370	89941	5910	55288	9927	55669	22906	80179	66008
Miscellaneous Substrates R-HSA-211958	8529	284541	57834	4051	126410	113612	54905	1579	1580	64816	29785
Miscellaneous Transport And Binding Events R-HSA-5223345	57185	1497	55144	152519	10380	56262	118	7991	79815	54896	57380	348938	56172	80131	93380	120	23507	84061	81614	563	123606	84230	119
Mismatch Repair R-HSA-5358508	26018	4436	5395	10714	57804	5111	6119	25885	5425	4292	4437	84172	2956	5424	9156
Mismatch Repair (MMR) Directed By MSH2:MSH3 (MutSbeta) R-HSA-5358606	26018	4436	5395	10714	57804	5111	6119	25885	5425	4292	4437	84172	5424	9156
Mismatch Repair (MMR) Directed By MSH2:MSH6 (MutSalpha) R-HSA-5358565	26018	4436	5395	10714	57804	5111	6119	25885	5425	4292	84172	2956	5424	9156
Mitochondrial Fatty Acid Beta-Oxidation R-HSA-77289	1892	117145	3033	27349	35	26027	6296	84693	641371	142827	80724	23597	5096	84129	11332	4594	1632	134526	10449	5095	55856	33	414149	10965	4706	37	34	84320	58488	80221	3032	1622	3030	284486	51102	1666
Mitochondrial Uncoupling R-HSA-166187	148811	7351	7350	7352	9481	9016
Mitochondrial Biogenesis R-HSA-1592230	9572	84303	10891	64216	5564	79135	4209	4208	5442	9551	10499	516	2668	5563	10989	801	521	27109	5600	64784	11232	513	6604	4580	23054	440574	23408	6742	54205	517	51422	125988	23373	8841	10632	55735	8648	509	10476	498	80205	1385	3313	522	10651	6256	53632	514	7019	518	9611	85441	55902	5565	5571	23410	200186	10498	506	211	54927	25813	286826	2747	4899	7978	133522	56652	51106	8930	6907	814	6300	84808	515	539	2101	2551	3418	1387	23082	2746	139322	1432	3054	23409	5465	8834	79718
Mitochondrial Calcium Ion Transport R-HSA-8949215	6687	5245	8165	55013	79568	3954	90550	10367	10730	23203	7417	80024	10939	7416	91689	9512	221154	6547	286097	11331	30968	55486
Mitochondrial Iron-Sulfur Cluster Biogenesis R-HSA-1362409	9054	81689	112812	57128	51312	2395	51218	23479	2230	81894	2232	150274	122961
Mitochondrial Protein Import R-HSA-1268020	26519	1431	4580	51287	10469	10651	100287932	26521	1678	54543	10983	84269	80273	10440	100188893	26515	29090	56942	56993	79145	3329	3421	23203	10452	401505	293	10531	131118	92609	10165	26517	617	388753	516	6901	400916	2395	5009	291	7416	90639	50	51025	51142	27235	150274	9804	9512	26520	9868	498	197257	506	100272147	10245	10063	8604	131474	54927	29928	25813	4714	2671	134266	3313
Mitochondrial tRNA Aminoacylation R-HSA-379726	25973	57038	55699	57505	3735	27068	55157	80222	10352	57176	10667	2617	79587	51067	92675	124454	54938	92935	5859	79731	23395
Mitochondrial Translation R-HSA-5368287	51258	84340	55168	65993	29074	116540	85476	54534	65008	5018	51023	128308	51116	28998	78988	28973	90480	57129	64975	51649	56945	92399	122704	58512	65080	26284	64432	28977	64983	63875	64949	6150	54948	51263	65003	10884	79590	65005	84545	123263	63931	51642	219402	54516	54460	64963	740	64951	51253	54148	64978	51081	64979	64981	51021	64968	64976	6182	3396	29088	116541	51318	64965	10102	4528	7284	118487	55052	26589	10240	9553	51073	23107	55173	60488	55037	54998	9801	11222	51650	51373	219927	124995	64960	64969	64928
Mitochondrial Translation Elongation R-HSA-5389840	51258	55168	65993	29074	116540	85476	54534	65008	5018	51023	128308	51116	28998	78988	28973	90480	57129	64975	51649	56945	122704	58512	65080	26284	64432	28977	64983	63875	64949	6150	54948	51263	65003	10884	79590	65005	84545	63931	51642	54460	64963	740	64951	51253	54148	64978	51081	64979	64981	51021	64968	64976	6182	3396	29088	116541	51318	64965	10102	7284	118487	55052	26589	10240	9553	51073	23107	55173	60488	55037	54998	9801	11222	51650	51373	219927	124995	64960	64969	64928
Mitochondrial Translation Initiation R-HSA-5368286	51258	55168	65993	29074	116540	54534	65008	5018	51023	128308	51116	28998	78988	28973	90480	57129	64975	51649	56945	122704	58512	65080	26284	64432	28977	64983	63875	64949	6150	54948	51263	65003	10884	79590	65005	84545	123263	63931	51642	219402	54460	64963	740	64951	51253	54148	64978	51081	64979	64981	51021	64968	64976	6182	3396	29088	116541	51318	64965	4528	118487	55052	26589	10240	9553	51073	23107	55173	60488	55037	54998	9801	11222	51650	51373	219927	124995	64960	64969	64928
Mitochondrial Translation Termination R-HSA-5419276	51258	84340	55168	65993	29074	116540	54534	65008	5018	51023	128308	51116	28998	78988	28973	90480	57129	64975	51649	56945	92399	122704	58512	65080	26284	64432	28977	64983	63875	64949	6150	54948	51263	65003	10884	79590	65005	84545	63931	51642	54516	54460	64963	740	64951	51253	54148	64978	51081	64979	64981	51021	64968	64976	6182	3396	29088	116541	51318	64965	118487	55052	26589	10240	9553	51073	23107	55173	60488	55037	54998	9801	11222	51650	51373	219927	124995	64960	64969	64928
Mitophagy R-HSA-5205647	54543	9140	1460	1459	100188893	139341	401505	7316	7311	56993	84557	10452	5071	6233	9927	51001	55669	9474	8408	7416	65018	8878	9804	6714	9868	192111	81631	7314
Mitotic Anaphase R-HSA-68882	91782	55143	5720	55839	7277	51807	1063	348235	6396	10197	3842	5717	79172	23198	5687	7316	5686	5048	6233	5685	80776	220134	151648	284058	5708	27183	7444	7280	119504	5714	9183	9126	23165	401541	10213	3930	5901	5903	10393	51143	3796	7341	5695	5526	5716	128866	701	5700	84790	9212	5710	8379	9798	5693	129401	9818	79980	9232	27338	122706	54821	5718	57405	23063	81565	699	5527	23421	143471	5501	5696	1104	10735	84617	1783	8815	55746	23141	79023	55869	5529	23244	5701	5682	55055	9688	9700	5520	5705	25909	5721	6232	112714	23279	6683	81930	25978	79682	3837	7329	10403	57122	10376	8881	5709	23332	9631	1778	4001	57082	64105	9184	23592	22919	23636	1780	55166	5706	5698	23122	5719	113130	4000	23511	332	7324	54908	5525	81929	221496	64946	7311	79643	5699	147841	9735	4928	79019	29882	10382	2491	7278	140735	10383	151246	8243	7321	5715	51529	5690	5519	5691	23047	5515	8655	9861	7979	200014	113457	10726	1781	7443	996	10381	29945	55706	7514	1062	64682	5692	7846	84643	79861	983	3619	53371	11065	5905	1058	79902	891	80152	5347	246184	9133	27243	22933	5528	5684	5713	56937	5683	54820	5702	5518	55920	5689	57551	8697	7112	347733	5688	4085	9491	347688	11004	5711	9793	6249	991	83540	9883	11130	203068	5694	91687	5885	92421	51433	25906	5516	2010	79003	348995	5704	7314
Mitotic G1 Phase And G1/S Transition R-HSA-453279	5720	1031	4605	5933	10197	5717	5928	5687	7316	5557	5934	5427	5686	6233	6500	5685	5708	5714	10926	55957	10213	1874	1019	4609	902	1030	5695	7153	4149	5716	6119	25885	5000	993	23594	5700	5710	5693	4067	7298	8317	23649	23595	1859	1021	5718	8454	1875	55388	5696	898	26271	1869	5682	5701	5705	5520	5721	56655	1876	595	54107	10166	207	5709	990	6241	5925	4175	5706	1017	5698	6502	1163	5719	51053	4173	7311	3717	5699	4174	1871	1029	7029	91750	896	84172	4331	5715	7083	5690	5519	5691	29935	10000	5515	9861	6714	5001	1028	7979	5558	5111	1022	8900	91768	890	81620	5692	286826	4172	7465	25	983	891	1032	5753	3065	1719	5684	5713	5683	208	132660	5702	5518	7027	5689	1026	5688	9134	28227	894	9491	5711	1870	5422	83884	8318	4176	5426	5694	5516	1027	84515	5704	7314
Mitotic G2-G2/M Phases R-HSA-453274	2305	79441	5577	1639	27175	5720	7277	7314	1063	4605	10142	22897	4660	9662	995	10133	10197	5717	5928	23198	5687	7316	10806	5686	5048	6233	6500	4659	5685	7157	5708	5714	55957	54801	10844	22974	85378	10213	22995	902	5695	11064	5716	993	6790	5700	5710	5500	102800317	9088	5578	55835	5693	55559	122706	9978	3161	22981	5718	8454	143471	5696	9814	7531	1869	29922	5682	5701	11258	5520	2033	5705	5721	440145	84131	5709	10733	10426	55755	23332	1778	114791	653784	22919	994	80321	55125	11190	5706	1017	5698	51512	8481	80028	5719	23354	7311	121441	5699	95681	10382	11116	55722	1871	7532	91750	10383	4331	5715	5519	5690	3326	5691	5515	8655	9861	5108	9702	9738	7979	4957	79866	80184	1781	51400	22822	4218	1022	7514	8900	890	10540	79959	5692	7846	55142	286826	728642	8945	7465	983	1069	891	22994	5347	23291	54930	9133	7283	5684	5713	4751	5683	8636	27229	132660	80254	54820	5702	5518	51451	5689	1026	84962	5688	80097	28227	115106	984	9491	5711	23194	9793	3320	63943	203068	5694	7840	93323	1453	5516	10121	5704	5116
Mitotic Metaphase And Anaphase R-HSA-2555396	91782	55143	5720	55839	7277	51807	1063	348235	6396	10197	3842	5717	79172	23198	5687	7316	5686	5048	6233	5685	80776	220134	151648	284058	5708	27183	7444	7280	119504	5714	9183	9126	23165	401541	10213	3930	5901	5903	10393	51143	3796	7341	5695	5526	5716	128866	701	5700	84790	9212	5710	8379	9798	5693	129401	9818	79980	9232	27338	122706	54821	5718	57405	23063	81565	699	5527	23421	143471	5501	5696	1104	10735	84617	1783	8815	26271	55746	23141	79023	55869	5529	23244	5701	5682	55055	9688	9700	5520	5705	25909	5721	6232	112714	23279	6683	81930	25978	79682	3837	7329	10403	57122	10376	8881	5709	23332	9631	1778	4001	57082	64105	9184	23592	22919	23636	1780	55166	5706	5698	23122	5719	113130	4000	23511	332	7324	54908	5525	81929	221496	64946	7311	79643	5699	147841	9735	4928	79019	29882	10382	2491	7278	140735	10383	151246	8243	7321	5715	51529	5690	5519	5691	23047	5515	8655	9861	7979	200014	113457	10726	1781	7443	996	10381	29945	55706	7514	1062	64682	5692	7846	84643	79861	983	3619	53371	11065	5905	1058	79902	891	80152	5347	246184	9133	27243	22933	5528	5684	5713	56937	5683	54820	5702	5518	55920	5689	57551	8697	7112	347733	5688	4085	9491	347688	11004	5711	9793	6249	991	83540	9883	11130	203068	5694	91687	5885	92421	51433	25906	5516	2010	79003	348995	5704	7314
Mitotic Prometaphase R-HSA-68877	27175	79441	5577	1639	55143	55839	7277	348235	1063	10142	6396	22897	9662	10806	79172	5048	83452	80776	220134	151648	284058	9183	9126	54801	10844	4926	401541	85378	5903	51143	3796	22995	5526	10783	11064	701	9212	102800317	8379	5578	55835	79980	55559	54821	1460	22981	1459	57405	81565	23063	699	5527	23421	10735	5501	9814	7531	1783	55746	79023	29922	55869	5529	23244	55055	11258	25909	6232	440145	23279	81930	79682	84131	10403	57122	10733	10426	55755	23332	140609	1778	114791	653784	57082	64105	9184	22919	1780	80321	55125	11190	55166	8481	23122	113130	23354	332	54908	5525	81929	64946	121441	147841	9735	4928	79019	95681	10382	11116	55722	2491	10051	7532	140735	10383	151246	8243	91754	5519	23047	5515	8655	5108	9702	9738	4957	27436	10726	80184	1781	7514	1062	10540	79959	7846	55142	84643	983	3619	1069	5905	1058	79902	891	80152	22994	5347	54930	9133	7283	23397	5528	4751	56937	8636	9918	27229	80254	54820	5518	55920	57551	80097	4085	115106	11004	9793	6249	991	64151	83540	3320	11130	203068	91687	5885	7840	93323	1453	5516	10121	79003	348995	5116
Mitotic Prophase R-HSA-68875	128312	5594	474382	8331	6396	81876	3015	83452	7444	6418	23165	4926	5903	5579	26003	10783	8021	8345	8342	23399	5862	11097	5578	255626	129401	9818	7175	23310	387893	8341	29781	55844	9972	8815	8338	55746	79023	3014	3018	102724334	9688	85236	3017	10762	8349	23279	84659	84930	57122	140609	723790	9631	4001	64900	5925	9663	23592	23636	94239	4000	23511	81929	221496	4928	3013	5861	10051	8615	2801	55766	2029	91754	8290	5519	5515	8548	54892	7443	79648	55706	4927	8340	10776	983	53371	79902	891	5347	9133	126961	8970	5518	255919	23175	7112	23225	64689	8334	8086	8348	3020	9883	23133	5516	2010	5595	348995
Mitotic Spindle Checkpoint R-HSA-69618	55143	55839	348235	1063	6396	79172	5048	80776	220134	151648	284058	119504	9183	401541	5903	10393	51143	3796	5526	701	9212	8379	79980	27338	54821	57405	81565	699	5527	23421	5501	1783	55746	79023	5529	55055	25909	6232	23279	81930	79682	10403	57122	8881	23332	1778	57082	64105	9184	22919	1780	55166	23122	332	7324	54908	5525	81929	64946	147841	9735	4928	79019	29882	2491	140735	151246	7321	51529	5519	5515	8655	10726	1781	996	29945	7514	1062	64682	84643	3619	11065	5905	1058	79902	80152	5347	246184	5528	54820	5518	55920	57551	8697	4085	11004	9793	6249	991	83540	11130	91687	51433	25906	5516	79003	348995
Mitotic Telophase/Cytokinesis R-HSA-68884	10112	9493	10735	8243	23383	5885	56937	25836	23047	23244	23063	5347	9126
Modulation By Mtb Of Host Immune System R-HSA-9637628	7316	567	7311	6233	4360	7097	7314
Molecules Associated With Elastic Fibres R-HSA-2129379	3685	7448	650	652	3696	8076	27302	3694	7042	8516	10516	30008	3688	2202	3690	4238	8200	4052	655	7040	7043	4239	4054	2192	4237	3693	8425	2199
Molybdenum Cofactor Biosynthesis R-HSA-947581	9054	10243	4337	55034	4338	27304
Mucopolysaccharidoses R-HSA-2206281	2990	3423	2720	4669	138050	2588	3425	2799	6677	6448	411
Multifunctional Anion Exchangers R-HSA-427601	1811	284129	10861	5172	65010	1836	115019	159963	115111
Muscarinic Acetylcholine Receptors R-HSA-390648	1129	1131	1128	1132	1133
Muscle Contraction R-HSA-397014	444	59285	8913	782	10142	6262	29766	480	2258	30818	53828	490	3709	3784	7169	2256	493829	5586	28996	56660	7138	8645	478	6330	5350	6324	4880	7414	3761	801	482	8912	3751	775	3767	2281	6547	483	25937	4626	59	9424	7137	4703	1066	5578	1482	59284	5585	10089	7094	10174	489	816	29765	2982	55800	8291	3757	1760	217	10768	309	7125	3710	10699	204851	54207	150350	6910	6335	7431	1193	800	140465	859	4624	7168	3770	60598	4638	6543	6261	10580	4636	487	83795	5349	3693	72	10008	302	4633	9254	3777	477	7837	2259	29895	6588	5348	6332	7170	23630	7140	59283	6323	3752	492	56659	8654	23704	818	89822	4632	486	6327	4634	6786	84876	6546	2983	30819	29767	10345	93408	89	3750	3775	4881	6263	53822	27092	481	4629	488	301	338567	4607	2257	7171	3672	817	6717	8557	7139	4606	4635	10641	3708	4621	7136	7276	3753	58498	6336	51305	6328	3768	10627	2626	815	3759	783	2977	29098	493	1756	7135	3776	4321	11280	4604	3741	50801	80333	6329	80228	25802	4878	7111	10060	340719	4637	9992	10398	6331	88	6326	7220	103910	30820	8850	1674	6334
MyD88 Cascade Initiated On Plasma Membrane R-HSA-975871	64127	5594	5608	3551	79155	51295	28511	7316	4208	6233	6500	7157	1147	28512	121457	5599	10454	246330	841	2668	1849	3656	6283	9097	1326	5600	4615	3654	9684	1848	131096	80216	5970	8454	351	6416	9683	4214	7867	5609	2353	7334	6196	7100	57162	177	8767	23118	3146	5604	10010	1385	8517	6195	81793	387522	7311	4791	84166	7189	79671	9252	5519	51135	5515	6285	5602	5606	92610	5601	5598	3229	57161	9261	6197	8945	1845	10392	6885	23291	1846	4790	5528	11274	5518	4793	4792	3725	1432	6289	4205	5516	5595	257397	51231	7314
MyD88 Deficiency (TLR2/4) R-HSA-5602498	114609	10333	2244	23643	6279	6280	948	4615	7096	695	7099	6271	3146	4695	2243	2266	7097
MyD88 Dependent Cascade Initiated On Endosome R-HSA-975155	64127	5594	5608	3551	79155	51295	28511	7316	4208	6233	6500	7157	1147	28512	121457	5599	10454	246330	841	2668	1849	3656	6283	9097	1326	5600	4615	3654	9684	1848	131096	80216	5970	8454	351	6416	7099	9683	4214	7867	5609	2353	7334	6196	3665	57162	177	8767	23118	3146	4695	5604	10010	1385	8517	6195	387522	54106	7311	23643	148022	4791	84166	7189	79671	9252	5519	51135	5515	6285	5602	5606	92610	5601	5598	3229	57161	9261	6197	8945	1845	10392	6885	23291	1846	4790	5528	11274	51284	5518	4793	4792	3725	1432	6289	4205	5516	5595	257397	51231	7314
MyD88-independent TLR4 Cascade R-HSA-166166	64127	5594	5608	3551	79155	28511	7316	29110	4208	6233	6500	7157	1147	28512	121457	5599	10454	841	2668	1849	3656	6283	9097	1326	5600	3654	9684	1848	131096	8772	80216	5970	7187	8454	351	6416	7099	9683	7867	5609	2353	7334	6196	3665	8767	177	23118	3146	4695	5781	5604	10010	1385	8517	6195	387522	7311	23643	148022	4791	330	7323	84166	7189	79671	7321	11035	9252	5519	8737	329	5515	23098	6285	5602	5606	92610	5601	5598	3229	9261	6197	8945	1845	10392	6885	3661	7322	23291	1846	4790	5528	11274	5518	4793	4792	3725	1432	6289	4205	9641	5516	5595	257397	51231	7314
MyD88:MAL(TIRAP) Cascade Initiated On Plasma Membrane R-HSA-166058	64127	5594	5608	3551	79155	51295	28511	7316	4208	6233	6500	7157	1147	28512	121457	5599	10454	246330	841	2668	1849	3656	6283	2243	9097	1326	5600	4615	3654	9684	1848	131096	7096	80216	5970	8454	2266	351	6416	11213	7099	9683	4214	7867	5609	2353	7334	6196	948	695	57162	177	8767	23118	3146	4695	7097	5604	10010	1385	8517	6195	387522	59307	7311	23643	4791	84166	7189	79671	9252	5519	51135	5515	6285	5602	5606	6279	92610	5601	5598	3229	57161	114609	9261	6197	8945	1845	10392	6885	23291	1846	10333	4790	5528	6280	11274	5518	4793	4792	2244	3725	1432	6289	8651	4205	6271	5516	5595	257397	51231	7314
Myoclonic Epilepsy Of Lafora R-HSA-3785653	378884	7311	7316	2997	6233	2992	5507	7314
Myogenesis R-HSA-525793	25	1013	9043	5608	4618	998	4209	4208	1499	100271849	4917	1495	50937	83439	6934	6300	1002	91653	4617	663	4654	6938	1432	4205	5600	4756	4656	1496	1000
N-Glycan Antennae Elongation R-HSA-975577	8128	8704	6484	8703	51046	9331	11320	25834	11282	338596	8702	6480	2683	9334	4249
N-glycan Antennae Elongation In medial/trans-Golgi R-HSA-975576	8128	8704	51046	3972	6480	9486	80168	4249	6484	4122	8703	1113	2517	2683	64377	4124	346606	11320	11282	2525	2530	9331	25834	8702	9334	338596
N-glycan Trimming And Elongation In cis-Golgi R-HSA-964739	116255	57134	79694	4121	10905
N-glycan Trimming In ER And Calnexin/Calreticulin Cycle R-HSA-532668	821	51035	5887	84447	10299	9761	55757	10956	55768	79139	7311	7316	811	91445	6233	64772	6400	51009	5589	11253	23193	55741	56886	7844	11236	267	80267	7415	2923	6048	5700	9695	10206	7841	7314
NADE Modulates Death Signaling R-HSA-205025	7531	836	4803	4804	27018	835
NCAM Signaling For Neurite Out-Growth R-HSA-375165	8128	784	2260	4893	8913	5594	782	785	1293	2675	1287	1291	4902	6654	6710	1284	5747	51332	783	776	4684	7903	1286	6712	1297	256076	6900	375790	6709	2668	9252	2674	3265	150350	6708	8912	2885	6714	1299	775	2534	131873	1385	57731	1463	6711	1282	5621	9048	779	1285	64096	5595	5623	5786	1292	1298
NCAM1 Interactions R-HSA-419037	8128	784	8913	782	785	1293	2675	1287	1291	4902	1284	783	776	4684	7903	1286	1297	256076	6900	375790	2668	2674	150350	8912	1299	775	131873	1463	1282	5621	9048	779	1285	64096	5623	1292	1298
NEP/NS2 Interacts With Cellular Export Machinery R-HSA-168333	129401	9818	7175	53371	6396	23511	79902	81929	26354	55193	9972	4928	55746	79023	9688	23165	26258	23225	10762	5901	5903	8086	23279	84659	57122	9883	9631	23636	8021	55706	7514	4927	348995	11097
NF-kB Activation Thru FADD/RIP-1 Pathway Mediated By Caspase-8 And -10 R-HSA-933543	64135	843	841	84282	7706	8772	8737	1147	3551	23586	8517	57506	89122
NF-kB Is Activated And Signals Survival R-HSA-209560	7316	7311	4792	7189	4790	6233	5970	4803	3551	8878	4804	3654	7314
NGF-independant TRKA Activation R-HSA-187024	4915	135	116	117	4914
NGF-stimulated Transcription R-HSA-9031628	5978	6446	131096	4066	1020	2354	23237	8061	7425	4209	1108	1958	2353	8941	2152	6457	2033	3397	4664	6236	2668	3400	429	4665	3399	7166	1961	6938	3727	1385	1960	10535	10221	1785	3398	1959	8851	6722	7018
NIK To Noncanonical NF-kB Signaling R-HSA-5676590	5693	8945	5706	5720	122706	5698	5719	5718	10197	8454	5717	5710	23198	23291	5687	143471	7311	7316	5696	5686	5699	6233	6500	5684	5685	5713	5683	4791	1147	5708	5682	5702	5701	5714	5689	5705	5721	10213	9039	5688	5692	5715	5690	9491	5971	5691	5711	5695	9861	9040	7979	5716	5709	5694	5700	9020	5704	7314
NOD1/2 Signaling Pathway R-HSA-168638	64127	64170	5608	387522	10392	3551	6885	834	83737	330	1147	6300	835	10454	7189	7334	841	329	3656	8767	23118	14	1432	5603	5600	842	3229	7128	837	1540	257397	8517	3654
NOSTRIN Mediated eNOS Trafficking R-HSA-203641	8976	342977	1785	857	115677
NOTCH1 Intracellular Domain Regulates Transcription R-HSA-2122947	79885	83933	9759	9978	2648	9611	51564	7090	26508	1024	8454	22938	7316	10046	7311	3065	55534	6907	6233	6500	10013	55869	892	23462	9612	9734	388585	7089	2033	4851	3516	8841	23493	84441	1387	4609	26960	3066	8209	7088	7091	10014	3091	8850	55294	79718	9794	7314
NOTCH2 Activation And Transmission Of Signal To Nucleus R-HSA-2979096	102	5663	57534	4853	7316	7311	5664	6233	55851	182	1272	9148	142678	83464	54492	28514	54567	51107	23385	3714	7314
NOTCH2 Intracellular Domain Regulates Transcription R-HSA-2197563	2033	10046	55534	3516	1385	3002	2208	9794	84441	4853	388585	8209
NOTCH3 Activation And Transmission Of Signal To Nucleus R-HSA-9013507	102	5663	57534	4904	1956	7316	7311	4854	5664	6233	55851	182	10460	9148	1950	142678	83464	54492	28514	54567	51107	11060	23385	3714	7314
NOTCH3 Intracellular Domain Regulates Transcription R-HSA-9013508	2648	26508	22938	10046	4854	55534	5087	23129	23286	23462	10320	171558	2173	388585	6772	2033	4851	3516	23493	84441	1387	9787	8209	8850	9794
NOTCH4 Activation And Transmission Of Signal To Nucleus R-HSA-9013700	102	51107	7534	5664	5663	55851	23385	182	4855	83464	54567
NOTCH4 Intracellular Domain Regulates Transcription R-HSA-9013695	2324	2648	4853	22938	10046	55534	23462	4855	388585	2033	4851	3516	4088	23493	84441	1387	8209	8850	59	9794
NR1H2 And NR1H3 Regulate Gene Expression Linked To Gluconeogenesis R-HSA-9632974	8204	6257	5105	6256	10062
NR1H2 And NR1H3 Regulate Gene Expression Linked To Lipogenesis R-HSA-9029558	2194	8204	6257	6319	27329	6256	7376	10062	6720
NR1H2 And NR1H3 Regulate Gene Expression Linked To Triglyceride Lipolysis In Adipose R-HSA-9031528	6257	6256	7376	10062	5346
NR1H2 And NR1H3 Regulate Gene Expression To Control Bile Acid Homeostasis R-HSA-9623433	6257	6256	2172	54659	9611	7376	8648	10062	9612
NR1H2 And NR1H3 Regulate Gene Expression To Limit Cholesterol Uptake R-HSA-9031525	6257	6256	29116	7376	10062
NR1H2 And NR1H3-mediated Signaling R-HSA-9024446	347	6256	54659	64240	9611	341	57690	19	6720	6907	8204	6257	27329	2172	23028	4343	344	5360	26523	9612	27327	2033	2194	6319	9619	5105	8841	348	8648	5346	64241	221656	27161	23112	2874	29116	7376	9682	192669	10062	192670	80820	10123	79718	1071	55818
NR1H3 And NR1H2 Regulate Gene Expression Linked To Cholesterol Transport And Efflux R-HSA-9029569	347	6256	64240	9611	341	57690	19	6907	6257	23028	4343	344	5360	26523	9612	27327	2033	9619	8841	348	8648	221656	64241	27161	23112	2874	7376	9682	192669	10062	192670	80820	10123	79718	1071	55818
NRAGE Signals Death Thru JNK R-HSA-193648	6453	25791	100271715	84033	22899	6035	23370	8874	23365	55701	121512	4804	6654	54848	445328	8997	26230	64857	2245	26574	128272	11214	5599	5924	84904	7984	55119	9181	6655	10451	55160	50650	7204	50649	1894	389337	10672	9826	9459	7409	9828	7410	57449	9500	27237	29	57580	26084	572	4168	23229	9639	4803	9138	23263	10018	7074
NRIF Signals Cell Death From Nucleus R-HSA-205043	7316	51107	7311	7189	5664	5663	6233	7314	55851	23385	4803	5599	8878	4804	83464	23421
NS1 Mediated Effects On Host Pathways R-HSA-168276	129401	5610	9818	7175	53371	6396	23511	79902	10898	81929	26354	3836	9972	4928	55746	79023	3839	402569	9688	23165	23225	10762	8106	5903	8086	23279	84659	3837	3838	57122	9883	3840	9631	8021	55706	9636	11097	4927	3841	348995	23636
Na+/Cl- Dependent Neurotransmitter Transporters R-HSA-442660	6539	6582	9152	6529	6540	11254	348932	6580	340024	6538	6536	6571	6534	6530	6570	54716	6533	6531	55117
Nectin/Necl Trans Heterodimerization R-HSA-420597	57863	23705	5818	25945	81607	5819	5817
Neddylation R-HSA-8951664	10517	140739	5720	51666	8450	51122	10197	51514	5717	4738	5687	23198	7316	5686	6233	54951	126433	5685	6500	5708	64410	26234	54165	5714	51088	10213	55832	10324	84961	28991	11091	123879	79269	5695	390594	51667	90864	5716	200845	80204	51725	3091	26268	26094	144699	140459	25793	55294	5700	5710	57542	26043	5693	80067	285231	122706	8835	79176	9978	55175	140825	90135	80176	5718	5931	8454	4780	92591	150684	9820	140458	143471	50813	5696	142689	8452	83987	140461	114907	5682	5701	79594	23363	123228	56995	5705	93611	150726	5721	10238	9817	10489	140462	56929	92369	201456	64344	9903	9021	5709	7704	26249	26235	23142	79016	8065	283807	5706	149951	5698	115290	401036	84259	84727	80028	142686	5719	55208	6502	142685	29099	222235	332	80344	23014	154881	7311	26224	51676	5699	79791	170622	26118	90293	27252	7323	55666	1643	10920	6921	23369	8883	136371	114769	6468	9039	10987	84541	5715	9318	7321	55884	84078	5690	5691	54461	7428	8878	9861	9040	9306	146330	7979	55336	8453	2034	4008	6923	899	54939	26263	84861	127247	8816	26267	5692	79754	8945	1154	89890	9655	7353	26190	26270	23038	7322	9616	23291	28952	8533	53339	26259	5929	5684	5713	10116	5683	8451	26272	25879	51397	5702	10980	50717	51665	5689	55958	140460	51138	26232	84261	8139	7347	140456	5688	55827	122769	11275	9491	10537	5711	23194	122416	54620	84085	2873	1161	5694	54876	7415	54850	1642	23113	5704	23412	7314
Nef Mediated CD4 Down-regulation R-HSA-167590	1173	3932	163	51606	920	161	1175	160
Nef Mediated CD8 Down-regulation R-HSA-182218	1173	926	163	51606	161	1175	160
Nef And Signal Transduction R-HSA-164944	2534	9844	1794	3932	919	5586	6035	3055
Nef Mediated Downregulation Of MHC Class I Complex Cell Surface Expression R-HSA-164940	567	8905	8907	1174	55690	162	164	130340	3105	10053
Nef-mediated Downmodulation Of Cell Surface Receptors By Recruitment To Clathrin Adapters R-HSA-164938	161	1175	1173	8905	926	163	920	55690	3105	10053	160	8907	51606	164	130340	567	3932	1174	162	940
Negative Epigenetic Regulation Of rRNA Expression R-HSA-5250941	255626	128312	64425	10284	8340	94239	2965	1786	51082	474382	8331	8819	23411	8341	2068	3015	3065	64174	64426	126961	3013	8338	2966	9013	8970	3014	3018	30834	10849	23309	102724334	2968	5435	55766	85236	84172	11176	221830	29115	3017	4331	5440	8467	23378	79595	79101	5441	51742	8349	8334	9014	2967	5434	902	8348	3020	3066	5437	6839	404672	2071	723790	25885	8345	25942	6908	9015	1022	79685	8342	7343	7270	1789
Negative Feedback Regulation Of MAPK Pathway R-HSA-5674499	5604	5594	673	5595	6037	5605
Negative Regulation Of FGFR1 Signaling R-HSA-5654726	2260	2250	2249	5594	8822	2255	2258	7316	7311	8074	6233	10253	2248	2251	5518	2246	26281	867	9365	10818	5515	27006	2885	2253	6714	5781	8569	3730	5516	2254	673	5595	7314
Negative Regulation Of FGFR2 Signaling R-HSA-5654727	2250	2249	2263	5594	8822	2255	2258	7316	7311	8074	6233	10253	2248	2252	2251	5518	2246	8817	26281	867	10818	5515	27006	2253	2885	6714	5781	8569	5516	2254	673	5595	8823	7314
Negative Regulation Of FGFR3 Signaling R-HSA-5654732	2250	2249	5594	8822	2258	7316	7311	8074	6233	10253	5518	2246	8817	26281	867	10818	2261	5515	2885	2253	6714	5781	8569	5516	2254	673	5595	8823	7314
Negative Regulation Of FGFR4 Signaling R-HSA-5654733	2249	5594	8822	2258	7316	7311	8074	6233	10253	2251	5518	2246	2264	8817	26281	867	9965	152831	10818	5515	2885	2253	6714	5781	8569	5516	2254	673	5595	8823	7314
Negative Regulation Of FLT3 R-HSA-9706369	27	2323	7311	7316	84174	1445	6233	867	8835	2322	10019	5795	51091	9306	7314
Negative Regulation Of MAPK Pathway R-HSA-5675221	11221	1848	4893	5594	1850	7314	1847	5536	5525	8844	1846	5527	7311	7316	5528	6233	5037	7529	11266	5529	80824	5518	6300	152559	1849	5519	3265	5515	5526	5605	5604	5595	1852	369	5516	673	4140	1844	6037	5774	5778
Negative Regulation Of MET Activity R-HSA-6807004	9101	10254	5770	6654	7316	7311	6233	30011	5771	9146	6457	6456	867	8731	6455	2885	8027	26018	2060	5795	7314
Negative Regulation Of NMDA Receptor-Mediated Neuronal Transmission R-HSA-9617324	4356	9647	114787	2904	8536	2905	2903	815	1739	816	814	818	22843	3996	2906	801	4355	88	4747	817
Negative Regulation Of NOTCH4 Signaling R-HSA-9604323	5693	5706	5720	5698	9978	5719	5718	10197	8454	5717	5687	7316	7311	5696	5686	5699	6233	6500	5684	5685	5704	5683	5713	5708	5682	5702	5701	5714	4855	5689	5705	10460	5721	10213	5688	5715	5690	9491	5691	5711	5695	9861	7534	207	5716	5694	5709	7979	55294	5700	5710	5692	7314
Negative Regulation Of TCF-dependent Signaling By WNT Ligand Antagonists R-HSA-3772470	79412	7474	6423	6422	27121	22943	89780	54361	83999	4040	27123	7483	4041	50964	11197
Negative Regulation Of Activity Of TFAP2 (AP-2) Family Transcription Factors R-HSA-8866904	7022	51741	79047	7020	7341	284252	339488	7329	7021	83741
Negative Regulation Of PI3K/AKT Network R-HSA-199418	5154	117145	2260	5594	8822	9846	2069	2258	2323	8074	3815	2322	5155	128869	2264	5290	3556	3643	9965	3630	2100	8870	5305	5526	2885	930	2534	5296	2099	8396	4615	685	2065	2254	3654	57761	5295	7039	5728	5159	8394	2255	10718	5527	23035	2252	5529	2251	255324	22883	391	29851	145957	152831	9365	1950	7409	2253	5781	207	5291	2066	6801	8823	8503	374	23396	2250	941	3667	6035	5525	1956	2248	9173	79837	7189	5519	4254	10000	51135	5515	8731	27006	6714	9542	50852	3932	8660	90865	942	2263	2249	8395	6654	5528	208	5518	2246	3084	8817	26281	1839	2064	10818	2261	5156	118788	5880	23239	5516	5595	940
Negative Regulators Of DDX58/IFIH1 Signaling R-HSA-936440	7318	9140	7187	3661	7322	7316	7311	9246	29110	6233	83737	7323	84166	51191	23586	9474	89122	79671	7321	54476	1540	57506	64135	7706	84282	9641	23037	8887	3093	9636	55593	7128	5094	54941	7314
Nephrin Family Interactions R-HSA-373753	4868	5295	4690	81	55243	8440	87	84063	8826	84623	5290	6709	8976	8573	23607	9863	89	2534	5296	5291	88	6711
Nervous System Development R-HSA-9675108	4893	9045	8913	2044	6188	6164	26019	8997	5576	9775	5708	6383	23380	10552	6130	79966	140032	8976	2197	6324	6205	5532	10095	1299	6210	6132	22794	24137	8851	5710	1641	6708	6227	1948	4440	122706	6091	287	6477	3786	6147	23365	5585	6155	10097	8218	1944	7224	3688	2596	5701	6138	55800	4318	5705	8829	55740	6160	7525	59277	6335	8828	4099	1272	51121	6195	2887	100133941	5698	23122	785	9723	6189	161	57113	6123	776	9046	10371	6323	1605	375790	6327	5715	57698	3912	5365	2932	288	6169	8453	91584	6167	1285	4756	214	25	5567	4651	6336	1175	6654	6663	5713	5683	9355	23032	1286	5702	6206	6300	23521	57556	2050	27255	9491	10752	5711	80031	5362	10398	6154	1945	1809	6326	7220	285643	7402	6334	53358	5595	7314	3678	6237	3897	6192	5594	23767	2675	11313	971	8515	4686	23198	4897	285704	23129	5685	6136	10487	1942	6193	10213	7204	2668	5453	2674	10096	116832	2885	9939	2534	5296	5603	55816	28998	131873	5600	25937	6143	4116	65110	8482	6141	3680	2051	5295	1969	51187	2107	1459	1291	9260	5664	30011	284217	7903	8633	55715	1793	2886	6196	5721	22883	6142	6203	9826	3066	10413	5604	55558	5709	1385	57522	2705	102	3685	4690	5979	4627	284656	3785	6332	6217	4359	6159	56956	6168	27289	5361	148738	9252	9079	220164	3326	5691	7225	5649	6093	10048	3674	6224	3908	3673	6923	5598	1981	6711	23385	6173	80728	64096	5692	1298	6197	5663	6453	1020	23708	3156	8022	6230	10298	5684	1284	5747	783	79784	7436	256076	2042	6456	10451	79948	2064	8986	6329	3265	4637	2676	3983	7305	6331	7223	6478	54209	9475	728378	5720	25873	1946	782	57453	3985	5687	7316	5686	10921	6129	5335	56963	2041	5290	10154	3984	6157	6207	5695	387	775	5716	6166	84448	6229	6586	1959	4478	200916	8650	6218	5693	784	9495	6228	6156	6194	5718	6161	6209	6201	140801	6710	1211	6092	1943	4736	6900	3996	150350	5781	5605	3312	5291	23332	6135	5909	5454	4628	6234	8128	23396	5588	10092	5719	998	6128	6175	9349	160	65109	5962	2817	27330	8731	6176	7979	5827	6223	1400	6721	3199	51466	6204	7852	2904	3915	6187	2048	1173	10507	1739	71	55851	1595	6712	57716	1297	23114	2242	11224	51065	11280	6235	2047	8506	1212	6170	4665	3320	51107	23053	6464	57731	1463	1785	64221	8831	389	6202	219699	2260	1821	25791	6181	6387	9846	8874	1287	22885	10197	5717	5217	6233	3921	10570	388	5586	5599	5714	6386	128869	3690	26052	6330	9037	6208	5216	7408	64218	8912	28964	5364	4313	1282	6144	779	1759	5700	6165	5623	5786	7074	4753	1292	5621	5578	4067	9978	1460	7430	143471	5696	7094	26986	90249	4684	10094	163	286	5682	9423	6232	89884	1808	6124	1949	5306	2909	5788	8503	5706	114787	1826	5568	6035	55110	1630	1956	6125	27	2049	7311	5699	352909	4650	116986	3670	8440	6921	6655	6709	56649	4664	1947	84059	5690	22916	10109	9861	83464	6714	9353	2045	4629	1796	1213	64283	8660	3672	6944	4356	2046	1293	6146	6171	4902	6328	6158	2935	10627	2043	6597	51332	57211	6122	285220	5689	7003	5688	10818	7410	9855	1432	137970	5694	103910	9048	56896	5704	6191	7222
Netrin Mediated Repulsion Signals R-HSA-418886	9423	219699	137970	90249	8633	1630	6714	5781
Netrin-1 Signaling R-HSA-373752	219699	5588	6091	4690	4651	1826	57453	6035	998	7430	6477	22885	1630	5585	57113	285704	5747	9353	5335	90249	7224	8633	116986	5599	1793	6300	56963	9423	8976	7204	148738	7225	59277	6714	5781	2534	1432	5306	137970	5603	7223	6478	5600	7220	3983	84448	6586	4756	7222
Neurexins And Neuroligins R-HSA-6794361	8825	4356	57555	57596	64130	54413	114787	2904	9369	22941	22829	50944	2915	9546	9456	347730	2905	143425	2903	341359	2035	55327	81858	10611	91683	9379	58512	22839	57502	6857	320	22871	8573	2911	3996	2906	127833	9066	321	9229	9378	9455	2036	4355	26045	2037	80059	23136	347731	6812	57669	9454	26037	6804	28988
Neurofascin Interactions R-HSA-447043	1272	4897	8506	286	1641	6386	23114
Neuronal System R-HSA-112316	2899	4893	54413	22999	3779	114	3766	55879	3781	5576	3755	320	4905	10313	2785	4916	55584	346562	2572	1134	10044	2554	23136	8499	79414	3762	131096	3786	2562	9312	3749	2905	6853	1312	10681	22865	3757	55799	22843	54207	6538	5330	127833	78999	108	10369	57497	83795	6854	6195	200959	9254	785	84254	2915	161	341359	59283	3788	56659	3743	89832	5571	1141	6580	57657	2788	6571	80331	9568	27092	2741	338567	2773	817	5562	5567	1175	9456	2319	610	81858	4137	815	4128	3741	3780	10550	8541	5595	2558	81033	107	1137	6505	5594	50944	6616	6833	5564	3784	2557	23416	348980	2556	2771	801	26960	55970	3767	57369	3748	3778	2770	23229	27163	11141	54331	10815	27094	9369	116444	2903	2791	51422	4900	7102	6196	217	777	18	1144	170572	2570	9229	27133	4193	84189	1385	347731	1146	8495	5331	57030	3783	3785	773	347730	7915	143425	2774	56479	5613	3752	22839	5565	818	113	27165	27012	2782	2911	4646	1145	26050	3750	3838	3746	2036	3756	26045	2787	84631	6804	6197	8825	60482	112	3772	22829	3768	3763	3759	783	3744	2560	22871	2571	1138	169522	26251	3265	10060	3359	88	3782	2569	7881	2783	782	8497	1142	5792	8514	3790	91683	111	3737	115	5563	2793	4355	10368	57669	125111	139065	6531	784	90134	9495	2742	59345	781	9132	2035	5789	9177	6507	27345	9256	1136	3996	3765	321	94030	3312	6812	4747	2743	6511	10645	6532	51764	2567	590	3745	5573	3738	160	89822	54407	774	23415	10021	2893	27330	9378	3775	2037	10211	23236	9454	2790	8973	2784	28988	80852	2904	2786	6582	1173	1739	6844	6540	5924	57502	6857	50801	2559	10537	27020	6572	80059	85329	26037	3764	5577	57555	56666	8536	8874	5582	5802	93107	6529	9379	3742	8496	3556	5579	3761	2897	28964	3751	9455	9424	2555	6506	5578	8224	57622	24145	1143	9546	6512	10089	816	163	3736	58512	200909	3773	5923	3758	5170	9066	26280	5575	3739	3770	2066	116443	2900	53632	114787	3777	5568	6035	22941	55327	8500	10497	140679	8001	2901	196883	6714	3787	2890	43	3747	2752	4356	6539	57596	57576	64130	9463	9647	51305	2892	2792	83988	10611	9196	814	3754	3084	3776	2566	2891	8573	81539	94235	2561	114798	2906	1135	170850	285242	5864	3760
Neurotoxicity Of Clostridium Toxins R-HSA-168799	9899	22987	6843	112755	6844	6616	127833	6857	9900	6804
Neurotransmitter Clearance R-HSA-112311	6531	6532	217	43	6580	4128	6582	590	1312
Neurotransmitter Receptors And Postsynaptic Signal Transmission R-HSA-112314	5577	2558	2899	2783	4893	107	1137	5594	1142	8536	8874	114	3766	5564	55879	5582	2557	5576	2556	111	115	320	4905	2771	5563	2785	5579	2793	3761	55584	801	346562	2897	26960	1134	28964	55970	4355	2554	10368	2770	23229	3762	2555	5578	54331	9495	2742	1143	59345	116444	2562	2905	2903	2791	51422	816	4900	7102	163	9177	10681	200909	3773	5923	6196	5170	1144	22843	1136	3996	3765	5330	170572	2570	5575	4193	2066	1385	108	10369	4747	2743	116443	2900	1146	10645	6195	200959	51764	5331	53632	2567	114787	5568	6035	84254	161	5573	2774	55327	5613	59283	5565	818	89832	113	160	5571	1141	8001	2782	2893	4646	2901	27330	1145	2788	196883	9568	6714	3838	2036	2890	27092	2741	2787	23236	2790	8973	2784	2773	817	6197	8825	4356	5562	64130	57576	9463	112	80852	3772	2904	5567	2786	9647	1175	2892	1173	3768	2792	83988	3763	4137	1739	3759	815	814	5924	3084	2566	2560	2891	8573	2559	94235	1138	2561	10537	3265	2906	1135	3359	27020	88	85329	285242	5595	2569	3760
Neurotransmitter Release Cycle R-HSA-112310	8825	8224	60482	6539	64130	6505	10815	8497	22999	6582	57030	6616	6512	7915	55327	8500	4128	6529	10497	6853	6844	6540	6857	320	6507	140679	27165	8573	54407	9256	6580	2571	18	6804	6538	10550	6571	2572	80331	10044	3312	6572	6812	8499	8541	6854	5864	6506	6511	27163
Neutrophil Degranulation R-HSA-6798695	57826	10788	4893	6402	5317	4126	7130	1520	2588	2919	5708	1075	5870	84329	1650	84766	7414	51143	6283	2720	230	401258	8836	80142	197	170482	5869	22918	353189	196527	10097	140885	5724	5701	2683	4318	3579	948	210	1834	55313	51552	6286	1778	138050	11333	317	5795	6037	89777	4353	11240	23191	5049	10075	29099	161	81619	1828	178	1118	150372	1827	2519	8895	2934	6317	8907	2212	3107	80331	2495	2665	2896	3848	5834	1938	719	6518	7276	1315	3687	10326	5713	5683	56888	5702	55860	80301	11322	10549	6556	5657	10562	1522	6590	1536	22875	9027	51719	8649	25801	388697	718	2444	967	9535	5873	527	2352	5594	3683	6616	7133	5328	3106	23352	634	10487	10249	10213	55832	5580	5236	93100	258010	84061	84418	9798	25824	283489	29952	2207	340061	101	51071	6282	3684	411	23406	4125	6793	10450	127829	272	2992	158747	5768	728	2204	2219	5709	963	5315	5478	51816	5023	102	2990	1604	3685	966	200576	7077	684	10288	5273	64114	23218	961	57020	1508	3105	54918	3916	5787	671	968	7226	3326	79148	5265	6093	10312	567	240	10043	54509	80184	1	23385	81618	976	5036	3417	5663	51125	81567	1471	51209	5476	1727	4790	6280	327	1991	4321	8778	79948	2799	8993	535	79895	221	2358	374395	6036	28956	23200	7305	1509	199675	58485	23601	64333	121260	22931	10855	6727	5547	5836	124583	8514	175	5686	410	5611	1511	160364	5695	3608	7520	387	57153	1794	2548	683	3920	5645	2950	79980	8288	4680	5718	5878	47	51806	4332	9725	5777	5199	391	4048	9545	51411	3837	3146	4695	7097	79792	3312	3615	1654	30	3728	84883	53831	1774	10092	302	5211	5719	6947	29108	978	10321	3934	1915	2760	10875	10694	6278	3689	823	83716	8655	387921	5908	6279	79930	8560	326624	2268	5175	5329	28988	154664	10577	8972	126014	441531	4033	5269	25852	8987	427	10576	23197	23114	9522	2040	7879	3577	10159	5004	3320	1729	23071	2512	5473	10555	55	3903	64129	23412	8566	10007	8694	51646	11026	27180	5717	4831	114790	5912	3482	2517	5589	6386	353	23593	1535	116844	4257	4718	10396	1378	10533	25797	2547	5005	11031	8635	6515	6993	932	1143	9761	1460	3310	8804	79888	388698	9218	56954	26578	54472	12	3074	5646	374403	965	51316	100049587	960	9145	8621	10493	26	1265	1088	945	5806	11010	3958	55754	5788	4069	6035	3303	94103	55276	53917	3163	3071	729238	10383	6709	57126	1476	4317	9861	1992	10970	10395	90273	222487	8773	5284	5799	338339	1116	8904	290	10890	441864	5539	1512	84376	8876	9342	2357	11001	10120	51162	8673	566	4973	56729	4057	8826	5689	1669	23526	84514	5906	55004	23250	10857	11314	23317	83858	1432	203068	6836	84658	201294	7415	5864	51382
Nicotinamide Salvaging R-HSA-197264	55739	1582	83594	54956	10135	9390	5743	5740	83666	93100	143	4837	54625	79668	84875	160728	56965	55328	128240
Nicotinate Metabolism R-HSA-196807	55739	1582	83594	54956	133686	10135	349565	9390	54981	5743	23475	5740	952	83666	93100	4907	143	4837	55191	54625	683	79668	65220	84875	160728	23057	27231	56965	55328	64802	128240
Nitric Oxide Stimulates Guanylate Cyclase R-HSA-392154	3708	27094	10846	3779	50940	5136	5138	5593	342977	2977	5152	2982	5592	8654	27345	2983	340719	10335	3778	5153	339345
NoRC Negatively Regulates rRNA Expression R-HSA-427413	255626	128312	64425	10284	8340	94239	2965	1786	51082	474382	8331	8819	8341	2068	3015	3065	64174	64426	126961	3013	8338	2966	9013	8970	3014	3018	30834	10849	23309	102724334	2968	5435	55766	85236	84172	11176	221830	29115	3017	4331	5440	8467	79595	79101	5441	51742	8349	8334	9014	2967	5434	902	8348	3020	3066	5437	404672	2071	723790	25885	8345	25942	6908	9015	1022	79685	8342	7343	7270	1789
Non-integrin membrane-ECM Interactions R-HSA-3000171	5578	5154	4921	3914	3685	7448	51399	9672	7276	780	3915	6382	2258	3910	10319	6385	284217	3911	1756	3688	5155	6383	87	1605	3690	84823	375790	8573	3339	3918	7057	3912	59277	3655	9378	7040	3908	3673	3693	7137	3691
Noncanonical Activation Of NOTCH3 R-HSA-9017802	51107	4854	5664	5663	4904	55851	23385	83464
Nonhomologous End-Joining (NHEJ) R-HSA-5693571	255626	128312	8340	10524	3981	10111	79184	55791	165918	8341	4361	51567	472	84142	580	27434	51588	8970	3014	3018	102724334	85236	7468	7518	7334	3017	51720	8290	8349	55775	9656	9577	64421	8348	9025	7158	7520	27343	8924	29086	7336	5591	8345	2547	9048	8342	79840	672	22976
Nonsense Mediated Decay (NMD) Enhanced By Exon Junction Complex (EJC) R-HSA-975957	9045	6192	25873	6181	5976	6188	6164	23381	4686	26019	10921	6233	3921	6129	6136	9775	55802	6130	140032	2197	6193	6208	6157	6205	6207	116832	9939	6210	6132	22794	28998	6166	6229	6143	6144	23049	200916	4116	65110	6165	6141	6218	6227	6228	6156	51187	2107	6194	6147	6161	6209	55181	6201	140801	6155	26986	6138	4736	5520	6232	6142	6203	6160	6124	23293	6135	6234	51121	6189	55110	6128	6125	6217	7311	6123	6159	55629	6175	6168	9349	65109	22916	5515	6169	9887	6176	6224	1981	6167	6173	6223	6204	23708	6146	6171	6187	6230	6158	2935	6122	6206	5518	23521	11224	51065	6235	6170	6154	56006	6202	6191
Nonsense Mediated Decay (NMD) Independent Of Exon Junction Complex (EJC) R-HSA-975956	9045	6192	25873	6181	5976	6188	6164	4686	6233	3921	6129	6136	6130	140032	2197	6193	6208	6157	6205	6207	116832	6210	6132	28998	6166	6229	6143	6144	200916	6165	6141	6218	6227	6228	6156	51187	2107	6194	6147	6161	6209	6201	140801	6155	26986	6138	4736	6232	6142	6203	6160	6124	6135	6234	51121	6189	6128	6125	6217	7311	6123	6159	6175	6168	9349	22916	6169	6176	6224	1981	6167	6173	6223	6204	23708	6146	6171	6187	6230	6158	2935	6122	6206	23521	11224	51065	6235	6170	6154	6202	6191
Norepinephrine Neurotransmitter Release Cycle R-HSA-181430	6812	9256	8500	6857	6580	8499	8541	4128	10815	6582	10497	6616	6844	8497	22999	5864	6571	6804
Notch-HLH Transcription Pathway R-HSA-350054	79885	83933	9759	2648	9611	51564	4853	22938	10046	4854	3065	55534	6907	10013	55869	9612	9734	4855	4851	3516	8841	84441	1387	3066	10014	8850	79718	9794
NrCAM Interactions R-HSA-447038	4356	4897	8828	1739	3996	286	6900
Nuclear Envelope (NE) Reassembly R-HSA-2995410	129401	91782	9818	79861	7277	51807	983	53371	6396	4000	23511	5905	79902	3842	891	81929	221496	1104	9133	79643	27243	22933	84617	4928	8815	10382	55746	23141	79023	27183	7444	7280	5518	7278	9688	5520	23165	10383	25909	7112	3930	347733	5901	112714	347688	7341	7846	23279	6683	25978	5515	3837	7329	57122	10376	113457	200014	203068	9883	9631	128866	92421	4001	10381	7443	55706	2010	84790	23592	348995	23636	9798
Nuclear Envelope Breakdown R-HSA-2980766	5578	129401	9818	7175	983	53371	6396	4000	23511	79902	891	81929	221496	5347	9133	9972	4928	8815	55746	79023	7444	9688	255919	23165	23175	7112	23225	91754	10762	5903	5579	8086	23279	84659	10783	4927	57122	9883	140609	9631	8021	4001	7443	55706	2010	23399	11097	64900	9663	23592	348995	23636
Nuclear Events (Kinase And Transcription Factor Activation) R-HSA-198725	6197	5978	6195	6446	1848	131096	5594	4066	1845	1020	2354	23237	1846	8061	7425	4209	4208	5528	1108	1958	5518	2353	8941	2152	6457	2033	3397	6196	4664	2668	3400	6236	9252	1849	429	5519	5515	4665	3399	7166	1961	6938	3727	1432	4205	5600	1385	1960	5598	10535	10221	1785	3398	5516	1959	8851	5595	6722	51231	7018	9261
Nuclear Pore Complex (NPC) Disassembly R-HSA-3301854	129401	9818	7175	983	53371	6396	23511	79902	891	81929	9133	9972	4928	55746	79023	9688	23165	23225	10762	91754	5903	8086	23279	84659	10783	57122	9883	140609	9631	8021	55706	11097	4927	348995	23636
Nuclear Receptor Transcription Pathway R-HSA-383280	9572	2104	29982	7181	5241	6256	6097	7068	9611	8930	4929	2063	7421	5915	6927	2516	7067	3164	6257	9971	5914	6095	6258	9612	7025	2649	9970	7182	5467	2494	5916	2908	2101	190	8856	2100	3174	8431	7101	4306	2099	9975	2103	126382	7376	5465	29959	10062	5468	8013	10002	374
Nuclear Events Mediated By NFE2L2 R-HSA-9759194	5720	10197	7975	5717	5687	7316	23657	5686	6233	6500	5685	5708	7296	5714	10213	4609	5695	5716	5700	5710	5693	140809	9978	2938	5718	8454	4780	5696	5682	5701	5705	2033	5052	5721	5709	5706	5698	5719	7311	5699	1029	26227	5715	5690	5691	2932	8878	9861	7979	3162	5692	57717	7086	3417	8945	83990	2730	5684	5713	5683	2729	5702	6888	5689	4851	5688	468	9491	2940	8266	4097	5711	1387	1728	5694	2936	5704	7314
Nuclear Events Stimulated By ALK Signaling In Cancer R-HSA-9725371	5594	9978	2335	6194	6776	8454	1051	3799	6500	6774	238	4869	51530	4204	27436	10535	1213	597	5595
Nuclear Import Of Rev Protein R-HSA-180746	129401	9818	7175	53371	6396	23511	79902	81929	1104	9972	4928	55746	79023	9688	23165	23225	10762	4869	5901	5903	8086	23279	84659	3837	57122	9883	9631	23636	8021	55706	4927	348995	11097
Nuclear Signaling By ERBB4 R-HSA-1251985	6678	5241	5663	6387	9611	6776	6868	2069	10718	5664	10608	55851	3084	1839	9318	145957	348	2670	23118	83464	10413	6714	3925	51107	6285	9542	2099	2066	11033	685	23385	51741
Nucleotide Excision Repair R-HSA-5696398	8554	8450	7316	5427	4798	6233	2966	9557	29844	7515	7341	2967	902	404672	5437	56949	6917	93973	121227	6119	25885	142	2965	5982	9978	6573	5424	2068	50813	5984	5432	10450	7874	2067	2968	5435	2033	7334	56655	54107	7329	2071	5431	10038	10445	10401	26018	125476	54617	5425	7508	85015	5985	5887	86	8178	7311	51426	1643	10920	54778	84172	4331	5440	5433	10987	5886	5439	9318	2073	5441	3150	2074	57654	7507	5434	6613	5430	5111	5438	7336	1022	27339	283899	1069	8533	9716	8451	5983	2072	5436	10980	54891	51138	7528	2873	1161	5426	57804	10714	91603	83444	79913	1642	728378	8607	7314
Nucleotide Biosynthesis R-HSA-8956320	10606	3615	5198	158	471	730249	80347	159	7372	8833	1723	2618	122622
Nucleotide Catabolism R-HSA-8956319	9997	5539	51251	7498	22978	954	56985	84618	957	1807	9583	151531	1806	377841	53343	79873	25939	9615	3704	64902	955	11164	7378	4521	4907	10591	57089	953	56953	55270	51733	131870	956	30833
Nucleotide Salvage R-HSA-8956321	9997	5539	161823	270	271	1716	978	51292	151531	100	132	3251	272	353	7084	7083	7378	1633	54963	8226	83549	2766	7371
Nucleotide-binding Domain, Leucine Rich Repeat Containing NLR Signaling Pathways R-HSA-168643	64127	64170	598	22861	5608	114548	24145	5970	10392	3551	6885	387522	29108	58484	10910	351	4790	834	83737	5027	4791	330	1147	6300	835	10454	7189	7334	841	25828	3326	329	3656	1540	8767	23118	596	14	1432	5603	5600	10628	9051	3162	842	3229	7128	837	4210	257397	8517	3654	9447
Nucleotide-like (Purinergic) Receptors R-HSA-418038	5030	134	2840	64805	5028	5031	2846	136	53829	9934	135	27334	140	10161	5029
O-glycosylation Of TSR Domain-Containing Proteins R-HSA-5173214	9509	11095	11173	11096	56999	11093	140766	80070	9507	81792	11174	170691	221981	170690	7058	5199	9510	81794	9037	171019	170689	10418	7057	92949	57188	339366	10417	79875	54437	55901	170692	9508	54507	23275	157869	9719	145173	80731
O-linked Glycosylation R-HSA-5173105	283463	84752	11096	29071	10331	6484	2589	81792	4586	11174	727897	7058	81794	9037	171019	7057	339366	442117	10417	170692	54507	148789	6482	140687	55568	145173	84002	80731	63917	200958	192134	2650	79695	11227	29954	51146	2591	221981	9245	120071	84892	11226	5199	9510	143662	10418	92949	10610	168391	50614	27090	9719	9334	94025	9509	11173	56999	6487	93010	84197	2590	79623	80070	9507	6480	4583	1605	170689	57188	256435	79875	9508	56913	4589	9215	374907	4582	11095	26290	11093	140766	10071	146712	170691	79369	170690	394263	4588	56667	374378	10678	10585	54437	55624	11041	55901	6483	140453	23275	4585	9331	157869	118430	10164
O-linked Glycosylation Of Mucins R-HSA-913709	84002	283463	84752	6487	26290	200958	93010	29071	192134	10071	118430	2650	146712	2590	79695	79623	6480	10331	6484	2589	11227	4586	63917	51146	79369	2591	4583	727897	9245	11226	394263	4588	56667	4582	374378	143662	10678	442117	256435	6483	140453	56913	55568	10610	4585	168391	4589	9331	50614	6482	140687	27090	9334	374907	10164	94025
OAS Antiviral Response R-HSA-8983711	8638	6041	4939	4940	4938	201626	2316	6059	23586
Olfactory Signaling Pathway R-HSA-381753	283162	127077	219982	390190	8383	114	81099	401665	401994	390072	390431	219482	8386	403278	26664	390199	138804	119772	390083	284532	390201	81168	127066	391109	391114	338674	390157	441308	255725	219464	81442	391195	134083	219432	341276	390063	26496	390064	219954	403282	391191	402135	26658	81285	442191	390168	390429	390321	286365	219487	256148	219870	26189	341799	26648	126370	26531	219874	219447	65055	8390	219869	219438	26693	390061	162998	144124	390067	119749	219469	219965	344892	138803	135948	26341	4991	4995	9355	81328	4994	81797	26696	81300	122742	403257	390261	390323	119682	403284	138883	81697	138799	442194	219958	26219	282763	119678	81392	120065	283159	219986	138881	119764	441639	346517	57101	390275	1879	442185	392391	390155	390181	390075	401993	81466	390264	390038	390445	79544	504190	79339	393046	26339	79346	81282	219428	121364	81469	390883	119687	219431	79317	120796	219453	390054	128366	219858	26212	219477	391190	26595	219484	132112	138882	81327	403273	2774	390892	79310	26493	392138	135924	196335	8392	121130	119694	390058	254973	81127	219493	391211	391107	26248	9079	390439	2782	119774	403253	392392	219479	392309	254786	390441	125963	403274	441933	119695	286362	143503	127385	346525	26529	26476	219873	390148	338751	4993	1258	390265	390077	79290	26689	26188	401666	403239	391194	26533	283297	390260	283160	392376	442361	401427	79334	390271	120775	390437	79549	135946	120793	23538	125962	390084	283694	219436	390433	127074	390081	441608	389090	219437	390882	390648	338662	284521	390195	127059	338755	390059	347468	390036	79541	120066	401992	122740	219957	390144	254879	1260	441669	387748	390154	81448	283092	51764	390093	138805	390442	130075	26707	26338	26539	1262	219473	8388	338675	390142	219968	56656	81050	81309	128367	219981	347169	442184	442186	26538	121129	26735	283093	390191	391192	282775	391189	343173	390649	403244	219983	341418	127068	390078	343169	26740	81696	391196	138802	390152	79324	390326	341152	343172	125958	119765	283111	390197	119692	219875	341416	124538	219865	391112	150681	219952	26245	128371	26211	79295	7932	127062	79296	128368	128372	285659	390151	26494	26246	120787	158131	81318	403277	119679	390327	26692	126541	347168	26716	4992	143502	390066	120586	283189	81470	81341	441670	135941	284383	79345	284433	392390	8387	219429	127064	120776	26534	81472	219956	79482	282770	256144	390113	81061	401667	127069	26659	343171	26333	340980	254783	26737	390079	390162	26687	8590	343406	144125	26532	390167	219959	283365	219960	127623	121275	79473	219417	10798	122748	390037	128360
Oncogene Induced Senescence R-HSA-2559585	199699	2114	1031	5594	1021	2107	1032	7311	7316	6233	4343	1869	7157	1871	1029	26523	7029	7027	27327	2113	3397	1019	1870	1030	4193	23112	5925	192669	4194	192670	5595	57690	7314
Oncogenic MAPK Signaling R-HSA-6802957	5245	4893	5594	1850	10142	8087	8844	10256	4296	5037	3690	11044	1849	7414	9715	801	2243	22906	10533	23164	5500	409	27044	1848	2266	54518	5501	7094	816	57085	7450	8805	55109	5605	5604	4763	4140	6037	11221	2335	4000	10827	3717	80853	7529	80824	399473	9061	818	22808	6714	54845	5908	3674	1852	673	817	56829	283455	22866	9444	815	408	8036	8826	161742	200734	5906	2244	55750	3265	1185	1445	369	57670	10018	5595	8546
Opioid Signaling R-HSA-111885	5577	2783	107	5594	114	4988	2776	3709	5582	5576	111	115	2771	5580	2785	5321	2793	5532	801	346562	26960	55970	5443	2770	5142	5578	5533	54331	59345	2769	2791	5136	5173	816	5137	10681	5141	10768	3710	84152	5330	5575	1385	108	5153	10645	51764	5331	5568	84254	5534	5573	2774	5613	818	113	5332	5519	2782	2788	5515	196883	3838	2787	23236	2790	2784	2773	817	5499	112	156	3708	5567	2786	1020	2792	5528	9630	815	814	5144	2767	5518	94235	5143	5530	5516
Opsins R-HSA-419771	10692	94233	221391	101060233	5995	6010	5956	23596
Orc1 Removal From Chromatin R-HSA-68949	5693	4172	5706	23595	1017	5720	122706	5698	6502	9978	8900	5719	4173	5718	10197	8454	5717	5710	23198	5687	143471	7311	7316	5696	5686	5699	6233	4174	6500	5684	5685	5704	5683	5713	5708	5682	5702	5701	5714	5705	5689	5721	10213	5688	5692	5715	5690	9491	5691	5711	5695	9861	83884	4176	10166	5001	7979	5716	5709	5694	990	5000	23594	5700	84515	4175	890	81620	7314
Orexin And Neuropeptides FF And QRFP Bind To Their Respective Receptors R-HSA-389397	3060	64106	8620	10886	347148	84109	131450	3061
Organelle Biogenesis And Maintenance R-HSA-1852241	9572	79441	11020	1639	5577	7277	84303	5147	10142	585	10891	64216	28981	22897	6950	51259	9662	91147	3842	10806	9657	5564	79135	23059	4209	5048	4208	5442	27241	80776	9551	117177	60412	10499	54806	54801	132320	516	2668	79659	79809	5563	79598	11336	55764	10989	22995	801	54536	89891	11064	521	27109	10575	6991	26160	5600	5310	8766	64784	4735	23322	166379	11232	102800317	513	5578	55835	582	55763	4580	80142	6604	55559	57728	583	22981	23054	79600	440574	23408	10640	6742	54205	517	9814	51422	2847	7531	92482	10013	200894	125988	26005	56623	55212	23373	11258	23265	8195	8841	25865	10632	55735	1260	8648	84131	55770	509	403	54585	10476	57545	10733	55755	498	80205	23332	1385	1778	54903	9727	255758	57539	57787	51134	22919	3313	80321	55125	11190	522	10651	6256	53632	64792	8481	6753	518	27077	9611	26123	7019	514	23354	6010	8100	123016	85441	192668	200132	121441	95681	10382	11116	55722	1262	3797	146057	7532	55902	5565	140735	26146	10383	11127	5571	378	10694	23410	200186	22920	79738	8655	5108	83657	10498	84100	9702	9738	4957	7203	80184	1781	129880	506	261734	4218	84747	9321	211	54927	25813	4867	10540	79959	83658	7846	390916	55142	84902	80173	2747	22832	286826	4899	57576	22948	983	7978	133522	56652	51106	1069	8930	79969	22994	54498	5347	54930	6907	7283	149371	4751	8636	814	80254	54820	5518	9371	79867	10576	9742	6300	84808	515	347240	539	55112	90410	51098	57560	2101	115106	112752	2551	3418	50807	1387	1258	9793	51626	23082	2746	3320	139322	1432	203068	56912	3054	23409	7840	93323	1453	5465	8834	10121	55081	85302	79718	5116
Organic Anion Transport R-HSA-561048	116085	10864	9376	55867	9356
Organic Anion Transporters R-HSA-428643	246213	57084	79751	57030	83733	160728	6568	1468	26503	6528
Organic Cation Transport R-HSA-549127	6581	55356	6584	6580	6582	85413	861	6248	5002	6583
Organic Cation/Anion/Zwitterion Transport R-HSA-549132	6581	116085	10864	55356	6584	6580	9376	6582	55867	85413	861	9356	6248	5002	6583
Other Interleukin Signaling R-HSA-449836	200081	1436	1441	6616	146433	6382	5803	3588	6844	920	6810	1435	5657	9235	282618	836	7297	6809	6813	163702	3716	3603	1440	6804
Other Semaphorin Interactions R-HSA-416700	9723	971	10507	23129	3688	5361	57556	9037	10154	64218	5365	80031	5362	7305	91584	54209	5788	8482	3672
Ovarian Tumor Domain Proteases R-HSA-5689896	64127	56957	79589	983	7187	10392	5728	79155	10318	7316	78990	7311	6233	7157	54764	23252	23586	89122	7189	7321	161725	8737	80124	8767	5624	57506	387	64135	2099	7706	84282	7415	55593	7128	79931	55432	8517	55611	7314
Oxidative Stress Induced Senescence R-HSA-2559580	128312	1031	5594	5608	474382	8331	3456	5928	7316	3015	6233	7157	2146	5599	80012	8726	1019	1030	5600	8345	8342	255626	84733	1021	6015	5931	8341	6045	6416	4343	8338	1869	3014	3018	7867	102724334	5609	26523	2353	85236	27327	3017	4217	25828	8349	4193	723790	4194	23466	94239	8535	23135	7311	3013	1871	1029	7029	55766	23043	8550	5602	5606	23112	5601	50488	9261	8340	1032	57332	126961	23512	8970	7027	1912	8334	3725	1870	8348	3020	1911	1432	22955	192669	9448	192670	5595	57690	7314
Oxygen-dependent Proline Hydroxylation Of Hypoxia-inducible Factor Alpha R-HSA-1234176	5693	5706	126374	5720	122706	5698	9978	5719	5718	10197	54583	5717	7322	23198	5687	143471	7311	7316	5696	5686	5699	6233	5684	5685	5713	5683	7323	112399	5708	5682	5702	5701	5714	6921	5705	5689	5721	10213	84962	5688	5692	5715	7321	5690	9491	5691	5711	7428	5695	9861	64344	7979	5716	5709	5694	8453	2034	3091	6923	5700	5710	8994	5704	7314
P2Y Receptors R-HSA-417957	5030	2840	64805	5028	5031	2846	53829	9934	27334	10161	5029
PCNA-Dependent Long Patch Base Excision Repair R-HSA-5651801	5985	5982	328	6573	5424	5984	5427	5983	84172	2237	56655	54107	5426	26018	10714	57804	5111	6119	25885	5425	11232
PCP/CE Pathway R-HSA-4086400	6259	5720	8202	10197	5717	23198	5687	7316	5686	5582	6233	5685	6095	5708	5714	10213	5579	5216	5695	23513	387	5716	1857	144165	1856	57154	5700	5710	409	5578	5693	122706	5718	143471	8322	5696	1211	64750	163	5682	5701	5705	8324	5721	7481	5709	2535	23002	5706	5698	50855	5719	6035	161	7471	7311	7474	5699	160	57216	5715	5690	5691	54361	8321	9861	7979	8325	1213	8326	5692	1175	1173	5684	5713	5683	8323	81029	5702	5689	5688	1212	9491	5711	5880	5694	5704	7314
PD-1 Signaling R-HSA-389948	5133	3118	29126	916	920	5777	3127	915	919	3117	3126	5781	1445	3122	3932	3120	3113	3123	3125	80380
PECAM1 Interactions R-HSA-210990	4067	3635	2534	3685	3932	5335	6714	5175	7525	5777	5781	3690
PERK Regulates Gene Expression R-HSA-381042	167227	3309	1649	1051	51010	118460	9709	6347	1968	8894	54512	8570	4800	3484	9451	4801	468	23016	5393	440	1054	51013	3576	22926	5073	1965	22894	4802	23404	467	11340	56915
PI Metabolism R-HSA-1483255	5783	9896	81544	64419	5867	5294	5290	388121	90809	5305	8898	5296	8396	22876	377	3635	30849	8821	5295	55300	51573	5728	8394	660	5298	5286	8871	5287	56623	93492	22883	80230	9108	9107	51552	5291	9110	5868	8503	23396	55697	3636	200576	8867	23760	25816	8776	79837	22874	23533	5297	54477	55361	133121	79626	54893	3631	79153	7179	54545	8395	8897	51763	284161	27124	4952	10908	6305	59338	375775	5289	66036	126282	84725	4534	22908	81846	65977	5288	146850	59339	57664
PI-3K cascade:FGFR1 R-HSA-5654689	2260	2250	2249	5295	8822	2255	2258	8074	2248	2251	2246	128869	5290	26281	9365	10818	27006	2885	2253	5781	2254
PI-3K cascade:FGFR2 R-HSA-5654695	2250	2249	2263	5295	8822	2255	2258	8074	2248	2252	2251	2246	128869	5290	8817	26281	10818	27006	2885	2253	5781	2254	8823
PI-3K cascade:FGFR3 R-HSA-5654710	5290	8074	2885	8817	26281	2250	2249	5295	8822	5781	2254	10818	2261	8823	2246	128869	2258	2253
PI-3K cascade:FGFR4 R-HSA-5654720	2249	5295	8822	2258	8074	2251	2246	128869	2264	5290	8817	26281	9965	152831	10818	2885	2253	5781	2254	8823
PI3K Cascade R-HSA-109704	117145	5140	2260	2250	2249	2263	30849	57761	8822	5295	3667	9846	54106	2255	2258	2323	8074	2248	2252	208	2322	2251	2246	128869	2264	5290	8817	26281	5170	9965	152831	9365	5289	10818	2261	27006	2253	2885	5781	5296	5291	2254	8823	8660
PI3K Events In ERBB2 Signaling R-HSA-1963642	5290	9542	3084	10718	2066	1839	2064	145957	5295	685	2065	1950	2885	1956	128869	2069
PI3K Events In ERBB4 Signaling R-HSA-1250342	5290	9542	10718	2066	1839	5295	145957	685	3084	2069
PI3K/AKT Signaling In Cancer R-HSA-2219528	5154	2260	7249	8822	55615	9846	2069	2258	2323	8074	3815	2322	1147	5155	84335	128869	2264	5290	64223	9965	2100	2885	930	5296	2534	2099	685	2065	2254	2308	5295	7039	5728	5159	2255	10718	4303	2252	2251	255324	22883	391	29851	5170	145957	152831	9365	1950	7409	2253	5781	4193	207	5291	2066	1385	6801	8823	8503	374	2250	941	3667	6035	1956	2248	4254	10000	2932	8731	27006	6714	9542	572	50852	3932	842	2309	8660	942	2263	2249	253260	6654	3164	208	2246	3084	1026	8817	26281	1839	2064	2931	10818	2261	5156	118788	5880	79109	6199	1027	2475	940
PI3K/AKT Activation R-HSA-198203	387	5290	5296	5291	5295	3667	4803	8660	4914
PI5P Regulates TP53 Acetylation R-HSA-6811555	2033	8396	23037	7157	5608	79837	90809	5305	54556
PI5P, PP2A And IER3 Regulate PI3K/AKT Signaling R-HSA-6811558	5154	2260	5594	8822	9846	2069	2258	2323	8074	3815	2322	5155	128869	2264	5290	3556	3643	9965	3630	2100	8870	5305	5526	2885	930	2534	5296	2099	8396	4615	685	2065	2254	3654	5295	7039	5159	8394	2255	10718	5527	2252	5529	2251	255324	22883	391	29851	145957	152831	9365	1950	7409	2253	5781	207	5291	2066	6801	8823	8503	374	23396	2250	941	3667	6035	5525	1956	2248	9173	79837	7189	5519	4254	51135	5515	8731	27006	6714	9542	50852	3932	8660	90865	942	2263	2249	8395	6654	5528	5518	2246	3084	8817	26281	1839	2064	10818	2261	5156	118788	5880	5516	5595	940
PINK1-PRKN Mediated Mitophagy R-HSA-5205685	54543	9140	100188893	401505	7316	7311	56993	84557	10452	5071	6233	9927	51001	55669	9474	7416	65018	8878	9804	9868	81631	7314
PIP3 Activates AKT Signaling R-HSA-1257604	5154	117145	2260	5720	7249	5594	8822	55615	9846	10197	5717	2069	2258	57459	5687	2323	8074	3815	23198	5686	5928	6233	1108	57167	10273	5685	4734	7157	80351	2322	1147	2146	5155	5708	54815	5714	80012	84335	128869	2264	5290	10213	2668	3556	8726	3643	9965	64223	3630	2100	8870	5305	5695	5526	2885	930	11060	2534	5296	2099	5716	8396	4615	685	2065	2254	23608	9219	5700	6591	5710	5468	5987	2308	3654	2122	5693	84733	57521	122706	57761	5295	64121	7039	5728	1460	6015	1459	5159	8394	5718	5931	2255	10718	5527	143471	5696	4303	9218	23035	6045	4343	2252	9112	8975	7874	5529	23252	5701	26523	5682	2251	5705	255324	5371	27327	5721	22883	391	29851	5170	145957	8841	152831	9365	1950	7409	3066	2253	7101	5781	27161	4193	207	5709	5291	2066	10014	1385	6801	8823	23466	8503	374	58528	5978	23396	10670	5706	2250	5698	8535	941	3667	5719	51564	6035	5525	1956	7311	5699	2248	5704	9173	79837	57504	1958	23186	6009	7189	7316	331	81847	80243	64180	5715	1822	5519	5690	4254	5691	10000	2932	51135	5515	9861	8731	27006	6714	7979	9542	23112	572	50852	3932	8658	842	246175	3229	2309	8660	5692	90865	389541	942	2263	2249	8395	253260	10542	1107	6654	57332	3065	3164	5528	84232	23028	5684	5713	5683	208	23512	5702	5518	2246	3084	5689	10325	1026	8817	26281	55004	153129	5688	1839	2064	1912	9491	5711	3725	2931	10818	2261	5156	118788	5880	28956	6615	79109	8649	1911	5694	2444	22955	6199	23239	5516	1027	192669	2475	192670	5595	57690	940	7314
PIWI-interacting RNA (piRNA) Biogenesis R-HSA-5601884	55124	4603	201164	54514	9271	56165	143689	5432	54456	11022	5435	5436	5433	5440	5439	5441	5434	5430	84944	5437	5431	8468	3320	221400	122402	5438	113802	91646	136991
PKA Activation R-HSA-163615	5578	5573	5577	26960	107	112	108	5567	5576	111	5575	5568	115	114	801	196883	113
PKA Activation In Glucagon Signaling R-HSA-164378	5578	5573	5577	107	112	108	5567	2778	5576	111	5575	5568	115	114	196883	113
PKA-mediated Phosphorylation Of CREB R-HSA-111931	5578	5577	107	112	5567	5568	114	5573	5613	5576	111	115	113	801	26960	196883	5575	1385	108
PKA-mediated Phosphorylation Of Key Metabolic Factors R-HSA-163358	5578	5567	5568	51085	5207
PKMTs Methylate Histone Lysines R-HSA-3214841	2122	64754	63976	5970	29072	55904	5931	387893	55870	5928	79813	5929	4790	126961	10919	23512	4791	55729	2146	80854	121536	4297	9757	84444	64324	7468	83852	8726	56950	8085	11091	54904	9869	58508	84193	84661	6839	79918	51111	56979	79723	9070	9739	84787
PLC Beta Mediated Events R-HSA-112043	5578	5577	5331	107	112	156	3708	5594	5567	5568	84254	114	2769	5573	2776	5613	3709	5582	9630	5136	815	816	5576	111	814	115	2767	5137	818	113	5332	10768	5580	3710	5321	5330	801	26960	196883	3838	5575	1385	108	23236	5153	817	10645
POLB-Dependent Long Patch Base Excision Repair R-HSA-110362	2237	26018	142	328	54936	670	11232	10038
POU5F1 (OCT4), SOX2, NANOG Activate Genes Related To Proliferation R-HSA-2892247	2041	7547	57167	55211	6774	6299	27022	79923	2649	2258	6657
POU5F1 (OCT4), SOX2, NANOG Repress Genes Related To Differentiation R-HSA-2892245	1045	8848	8320	145258	79923	22943	2627	3087	6657
PP2A-mediated Dephosphorylation Of Key Metabolic Factors R-HSA-163767	5528	5519	51085	5516	5207	5515	5518
PPARA Activates Gene Expression R-HSA-1989781	9572	51129	29079	55090	10891	8800	1024	2222	8202	123	9477	55588	81857	2274	6095	7296	10499	4593	29841	196	1376	9915	5468	9088	199699	9969	6604	51	9439	2168	375056	57761	23054	6720	1543	84498	4800	9612	84246	2033	4862	4801	948	8841	1579	5244	8648	34	80205	51003	11010	335	2874	4802	10062	1581	9442	9968	9575	219541	6256	9611	10001	116519	19	85441	6837	6257	2180	26230	9971	892	27063	23389	9441	51586	27242	9443	54600	9862	9440	10498	7376	211	57717	376497	286826	4899	6721	9412	133522	8930	400569	3157	3156	6907	90390	50486	112950	3158	9967	2101	1387	23097	54797	10025	406	189	9282	1374	80306	5465	6822	57491	64333	79718
PRC2 Methylates Histones And DNA R-HSA-212300	255626	128312	8340	94239	1786	474382	8331	22823	26147	5931	8341	5252	5928	3015	126961	3013	8338	3720	23512	8970	3014	2146	3018	102724334	121536	55766	85236	1788	3017	8726	8349	8334	8348	3020	723790	8345	8342	1789
PTEN Regulation R-HSA-6807070	5720	5594	10197	5717	5928	57459	5687	23198	7316	10273	5686	80351	6233	1108	57167	4734	5685	7157	2146	5708	54815	5714	80012	10213	2668	8726	64223	5695	11060	5716	6591	23608	9219	5700	5987	5710	5468	2122	5693	84733	57521	122706	64121	5728	1460	6015	1459	5718	5931	143471	5696	9218	6045	4343	9112	8975	7874	23252	5701	26523	5682	5705	5371	27327	5721	8841	3066	7101	27161	207	5709	10014	23466	58528	5978	10670	5706	5698	8535	5719	51564	7311	5699	57504	1958	23186	6009	331	81847	80243	64180	5715	1822	5690	5691	10000	9861	7979	23112	8658	246175	5692	389541	10542	1107	57332	3065	84232	23028	5684	5713	5683	208	23512	5702	5689	10325	153129	55004	5688	1912	9491	5711	3725	28956	6615	8649	1911	5694	2444	22955	192669	2475	192670	5595	57690	5704	7314
PTK6 Expression R-HSA-8849473	5753	2908	2034	3091	27043
PTK6 Regulates Cell Cycle R-HSA-8849470	5753	1017	898	1019	1027	595
PTK6 Regulates RHO GTPases, RAS GTPase And MAP Kinases R-HSA-8849471	5753	387	9844	4893	2909	63916	7837	1398	6035	3265	8831	1793	9564
PTK6 Regulates RTKs And Their Effectors AKT1 And DOK1 R-HSA-8849469	5753	7311	7316	207	6233	867	116985	1796	7314
PTK6 Promotes HIF1A Stabilization R-HSA-8857538	5753	10457	1839	3091	120892	1956
Packaging Of Telomere Ends R-HSA-171306	255626	128312	8340	94239	474382	65057	8331	8341	3015	3013	8338	8970	3014	3018	102724334	55766	85236	3017	54386	7013	8290	8349	8334	8348	723790	8345	8342	26277	7014	25913
Paracetamol ADME R-HSA-9753281	2950	1571	2944	55748	7366	2952	8714	445329	2686	10257	6817	10057	54575	81539	95	2678	1244	6783	54600	2687	4363	27233	9429	54658	54578	6822	124975	10991
Paradoxical Activation Of RAF Signaling By Kinase Inactive BRAF R-HSA-6802955	5245	4893	5594	283455	22866	2335	8844	2266	54518	10256	3717	4296	7094	5037	408	815	816	7529	8826	818	3690	7450	5906	2244	7414	3265	801	2243	6714	5605	5908	5604	1445	3674	369	673	4140	5595	6037	409	817
Passive Transport By Aquaporins R-HSA-432047	361	89872	364	360	362	366	363	84182	375318	359	282679	343
Pausing And Recovery Of Tat-mediated HIV Elongation R-HSA-167238	9150	6827	8178	1025	51497	7469	25920	5432	6749	7936	5435	6921	5436	5433	5440	5439	904	6924	5441	11198	5434	5430	5437	5431	6917	51224	5438	6923	2963	2962	6829
Pentose Phosphate Pathway R-HSA-71336	7086	64080	25796	5634	23729	55276	729020	221823	22934	8266	51071	6888	6120	26227
Peptide Chain Elongation R-HSA-156902	9045	6192	25873	6181	6188	6164	6233	3921	6129	6136	6130	140032	2197	6193	6208	6157	6205	6207	116832	6210	6132	28998	6166	6229	6143	6144	200916	6165	6141	6218	6227	6228	6156	51187	6194	6147	6161	6209	6201	140801	6155	6138	4736	6232	6142	6203	6160	6124	6135	6234	51121	6189	6128	6125	6217	7311	6123	6159	1915	6175	6168	9349	6169	6176	6224	6167	6173	6223	1938	6204	6146	6171	6187	6230	6158	6122	6206	23521	11224	51065	6235	6170	6154	6202	6191
Peptide Hormone Biosynthesis R-HSA-209952	5122	3623	83729	3972	3626	3624	7252	1113	3625	2488	5443
Peptide Hormone Metabolism R-HSA-2980736	5873	1363	5122	90701	7941	114897	3626	2028	3623	60412	6934	9314	25924	1511	1215	3630	11336	3624	64924	346562	54536	5443	83729	4644	1360	51738	60559	1395	338557	2999	1066	57393	55763	7349	10640	3798	139760	1113	1045	23265	51200	1803	3952	5126	55770	619373	3625	30001	51764	1361	7252	9789	590	3799	1499	3670	2688	55676	148867	2864	2782	1636	5080	43	169026	2784	3800	290	3479	6804	147040	3972	149371	2626	59272	6844	28972	4321	1522	56605	2641	84909	10159	189	1509	221044	23478	2488
Peptide Ligand-Binding Receptors R-HSA-375276	729230	6387	6346	8458	4829	1906	4852	4988	7200	51052	57007	2919	2925	7201	1237	100507027	887	59350	3627	10911	6357	2921	8620	84109	6352	5443	1908	51738	51083	6866	4923	2833	1235	114548	6019	1325	1907	6370	128674	3061	10887	351	6347	5173	2847	3060	2862	4157	5196	2834	6870	6865	7504	6360	4886	1236	3579	110599583	57486	23620	552	58191	117579	623	6354	728	256933	8767	2837	4922	3576	643	6372	6367	10850	6366	2852	6869	2151	1889	6846	1230	8811	3792	129521	6374	6753	10563	8862	1909	9283	84539	6368	624	3827	27202	51289	388372	6348	680	6373	60675	186	2150	729238	4159	886	2149	187	8484	131450	9034	4160	1910	4889	10886	2831	1232	257313	2532	2587	56923	301	122042	1524	100996758	10663	10803	4987	339403	10874	4887	727	51554	6863	10457	2861	719	5539	3814	7852	6754	554	10316	185	5368	6363	50865	553	2693	6356	6755	56477	4161	2357	4283	5021	10022	6361	84634	6750	594857	5697	6752	6364	2829	5367	4985	84432	6751	283869	2358	2832	64106	347148	3640	9002	3577	5020	6375	1234	4986	718	5473	189	6289	4158	5179	387129	2920	6376	221044	1238	2359
Peroxisomal Lipid Metabolism R-HSA-390918	51	54677	55825	122970	55289	11001	10388	1962	8310	1384	23600	3295	23417	8309	26063	283927	641372	224	5264	10455	91452	10005	337880	51179	10478	79777	30	215	390916
Peroxisomal Protein Import R-HSA-9033241	51	3417	54677	4358	55825	7314	8540	5828	122970	7322	373156	7316	7311	5192	3416	570	5830	6233	11001	10388	54469	7323	1962	5191	219743	8239	10249	83752	8310	1891	1384	5194	23600	3295	23417	5190	10965	8309	26063	283927	7321	8528	10901	8443	5193	5264	10455	10005	189	54363	3155	51179	337880	196743	339324	2053	1610	5195	30	55670	339345	51268	390916
Pexophagy R-HSA-9664873	7316	472	7311	84749	5830	6233	2034	81631	8878	4077	7314
Phase 0 - Rapid Depolarisation R-HSA-5576892	59285	59284	9254	782	2259	6336	6332	2258	6328	59283	2256	815	783	816	29098	6323	55800	818	11280	6330	6327	6324	6329	801	6335	775	6331	27092	6326	6334	2257	817
Phase 1 - Inactivation Of Fast Na+ Channels R-HSA-5576894	30818	80333	30820	30819	3752	3751	3750
Phase 2 - Plateau Phase R-HSA-5576893	775	3784	59285	10008	59283	27092	59284	9254	783	782	10142	3753	23704	23630	9992
Phase 3 - Rapid Repolarisation R-HSA-5576890	3757	3784	3741	10008	10142	3753	23704	23630	9992
Phase 4 - Resting Membrane Potential R-HSA-5576886	3777	51305	3768	10089	3759	56660	56659	8645	3776	89822	50801	3761	54207	3775	3770	60598	338567	9424	83795
Phase I - Functionalization Of Compounds R-HSA-211945	1584	2230	64816	126	130	10499	11283	5740	54996	4835	196	670	4129	1588	5443	196743	5742	9915	1544	1066	375056	54905	1580	23491	84532	1592	1543	80777	13	1553	124	1545	8529	66002	217	128	113612	1579	340665	8648	26	1594	218	134147	4051	1573	131	64757	2232	1581	1571	112812	6256	1583	1548	56603	1558	1593	1557	216	120227	219	10858	51302	9971	55902	125	1577	3326	6916	8824	1562	2052	1555	874	2329	1582	285440	1589	54498	2328	1727	284541	2326	57834	4128	7417	1595	10728	314	1549	1559	54998	1572	126410	1576	1585	29785	9420	1591	57491	8639
Phase II - Conjugation Of Compounds R-HSA-156580	2944	7367	55748	54576	373156	79799	2686	6817	221357	50512	10249	4259	2954	653689	29104	2941	84836	6820	26873	10720	4257	2687	4143	4552	6799	7358	4837	494143	341392	1544	25830	5621	57412	2950	8459	4144	7366	2938	348158	9446	27306	574537	55347	7364	1312	7365	4548	2948	54575	10861	389396	51000	23169	6783	4258	391365	54658	54578	124975	9060	167127	10991	8460	54659	54579	10380	51504	445329	347734	54577	27284	10327	9061	123876	191	2953	133688	92292	54600	27233	2098	2946	2947	2952	7360	119391	7172	2730	54490	2729	2939	10941	81539	79094	2678	116285	2940	79017	54928	1836	54657	27430	7363	219970	54988	2949	6822
Phenylalanine And Tyrosine Metabolism R-HSA-8963691	5860	883	5053	80150	3242	5092	259307	79969	2954	2184	3081
Phenylalanine Metabolism R-HSA-8964208	5860	883	5053	80150	259307	5092
Phosphate Bond Hydrolysis By NTPDase Proteins R-HSA-8850843	57089	9583	955	953	377841	956	954	957
Phosphate Bond Hydrolysis By NUDT Proteins R-HSA-2393930	55270	11164	56985	4521	131870	53343	79873
Phospholipase C-mediated Cascade: FGFR1 R-HSA-5654219	8074	26281	2250	2249	2260	5335	8822	2248	9365	2254	2255	2251	27006	2246	2258	2253
Phospholipase C-mediated Cascade; FGFR2 R-HSA-5654221	8074	8817	26281	2250	2249	2263	5335	8822	2248	2252	27006	2254	2255	2251	8823	2246	2258	2253
Phospholipase C-mediated Cascade; FGFR3 R-HSA-5654227	8074	8817	26281	2250	2249	5335	8822	2254	2261	8823	2246	2258	2253
Phospholipase C-mediated Cascade; FGFR4 R-HSA-5654228	8074	8817	26281	2249	2264	9965	8822	5335	152831	2254	2251	8823	2246	2258	2253
Phospholipid Metabolism R-HSA-1483257	23761	5783	8694	374986	79887	10390	9896	64600	81544	64419	55326	5867	149998	126969	5589	5294	84879	84803	2820	5290	388121	81579	5833	5321	114879	90809	122618	5305	9926	10044	8760	8898	9791	5296	57153	129642	8396	22876	80339	11145	81490	10554	137964	200879	377	3635	56994	30849	8821	123745	5295	114884	171586	55300	51573	1460	5728	1459	8394	56895	660	83394	80821	201164	5298	79888	5286	114971	50487	8871	250	57664	5287	56623	5338	64850	23259	27132	93492	22883	80230	5130	9108	9107	9600	10400	51552	57605	85465	11200	347516	5291	3030	56910	22925	8605	56894	64900	63874	9663	5868	100137049	8503	23659	9110	117245	23396	55697	10423	3636	79143	5322	200576	590	23446	2819	11343	8867	114882	23760	25816	8776	10162	79837	8399	57110	8895	1120	57678	22874	255043	150763	1119	23533	6901	51205	9468	23646	5297	23171	283748	54477	55361	133121	79626	54675	50640	54893	43	162466	8398	80736	3631	8904	51365	79153	7179	54545	8395	8897	51763	30814	26279	284161	10809	27124	5319	4952	151056	10908	204962	5920	54947	6305	158835	55500	9362	59338	5320	23175	253558	375775	55750	5289	84895	55224	8443	66036	154141	126282	9489	4534	84725	22908	81846	54979	65977	57104	10555	58488	3032	5288	56261	255189	146850	254531	59339	84649
Phosphorylation Of CD3 And TCR Zeta Chains R-HSA-202427	3118	916	920	3127	915	26191	919	3117	3126	55824	1445	3122	3932	3120	3113	3123	3125	5795	5788
Phosphorylation Of Emi1 R-HSA-176417	26271	983	51343	891	991	5347
Phosphorylation Of APC/C R-HSA-176412	27338	983	11065	7324	891	5347	246184	29882	119504	8697	7321	51529	10393	8881	51433	25906	29945	996	64682
Physiological Factors R-HSA-5578768	4881	1482	10641	2626	4880	25937	10699	28996	8850	204851	4878	6910	1066	4321
Plasma Lipoprotein Assembly R-HSA-8963898	649	5578	51128	337	388610	5567	344	348	335	341	345	5568	5034	29801	19	338
Plasma Lipoprotein Assembly, Remodeling, And Clearance R-HSA-174824	5578	9388	10577	51129	949	26119	55908	388610	7314	5567	341	5568	6646	81693	116519	161	23491	19	1175	91289	64788	649	1173	63924	5045	7311	7316	6233	27329	1211	3949	213	7436	5046	344	163	345	5034	57552	5360	255738	3069	3931	160	51128	337	9619	338328	8435	348	10648	8029	29801	3990	51599	8720	319	84699	4018	4023	55911	335	1213	51360	29116	7376	5125	10062	338	1071	26291
Plasma Lipoprotein Clearance R-HSA-8964043	10577	949	26119	341	6646	81693	161	23491	1175	7316	1173	7311	6233	1211	3949	7436	163	57552	255738	3069	160	8435	348	10648	8029	51599	3990	55911	335	1213	29116	7376	10062	338	7314
Plasma Lipoprotein Remodeling R-HSA-8963899	9388	51129	55908	388610	116519	91289	64788	63924	5045	27329	213	5046	344	345	5034	5360	3931	337	9619	338328	348	3990	8720	319	84699	4018	4023	335	51360	5125	338	1071	26291
Platelet Adhesion To Exposed Collagen R-HSA-75892	4067	2811	2534	3673	2815	3688	2207	51206	2814	8515	3672	7450
Platelet Aggregation (Plug Formation) R-HSA-76009	152	150	2335	2815	5770	2814	8458	2266	54518	6654	2811	7094	5747	3690	10411	7450	151	10125	2244	5906	5170	1398	7066	4352	2243	6850	2885	11069	6714	5908	207	6464	1445	3674	10235	9564
Platelet Activation, Signaling And Aggregation R-HSA-76002	5154	7423	5583	2783	10447	5594	5028	7277	5770	8458	5552	9948	54676	2768	2776	2811	7042	3709	5582	51266	5345	388	2316	259215	10487	51206	5155	710	5874	3690	10411	3959	10184	5290	7114	2771	10125	5294	10490	7057	5579	2785	5580	5216	10672	5321	2793	7414	801	2243	346562	8525	6813	2885	7078	55970	387	8527	2534	5296	83706	2770	7873	5919	5005	409	3481	7018	5578	3920	4067	6678	54331	197	7123	334	7422	5295	5627	2815	2207	59345	10916	2266	81	2769	54518	2791	351	6647	5099	7094	54495	213	5196	12	87	8526	10681	27154	5777	7450	9162	94121	391	948	5170	3710	5768	221955	5340	139189	1950	7409	7424	1609	5781	928	29106	54863	207	130367	5291	5595	2621	335	2151	6915	5581	6037	1606	8503	5478	9564	26090	51706	51764	5588	308	2157	2335	6035	998	2277	200576	11343	3827	3273	57113	22927	5590	374354	3700	29789	7044	6810	1191	729238	2149	8407	151	160851	83985	64805	23533	2782	5265	2788	6414	7225	1893	66005	6850	11069	6714	5908	14	5267	2153	23052	3674	3699	3932	2787	1	10235	1608	5175	51368	2790	2784	2773	3479	6944	152	3309	150	6814	3708	1521	5054	51097	2786	22915	2814	7276	51571	78991	6654	2792	9630	55664	408	5747	747	3937	5341	10257	2767	3671	2162	10451	5906	2244	7076	94235	1398	135228	7066	4352	9002	5880	5004	139322	7410	7040	7534	1432	5473	1445	6464	7043	88	5336	146850	9749	967	1607	350	813	57406	10630	7222
Platelet Calcium Homeostasis R-HSA-418360	5023	5024	3708	57113	490	3709	5027	489	493	492	5025	9127	6786	84876	3710	6546	80228	801	7225	22953	488	6543	6547	487	6717	7222
Platelet Degranulation R-HSA-114608	5154	7423	10447	7277	5552	9948	54676	7042	5345	2316	259215	10487	5155	710	5874	3690	7114	3959	10184	10490	7057	5216	7414	801	2243	6813	7078	83706	7873	5919	5005	3481	7018	3920	6678	197	7123	334	7422	5627	10916	2266	81	351	6647	5099	7094	54495	213	5196	12	87	27154	7450	94121	948	5768	5340	1950	7424	928	29106	54863	130367	2621	335	5478	51706	308	2157	2335	2277	200576	3827	3273	22927	374354	3700	29789	7044	1191	729238	8407	5265	6414	1893	66005	5267	2153	23052	3674	3699	1	5175	51368	3479	6944	3309	5054	1521	51097	22915	7276	51571	78991	6654	55664	5341	10257	3671	2162	2244	7076	135228	5004	139322	7040	5473	7043	88	9749	967	350	813
Platelet Homeostasis R-HSA-418346	2783	5024	3779	490	3709	5138	2785	5321	2793	801	5526	55970	6547	3778	54331	27094	59345	7804	5527	2791	5136	489	5152	5529	2982	10681	5592	5777	27345	9127	3710	5781	22953	6543	487	5153	339345	5023	51764	2778	10846	5525	50940	57113	492	8654	6786	84876	6546	2782	2983	5519	7225	2788	5515	10335	488	2787	2268	5175	2790	2784	6717	3708	2786	2792	5528	5027	5593	342977	2977	493	5518	5025	94235	80228	340719	1432	5739	5051	5516	338	7222
Platelet Sensitization By LDL R-HSA-432142	5527	1432	5528	338	5777	5519	5321	2268	5175	5516	5529	7804	5515	5525	5526	5518	5781
Polo-like Kinase Mediated Events R-HSA-156711	2033	2305	286826	9133	7465	91750	5347	1063	4605	993	132660	891	55957	5928	995	9088
Polymerase Switching On C-strand Of Telomere R-HSA-174411	5985	23649	5982	54921	79991	65057	6573	5424	5557	5984	5983	80169	63922	54386	7013	5422	5558	57804	10714	5111	5425	26277	7014	25913	79075
Positive Epigenetic Regulation Of rRNA Expression R-HSA-5250913	255626	128312	64425	8340	94239	23451	7913	2648	474382	8331	51082	1107	4643	5931	8341	5928	57459	3015	3065	1108	126961	10919	3013	8338	9112	9013	8970	3014	3018	57504	30834	10849	102724334	54815	5435	55766	85236	84172	2033	221830	8467	3017	79101	5440	64180	5441	8349	2074	8334	10514	9014	5434	2932	8348	3020	3066	11335	5437	54606	723790	25885	8345	8850	9015	6908	8342	9031	9219	728378	7270
Post NMDA Receptor Activation Events R-HSA-438064	5578	6197	5577	6195	4356	4893	5562	107	53632	5594	114787	2904	5567	5568	8536	8874	6035	84254	114	2905	5564	2903	5573	5613	51422	4137	1739	815	816	5576	4900	814	5924	5565	3084	818	5571	2891	6196	5923	5170	5563	3996	27330	2906	801	3265	28964	6714	3838	5575	4355	2890	2066	88	1385	4747	5595	817	10645
Post-chaperonin Tubulin Folding Pathway R-HSA-389977	79861	7277	51807	6903	84617	6904	10382	402	7280	7278	10383	347733	112714	10376	113457	203068	6902	10381	1155	6905	84790	7846
Post-transcriptional Silencing By Small RNAs R-HSA-426496	23112	192669	192670	26523	57690	27327	27161
Post-translational Modification: Synthesis Of GPI-anchored Proteins R-HSA-163125	84992	2813	83639	4978	284098	10232	259215	128869	54344	4045	23627	4061	683	8733	4062	4241	9488	51299	23556	349667	130576	2350	27076	5277	154064	53942	250	257194	8875	123904	1043	84628	8581	51227	116372	55650	93183	147719	9091	6975	84720	8813	8000	353091	5279	94005	8434	349633	7070	249	146760	137797	390243	54742	54965	284348	503542	161357	80235	7007	171169	80055	80740	5329	646627	8818	7512	10942	50863	54872	8876	419	5067	152330	2822	5281	5283	251	420	338328	135228	10026	1087	1368	266727	80328	51604	146183	9487	1048
Post-translational Protein Modification R-HSA-597592	338382	7703	8554	284076	284098	126433	10671	51560	5708	6383	9126	4905	81794	1650	27314	10617	51143	4609	25839	2243	54839	51725	80267	51280	6708	84790	7706	197	200958	8459	79577	23358	90135	11227	1783	55746	9245	4924	84892	7150	93611	9688	5194	124872	164395	8648	221656	64344	10445	8924	56160	79090	9099	5698	8535	84259	5279	580	94005	4928	9971	60509	2519	1605	2908	161357	728386	9508	4759	55336	8453	79947	6048	672	22820	7512	26270	2762	123169	7322	1315	23423	23032	2673	154	5702	8542	3956	10980	251	9570	84261	122769	1487	6590	347688	135228	55901	89866	7181	7314	5873	140739	55143	1356	51514	347527	8858	5685	829	5874	8678	7057	90864	93973	26268	140459	89978	54556	7332	55611	84002	2266	411	9820	254013	56052	8313	85236	5721	23279	55808	9476	23011	64135	9903	10376	125476	11236	79016	9334	23682	1603	56999	23511	966	7324	3105	22845	92815	116150	7109	392188	115426	4589	6923	7726	54732	1725	25809	11093	51209	9616	28952	5684	79369	56937	25879	420	50717	7347	401138	7076	10678	2873	6478	157869	5530	10121	7128	55577	128312	84752	22931	55738	8450	2648	79155	1122	81792	51588	410	7058	54757	54764	114803	55252	4045	7158	25885	140687	64122	11232	9818	100287178	7068	5970	10735	8975	64750	23172	55288	412	100287144	55031	2494	9817	8349	5193	723790	93624	168391	414	7508	23142	8517	94025	8128	8460	5887	1616	8813	25870	54187	220441	1915	128637	632	5034	1029	51005	137797	7317	84541	7345	11047	7046	7264	2155	5373	50863	53371	3915	100287478	26286	5071	11274	2822	394263	23586	51665	11015	374378	347517	10959	9276	4306	3054	1087	9641	57731	54850	9487	118430	23412	85365	10891	10197	5717	10331	6484	201475	6233	9526	7157	4597	10054	28991	84276	55291	442117	8720	2109	6482	197258	11031	51651	4086	9978	55175	80176	6015	79695	140458	351	5696	9972	8452	6045	7874	7334	4121	92369	29106	54780	26249	147719	9719	7022	381	2157	433	6314	222235	116519	353091	79139	6400	4583	4287	8614	3703	6921	79805	10383	7189	390243	51128	5886	54965	84078	91851	6613	9117	10970	7048	7844	2890	254263	10381	2923	26267	10540	10890	8818	56957	1114	5828	258	10392	1069	1294	26140	408	26272	4152	10113	7518	5688	10026	9804	6483	10484	5864	348995	26958	5704	84141	64127	2158	997	79796	10905	158135	10324	8021	3093	255626	51299	25941	7320	122706	114548	287	5869	120526	2591	8473	11226	3490	10762	161725	80124	51322	100287441	1778	11173	6487	51164	57591	11315	51246	9507	6399	51676	3013	10382	5861	10920	3698	10987	5715	3912	9063	84196	56648	56886	56913	79677	142684	84861	64426	11065	197370	55768	5830	10117	5713	29906	79053	91978	4792	11320	9491	11041	23468	79739	11070	9883	718	5591	54876	10981	114785	1642	126119	9527	84447	29925	22870	221613	92912	54951	28996	92715	144245	54165	51088	282969	6304	9609	3630	2525	59348	55741	7153	4087	51693	57719	10868	54587	145173	9988	285231	7020	130576	140825	55757	8341	10282	53942	84617	9919	51146	7903	401447	112714	140462	3487	257218	83475	153642	4193	5372	4286	27090	6256	84727	79184	6480	80344	9929	8703	9736	416	8737	256435	79875	8878	7336	26263	10206	5692	51272	1107	1471	26259	122553	51156	5865	54891	285362	8139	55827	8086	27430	9994	23275	267	266727	728378	146183	8607	1789	283463	6811	29071	92305	165918	81876	5686	4798	9189	51602	29844	440689	23627	7416	10196	387	8342	3190	6790	6596	338596	5693	80067	340075	23556	8835	9646	5277	5718	8454	4249	4122	29954	250	1113	5199	10238	11316	11282	7329	10401	50614	6996	265	123624	9486	154881	140735	378	4089	7321	23243	7428	8655	5624	7979	1781	326624	55593	127247	7353	6885	57559	51255	23256	3488	5929	6712	57171	140456	79609	338328	9656	84516	1387	7879	1048	51122	84669	5893	4738	7155	7067	80351	10477	2200	6500	22796	5589	9037	59343	91833	54926	10342	10417	170692	390594	8733	7018	27338	29089	652	7375	92591	143471	811	4303	54972	51611	79594	11258	151194	2625	8724	143662	3270	116442	26503	51227	79931	10062	23636	1780	283807	9509	10670	9101	64856	91869	9554	81929	3827	7311	5699	6709	114769	81847	170689	57188	51762	8774	9861	9040	415	83871	8934	4218	56955	7376	54939	64284	1540	79754	1154	150465	8533	53339	84142	8876	79644	419	10116	7417	5281	51397	5689	3895	10155	84085	57104	83444	26984	7415	23113	11096	79589	63891	11174	5867	84620	9363	57403	9868	2720	142	4062	432	4241	55568	11097	129401	80142	334	196483	6672	4221	5931	256281	7369	377630	7425	83987	140461	100287513	257194	22846	5701	2683	54734	123904	64377	23363	5705	7328	11196	130367	57134	30827	9871	115290	641	86	10318	10210	84101	7323	8615	387885	100287238	154043	2153	5111	80055	4927	1000	8945	1938	10299	10071	7184	283899	146712	3486	3569	64772	170691	5683	55860	5283	832	1522	1801	23193	7040	1911	29086	821	8331	9632	29880	5876	4586	3106	64410	10499	5875	1435	10213	55832	84342	801	2099	200845	84282	148789	8345	25942	993	8702	11167	57599	2350	5627	83887	84749	3416	8338	79023	23252	9612	5371	1655	6489	7466	5709	7704	56852	26235	129807	4194	79672	149951	401036	79823	51564	80349	4929	23014	5192	4359	26224	339122	349633	330	7070	1643	7278	2801	23369	6468	329	5265	9738	4008	8704	983	26190	3619	5905	11098	10272	78990	9781	23512	8451	3053	8334	80328	1368	5720	54623	8458	10474	3183	5687	7316	5045	26234	3484	7280	90411	55829	221143	5903	339366	11253	54507	51667	5716	3091	4148	144699	25793	409	9759	55777	11021	149111	720	5878	83541	81562	171023	376267	92949	1043	84628	3312	4092	79841	10960	80028	55208	84197	80896	79791	63967	8434	51616	64841	146760	23770	4869	9318	55884	7326	9306	205564	7007	2034	9215	55706	374907	91949	55236	9655	10130	140766	8312	6187	22901	4588	56667	23225	8850	118424	51035	6396	4978	9654	100287327	259215	3090	80012	5714	5954	171019	81849	57511	80204	26094	5700	5862	5987	5468	10427	23463	63917	377	30815	79748	9761	4780	317772	114907	5682	8073	493861	84659	201456	55650	23170	5868	1798	340351	142686	332	8000	170622	26118	8915	5914	4052	503542	5690	9577	5238	2530	23137	8900	7690	90865	23168	8340	6184	5537	23038	22872	56975	79694	51162	170690	9210	26232	346606	8404	11275	54620	8348	203068	22955	5179	79913	147111	1462	84992	2813	83639	1075	5870	54344	93661	399818	84961	55343	401258	5195	57542	5710	7137	26043	375056	7175	401409	27076	7039	10956	50813	142689	221981	120071	6881	9510	10418	10489	56929	25837	51552	9986	29761	8869	5241	9091	9382	29099	79623	55014	140838	27252	51009	83746	84932	1788	136371	8243	284348	51715	8856	27095	25862	54461	288	10055	146330	10825	57111	899	890	8816	4582	11095	83844	54872	7991	2516	5067	645402	25950	5711	23194	115827	5885	10020	55958	7021	10559	51666	90268	9958	85235	3607	23198	8074	10402	10454	4124	4088	57695	348	7341	10195	7486	84061	8766	9212	9488	79176	2650	440138	154064	7319	80168	150684	84132	213	9112	123228	3017	5768	3066	8027	9631	93183	335	374	102	1604	6502	10254	83696	57646	23326	90293	22944	4791	7857	8883	462	29929	5691	5973	285381	6711	100287364	100302736	29843	10942	89890	3972	5476	29926	8204	3065	6185	51377	55907	8239	221937	84823	10945	140460	51138	83548	1912	9367	54437	7528	79087	991	4585	58485	9331	79642	813	338	51046	6670	219333	10232	6095	23314	79091	8295	5611	10869	23165	22818	51226	11091	4061	7327	123879	79269	830	5695	3998	5872	683	25834	10652	192134	7187	5728	254173	6710	6294	8875	3018	56995	89122	150726	2804	9545	8767	8581	10010	9021	116372	54617	2621	10521	56254	5719	2335	2590	84720	9810	1802	7421	91445	55666	249	286053	100287404	8078	55647	7846	6675	5329	26290	143244	199857	23291	57332	8970	152330	9146	10966	116255	347733	51720	374969	64689	10585	10537	80341	122416	1161	140453	11014	372	1453	5465	55432	10517	1639	9960	1314	2589	83452	727897	10618	2517	128869	10175	92552	84871	9097	23287	9945	55294	7841	80731	84733	10802	668	349667	57799	645836	286	2033	8790	79868	55284	57122	10610	9695	8065	5706	6975	93010	1786	142685	80070	2719	53917	255738	84364	54742	9039	80235	57506	113457	126003	8658	4240	171169	80740	646627	100287205	51399	79902	51332	65264	10466	55624	1080	5694	51604	2677	10164
Post-translational Protein Phosphorylation R-HSA-8957275	84141	147111	1462	1356	8074	2200	10618	10232	6383	54757	5589	3484	1435	5611	5954	348	2243	8720	4148	57719	51280	4241	54587	7137	9988	7018	11167	375056	197	334	652	4221	2266	720	351	7425	54972	213	4924	3490	3270	5768	3487	7466	29106	130367	2621	335	30827	265	102	64856	2335	51246	116519	3827	2719	7857	5034	8614	255738	2519	3698	4052	462	91851	3912	5265	5624	10970	2153	4240	56955	7726	1000	1114	10130	258	7184	3915	1471	3486	3569	10272	11098	3488	56975	10117	51156	9210	8542	3053	3956	84823	401138	3895	7076	8404	11320	80341	57104	718	5179	5530	813	338
Postmitotic Nuclear Pore Complex (NPC) Reformation R-HSA-9615933	129401	9818	53371	6396	23511	5905	79902	3842	81929	1104	4928	55746	79023	9688	23165	25909	5901	7341	23279	3837	7329	57122	9883	9631	55706	348995	23636
Potassium Channels R-HSA-1296071	7881	3764	2783	81033	3779	3766	6833	3784	8514	93107	23416	3781	348980	3790	3755	3737	3742	2785	2793	3761	3751	55970	3767	3748	3778	3762	9424	90134	54331	131096	27094	59345	3786	9312	3749	9132	2791	10089	3736	10681	27345	3773	3757	3758	54207	3765	27133	3739	3770	83795	51764	3777	3783	3785	3745	56479	3752	3788	56659	3743	3738	89822	27012	23415	10021	2782	57657	2788	3750	9568	3775	3746	3756	3787	3747	338567	2787	2790	2784	3772	2786	51305	3768	2792	610	3763	3759	9196	3744	3754	3776	3741	50801	94235	3780	169522	26251	10537	10060	170850	3782	3760
Potential Therapeutics For SARS R-HSA-9679191	10800	10284	3718	480	51185	5928	57459	5045	29110	53828	1108	54815	478	2339	973	482	2885	483	9219	3676	6773	7422	9978	3459	5931	4780	30011	8452	9112	163	3688	1312	3454	7297	9817	695	7409	3066	51317	3615	79685	5349	1901	84312	5926	5978	100423062	5133	477	4690	3570	54106	161	10280	5348	81030	3717	2280	57504	2288	23186	160	486	2908	64180	10362	51742	8737	3326	6093	6850	53822	481	3455	64426	8819	3460	1107	1175	6654	1173	3065	23028	59272	3554	51284	10728	974	3716	3320	29760	203068	23476	5336	9475
Pre-NOTCH Expression And Processing R-HSA-1912422	255626	128312	8340	94239	6487	2648	474382	8331	6400	8341	4853	22938	6484	3015	5045	10046	55534	4854	51548	7029	102724334	126961	3013	489	1869	8338	4343	1871	3014	8970	3018	4242	7157	10402	7027	26523	2683	3955	4855	5870	55766	85236	23509	2033	56983	5986	3017	4851	27327	3516	8349	8334	595	3725	1387	84441	861	5584	8348	3020	10959	27161	1999	23112	723790	488	8345	8850	487	8342	192669	192670	57690	9794
Pre-NOTCH Processing In Golgi R-HSA-1912420	5045	4854	5870	4851	6487	488	489	6400	10402	4242	487	10959	3955	2683	4855	4853	6484	5986
Pre-NOTCH Processing In Endoplasmic Reticulum R-HSA-1912399	4854	4851	4855	4853	23509	56983
Pre-NOTCH Transcription And Translation R-HSA-1912408	255626	128312	8340	94239	2648	474382	8331	8341	4853	22938	3015	10046	55534	4854	51548	126961	3013	8338	1869	4343	7157	1871	3014	8970	3018	102724334	26523	7029	4855	7027	55766	85236	27327	2033	4851	3017	3516	8349	8334	595	3725	1387	84441	861	5584	8348	3020	27161	1999	23112	723790	8345	8850	8342	192669	192670	57690	9794
Prefoldin Mediated Transfer Of Substrate To CCT/TriC R-HSA-389957	22948	7277	10574	10471	6950	7411	5203	84617	5204	10382	10693	7280	7278	10576	10383	10694	908	347733	5202	113457	203068	10575	5201	7203	10381	728378	84790	7846
Pregnenolone Biosynthesis R-HSA-196108	147323	9256	112812	83930	706	1583	231	2230	10948	134429	2232	283316
Presynaptic Depolarization And Calcium Channel Opening R-HSA-112308	784	777	27092	774	9254	10369	783	782	785	55799	773	781
Presynaptic Function Of Kainate Receptors R-HSA-500657	2899	54331	51764	2783	5331	2786	59345	2791	2792	10681	94235	2785	2782	2793	5330	2788	55970	2787	23236	2790	2784
Presynaptic Nicotinic Acetylcholine Receptors R-HSA-622323	1141	1137	1138	1143	1144	1142	1136	8973	1145	1146	1134	1135
Presynaptic Phase Of Homologous DNA Pairing And Strand Exchange R-HSA-5693616	5985	5932	5982	1763	10524	641	10111	83990	7156	4361	83695	472	80010	580	5984	5884	5983	5888	9156	84172	5889	3364	84126	1111	6236	675	116028	5890	5883	7979	7516	6119	25885	11073	7486	9048	672	5892	144715	390502
Prevention Of Phagosomal-Lysosomal Fusion R-HSA-9636383	7316	7311	6233	7314	9146	26276	7879	5868	11151
Processing And Activation Of SUMO R-HSA-3215018	205564	29843	59343	10054	25950	7341	6613	7329	10055
Processing Of Capped Intron-Containing Pre-mRNA R-HSA-72203	10421	9128	51340	23451	8896	10569	83443	6396	199746	84991	3183	4686	51691	81608	2733	10921	29894	6637	10262	53938	5093	7919	57819	25949	9775	10992	6634	55339	10250	23165	3178	22827	9879	79171	11338	5903	8233	10081	79622	84844	1477	5437	56949	9939	1977	2521	22794	9785	8021	27238	8189	6434	6431	2963	2962	3190	3188	4116	1994	3191	11097	6428	129401	9818	9295	7175	11052	1660	6430	51692	27258	56339	9972	3187	5432	8449	55746	79023	10450	6628	5435	84248	4809	11157	9688	85313	1655	10762	84950	8106	9410	11051	9589	3184	10594	23279	57794	57187	57721	84659	1478	5431	26097	57122	3312	285755	9631	11017	10285	56259	55696	220988	10772	51362	23636	5725	1993	23450	102724594	55599	51639	6427	51213	10181	11066	6626	23511	7536	55954	55110	6627	81929	1665	988	23283	23517	6631	10212	10084	4928	84271	10283	10465	10907	8175	24148	10946	79869	6432	23658	26121	57703	5433	5440	65109	5439	9092	5441	10291	23020	51503	22916	54883	5434	29107	5430	11193	10236	9129	1479	55660	6426	9877	6625	10713	10523	53981	5438	84324	8683	9343	81035	55706	10949	4927	5094	6633	51593	51645	6636	27339	4904	84321	3181	53371	4670	6429	10286	23350	3185	10898	79902	10189	22938	5546	6638	11325	55749	9716	10482	11100	51729	51690	23398	5436	85437	23225	9416	80145	8563	24144	8086	3192	79228	5356	27316	6936	25804	9984	9883	10914	7884	154007	51585	6629	23524	6635	348995	22826
Processing Of Capped Intronless Pre-mRNA R-HSA-75067	6636	11052	51692	10898	23283	4686	81608	6637	29894	6628	6634	134353	79869	55339	8106	11051	22916	1477	84967	1478	1479	7884	10914	53981	51585	81035	8189	6635	25888
Processing Of DNA Double-Strand Break Ends R-HSA-5693607	128312	165918	4361	7316	5531	6233	51588	6047	5883	9025	7158	6119	25885	7486	8345	8342	144715	390502	151987	255626	5982	8341	472	5984	5884	3014	3018	102724334	85236	7468	7334	3017	8349	54962	8914	7329	8924	5985	1017	641	79184	83695	7311	80010	580	63967	84172	3364	84126	1111	8290	6613	116028	9577	7336	11073	672	8900	890	8340	5932	1763	10524	10111	83990	7156	84142	51548	5983	8970	9156	6236	51720	9656	8348	29086	9048	7314
Processing Of Intronless Pre-mRNAs R-HSA-77595	11052	51692	10898	23283	4686	81608	29894	79869	55339	8106	11051	22916	1477	1478	1479	10914	53981	51585	81035	8189
Processing Of SMDT1 R-HSA-8949664	10367	221154	5245	10730	6687	23203	55013	10939	79568	286097	11331	91689	30968	55486	90550	9512
Processive Synthesis On C-strand Of Telomere R-HSA-174414	1763	641	65057	5424	84172	2237	54386	7013	26018	57804	10714	5111	6119	25885	7486	5425	26277	7014	25913
Processive Synthesis On Lagging Strand R-HSA-69183	2237	5557	26018	23649	5558	10714	57804	5111	6119	25885	1763	5425	5424	5422	84172
Programmed Cell Death R-HSA-5357801	51074	91782	219699	5720	5594	1687	5317	5339	1830	10197	197259	5717	115209	6240	23198	5687	7316	10273	5686	834	6233	5685	7157	5586	5708	5599	2339	5714	6386	55075	2194	22985	840	10213	841	6304	5580	51343	1676	5695	596	5716	356	128866	5366	5700	5710	5693	3009	5533	10134	122706	10059	8772	581	5718	660	26354	143471	54205	5696	7531	10971	1869	90249	8473	7099	8626	1613	6774	5682	5701	3006	5414	5705	8837	708	5721	836	26060	1834	3553	25978	57162	3837	7431	3146	4695	4836	10015	9500	7159	207	11140	79792	25996	5709	7082	23604	10010	4001	3660	3659	8743	8797	317	1677	100506658	9968	27113	5706	5588	5698	838	8428	5719	3148	4000	5534	2620	1630	3552	1829	7311	3836	79643	23643	63967	5699	90427	1828	148022	330	1499	7529	1029	79658	7532	1612	3007	140735	7029	2934	331	6709	11035	5715	5690	8737	329	5691	10000	8795	8655	9861	5624	6093	7979	10211	572	57099	842	837	7533	5692	28988	598	3002	22900	7161	9414	118	23368	839	2319	27243	5747	5684	5713	5683	208	4137	3005	5702	1991	7027	8717	5689	637	3606	5688	9491	5711	578	3320	56616	7534	3008	5694	51765	3024	92421	10018	5595	5704	7314
Prolactin Receptor Signaling R-HSA-1170546	1442	2689	8945	3717	6777	6500	2690	5618	9978	25970	6776	5617	8454	2688	5781
Prolonged ERK Activation Events R-HSA-169893	5604	5906	1399	57498	5594	2889	1398	7529	4803	10818	673	5595	4914	5605
Prostacyclin Signaling Thru Prostacyclin Receptor R-HSA-392851	54331	51764	2783	2778	2786	59345	2791	2792	10681	94235	2785	2782	2793	2788	55970	2787	5739	2790	2784
Prostanoid Ligand Receptors R-HSA-391908	5733	5734	5732	5739	6915	5731	5737	11251	5729
Protein Folding R-HSA-391251	10517	2783	7277	51807	10574	10471	6950	5203	26330	2776	9628	7157	6000	26234	7280	2785	2793	11328	55970	10575	6902	55135	55294	84790	54331	1460	59345	1459	6499	2769	2791	84617	898	6774	10681	83752	10238	8841	112714	10376	5201	26985	51764	6903	26224	6904	10382	10693	402	7278	10383	10694	908	6468	5202	2782	54461	2788	113457	63971	7203	8786	10381	2787	2790	2784	7846	10528	22948	79861	26190	2786	26270	5082	7411	2792	9630	5204	26272	2767	10576	388531	84261	3801	347733	8877	10564	9134	94235	22803	203068	1155	6905	728378
Protein Localization R-HSA-9609507	6811	54677	100287932	54543	55825	8540	84896	1528	26515	373156	7316	401505	79145	23203	6233	5191	219743	27230	10249	54332	1384	388753	516	225	51608	5825	7416	10901	5824	9868	54363	337880	196743	339324	5195	4714	439	2671	51268	5621	8799	4580	51	4358	84269	80273	29090	351	10452	3416	9218	10531	10388	6449	10165	83752	1891	5194	9381	5190	8309	283927	51142	9512	5193	91452	10005	498	3155	10063	30	55670	134266	3313	339345	10469	10651	10983	7917	10952	122970	56942	7311	5192	293	54469	7323	131118	1962	92609	617	8504	26063	6901	2395	7321	90639	50	51025	27235	51179	506	100272147	2053	3162	10478	5827	10245	131474	54927	29928	25813	215	197257	6804	390916	26519	1431	3417	51287	1678	51024	26521	5828	10440	7322	100188893	56993	3329	819	570	3421	5830	11001	6844	26517	8239	11264	8310	23600	3295	23417	10965	400916	5009	291	8528	8266	8443	150274	224	9804	9409	26520	7485	5264	10455	23480	189	1610	2010	8604	118424	7314
Protein Methylation R-HSA-8876725	151194	221143	3312	1938	254013	79609	399818	2109	1915	196483	79823	22944	7415	79091	801	10196	6187
Protein Repair R-HSA-5676934	22921	25828	4482	51734	253827	5110
Protein Ubiquitination R-HSA-8852135	255626	56254	10670	23168	8340	55236	7320	27338	79577	90268	29089	54623	9646	5828	11065	92305	80349	123169	7324	7319	8341	9810	51255	997	7322	79139	7311	5192	92912	7316	5830	6233	10477	9781	8915	220441	7323	65264	8970	3106	7874	3018	8239	3105	7328	85236	55829	7347	5194	7334	3017	7317	7321	54926	55284	7327	257218	7326	51322	8348	5193	5111	7336	5591	8078	56852	8345	7415	3093	5195	8342	118424	6596	7332	7314
Protein-protein Interactions At Synapses R-HSA-6794362	57555	54413	8497	50944	5792	5802	91683	9379	320	8496	10313	3556	4916	9455	4355	23136	8499	57669	79414	139065	11141	57622	9369	9546	2905	2903	2035	5789	58512	22865	3996	127833	9066	321	78999	9229	26280	94030	84189	347731	57497	6812	8495	114787	22941	2915	347730	143425	341359	55327	8500	22839	2893	2911	26050	9378	2036	2037	10211	26045	2890	9454	84631	6804	28988	8825	4356	57596	64130	2904	22829	2892	9456	2319	81858	10611	1739	57502	6857	22871	8573	114798	2906	80059	8541	26037
Proton-coupled Monocarboxylate Transport R-HSA-433692	23539	682	6566	133418	9194	9123
Purine Catabolism R-HSA-74259	9615	3704	5539	7498	22978	55270	11164	56985	4521	4907	131870	53343	84618	79873	10591	30833
Purine Ribonucleoside Monophosphate Biosynthesis R-HSA-73817	10606	3615	158	5198	471	80347	159	8833	2618	122622
Purine Salvage R-HSA-74217	51292	353	5539	161823	2766	100	270	1633	132	271	1716	3251	272
Pyrimidine Catabolism R-HSA-73621	1807	9997	64902	51251	56953	1806	7378	151531	4907	51733	84618	30833
Pyrimidine Salvage R-HSA-73614	83549	978	9997	7084	151531	7083	7378	7371	1633	54963	8226
Pyroptosis R-HSA-5620971	91782	1687	838	581	3002	3552	79643	27243	54205	834	7157	8626	1991	3606	836	3553	25978	3146	578	79792	128866	92421	3660	3659	837
Pyruvate Metabolism R-HSA-70268	682	51660	6256	25874	9123	6566	57546	55066	1737	2954	23539	5160	5467	160287	5170	2739	8050	403313	5164	3948	92483	7416	5166	3939	5161	5162	3945	5165	3029	57717	197257
Pyruvate Metabolism And Citric Acid (TCA) Cycle R-HSA-71406	682	1431	51660	6256	1743	728294	25874	56125	6389	23530	56110	9123	3421	3420	4967	6566	57546	55066	1737	4191	3949	2954	3419	6390	23539	5160	5467	8801	160287	5170	2739	8050	403313	5164	3948	92483	3418	7416	50	8802	5166	8803	3939	5161	5162	137872	3945	79944	5165	3029	6392	57717	197257	81889
RA Biosynthesis Pathway R-HSA-5365859	64577	57665	56603	51109	10170	1592	157506	216	126	8854	124	112724	8608	8644	220	340665	10901	9249	131	195814	5959	1381
RAB GEFs Exchange GTP For GDP On RABs R-HSA-8876198	5873	22931	338382	414918	201627	89781	6764	57589	1122	81876	3257	201475	117177	51560	5870	5874	10260	126432	22879	22878	27147	5872	79961	51693	259173	11031	11021	25782	5869	5878	79890	7531	22898	79958	54734	57706	60684	116442	8408	23258	2664	22930	23011	51552	207	79090	5868	23682	83696	6399	4359	400966	54453	5861	9610	51112	7109	27095	80006	51762	10000	221960	2665	126003	163486	4218	8567	84315	10890	51399	51209	160518	122553	26130	208	57679	6305	84079	9367	7879	55667	27342	5866	81846	163259	58485	10981	5864	9909
RAB Geranylgeranylation R-HSA-8873719	5873	22931	338382	11031	401409	5868	11021	57799	5864	5869	51209	1122	81876	201475	5876	4359	5878	339122	83452	53917	5867	5861	51560	9363	5865	5875	84932	5870	54734	5874	10966	57403	8073	347517	376267	51715	27314	9609	116442	51762	9367	9545	25837	7879	23011	51552	83871	8934	115827	5872	57111	8766	10981	55647	4218	326624	401258	142684	5862	64284	23682	10890
RAC1 GTPase Cycle R-HSA-9013149	10788	84144	25791	10006	22899	11188	8874	116984	8997	5586	152273	201176	182	9912	83478	23380	11135	139818	5589	7037	7444	23580	644150	23344	5290	7204	8976	10458	50649	3930	23348	143872	9743	752	10672	1535	857	28964	23092	5296	1794	29	9938	26030	55845	64411	10652	1959	51291	7074	81624	393	5295	1969	1795	57569	4688	55114	9341	5585	94134	9710	10160	653361	55619	23075	10787	3688	4810	1793	5338	143098	25894	55789	9826	7409	29127	394	10979	57580	2909	396	4162	115557	57522	115703	10810	81704	23592	50508	8503	347902	9732	128239	55200	23616	392	23191	50855	6035	998	397	6510	55914	57636	27	4359	4983	7456	26230	4650	51347	64857	128272	7454	3071	79658	9411	10811	6655	51306	85440	80243	10163	147179	57572	9459	10395	55971	8773	57480	4168	79947	9639	10144	80728	57584	10152	124056	23370	55843	8936	6654	10298	81839	85021	57679	5924	58504	8826	84904	7984	23526	10451	57514	7112	26999	3895	55004	27035	116985	9815	80005	1536	117289	1894	50619	7879	221178	7410	9855	257106	2010	23263	4689	64333	8476
RAC2 GTPase Cycle R-HSA-9013404	10006	5586	7037	11135	7444	23580	23344	5290	7204	3930	143872	9743	1535	857	28964	3998	23092	5296	1794	29	55845	7074	81624	4580	5295	1969	1795	4688	55114	9341	5585	9710	51566	653361	55619	23075	10787	23141	3688	4810	1793	5338	143098	55789	7409	29127	57580	2909	396	4162	23592	8503	9732	392	23191	998	55914	1829	4983	51347	3071	10163	26050	55971	4168	80728	57584	25813	10152	10298	9217	81839	85360	8987	10424	8826	10451	7112	55004	9815	1536	50619	7879	5880	7410	2010	4689
RAC3 GTPase Cycle R-HSA-9013423	10006	8202	116984	5586	182	23380	7037	11135	7444	23344	7204	10458	3930	143872	9743	1535	857	28964	3998	23092	5296	29	55845	64411	10652	7074	395	81624	5295	1969	4688	55114	9341	5585	9710	653361	55619	23075	10787	3688	4810	22865	143098	55789	29127	394	10979	57580	2909	4162	23592	50508	347902	392	23191	2889	998	397	6510	55914	1829	27	4983	51347	3071	10811	9235	10163	26050	55971	8773	4168	80728	57584	10152	124056	55843	8936	10298	4952	81839	85360	8987	10424	7112	55004	27035	9815	1536	7879	7410	2010	4689
RAF Activation R-HSA-5673000	5245	4893	8844	5525	5527	5501	3717	4296	5528	815	816	7529	5529	5518	8036	818	22808	5519	5500	3265	801	5515	5526	6714	5605	5604	369	5516	673	4140	6037	817
RAF-independent MAPK1/3 Activation R-HSA-112409	11221	1848	5594	1850	983	3570	1847	3569	1846	3717	11266	80824	8682	3572	7297	1849	3716	5781	5605	5604	1852	1844	5595
RAF/MAP Kinase Cascade R-HSA-5673001	5154	3718	5245	25759	2260	5720	5922	4893	5594	1850	8822	5147	2675	10197	8844	5717	2069	2258	5687	23198	10256	8074	2323	3815	4296	5686	6233	7316	3568	5037	5685	2322	5708	5155	2339	5714	2264	3690	5290	10125	10213	2668	51114	10817	9965	10434	2674	153090	1849	7414	115727	801	2243	5695	5526	2885	3567	2534	4355	5296	81926	5716	685	2065	2254	5700	6708	5710	5500	5623	5786	409	23463	3563	5693	1848	58489	122706	5295	10156	9978	57139	7039	1847	5159	5536	5718	2266	2255	10718	54518	5527	143471	5501	5696	7094	6710	377630	8452	2252	816	4684	11266	5529	5682	5701	2251	3560	5705	255324	7450	5923	5721	145957	152831	9365	3996	1950	8437	2253	1438	5605	5604	54756	84292	5709	5291	4763	2066	9462	9986	1437	4747	4140	6037	8823	5774	374	5778	11221	5706	2250	5588	5698	114787	3667	5979	5719	2335	5525	1956	5900	7311	3558	3717	51104	5699	2248	7529	80824	402	64926	8682	399473	1439	818	152559	22808	6709	83985	5715	5519	84078	5690	4254	5691	5863	5515	9861	8731	27006	6714	5908	7979	9542	7010	10048	3674	1852	6711	673	64096	1844	8660	5692	817	221002	4356	2263	2249	598	283455	2904	9693	22866	51125	3559	284	4902	6654	1846	5528	5747	408	1739	25780	5593	5684	5683	5713	51332	815	3561	6712	5702	5924	5518	8826	2246	3084	8036	5689	6300	161742	200734	3562	8817	26281	2244	5906	5688	1839	2064	9491	5711	3265	2906	10818	2261	5156	28956	3716	2676	8649	6464	1445	5694	88	57731	369	9048	5516	22821	8831	64333	53358	5595	5704	7314
RAS Processing R-HSA-9648002	377630	4893	81926	51104	58489	5588	9986	51114	598	5593	10434	5147	3265	402	801	51125	2339	23463
RAS Signaling Downstream Of NF1 Loss-Of-Function Variants R-HSA-6802953	161742	200734	4893	4763	3265	399473
RET Signaling R-HSA-8853659	5578	2887	5295	5567	9846	5979	5568	2675	4902	9260	6654	5335	9046	55715	2886	128869	5290	22883	2668	2674	220164	10818	2885	6714	5781	2676	5296	6464	5291	55816	5909	1796	5598	9048	53358	64096	5623	8503	8660
RHO GTPase Effectors R-HSA-195258	128312	10788	55143	286205	55839	5594	29984	1063	348235	10006	474382	8331	6396	8874	3985	4660	995	79172	3015	5217	30851	5048	114793	4659	388	80776	220134	5586	151648	2316	284058	1495	10552	23380	10499	9183	644150	8976	401541	9055	10458	1730	85415	5903	3984	5579	10096	5580	752	51343	1535	51143	3796	5216	801	5526	10095	2885	387	1857	55845	1856	8345	5600	701	8342	9212	5500	8379	51517	5578	255626	81624	79980	30849	4688	54821	4221	57405	81565	8341	5585	699	5527	23421	3798	3817	653361	5501	7531	10971	10097	1783	8338	10787	23081	10094	3014	55746	3018	3688	5529	79023	55055	102724334	85236	25909	3017	6232	391	5170	695	8349	3996	23279	81930	79682	147700	10403	57122	25996	23332	723790	4638	1778	57082	64105	57120	4628	9184	10810	23002	23433	22919	50508	374	1780	55166	128239	94239	10092	23191	23122	4690	57591	6035	4627	998	332	54908	5525	94274	81929	64946	3799	5590	147841	7456	9735	4928	79019	3013	3831	1499	7529	2491	9928	3071	7454	7532	140735	55766	3818	10811	151246	5519	10163	147179	10109	5515	8655	6093	6714	6279	4629	10726	114822	1781	79947	7514	7533	10152	6722	1062	6944	84643	8340	64130	25	2017	51466	124056	3619	91010	5905	1058	79902	8936	80152	5347	6280	5528	5747	126961	23028	71	79784	8970	4771	54820	5518	8826	55920	57551	3895	26999	27035	4085	1536	5289	8334	6242	11004	54763	5880	9793	6249	991	8348	3020	4637	83540	1729	10398	7534	1432	11130	1080	91687	103910	23037	29941	5516	728378	1027	4689	9475	79003	5595	348995	389	89953
RHO GTPase Cycle R-HSA-9012999	10788	84144	89839	10574	1629	4296	8997	152273	201176	83478	23380	11135	7444	23580	55704	10250	23344	8976	10458	11180	143872	5825	84681	11060	171177	9938	6472	81624	4688	55114	114885	9341	23365	3954	5585	94134	9710	653361	29062	200894	3688	22865	9181	5338	55160	9528	284119	1834	7409	7431	29127	91452	57580	57579	4162	9462	57120	81704	23592	50508	9644	392	23616	148170	23191	2889	11075	397	157285	54514	7456	1828	92799	8776	7126	10409	79658	55852	124540	10811	10163	147179	57572	9828	80115	58480	79947	25813	7171	124056	8153	55240	121512	27145	6654	2319	9217	9497	81839	85021	57679	832	9815	80005	1536	50619	57449	26084	1445	9754	9352	4689	3336	84317	23074	29984	29766	25963	8202	11329	116984	23129	7037	93663	644150	7204	1730	3930	10817	9743	752	2885	23092	57381	5296	29	55845	6434	23229	51291	9578	50618	393	5295	1969	1795	55619	23075	6793	23141	2245	9824	1793	2886	2697	143098	4548	158747	9826	57473	8027	10376	57522	65992	347902	128239	55200	7535	10254	4690	50855	55968	54874	7170	4359	4983	64857	445582	27289	5361	908	57498	57216	3326	4646	6093	26050	9738	55971	3932	54509	6711	80728	56990	29843	6453	10963	79180	84033	91010	8936	10298	26092	85360	8239	10424	7984	55119	10451	51138	50650	55227	117289	8086	2873	27316	22800	9475	2010	23263	728378	64333	6811	9886	22899	11188	3183	2631	114793	182	139818	5290	50649	85415	23348	55219	79598	23513	3998	387	1794	10652	1959	537	395	54438	10602	84612	222584	398	10787	4810	87	65124	55789	391	253959	10979	11140	4722	4001	57630	1152	3728	55023	56254	26049	998	1829	8301	51347	128272	7454	9411	51306	9318	153478	23268	4649	54443	10211	10726	4168	9639	10152	23370	55843	5756	9414	23256	55831	26286	71	10505	8987	9146	11214	5924	10576	23197	56667	2040	7112	26999	116985	1894	6242	4698	7879	5880	224	221178	1729	3320	27237	144402	55717	29941	389	8476	25791	5783	10006	2802	8874	388	5586	7919	9912	5589	253980	55075	390	9748	10672	1535	857	51133	28964	5364	124997	9455	26030	9590	64411	7074	4580	10134	57569	94240	51566	10160	5099	23779	8452	10435	25894	708	51479	9322	394	2909	396	115557	9138	115703	10810	23002	23433	8503	9732	101059918	6035	157769	6510	399693	22852	55914	55701	57636	27	1627	26230	4650	3163	9928	8440	79869	3071	8654	6655	84364	6709	85440	667	9235	80243	64783	8502	5930	9459	23048	10970	10395	6714	8773	57480	114822	63916	10144	1213	64283	23221	57584	79834	9231	4952	90627	2185	58504	8826	84904	123720	399	23526	57514	3895	55004	27035	91544	120	10818	7410	9855	70	1080	257106	7415
RHO GTPases Activate Formins R-HSA-5663220	55143	286205	55839	29984	348235	1063	6396	79172	5217	5048	114793	388	80776	220134	151648	284058	23380	9183	401541	1730	5903	5216	752	51143	3796	5526	387	1857	1856	701	9212	8379	81624	79980	54821	57405	81565	699	5527	23421	5501	1783	55746	79023	3688	5529	55055	25909	6232	23279	81930	79682	10403	57122	23332	1778	57082	64105	9184	23002	22919	1780	55166	23122	57591	6035	998	332	54908	5525	81929	64946	147841	9735	4928	79019	2491	140735	151246	5519	5515	8655	6714	10726	1781	7514	6722	1062	84643	51466	3619	91010	5905	1058	79902	80152	5347	5528	71	54820	5518	55920	57551	4085	11004	9793	6249	991	83540	1729	11130	91687	5516	728378	79003	348995	389
RHO GTPases Activate NADPH Oxidases R-HSA-5668599	5578	30849	5594	124056	4688	6035	653361	5590	6280	10811	27035	5580	5579	1536	5289	1535	5880	1432	6279	5600	23037	4689	5595	50508
RHO GTPases Activate ROCKs R-HSA-5627117	4627	3985	4660	5585	4659	79784	388	3984	6093	4637	387	10398	4629	103910	9475	4628	5500	389	6944
RHO GTPases Activate Rhotekin And Rhophilins R-HSA-5666185	387	30851	64130	85415	114822	388	6242	54763	389
RHO GTPases Activate WASPs And WAVEs R-HSA-5663213	10152	10092	25	23191	5594	4690	10006	6035	998	8936	7456	10097	5747	71	10787	10094	7454	10552	3071	644150	8976	26999	10458	695	10096	10163	147179	10109	2885	10095	55845	728378	10810	5595	51517
RHO GTPases Activate CIT R-HSA-5625900	6035	4627	4660	4659	79784	388	9928	9055	3996	4637	387	10398	4629	103910	79947	4628	1027	5500	389
RHO GTPases Activate IQGAPs R-HSA-5626467	128239	10788	1499	51343	6035	4221	998	1495	801	6249	8826
RHO GTPases Activate KTN1 R-HSA-5625970	387	3798	3799	3895	391	3831	6035	998	147700	89953
RHO GTPases Activate PAKs R-HSA-5627123	2017	6035	8874	998	4627	4660	5585	4659	79784	5586	2316	4771	3984	801	4637	10398	4629	4638	103910	4628	5500
RHO GTPases Activate PKNs R-HSA-5625740	255626	128312	8340	94239	474382	8331	6035	4627	4659	4660	8341	995	94274	5585	3015	3817	7531	10971	126961	3013	8338	23028	79784	23081	8970	7529	3014	3018	102724334	388	5586	7532	10499	55766	85236	3818	3017	5170	8349	8334	8348	3020	4637	387	10398	7534	25996	4629	723790	8345	103910	29941	8342	4628	7533	5500	389	374
RHOA GTPase Cycle R-HSA-8980692	6811	89839	25791	22899	25963	8874	116984	8997	5586	9912	83478	7037	5589	93663	7204	50649	3930	9748	85415	143872	55219	9743	5825	857	3998	23092	387	5296	1794	29	26030	64411	10652	51291	537	7074	395	81624	10134	393	5295	57569	9341	23365	5585	10160	5099	23779	6793	9824	65124	9181	25894	55160	708	55789	284119	9826	7409	29127	394	91452	57580	2909	396	4162	115557	57522	9138	65992	3728	23002	128239	55200	392	397	55914	57636	55701	4983	4650	3163	128272	79658	55852	9411	80243	4649	54443	6093	9828	10395	10211	8773	114822	4168	79947	9639	10144	64283	80728	57584	84033	91010	23370	9414	23256	2319	55831	9217	81839	90627	8987	11214	5924	58504	10424	8826	7984	55119	23197	2040	23526	10451	57514	50650	7112	3895	116985	117289	1894	6242	8086	50619	7410	1729	57449	70	257106	9754	29941	9475	23263	64333	84317
RHOB GTPase Cycle R-HSA-9013026	128239	81624	392	5295	9341	55914	23365	9414	5585	2319	5099	4983	388	398	4650	81839	6793	90627	5586	11214	7037	65124	7984	55119	9181	2040	55160	50650	55789	85415	9748	284119	4649	1894	9743	6242	54443	9826	857	6093	9828	29127	10395	394	7410	1729	23092	70	5296	10211	8773	2909	29	57580	9754	4162	4168	115557	79947	9639	29941	9475	64283	9138	23263	57584	80728	23002	3728
RHOBTB GTPase Cycle R-HSA-9706574	55023	56254	9886	29766	10574	5756	3183	1627	11329	8452	71	7919	79869	87	8654	124540	10250	10576	51138	908	64783	9318	5930	3326	4646	6093	7431	2873	3320	27316	11140	6434	9475	23221	9352
RHOBTB1 GTPase Cycle R-HSA-9013422	56254	9886	10574	3183	1627	11329	8452	79869	8654	10250	10576	51138	64783	9318	5930	4646	6093	7431	27316	2873	6434	9475	9352
RHOBTB2 GTPase Cycle R-HSA-9013418	55023	29766	10574	5756	3183	1627	11329	8452	71	7919	87	124540	10576	10250	908	3326	4646	27316	3320	11140	6434	23221	9352
RHOBTB3 ATPase Cycle R-HSA-9706019	3363	8452	898	22836	10489	9146	9367	7428	10226	51209
RHOC GTPase Cycle R-HSA-9013106	128239	81624	392	6811	5295	91010	9341	399693	55914	23365	55701	9414	5585	2319	4983	9217	114793	4650	81839	6793	5586	90627	11214	7037	8826	93663	7984	2040	55160	708	7112	3930	55789	9748	284119	55219	9743	5825	6242	54443	9826	857	6093	9828	29127	10395	394	7410	1729	23092	3998	387	91452	10211	29	2909	57580	396	4162	4168	115557	79947	9639	29941	9475	64283	9138	23263	57584	80728	23002	3728	389
RHOD GTPase Cycle R-HSA-9013405	81624	392	5295	79180	29984	101059918	55114	9341	55240	27145	94134	1627	9217	9497	26092	81839	8987	7444	87	10424	123720	832	23344	5361	7112	51479	1730	3930	55789	120	158747	9743	857	7879	29127	5364	394	84681	1729	23092	3998	5296	2909	144402	4162	9590	4001	2010	80728	57584	23592
RHOF GTPase Cycle R-HSA-9035034	81624	392	29843	26049	5295	9341	55240	94134	10160	9497	26092	4650	81839	85360	10409	8776	23380	445582	87	65124	832	23344	7112	55789	1730	120	9743	857	7879	394	1729	80115	5296	8773	55971	54509	4162	9590	4001	728378	80728	57584
RHOG GTPase Cycle R-HSA-9013408	9732	81624	10788	392	6811	6453	23191	5295	1969	1795	998	397	9341	55914	3954	1829	9710	10298	4296	4983	26286	9217	8997	398	81839	23141	5586	8987	3688	7037	1793	11135	5589	10424	7444	7984	143098	10451	23344	7204	7112	3895	3930	55004	55789	391	80005	9743	857	4698	7409	7879	394	7410	3998	27237	1794	4722	26084	2909	396	6472	23592	63916	4168	4162	26030	10652	2010	23263	80728	57584	57580	3336
RHOH GTPase Cycle R-HSA-9013407	7535	157769	55968	397	114885	6510	9341	1629	5585	1627	2631	10298	9497	398	81839	5586	7037	4548	2040	55075	399	55004	253959	9528	857	7879	6093	10376	1445	396	3932	55717	7415	9475	3728
RHOJ GTPase Cycle R-HSA-9013409	128239	81624	392	5295	91010	8874	998	9341	6510	54874	55240	5585	2631	10298	4983	9497	4952	81839	5586	85360	200894	7454	7037	11135	2697	143098	2040	8976	7204	7112	55789	55004	9815	9743	147179	857	7879	23513	23048	28964	394	23092	11060	57381	5296	8773	57580	2909	144402	3728	57584	81704	9578	8476
RHOQ GTPase Cycle R-HSA-9013406	128239	81624	392	6453	54438	84033	10602	8874	998	55114	9341	6510	55240	5585	10298	4983	9497	10435	81839	5586	85360	200894	23380	7037	11135	8826	2697	23580	143098	2040	8976	55789	55004	9815	9322	9743	857	7879	23513	28964	23048	10395	394	23092	11060	57580	8773	1080	2909	26030	144402	23229	57120	115703	3728	57584	9578	23433	8476
RHOT1 GTPase Cycle R-HSA-9013425	5910	55288	22906	80179	66008
RHOT2 GTPase Cycle R-HSA-9013419	89941	5910	9927	55669	22906	80179	66008
RHOU GTPase Cycle R-HSA-9013420	5295	10254	4690	1969	50855	8874	998	5585	10298	81839	5586	9146	8440	2185	23380	8239	8826	57514	6709	667	55789	11180	9815	4646	9459	8027	2885	28964	6714	11060	5296	58480	257106	6711	1213	9352	79834	9231	50618
RHOV GTPase Cycle R-HSA-9013424	5295	4690	1969	50855	8874	998	84612	7170	94134	5585	10298	4296	81839	5586	8440	8239	8826	8976	6709	667	55789	11180	9815	79598	4649	57473	28964	9738	171177	6711	57630	1213	7171	9352	79834	9231
RIP-mediated NFkB Activation Via ZBP1 R-HSA-1810476	4793	4792	4790	7098	11035	148022	4615	1660	4791	5970	8737	1147	3551	28512	28511	8517	81030
RIPK1-mediated Regulated Necrosis R-HSA-5213460	8772	197259	26354	6240	7316	7311	10273	2319	6233	330	8473	8717	6386	8837	331	2194	841	11035	8737	329	8795	57162	3320	10015	10010	11140	10211	356	8743	8797	7314
RMTs Methylate Histone Arginines R-HSA-3214858	6604	94239	474382	8331	86	79084	5931	6187	6605	85235	317772	221613	3015	55193	3717	196528	126961	3013	8338	54496	6597	6598	10419	3014	55352	57492	55766	1788	3276	6602	92815	11091	1019	8334	595	6601	10196	10498	6603	6595	51412	723790	6599	8289	55170
RNA Pol II CTD Phosphorylation And Interaction With CE R-HSA-77075	2965	2068	2966	5432	2968	5436	5435	4331	5440	5433	5439	5441	2967	5434	902	5430	8731	404672	5431	5437	2071	8732	5438	1022	2963	2962	6829
RNA Polymerase I Promoter Clearance R-HSA-73854	255626	128312	64425	8340	94239	2965	2648	51082	474382	8331	1107	5931	8341	2068	57459	5928	3015	3065	64174	1108	126961	10919	3013	8338	9112	2966	8970	3014	9013	3018	57504	30834	10849	102724334	54815	2968	5435	55766	85236	84172	221830	3017	4331	5440	79101	64180	5441	8349	2074	8334	9014	2967	5434	902	8348	3020	3066	11335	5437	404672	2071	723790	25885	8345	8850	9015	1022	6908	8342	9219	7343	7270	5595	54700
RNA Polymerase I Promoter Escape R-HSA-73772	255626	128312	64425	8340	94239	2965	51082	474382	8331	8341	2068	3015	126961	3013	8338	2966	9013	8970	3014	3018	30834	10849	102724334	2968	5435	55766	85236	84172	221830	3017	4331	5440	79101	5441	8349	8334	9014	2967	5434	902	8348	3020	5437	11335	404672	2071	723790	25885	8345	6908	9015	1022	8342	7343	54700
RNA Polymerase I Promoter Opening R-HSA-73728	255626	128312	8340	94239	474382	8331	8341	3015	64174	126961	3013	8338	8970	3014	3018	102724334	55766	85236	3017	8349	8334	8348	3020	723790	8345	8342	7343	5595
RNA Polymerase I Transcription Initiation R-HSA-73762	64425	2965	2648	51082	1107	5931	2068	57459	5928	3065	1108	10919	2966	9112	9013	10849	57504	30834	54815	2968	5435	84172	221830	79101	4331	5440	64180	5441	2074	9014	2967	5434	902	3066	404672	5437	2071	25885	8850	9015	1022	6908	9219	7343	7270	54700
RNA Polymerase I Transcription R-HSA-73864	255626	128312	64425	8340	94239	2965	2648	51082	474382	8331	1107	5931	8341	2068	57459	5928	3015	3065	64174	1108	126961	10919	3013	8338	9112	2966	8970	3014	9013	3018	57504	30834	10849	102724334	54815	2968	5435	55766	85236	84172	221830	3017	4331	5440	79101	64180	5441	284119	8349	2074	8334	9014	2967	5434	902	8348	3020	3066	11335	5437	404672	2071	723790	25885	8345	8850	9015	1022	6908	8342	9219	7343	7270	5595	54700
RNA Polymerase I Transcription Termination R-HSA-73863	64425	2965	51082	2068	2966	9013	10849	30834	2968	5435	84172	221830	79101	4331	5440	5441	284119	9014	2967	5434	902	404672	5437	2071	25885	6908	9015	1022	7343	7270
RNA Polymerase II Pre-transcription Events R-HSA-674695	9150	54623	6874	6827	4686	6878	25920	2966	6877	4298	2967	902	6883	404672	5437	6917	2958	2963	2962	2965	79577	55929	6884	9646	6879	6882	2068	1025	7469	5432	6749	6881	2968	5435	2957	6924	83860	2071	5431	6873	6829	2961	85403	80349	905	8178	51497	51616	7936	6921	4331	5440	5433	2959	904	5439	5441	11198	22916	6830	5434	2960	5430	51224	5438	6923	6908	1022	27125	23168	6880	123169	6872	4300	8812	8148	5436	55677	54457	138474
RNA Polymerase II Transcription R-HSA-73857	133746	7703	27244	5933	1263	168374	5871	5708	340385	119504	9734	163255	1874	1019	4609	58508	1030	9377	54973	83744	2965	79862	79577	581	51204	5527	898	6628	5196	55869	3276	640	7182	6924	60436	57547	57335	7082	54811	51003	4322	5892	9099	9442	5698	8535	7552	728957	58484	580	9971	54715	7029	2908	79088	91584	1022	672	7638	6636	54925	25	25946	84321	123169	55240	3559	4853	4300	5702	339488	286075	163223	55215	80789	5595	7181	7314	26149	10224	6886	3683	5564	6637	5685	2966	10249	4855	2176	3930	7057	2100	2967	902	5883	9939	6119	6599	5600	25937	54556	79230	199699	25824	9439	55929	6884	79664	91975	147687	10971	51422	2737	7469	7702	2353	4773	284309	85236	6772	5721	144348	57343	8794	8797	349075	5925	114026	10308	7324	80010	7768	29882	5816	3977	79837	23309	4297	3364	2959	56950	996	6923	100129543	163059	6097	285268	28984	5684	374928	637	7767	4435	79109	2936	55663	2475	79718	1277	10128	128312	9310	55657	2648	1436	26155	196528	2146	6934	4298	51343	10393	26013	25885	10535	10628	144715	3654	441234	57521	440077	7068	5970	6882	6927	5432	339559	64750	57711	2494	3458	129685	8349	65251	27161	723790	6341	901	92285	5985	27113	1616	4292	7625	146540	8178	632	1029	58490	23410	6830	7005	65123	9862	5430	8731	11073	7988	10898	84765	84676	374655	9134	79733	27166	57474	7566	143686	4878	4306	2103	6635	6940	730291	10891	1649	6827	10197	5717	7695	29894	6233	83737	7157	83439	5916	11338	8726	79370	8085	7745	1378	8493	5443	463	5578	55835	728927	4086	148213	340252	9978	148206	6015	5696	90317	6045	7874	126375	6657	27327	7248	11051	57693	2071	26097	7760	7748	3958	64769	147837	7022	92105	83695	4287	6921	64180	55900	115196	146542	7757	9668	1647	90827	27125	4904	1763	6907	4854	90594	6597	208	84289	5452	8738	55677	388536	5688	170959	65243	84441	84436	79973	5704	284306	57508	7249	6874	80778	117584	7761	162655	162967	10250	51385	84838	100287226	22794	84108	865	3676	285971	2308	9794	255626	10780	8317	342926	122706	1749	27153	147686	163071	4800	1349	84914	146434	2877	11200	317	7551	100506658	23248	79744	6427	51213	579	3013	7711	4331	5715	190	5519	10370	1513	7694	8289	29945	162239	7699	83933	7766	10524	22835	11065	6605	3164	5713	815	5983	51276	1026	7559	9491	23468	8649	10398	55656	10914	126068	1493	5594	4605	55615	474382	7994	4686	79813	6878	199704	28996	285676	1998	9314	169270	3630	404672	59348	55762	4087	2958	2962	117608	390502	339327	10650	5457	7020	64121	51692	55904	8341	6598	8626	55713	253639	26974	1876	6601	10413	7159	4193	55634	1437	2874	5458	2961	6256	55756	6257	63934	892	147929	27165	5439	7733	5775	51224	3674	6908	50862	5692	9739	1020	7678	1107	891	10046	90390	4790	6750	90075	5467	90338	3549	2064	894	10794	28956	4778	220992	9984	23327	9282	1392	138474	23037	10018	25896	22936	10002	388569	5608	58492	4988	5934	5686	25920	4091	94241	152687	6877	7582	5395	84661	4149	8342	7586	6790	5693	7422	9646	1021	93134	5718	8454	155061	161882	1113	2968	5435	864	8841	23493	7329	10168	5781	4839	221785	79898	79759	90874	7652	64859	6432	55766	54778	4089	5105	65109	7321	284370	4488	113835	10498	147694	7979	90576	246175	84527	253260	2904	23429	10542	7156	6872	5929	10302	126961	134353	5436	9156	51176	9656	1387	7534	1515	57209	7581	168417	29079	10007	10569	5770	1024	26512	7067	6500	169841	79027	9970	8793	126231	140612	390927	8209	8189	6431	91875	6604	51230	27338	6515	4005	163050	1460	6720	143471	1351	7291	4303	80032	10013	10781	80196	2625	146198	5170	7738	6619	90592	27287	10795	85456	285521	1490	4602	282890	10062	7769	94039	10670	84671	650	10001	7556	7311	5699	7697	904	342132	22916	5515	9861	9877	9975	84324	7712	7376	115509	84870	23379	83667	814	23019	5689	7003	10155	8266	80237	9048	23619	7621	79885	4893	9167	7753	199777	51755	995	147923	84924	10138	9775	7296	1278	1329	22974	2572	142	8851	1482	283337	5982	90589	54807	4221	5931	387893	843	1750	5701	26523	27154	5705	80110	55367	57187	1478	80108	25996	10014	7626	147741	30827	23466	10765	641	86	905	2063	23411	23283	7323	6009	5571	1111	148268	9443	84911	181	5111	8683	79818	84449	5562	55888	10189	3486	3569	3329	55534	5494	8812	5308	5683	639	148254	7027	6236	54457	3020	7040	1911	51433	5516	400720	9572	3678	8331	4852	3015	5876	84333	11059	5875	80317	147657	10213	64223	79755	3174	801	5305	6883	84874	2099	200845	8396	57103	8345	25942	79788	7567	57154	1337	4849	388566	2903	7531	8338	90649	55659	9612	57492	5371	900	25828	65018	30832	207	5709	285349	6241	4194	127396	9968	10782	51564	80349	4929	10212	4359	1499	7936	84987	1643	51333	2649	9079	5434	136051	29959	51593	389541	121274	983	9534	83990	22938	23512	8148	8697	2571	6794	8334	442319	10025	163049	23460	5720	54623	91120	5687	7316	5045	182	6688	3484	730087	11335	5716	284443	57677	7562	353088	2624	9969	9295	9759	81856	64065	1875	2068	9358	6749	3014	57615	4801	665	9125	204851	595	389114	861	84967	6873	4092	353274	284459	4802	84883	9070	7762	8445	1017	5588	51058	79943	51616	117581	7529	9757	84524	84126	4869	2960	155054	7692	1479	6938	1514	53981	2309	374879	6446	6497	374900	5054	344787	8312	10397	7050	3562	201514	163227	29101	3725	7673	10793	8409	8850	57690	80095	9891	9150	199746	9477	54487	2811	4208	7919	57573	5714	80012	857	7592	9785	7587	5366	5700	5468	8013	25888	54541	100289635	63970	472	7122	5884	7832	1869	55174	102724334	114907	5682	122809	2593	5052	8621	121340	144455	85403	50484	2104	114787	9611	332	1956	27300	9464	51497	7596	5914	23462	79869	7770	84172	5433	3516	5441	5690	90639	23439	10000	116028	9440	51412	4204	23112	92595	8900	2177	23168	8340	6880	8427	23368	55193	2626	10520	5275	56729	5518	619279	84337	10325	124411	55004	7574	8348	28514	7884	163732	22955	7771	26152	29028	192670	388561	7913	1108	84775	51123	5079	79175	54815	6618	5888	10848	7710	5710	6428	23774	7039	6879	148103	1327	6881	2957	55778	8089	7004	199692	7525	5431	54971	162972	148266	58528	102724594	5241	7743	6617	3558	83746	5440	2538	8856	124446	25799	2932	8795	51499	57336	890	654254	64682	84626	817	5932	79891	4004	133522	7539	2516	4850	835	57060	153129	219578	80139	1340	80145	8563	5711	100129842	8431	10127	57117	6498	51585	59269	7021	6621	93474	81556	353355	23198	81608	26173	3815	90233	8784	81857	348327	9540	2668	7728	100131827	4088	58500	348	7341	6603	6595	356	7486	116228	4116	9212	219749	6430	112858	1459	163081	54205	10419	26048	3017	83860	3066	7101	7594	8881	4436	197320	1385	6046	6829	374	9997	94239	6502	284252	5565	25925	818	9441	6602	5691	2660	6426	50943	148156	79047	158431	1350	7533	162963	29982	284307	10111	1051	80314	839	3065	604	8239	7025	7565	1912	4848	7528	440515	9337	51592	80264	25906	55422	65988	79871	221044	4361	56242	57459	10921	7627	6095	23314	6634	55339	5563	11091	1477	90809	5695	6917	1820	100131980	126382	9219	11052	92283	5728	285267	83741	1025	4343	10172	2623	3018	255403	84246	55197	694	6910	9021	51741	29883	388567	7571	6532	5719	7421	84271	125919	7532	896	11198	51529	11105	51241	8732	55571	80818	2290	133383	2289	8930	57332	246184	163051	55726	4336	7001	8970	1345	147949	51808	162966	6932	4986	170960	5465	10769	5928	10273	55786	834	7561	2194	2736	163087	5579	4094	84124	5437	171392	2963	7576	55294	84733	57541	5984	816	23269	58491	84248	2033	29117	6834	8106	7752	5325	6662	22869	51362	5706	53632	256051	387032	25904	55110	10919	860	57678	8463	51586	6714	8550	5438	79035	81035	7755	55170	6429	7161	158399	5915	54989	112950	6258	126070	4851	2891	5451	7633	2101	23660	79228	1432	5694	1027	192669	147948	7222
RNA Polymerase II Transcription Termination R-HSA-73856	102724594	6636	9295	6427	11052	51213	10569	84321	6430	6429	51692	199746	10189	10898	55110	23283	4686	81608	10212	10921	29894	6637	84271	7919	6628	9775	6634	134353	79869	6432	55339	10250	84248	8106	65109	11338	80145	11051	22916	57187	1477	8563	84967	79228	1478	1479	9939	26097	6426	9877	9984	7884	10914	22794	9785	53981	84324	51585	8683	81035	8189	6431	6635	4116	51362	25888	6428
RNA Polymerase III Abortive And Retractive Initiation R-HSA-749476	27297	51082	10621	6617	4774	10302	112495	9328	661	7702	10622	55718	6618	2971	5435	4784	5451	5440	9329	55290	5441	55703	84265	51728	11128	6619	6741	2975	5434	5437	2972	10623	2976	9330	6908	171568	4781	6621	55814
RNA Polymerase III Chain Elongation R-HSA-73780	171568	5440	27297	10623	5441	55703	84265	51082	661	51728	11128	5434	10622	10621	55718	5435	5437
RNA Polymerase III Transcription Initiation From Type 1 Promoter R-HSA-76061	27297	51082	10621	112495	9328	661	10622	55718	2971	5435	5440	9329	5441	55703	84265	51728	11128	5434	2975	5437	2972	10623	2976	9330	6908	171568	55814
RNA Polymerase III Transcription Initiation From Type 2 Promoter R-HSA-76066	27297	51082	10621	112495	9328	661	10622	55718	5435	5440	9329	5441	55703	84265	51728	11128	5434	2975	5437	2972	10623	2976	9330	6908	171568	55814
RNA Polymerase III Transcription Initiation From Type 3 Promoter R-HSA-76071	27297	51082	10621	6617	10302	661	7702	10622	55718	6618	5435	5451	5440	55290	5441	55703	84265	51728	11128	6619	5434	5437	10623	6908	171568	6621	55814
RNA Polymerase III Transcription Initiation R-HSA-76046	27297	51082	10621	6617	10302	112495	9328	661	7702	10622	55718	6618	2971	5435	5451	5440	9329	55290	5441	55703	84265	51728	11128	6619	5434	2975	5437	2972	10623	2976	9330	6908	171568	6621	55814
RNA Polymerase III Transcription Termination R-HSA-73980	27297	51082	10621	4774	661	10622	55718	5435	4784	5440	5441	55703	84265	51728	11128	5434	6741	5437	10623	171568	4781
RNA Polymerase II Transcribes snRNA Genes R-HSA-6807505	199699	23248	57508	81556	6884	79664	6880	23379	905	92105	6827	6882	8178	26512	55756	4686	26173	6617	6878	10302	55726	1025	8812	5432	55174	64859	5452	7702	6877	6618	6829	5435	5436	58490	84524	2957	55197	5451	5433	5440	129685	2959	904	5439	5441	51808	22916	6619	29101	5434	2960	65123	5430	5437	5431	80237	80789	55656	57117	5438	79035	2958	51585	6908	54973	1022	2963	2962	79871	51593	25896	22936	2961	6621
RND1 GTPase Cycle R-HSA-9696273	5295	10963	5783	1969	11075	22852	94240	2319	222584	81839	9928	7037	2886	27289	55704	56667	5361	667	57498	57216	10817	91544	9528	11180	55789	8502	1834	857	10818	224	394	27316	57449	9455	5296	2909	22800	57579	9462	9352	23592	9231
RND2 GTPase Cycle R-HSA-9696270	392	23074	5295	5783	1969	2802	11188	157285	8153	22852	1828	23129	222584	81839	7126	9928	7037	253980	56667	3895	667	57498	57216	10817	91544	11180	55789	55227	8502	857	10818	23513	23048	224	10970	27316	394	5296	2909	10726	9352	23592	9231
RND3 GTPase Cycle R-HSA-9696264	5295	5783	1969	29766	11188	22852	2319	54514	8301	1828	222584	81839	7126	10505	253980	55704	56667	3895	667	57216	390	11180	91544	55789	8502	1834	857	23513	6093	394	10970	27316	57449	9455	5296	2909	9462	1152	9352	57584	23592	9231
ROBO Receptors Bind AKAP5 R-HSA-9010642	5578	9495	6092	5567	5576	5568	64221	5532
RORA Activates Gene Expression R-HSA-1368082	2033	6604	286826	85441	6907	80205	6256	1374	5465	6095	8648	1387	8930	23054	10499	79718	6720	10498
ROS And RNS Production In Phagocytes R-HSA-1222556	527	50617	528	4688	23545	533	653361	525	342977	90423	127124	8992	245973	51382	529	4025	84329	6556	523	9296	1536	245972	535	51606	1535	5880	340719	9114	9550	10312	155066	526	534	4689	339345	4353
RSK Activation R-HSA-444257	6197	6195	6196	5170	5594	27330	5595
RUNX1 And FOXP3 Control Development Of Regulatory T Lymphocytes (Tregs) R-HSA-8877330	3558	3458	50943	8784	865	1493	3559	861	4773	1378
RUNX1 Interacts With Co-Factors Whose Precise Effect On RUNX1 Targets Is Not Known R-HSA-8939243	6604	84733	8535	23429	1460	6015	1459	86	6605	57332	55193	196528	10138	6045	6597	6598	28996	84333	80012	57492	2033	6602	1912	6601	861	1911	6595	51412	6603	6599	865	22955	8289	23466
RUNX1 Regulates Estrogen Receptor Mediated Transcription R-HSA-8931987	57678	2099	200845	865	8312	861
RUNX1 Regulates Expression Of Components Of Tight Junctions R-HSA-8935964	7082	7122	865	861	100506658
RUNX1 Regulates Genes Involved In Megakaryocyte Differentiation And Platelet Function R-HSA-8936459	255626	128312	8340	94239	5588	474382	8331	55904	8341	3015	2811	3065	5929	126961	3013	8338	4343	2623	8970	161882	3014	3018	102724334	23309	5196	26523	4297	9757	55766	85236	27327	3276	2033	3017	7057	8349	8334	8085	11091	58508	861	84661	8348	3020	4778	10398	23112	723790	3674	865	8345	25942	8850	8342	192669	192670	9070	57690	8013	9739	55170
RUNX1 Regulates Transcription Of Genes Involved In BCR Signaling R-HSA-8939245	640	865	5079	861	1998	84337
RUNX1 Regulates Transcription Of Genes Involved In WNT Signaling R-HSA-8939256	50943	2099	865	8312	861	84870
RUNX1 Regulates Transcription Of Genes Involved In Differentiation Of HSCs R-HSA-8939236	128312	5720	474382	8331	6886	10197	5717	23198	5687	7316	3015	5686	6233	83737	5685	5708	6688	5714	83439	10213	902	5695	5716	865	8345	8342	5700	5710	2624	5693	255626	122706	4005	5718	8341	143471	5696	8338	2623	3014	3018	102724334	5682	5701	85236	5705	2625	3017	5721	8349	861	10413	5709	723790	4602	5706	94239	5698	5719	7311	5699	3013	4297	55766	4331	5715	9079	5690	5691	9861	6938	7979	1022	5692	8340	25	4004	7161	5713	126961	5684	5683	8970	5702	5689	5688	9491	8334	5711	8348	3020	5694	5704	7314
RUNX1 Regulates Transcription Of Genes Involved In Differentiation Of Keratinocytes R-HSA-8939242	9021	1513	1514	1515	865	5275	861	122809
RUNX1 Regulates Transcription Of Genes Involved In Differentiation Of Myeloid Cells R-HSA-8939246	865	1437	5579	3958	860	1387	861
RUNX1 Regulates Transcription Of Genes Involved In Interleukin Signaling R-HSA-8939247	865	3977	861	3562	84337
RUNX2 Regulates Bone Development R-HSA-8941326	1277	9759	25	4086	5594	2737	4091	10013	860	23314	632	221044	23462	25925	4089	2736	3549	8841	4094	23493	7525	121340	10413	6714	8209	865	25937	5925	5595	374
RUNX2 Regulates Chondrocyte Maturation R-HSA-8941284	2736	9759	3549	865	860
RUNX2 Regulates Genes Involved In Cell Migration R-HSA-8941332	3678	9358	207	865	208	860	4322	10000
RUNX2 Regulates Osteoblast Differentiation R-HSA-8940973	1277	25	5594	2737	10013	860	23314	632	23462	25925	8841	4094	23493	7525	121340	10413	6714	8209	865	25937	5925	221044	5595	374
RUNX3 Regulates Immune Response And Cell Migration R-HSA-8949275	865	6097	864	3683	3676	30827
RUNX3 Regulates BCL2L11 (BIM) Transcription R-HSA-8952158	4089	4088	864	10018	2309
RUNX3 Regulates CDKN1A Transcription R-HSA-8941855	7040	1026	4089	463	4088	864	7157
RUNX3 Regulates NOTCH Signaling R-HSA-8941856	2033	10046	4851	55534	3516	22938	864	2648	8850	182	84441	1387	9794	8209
RUNX3 Regulates WNT Signaling R-HSA-8951430	864	51176	1499	595	4609	83439	6934	6932
RUNX3 Regulates YAP1-mediated Transcription R-HSA-8951671	8463	7003	1490	25937	864	7004	7005	10413
RUNX3 Regulates p14-ARF R-HSA-8951936	2033	7040	4893	9759	865	864	595	1029	861	6046
Rab Regulation Of Trafficking R-HSA-9007101	5873	22931	338382	414918	7249	201627	89781	6764	84958	57589	10133	1122	81876	3257	201475	83452	5867	117177	51560	9363	79735	5870	5874	10260	54662	126432	22879	4943	22878	27147	5872	55357	79961	8766	51693	259173	57533	83874	11031	64786	11021	25782	5869	5878	79890	7531	23637	22898	79958	54734	23163	11337	374403	57706	26000	7248	60684	57465	116442	8408	23258	2664	22930	23011	51552	107080638	207	79090	5868	23682	382	23062	83696	9135	6399	4359	339122	400966	54453	5861	128637	9610	51112	7109	27095	80006	51762	10000	221960	2665	126003	163486	4218	8567	84315	10890	51399	51209	160518	122553	26130	208	57679	26088	6305	84079	11345	9367	7879	102724862	55667	27342	125058	5866	81846	163259	58485	10981	81631	5864	9909
Rap1 Signaling R-HSA-392517	5578	5908	7534	10125	5906	5909	5567	6494	10235	7529	5568	23108	6037	5592	11069	10411
Ras Activation Upon Ca2+ Influx Thru NMDA Receptor R-HSA-442982	5923	4356	4355	4893	88	1739	114787	4747	816	2904	815	3996	3265	2906	801	5924	818	817
Reactions Specific To Complex N-glycan Synthesis Pathway R-HSA-975578	2530	4124	3972	80168	2517	1113	9486	2525	64377	4122
Receptor Mediated Mitophagy R-HSA-8934903	84557	192111	8408	9140	81631	1460	1459	6714	139341	9474
Receptor-type Tyrosine-Protein Phosphatases R-HSA-388844	11141	8497	5792	5789	5802	8500	22865	8496	3556	114798	4916	26050	26280	94030	84189	8499	8541	139065	84631	8495
Recognition Of DNA Damage By PCNA-containing Replication Complex R-HSA-110314	5985	7320	5982	9978	8450	57599	6573	5424	51514	7316	7311	5984	5427	6233	8451	5983	84172	56655	7398	54107	5426	57804	10714	5111	6119	56852	25885	5425	1642	7314
Recruitment And ATM-mediated Phosphorylation Of Repair And Signal Proteins At DNA Double Strand Breaks R-HSA-5693565	255626	128312	51035	8340	23030	25	2138	7314	10524	10111	79184	5536	165918	8341	4361	7316	472	7311	84142	580	6233	2139	322	51588	7157	8970	3014	3018	102724334	5599	2140	85236	7468	8467	7334	3017	51720	8290	8349	9656	7341	9577	154043	8348	9025	7158	7329	11200	8924	29086	7336	8345	9048	8342	9031	9682	672	2070
Recruitment Of NuMA To Mitotic Centrosomes R-HSA-380320	27175	79441	5577	1639	7277	10142	22897	9662	10806	5048	54801	10844	4926	85378	22995	11064	102800317	5578	55835	55559	22981	9814	7531	29922	11258	440145	84131	10733	10426	55755	23332	1778	114791	653784	22919	80321	55125	11190	8481	23354	121441	95681	10382	11116	55722	7532	10383	8655	5108	9702	9738	4957	80184	1781	7846	10540	79959	55142	983	1069	22994	5347	54930	7283	4751	8636	27229	80254	54820	5518	80097	115106	9793	3320	203068	7840	93323	1453	10121	5116
Recycling Of Bile Acids And Salts R-HSA-159418	10998	200931	570	80765	10599	6256	28234	2172	213	9971	8647	123264	8648	8714	10499	6554	6579	6555
Recycling Of eIF2:GDP R-HSA-72731	8890	8892	1967	1968	8894	8891	8893	1965
Recycling Pathway Of L1 R-HSA-437239	6197	8650	6195	3897	5594	7430	161	1175	1173	1211	163	160	26052	6456	6196	5962	8986	9252	1808	57698	27330	6714	1785	1213	1759	24137	285643	4478
Reduction Of Cytosolic Ca++ Levels R-HSA-418359	490	488	6543	489	6547	6546	487	493	801	492	6717
Reelin Signaling Pathway R-HSA-8866376	2534	30011	7436	352909	5649
Regulated Necrosis R-HSA-5218859	91782	1687	838	581	3002	8772	197259	3552	26354	6240	7316	7311	10273	2319	79643	27243	54205	834	6233	7157	330	8473	8626	8717	1991	6386	8837	331	2194	3606	841	11035	836	3553	8737	329	25978	8795	57162	3146	578	3320	10015	10010	11140	10211	79792	356	128866	92421	3660	3659	8743	8797	837	7314
Regulated Proteolysis Of p75NTR R-HSA-193692	51107	7189	5664	4790	5663	55851	5970	23385	6868	4804	83464
Regulation Of APC/C Activators Between G1/S And Early Anaphase R-HSA-176408	5720	10197	5717	23198	5687	7316	5686	6233	6500	5685	5708	119504	5714	10213	51343	10393	5695	5716	701	5700	5710	5693	27338	122706	5718	8454	143471	5696	26271	5682	5701	5705	5721	8881	5709	9184	5706	1017	5698	5719	7324	7311	5699	29882	7321	5715	51529	5690	5691	9861	7979	996	29945	8900	890	64682	5692	8945	983	11065	891	5347	246184	5684	5713	5683	5702	5689	8697	5688	4085	9491	5711	991	5694	51433	25906	5704	7314
Regulation Of Apoptosis R-HSA-169911	9968	5693	5706	5720	122706	5698	5719	5718	10197	5717	115209	23198	5687	143471	7311	7316	5696	5686	5699	6233	5684	5685	5713	5683	5586	5708	5682	5702	5701	5714	79658	5689	5705	5721	10213	5688	5692	5715	5690	9491	5691	5711	5695	9861	7979	5716	5709	5694	5700	5710	5704	7314
Regulation Of BACH1 Activity R-HSA-9708530	7316	7311	6233	6500	6502	9978	64839	83990	8454	7975	7314
Regulation Of Complement Cascade R-HSA-977606	727	1604	100423062	719	1361	975	81494	7448	5627	8458	715	966	3075	4179	3183	3426	720	221184	27202	10877	725	1191	1991	716	710	3078	722	3080	5688	1380	731	728	713	1378	930	712	718	1645	733	10878	629	8904	714	732
Regulation Of FOXO Transcriptional Activity By Acetylation R-HSA-9617629	2033	4303	23410	25828	10628	8850	1387	2309	23411	2308
Regulation Of FZD By Ubiquitination R-HSA-4641263	9101	4040	7316	8322	7311	59352	6233	8323	4041	54894	284654	343637	84133	55366	8325	89780	8549	84870	340419	7314
Regulation Of HMOX1 Expression And Activity R-HSA-9707587	81502	3162	83990	7975	4780
Regulation Of HSF1-mediated Heat Shock Response R-HSA-3371453	5594	6396	7266	871	9531	29074	27000	23165	5903	3305	6119	25885	8021	390502	11097	129401	9818	3337	7175	3310	472	9972	7531	22824	55746	79023	10049	3297	9688	9530	10762	2765	259217	1413	6767	23279	84659	57122	3312	9529	9631	23636	3313	573	1288	10808	3303	23511	57805	23411	3281	81929	4928	51501	9532	2288	84172	3308	27242	2932	162989	55706	4927	9261	3309	53371	6013	51182	79902	91582	116835	23225	6782	8086	3306	9883	5595	348995	7314
Regulation Of IFNA/IFNB Signaling R-HSA-912694	3448	3440	3452	5770	3456	3451	11274	5777	3446	6772	3441	3442	3454	7297	3444	3716	5781	9021	3443	8651	3449	3455	6773	3445
Regulation Of IFNG Signaling R-HSA-877312	9021	3458	3717	8554	8651	6772	5771	5770	3459	3460	7341	5777	3716	5781
Regulation Of IGF Transport And Uptake By IGFBPs R-HSA-381426	84141	3489	147111	1462	8458	1356	8074	5069	2200	10618	10232	6383	54757	5589	3484	1435	5611	26085	5954	1511	348	2243	8720	4313	4148	57719	51280	4241	54587	7137	9988	3481	2999	11167	7018	375056	197	334	652	4221	2266	720	3817	351	7425	54972	213	4924	3490	3270	5768	5340	3487	7466	29106	130367	3483	2621	335	30827	265	102	64856	60676	2335	51246	116519	3827	2719	7857	5034	8614	255738	2519	3818	3698	4052	462	91851	3912	5265	5624	10970	2153	4240	56955	7726	1000	3479	1114	10130	258	7184	3915	1471	3486	3569	10272	11098	3488	4312	56975	10117	51156	3485	9210	3956	8542	3053	3816	84823	401138	3895	7076	8404	11320	80341	57104	718	5179	5530	813	338
Regulation Of KIT Signaling R-HSA-1433559	5578	4067	2534	3815	8651	867	3932	6714	5777	10603	4254	10019	7525	2885	9306	6654
Regulation Of MECP2 Expression And Activity R-HSA-9022692	5578	2290	6532	9611	6907	3065	4343	815	816	28996	814	26523	9612	818	27327	3930	8841	801	3066	27161	4204	23112	1385	25942	2874	192669	192670	9212	57690	79718	817
Regulation Of NF-kappa B Signaling R-HSA-9758274	7316	7311	9684	79671	7189	10010	841	6233	11274	7157	9683	84166	1147	3551	121457	9097	8517	7314
Regulation Of PLK1 Activity At G2/M Transition R-HSA-2565942	79441	5577	1639	7277	7314	10142	22897	4660	9662	10133	10806	7316	5048	6233	6500	4659	54801	22995	11064	6790	5500	102800317	5578	55835	55559	22981	8454	9814	7531	11258	84131	10733	55755	23332	1778	22919	80321	55125	11190	8481	23354	7311	121441	95681	10382	11116	55722	7532	10383	8655	5108	9702	9738	4957	79866	80184	1781	4218	7846	10540	79959	55142	8945	983	1069	891	22994	5347	23291	54930	9133	7283	4751	8636	80254	54820	5518	84962	115106	9793	3320	203068	7840	93323	1453	10121	5116
Regulation Of PTEN Gene Transcription R-HSA-8943724	2122	5978	84733	10670	58528	57521	8535	5594	64121	10542	51564	5728	6015	1107	5931	5928	57459	57332	3065	84232	1108	57167	23028	23512	6045	9112	7157	2146	57504	1958	54815	80012	23186	6009	10325	153129	2668	55004	8726	64180	64223	1822	8841	1912	3725	3066	28956	7101	6615	8649	1911	10014	22955	6591	9219	2475	5595	5468	23466	389541
Regulation Of PTEN Localization R-HSA-8948747	7316	7311	331	6233	4734	5371	7874	5728	7314
Regulation Of PTEN mRNA Translation R-HSA-8943723	9218	23112	4343	246175	5728	192669	192670	26523	57690	27327	27161
Regulation Of PTEN Stability And Activity R-HSA-8948751	5693	5706	5720	122706	5698	5719	5728	1460	1459	5718	10197	5717	23198	5687	143471	7311	7316	10273	5696	5686	5699	6233	4734	80351	5684	5685	5713	5683	208	8975	5708	23252	5702	5701	5682	5714	5689	5705	331	81847	5721	10213	80243	5688	5692	5715	5690	9491	5691	5711	10000	5695	9861	11060	7979	207	5716	5694	5709	2444	8658	23608	5700	5987	5710	5704	7314
Regulation Of RAS By GAPs R-HSA-5658442	5693	5706	4893	5720	5922	122706	5698	10156	9978	5719	5718	10197	5717	23198	5687	143471	7311	7316	5696	5686	5699	6233	8452	5684	5685	5704	5683	5713	5708	5682	5702	5701	5714	399473	64926	5689	5705	161742	200734	5721	10213	5688	5715	153090	84078	5690	9491	5691	5711	3265	5695	8437	9861	7979	5716	5709	5694	4763	9462	8831	22821	5700	5710	5692	7314
Regulation Of RUNX1 Expression And Activity R-HSA-8934593	23112	865	4343	6714	27327	894	1021	5371	57690	595	192669	192670	26523	861	896	5781	27161
Regulation Of RUNX2 Expression And Activity R-HSA-8939902	5693	5706	5720	122706	5698	6502	1749	9978	5719	650	133522	579	10891	5718	10197	8454	5717	23198	5687	143471	7311	7316	10273	5696	5686	5699	6233	7291	1750	5684	5685	5713	5683	6500	860	5708	5682	5702	5701	5714	11059	6772	5705	5689	5721	10213	2908	5688	5692	5715	2101	5690	9491	5691	4488	5711	2932	5695	9861	7979	5716	2099	5694	5709	865	57154	55294	5700	5710	59269	5704	7314
Regulation Of RUNX3 Expression And Activity R-HSA-8941858	5693	5706	5720	5698	5719	5718	10197	5717	5687	7316	7311	5696	5686	5699	6233	5684	5685	5704	5683	5713	64750	5708	1029	5682	5702	5701	5714	5689	5705	2033	5721	10213	5688	5715	864	5690	9491	5691	5711	5695	9861	6714	7040	4193	5716	5709	5694	7979	865	57154	5700	5710	5692	7314
Regulation Of TLR By Endogenous Ligand R-HSA-5686938	10333	79792	2244	23643	6279	6280	948	1687	7096	7099	6271	3146	4695	2243	3929	338	2266	7097
Regulation Of TNFR1 Signaling R-HSA-5357905	56957	90268	8772	3551	84888	7375	7124	25999	7316	7311	6233	81858	330	1147	55072	8717	8837	331	7185	56928	841	10616	8737	329	7132	10010	8887	7128	8567	9099	1540	10399	8517	29761	7314
Regulation Of TP53 Activity R-HSA-5633007	9891	133746	55615	5608	6874	7994	26155	1263	117584	4361	5928	57459	5564	79813	7316	6878	6233	1108	7157	94241	28996	6877	54815	22974	64223	5563	10848	90809	5305	6883	5883	26013	8396	6119	25885	5600	7486	9219	6790	8851	9212	54556	144715	91875	390502	51230	23774	5982	5457	6884	112858	1460	1459	5931	387893	6879	6882	5527	472	5984	5884	51422	6749	10419	8626	7874	6881	27154	5371	2033	80196	29117	5170	900	204851	83860	3066	6873	7159	207	11200	4193	5458	4194	9099	64769	5985	8445	1616	1017	53632	641	83695	7311	80010	580	10919	51616	79837	1029	5565	84172	5571	3364	84126	1111	64180	11198	5519	56950	10000	116028	5515	8550	11073	6908	672	8900	890	6446	5562	5932	25946	253260	983	1763	10524	1020	10111	133383	6880	7161	1107	83990	7156	23368	6872	3065	208	5983	84289	639	5518	8148	9156	6236	54457	6794	79109	1432	138474	23037	9048	5516	2475	54971	7314
Regulation Of TP53 Activity Thru Acetylation R-HSA-6804758	23774	5608	7994	1107	5931	5928	57459	3065	1108	7157	208	84289	79837	54815	27154	5371	2033	29117	64180	90809	10000	5305	3066	207	8396	23037	9219	54556	64769
Regulation Of TP53 Activity Thru Association With Co-factors R-HSA-6804759	7159	207	51230	25946	5457	7157	208	10848	8626	10000	7161	5458	54971	23368
Regulation Of TP53 Activity Thru Methylation R-HSA-6804760	133746	133383	387893	79813	7316	472	7311	6233	10919	7157	10419	2033	56950	26013	4193	11200	4194	91875	7314
Regulation Of TP53 Activity Thru Phosphorylation R-HSA-6804756	9891	6874	26155	1263	4361	5564	7316	6878	6233	7157	94241	28996	6877	22974	5563	6883	5883	6119	25885	5600	7486	6790	8851	144715	9212	390502	5982	6884	112858	1460	1459	6879	6882	472	5984	5884	51422	6749	6881	204851	83860	6873	4193	11200	4194	5985	8445	1017	53632	641	83695	7311	80010	580	51616	5565	84172	5571	3364	84126	1111	11198	116028	8550	11073	6908	672	8900	890	5562	5932	1763	10524	1020	10111	6880	83990	7156	6872	5983	8148	9156	6236	54457	6794	1432	138474	23037	9048	7314
Regulation Of TP53 Degradation R-HSA-6804757	6446	1616	1017	51230	253260	983	55615	117584	5527	472	7311	7316	6233	7157	208	7874	1029	5518	80196	64223	900	5170	5519	10000	5515	9099	79109	4193	207	11200	5516	4194	8900	2475	890	7314
Regulation Of TP53 Expression And Degradation R-HSA-6806003	6446	1616	1017	51230	253260	983	55615	117584	5527	472	7311	7316	6233	7157	208	639	7874	1029	5518	80196	64223	900	5170	5519	10000	5515	9099	79109	4193	207	11200	5516	4194	8900	2475	890	7314
Regulation Of Actin Dynamics For Phagocytic Cup Formation R-HSA-2029482	9844	100423062	10092	25	23191	5594	4690	10006	4651	6035	4627	998	4643	8936	51517	5585	7456	10097	5747	71	4650	10787	10094	7454	4771	10552	1793	3071	644150	10451	8976	26999	10458	919	3984	695	10096	4620	1398	3326	10163	10109	147179	7409	2212	6850	10095	2885	7410	3320	4644	2209	5595	55845	63916	728378	10810	10152	6944
Regulation Of Activated PAK-2p34 By Proteasome Mediated Degradation R-HSA-211733	5693	5706	5720	122706	5698	5719	5718	10197	5717	23198	5687	143471	7311	7316	5696	5686	5699	6233	5684	5685	5704	5683	5713	5586	5708	5682	5702	5701	5714	5689	5705	5721	10213	5688	5715	5690	9491	5691	5711	5695	9861	7979	5716	5709	5694	5700	5710	5692	7314
Regulation Of Beta-Cell Development R-HSA-186712	2648	50674	389692	5313	2255	22938	6927	10046	55534	222546	6514	4760	5871	208	256297	2033	4851	2494	390874	3516	6928	3630	8050	3174	10000	1387	3171	3175	84441	4821	8209	3642	207	5080	8850	3170	3375	4825	2308	9794
Regulation Of Cholesterol Biosynthesis By SREBP (SREBF) R-HSA-1655829	199699	6604	286826	10802	6721	6256	7108	3638	2222	8930	1717	32	4598	3157	23054	9632	3156	6720	6907	85441	6309	31	4597	4800	1595	79071	6713	10499	64327	57678	2194	51128	4801	6319	5901	3422	22937	51141	1387	8648	2224	3837	8720	10498	10484	80205	9453	5465	51360	4802	10654	79718	10427	9871	9088
Regulation Of Commissural Axon Pathfinding By SLIT And ROBO R-HSA-428542	9423	9353	6091	6092	6714	6586	64221	1630	4753
Regulation Of Cytoskeletal Remodeling And Cell Spreading By IPP Complex Components R-HSA-446388	7016	6251	7837	3987	29780	9459	87	55742
Regulation Of Expression Of SLITs And ROBOs R-HSA-9010553	9045	5720	6192	25873	6181	1287	6188	10197	6164	5717	4686	5687	23198	7316	26019	5686	10921	6233	3921	6129	5685	6136	9775	5708	6130	5714	140032	2197	6193	10213	6208	6157	6205	6207	116832	5695	9939	6210	5716	6132	22794	28998	6166	6229	6143	6144	6586	5700	65110	4116	5710	200916	6165	6141	6218	5693	6227	122706	4440	6091	6228	9978	6156	51187	2107	6194	5718	6147	6161	6209	143471	5696	140801	6155	6201	26986	6092	5682	5701	6138	4736	5705	5721	6232	89884	6142	6203	6160	6124	5709	6135	6234	51121	5706	5698	5719	6189	55110	6128	6125	6217	7311	6123	6159	56956	5699	6175	6168	3670	6921	1605	9349	65109	5715	9079	5690	22916	5691	9861	6169	6176	7979	9353	8453	6224	6923	1981	6167	6173	6223	5692	3199	6204	23708	6146	6171	6187	8022	6230	6158	2935	5684	5713	5683	9355	23032	6122	5702	6206	23521	5689	11224	51065	6235	5688	9491	5711	6170	23053	6154	5694	64221	5704	6202	6191	7314
Regulation Of Gene Expression By Hypoxia-inducible Factor R-HSA-1234158	2033	10370	375056	2034	3091	7422	8288	25994	1387	768	64344
Regulation Of Gene Expression In Beta Cells R-HSA-210745	3375	389692	5313	6927	222546	6514	4760	5871	208	3630	8050	3174	10000	3171	207	5080	3170	4821	4825	2308
Regulation Of Gene Expression In Early Pancreatic Precursor Cells R-HSA-210747	2494	390874	6928	8050	256297	3175	4825	2255
Regulation Of Gene Expression In Endocrine-Committed (NEUROG3+) Progenitor Cells R-HSA-210746	4821	4760	3642	50674
Regulation Of Gene Expression In Late Stage (Branching Morphogenesis) Pancreatic Bud Precursor Cells R-HSA-210744	2033	10046	4851	55534	390874	3516	22938	6928	2648	8850	84441	3175	1387	50674	9794	8209
Regulation Of Glycolysis By Fructose 2,6-Bisphosphate Metabolism R-HSA-9634600	5578	5210	5528	5208	5567	5519	5568	5516	5207	5515	5518	5209
Regulation Of Innate Immune Responses To Cytosolic DNA R-HSA-3134975	7316	7311	29110	51428	6737	6233	11277	147945	3661	22954	340061	23220	81844	81030	7314
Regulation Of Insulin Secretion R-HSA-422356	5577	2783	6616	114	6833	2776	3709	3790	5576	111	1131	10411	2771	3630	2785	2793	55970	775	3767	2770	5578	784	54331	9495	59345	2769	2791	10681	2181	6861	777	948	10768	3710	5330	5575	6812	51764	5331	9254	2778	5568	3745	773	5573	6514	776	2864	2740	2782	2182	2788	6513	11069	3747	2787	23236	2790	2784	4082	6804	152	150	112	3708	5567	2786	2792	9630	783	6844	2767	8826	5906	94235	2641	26251
Regulation Of Lipid Metabolism By PPARalpha R-HSA-400206	9572	51129	29079	55090	10891	8800	1024	2222	8202	123	9477	55588	81857	2274	6095	7296	10499	4593	29841	196	1376	25942	9915	5468	9088	199699	9969	6604	51	9439	2168	375056	57761	23054	6720	1543	84498	4800	9612	84246	2033	4862	4801	948	8841	1579	5244	8648	34	80205	51003	11010	335	2874	4802	10062	1581	9442	9968	9575	219541	6256	9611	10001	116519	19	85441	6837	6257	2180	26230	9971	23309	892	27063	23389	9441	51586	27242	9443	54600	9862	9440	10498	7376	211	57717	376497	286826	4899	6721	9412	133522	8930	400569	3157	3156	6907	90390	50486	112950	3158	9967	2101	1387	23097	54797	10025	406	189	9282	1374	80306	5465	6822	57491	64333	79718
Regulation Of Localization Of FOXO Transcription Factors R-HSA-9614399	7534	207	4303	25996	10971	208	7529	10000	2309	7532	2308
Regulation Of mRNA Stability By Proteins That Bind AU-rich Elements R-HSA-450531	5720	8741	10197	3842	5717	23198	5687	7316	118460	5686	6233	5685	54512	5708	55802	5714	6418	7538	10213	5580	5695	51013	5073	5716	5600	8021	5700	1994	5710	56915	5578	5693	5168	122706	5718	143471	5696	26986	54464	5682	5701	5705	5721	3184	207	3312	5709	5706	5698	5719	3303	7311	5699	7529	5715	5393	5690	5691	9861	7979	677	22894	1981	23404	7514	5692	9261	167227	8125	9052	51010	5684	5713	5683	8570	5702	5689	5688	23016	9491	5711	7534	1432	5694	3315	5704	11340	7314
Regulation Of Necroptotic Cell Death R-HSA-5675482	8772	197259	7316	7311	10273	2319	6233	330	8473	8717	6386	8837	331	2194	841	11035	8737	329	8795	57162	3320	10015	10010	11140	10211	356	8743	8797	7314
Regulation Of Ornithine Decarboxylase (ODC) R-HSA-350562	5693	5706	5720	122706	5698	5719	5718	10197	5717	23198	5687	143471	5696	5686	5699	5684	5685	5704	5683	5713	5708	5682	5702	5701	5714	4947	5689	5705	5721	10213	5688	51582	4946	5715	5690	9491	5691	5711	5695	9861	1728	7979	5716	5709	5694	5700	89874	5710	51686	5692
Regulation Of Pyruvate Dehydrogenase (PDH) Complex R-HSA-204174	5467	5160	5161	5162	57546	6256	1737	5170	55066	8050	403313	5164	5165	2954	5166	197257
Regulation Of Signaling By CBL R-HSA-912631	4067	29760	2534	5296	22883	1399	5291	5290	867	5295	2889	1398	7409	7525	6850	2885	3055	8503
Regulation Of Signaling By NODAL R-HSA-1433617	199699	4838	92	91	10637	7044	130399	55997	93
Relaxin Receptors R-HSA-444821	51289	59350	117579	122042	6019	10022	3640	339403
Release Of Hh-Np From Secreting Cell R-HSA-5362798	3549	147111	2262	6469	6868	57758	85455	50846
Release Of Apoptotic Factors From Mitochondria R-HSA-111457	56616	79792	54205	1687	581	5414	578
Removal Of Aminoterminal Propeptides From Gamma-Carboxylated Proteins R-HSA-159782	2155	5045	83541	8858	2621	5627	8458	632	2158	5624
Removal Of Flap Intermediate R-HSA-69166	2237	5557	23649	5558	10714	57804	5111	6119	25885	1763	5425	5424	5422	84172
Removal Of Flap Intermediate From C-strand R-HSA-174437	2237	54386	7013	10714	57804	5111	6119	25885	7486	1763	5425	65057	26277	7014	5424	25913	84172
Repression Of WNT Target Genes R-HSA-4641265	1488	3065	6934	7088	7091	1487	166	51176	7090	4609	83439	8313	7089	6932
Reproduction R-HSA-1474165	128312	27030	347732	474382	8331	4361	5016	3015	11085	11083	5888	9126	84329	7013	1019	25777	6119	25885	8345	10734	56979	57828	8342	390502	4438	255626	157855	29893	113177	8748	8341	472	10735	378807	79820	57829	8338	10388	2515	3014	4439	3018	6677	102724334	2683	644186	85236	8747	3017	8349	7329	928	723790	4001	7014	284359	1017	117144	94239	7784	641	4292	23345	4000	49	56158	23353	3013	55766	84172	8243	117155	8290	23224	283987	23626	672	50511	25913	84057	8340	5932	65057	10111	7783	7156	93426	256126	27127	126961	9985	56937	8970	6847	5889	54386	8334	126123	675	8348	3020	3306	8468	5885	257062	9048	26277
Resolution Of AP Sites Via Multiple-Nucleotide Patch Replacement Pathway R-HSA-110373	5985	5982	328	54936	6573	5424	5984	5427	5983	84172	2237	56655	670	54107	10038	5426	26018	10714	57804	5111	6119	25885	142	5425	11232
Resolution Of Abasic Sites (AP Sites) R-HSA-73933	5985	252969	5982	328	54936	8930	6573	5424	5984	5427	11284	4968	5983	4350	84172	2237	7515	56655	23583	670	54107	7374	10038	5426	79661	26018	57804	10714	121227	4595	5111	142	4913	5425	6119	25885	6996	11232
Resolution Of D-Loop Structures R-HSA-5693537	5932	1763	10524	641	10111	83990	7156	4361	472	80010	580	348654	51750	5888	84464	197342	146956	9156	7517	5889	23514	80198	675	116028	5890	10635	7979	7516	7486	9048	672	5892	79728
Resolution Of D-loop Structures Thru Holliday Junction Intermediates R-HSA-5693568	5932	1763	10524	641	10111	83990	7156	4361	472	80010	580	348654	5888	84464	197342	146956	9156	7517	5889	23514	80198	675	116028	5890	10635	7979	7516	7486	9048	672	5892	79728
Resolution Of D-loop Structures Thru Synthesis-Dependent Strand Annealing (SDSA) R-HSA-5693554	5932	1763	10524	641	10111	83990	7156	4361	472	80010	580	51750	5888	7517	9156	5889	675	116028	5890	10635	7979	7516	7486	9048	672	5892	79728
Resolution Of Sister Chromatid Cohesion R-HSA-2500257	55143	55839	348235	1063	6396	79172	5048	80776	220134	151648	284058	9183	9126	401541	5903	51143	3796	5526	701	9212	8379	79980	54821	57405	81565	23063	699	5527	23421	10735	5501	1783	55746	79023	55869	5529	23244	55055	25909	6232	23279	81930	79682	10403	57122	23332	1778	57082	64105	9184	22919	1780	55166	23122	113130	332	54908	5525	81929	64946	147841	9735	4928	79019	2491	140735	151246	8243	5519	23047	5515	8655	10726	1781	7514	1062	84643	983	3619	5905	1058	79902	891	80152	5347	9133	5528	56937	54820	5518	55920	57551	4085	11004	9793	6249	991	83540	11130	91687	5885	5516	79003	348995
Respiratory Electron Transport R-HSA-611105	10128	10975	4712	9167	91942	80224	6389	51295	4704	4694	4708	1329	55744	6390	4719	4710	374291	27089	4718	126328	9377	116228	2109	93058	4723	4714	7386	1337	51204	4700	79133	1351	4726	54205	1327	1349	4715	6834	7385	4696	51300	55863	4724	4731	4695	4722	285521	6341	2110	2108	7388	7384	9997	4707	10983	4717	55967	4711	4701	84987	137682	28976	4713	4716	51103	10131	90639	51241	29078	4706	4702	51079	4728	1350	7381	4720	4709	25915	4705	1345	1340	54539	4725	4729	4698	55471	29796	25880	80219	6392
Respiratory Electron Transport, ATP Synthesis By Chemiosmotic Coupling, Heat Production By Uncoupling Proteins R-HSA-163200	10128	7351	10975	4712	9167	91942	80224	6389	51295	4704	9551	4694	4708	1329	55744	6390	4719	516	4710	374291	27089	4718	126328	521	27109	9377	116228	2109	9016	93058	4723	4714	7386	513	1337	51204	4700	79133	1351	4726	54205	7352	517	9481	1327	1349	4715	6834	7385	4696	10632	51300	55863	4724	4731	4695	509	4722	10476	285521	498	6341	2110	2108	7388	522	7384	9997	7350	4707	514	10983	518	4717	55967	4711	4701	84987	137682	28976	4713	4716	51103	10131	90639	51241	29078	4706	4702	51079	4728	506	1350	7381	4720	148811	4709	25915	4705	515	1345	539	1340	54539	4725	4729	4698	55471	29796	25880	80219	6392
Response Of EIF2AK1 (HRI) To Heme Deficiency R-HSA-9648895	2887	22809	27102	1968	8894	57761	1965	468	79094	440	1054	23645	1649	467	1051
Response Of EIF2AK4 (GCN2) To Amino Acid Deficiency R-HSA-9633012	9045	6192	25873	6181	1649	6188	6164	6233	3921	6129	6136	6130	140032	2197	6193	55364	2668	6208	6157	6205	6207	116832	6210	6132	28998	6166	6229	6143	6144	200916	467	6165	6141	6218	6227	57761	6228	6156	51187	6194	6147	6161	6209	6201	140801	6155	440275	6138	4736	6232	6142	6203	6160	440	6124	6135	6234	51121	6189	6128	6125	6217	7311	6123	6159	6175	6168	9349	6169	6176	6224	1965	6167	6173	6223	6204	6146	6171	1051	6187	6230	6158	1968	8894	10985	6122	6206	23521	11224	51065	6235	468	1054	6170	6154	6202	6191
Response Of Mtb To Phagocytosis R-HSA-9637690	5594	11151	7316	7311	5230	3836	6233	2023	9146	26276	80824	1511	57674	51606	2931	7879	3837	5595	5987	5868	339345	7314
Response To Elevated Platelet Cytosolic Ca2+ R-HSA-76005	5154	7423	10447	7277	5552	9948	54676	7042	5582	5345	2316	259215	10487	5155	710	5874	3690	7114	3959	10184	10490	7057	5579	5216	7414	801	2243	6813	7078	83706	7873	5919	5005	3481	7018	5578	3920	6678	197	7123	334	7422	5627	10916	2266	81	351	6647	5099	7094	54495	213	5196	12	87	27154	7450	94121	948	5768	5340	1950	7424	928	29106	54863	130367	2621	335	5478	51706	308	2157	2335	2277	200576	3827	3273	22927	374354	3700	29789	7044	6810	1191	729238	8407	5265	6414	1893	66005	5267	2153	23052	3674	3699	1	5175	51368	3479	6944	3309	6814	5054	1521	51097	22915	7276	51571	78991	6654	55664	5341	10257	3671	2162	2244	7076	135228	5004	139322	7040	5473	7043	88	9749	967	350	813
Response To Metal Ions R-HSA-5660526	4502	4501	4495	4504	4496	84560	4493	4499	4489	4494	6620	4490	1465	9088
Retinoid Metabolism And Transport R-HSA-975634	221914	5947	57016	51109	9672	7276	7804	4036	55937	6382	5950	83875	10082	10438	9227	6385	2719	3949	151056	54884	344	345	6383	26020	375790	23504	337	3339	338328	8644	2817	348	29967	5406	1109	1645	1208	4023	335	53630	2262	338	2239
Retrograde Neurotrophin Signaling R-HSA-177504	26052	1173	1211	1785	163	1213	1759	4803	4914	161	6456	10126	1175	160
Retrograde Transport At Trans-Golgi-Network R-HSA-6811440	91949	122830	2803	57016	22836	9382	9712	9341	84316	57589	143187	2800	51209	10244	10226	10228	60560	10139	8674	339122	400966	10618	51560	3482	22796	7110	5870	79571	23647	738	4905	90196	10466	83548	84342	4074	6293	9367	25839	9476	8774	57511	8675	8677	55275	60592	51542	9648
Rev-mediated Nuclear Export Of HIV RNA R-HSA-165054	129401	9818	7175	53371	6396	23511	5905	79902	81929	1104	9972	4928	55746	79023	9688	23165	23225	10762	5901	5903	23279	8086	5902	84659	57122	9883	9631	23636	8021	55706	7514	4927	348995	11097
Reversal Of Alkylation Damage By DNA Dioxygenases R-HSA-73943	51008	121642	84164	79068	10973	221120	54890
Reversible Hydration Of Carbon Dioxide R-HSA-1475029	760	11238	761	763	759	765	771	23632	377677	762	766	768
Ribosomal Scanning And Start Codon Recognition R-HSA-72702	3646	6218	6227	6192	6228	6204	6194	7458	6188	6189	51386	6187	6209	6217	6230	6201	6233	1968	8894	1973	3921	8662	8664	8669	1975	6206	140032	51065	2197	6193	6235	8661	8663	8665	6208	6203	6232	6205	1964	6207	8668	27335	8667	8666	10480	6210	1977	1983	6224	1965	6229	1981	6223	6234	6202	6191	1974
Role Of ABL In ROBO-SLIT Signaling R-HSA-428890	27	56649	9353	23332	25	6091	23122	10487
Role Of LAT2/NTAL/LAB On Calcium Mobilization R-HSA-2730905	4067	5290	2534	100423062	5296	5291	6464	5170	5295	23428	9846	6850	2885	6654
Role Of Phospholipids In Phagocytosis R-HSA-2029485	100423062	5295	3708	84513	196051	3709	5335	5589	5338	5290	10768	919	5580	3710	23646	2212	122618	6850	5296	2209	5291	8398	5336	5581
Role Of Second Messengers In Netrin-1 Signaling R-HSA-418890	9423	57113	5306	7223	7220	5335	7224	7225	1630	7222
S Phase R-HSA-69242	5720	10197	5717	5928	23198	5687	7316	5557	5934	5427	5686	51659	6233	6500	5685	5708	119504	5714	55957	9126	2237	10213	1874	1019	10393	51343	4609	902	5695	4149	5716	6119	25885	5000	993	23594	5700	5710	5693	23649	23595	27338	122706	5982	9978	5718	6573	8454	5424	1875	157570	23063	143471	10735	5696	5984	898	1869	23244	5701	5682	5705	5721	56655	595	54107	10166	8881	207	26018	5709	990	84296	5425	5925	4175	994	5985	5706	1017	5698	6502	1163	5719	113130	51053	4173	7324	7311	5699	4174	29882	7029	91750	84172	64785	8243	4331	7321	5715	51529	5690	5691	23047	10000	2932	9861	5001	7979	5558	5111	996	29945	1022	8900	91768	890	64682	81620	5692	286826	4172	7465	1763	11065	5753	246184	9837	5684	5713	56937	208	5683	5983	132660	5702	7027	5689	1026	8697	5688	9134	9491	5711	114799	5422	83884	8318	4176	5426	5694	57804	10714	5885	51433	25906	1027	84515	5704	7314
SARS-CoV Infections R-HSA-9679506	10800	3718	64127	480	6188	7113	29110	53828	1108	51304	6383	54815	140032	973	2197	1650	6205	6210	9868	54625	8021	3676	7706	11097	129401	6227	7175	23339	114548	23479	3452	5931	55746	6628	3688	1312	9688	3276	8829	10762	7409	23118	7082	25996	79685	9871	6487	9908	54106	6189	161	5348	3135	4928	375790	2908	2932	3107	4927	64426	112744	6636	8819	1175	6654	7991	27243	23028	6732	79760	6206	3446	85437	11320	2931	974	23193	9883	11311	23476	5336	9636	84818	7314	821	54960	6192	3456	9632	51185	6637	3106	10454	6193	8678	4124	7341	2885	55741	84282	84061	64601	56965	30849	23765	340061	80168	10082	30011	10971	7531	9112	79023	2697	6772	1655	6203	7297	83666	23279	25978	3066	64135	207	9631	79668	5925	27090	1603	26762	3448	4690	10747	23511	6480	10280	6217	3105	5648	253832	10362	8737	3326	256435	6093	6850	3838	567	53822	481	6224	3455	7533	6633	3440	3460	1107	51125	6230	3065	6185	7284	59272	3554	7555	3339	5289	8086	29801	91662	3716	81631	84875	9475	80143	10146	91782	57459	7316	5045	1147	6634	2339	23165	26007	51114	5903	50628	3656	6207	482	11253	22863	128866	483	25834	6229	9219	6773	2239	3654	6218	9818	7422	6228	7187	3459	6194	54956	55823	6209	4249	6201	6385	5777	89122	9817	695	11282	51201	8767	7329	7097	5781	51317	3615	6234	8517	5926	5133	387522	9672	3570	6441	81030	79844	2280	7529	7532	160	486	2817	7428	1452	3133	1514	55706	3229	6223	79833	3445	6204	53371	11218	6885	6187	3661	6382	3451	1173	51284	10728	23586	51065	23225	6235	116255	1387	143	3320	7534	9641	6635	257397	6202	3134	10284	221914	6396	3551	51311	5928	6484	2589	6233	3921	25929	478	5589	3441	3442	7405	6208	857	3449	6482	7841	10427	10802	7096	9978	65082	4780	9972	8452	163	3454	7334	6232	3665	5170	84659	57122	10610	2262	5349	1901	84312	23636	5978	100423062	477	57617	81929	7311	79643	92359	3717	2719	8487	57504	2288	26276	3703	23186	7189	51128	64180	4153	3444	51742	64398	6733	10000	57506	2530	6184	27072	10392	79902	23367	25921	208	6483	29760	10484	3443	203068	92421	7415	348995	6191
SARS-CoV-1 Genome Replication And Transcription R-HSA-9679514	1655	3229	7428	5925	85437
SARS-CoV-1 Infection R-HSA-9678108	821	91782	6487	30849	54956	6480	6484	7113	2589	7311	7316	79643	27243	6233	59272	27090	5589	85437	1655	8678	116255	7405	83666	5289	64398	7341	857	256435	2931	2932	7428	25978	23193	7329	6483	143	1514	54625	128866	10610	92421	79668	6482	7415	81631	84875	3229	56965	5925	7841	7314
SARS-CoV-2 Genome Replication And Transcription R-HSA-9694682	1655	3229	7428	5925	85437
SARS-CoV-2 Infection R-HSA-9694516	821	3134	91782	54960	221914	64127	6192	6396	3551	6188	3456	9632	51311	6484	7113	2589	5045	7316	29110	6637	6233	3921	25929	51304	3106	1147	6383	6634	5589	10454	140032	3441	23165	3442	2197	6193	8678	1650	4124	6208	5903	26007	50628	51114	7405	6205	7341	857	3656	6207	11253	55741	6210	9868	22863	84282	54625	128866	84061	8021	64601	3449	25834	6229	6482	56965	6773	7706	7841	2239	11097	10427	3654	129401	6218	9818	10802	6227	30849	7175	10146	23765	114548	6228	23479	7096	3452	7187	65082	6194	23339	54956	340061	80168	55823	6209	4249	6201	10082	9972	6385	10971	7531	55746	79023	6628	2697	5777	9688	6772	89122	3276	3454	7334	1655	8829	6232	10762	3665	5170	83666	6203	7297	11282	23279	51201	25978	84659	8767	23118	7329	7097	5781	64135	7082	57122	207	25996	10610	9631	79668	2262	5925	6234	27090	8517	1603	23636	9871	6487	26762	3448	9908	57617	387522	10747	9672	23511	6189	6441	6480	81929	3135	6217	7311	79643	92359	2719	4928	79844	7529	8487	26276	7532	3703	3105	5648	7189	375790	51128	253832	4153	2817	3444	3326	64398	6733	256435	10000	2932	7428	3107	3838	57506	567	1452	2530	3133	1514	6224	3455	55706	3229	6223	7533	4927	6633	79833	112744	3445	6636	6184	6204	27072	3440	53371	11218	10392	6885	79902	51125	6187	3661	6382	7991	3451	6230	27243	7284	23367	6185	25921	59272	208	6732	51284	79760	6206	23586	3446	7555	51065	85437	23225	6235	3339	116255	11320	5289	8086	2931	1387	23193	29801	6483	91662	3716	143	3320	9883	11311	7534	10484	3443	92421	9641	7415	81631	84875	9636	6635	80143	257397	84818	348995	6202	6191	7314
SARS-CoV-2 Activates/Modulates Innate And Adaptive Immune Responses R-HSA-9705671	3134	64127	6396	3551	3456	9632	51311	29110	3106	1147	10454	3441	23165	3442	8678	26007	5903	3656	9868	22863	84282	8021	3449	6773	7706	10427	11097	3654	129401	10802	9818	7175	30849	10146	23765	114548	7096	3452	7187	340061	9972	55746	79023	5777	9688	6772	89122	3454	7334	10762	3665	7297	23279	8767	84659	23118	7097	5781	64135	57122	9631	8517	23636	9871	3448	9908	387522	10747	23511	6441	81929	3135	4928	3105	5648	7189	51128	4153	3444	3326	3107	3838	57506	567	3133	3455	55706	3229	4927	112744	3445	3440	53371	10392	6885	79902	3661	3451	23367	51284	23586	3446	7555	23225	5289	8086	1387	91662	3716	3320	9883	10484	3443	9641	9636	80143	257397	84818	348995
SARS-CoV-2 Modulates Autophagy R-HSA-9754560	11311	7284	7405	64601	23339	57617	27072	65082	81631	26276	55823
SARS-CoV-2 Modulates Host Translation Machinery R-HSA-9754678	6218	6636	54960	6227	6192	6228	6204	11218	6194	6188	6189	6187	6209	6217	6230	6201	6637	6233	3921	25929	6628	6634	8487	6206	79760	140032	51065	2197	6193	6235	6232	6208	6203	50628	6205	6207	6210	6224	6229	6633	6223	6635	6234	79833	6202	6191
SARS-CoV-2 Targets PDZ Proteins In Cell-Cell Junction R-HSA-9705677	64398	2697	7082	92359
SARS-CoV-2 Targets Host Intracellular Signaling And Regulatory Pathways R-HSA-9755779	7534	207	25996	7531	10971	5170	208	7529	857	3229	10000	7533	7532
SARS-CoV-2-host Interactions R-HSA-9705683	3134	64127	54960	6192	6396	3551	6188	3456	9632	51311	29110	6637	6233	3921	25929	3106	1147	6634	10454	140032	3441	23165	3442	2197	6193	8678	6208	26007	7405	5903	50628	6205	857	3656	6207	6210	9868	22863	84282	8021	64601	3449	6229	6773	7706	10427	11097	3654	129401	6218	9818	10802	6227	30849	7175	10146	23765	114548	6228	7096	65082	3452	7187	23339	6194	340061	55823	6209	6201	9972	7531	10971	55746	79023	6628	2697	5777	9688	6772	89122	3454	7334	10762	6232	3665	5170	6203	7297	23279	8767	84659	23118	7097	5781	64135	7082	57122	207	25996	9631	6234	8517	23636	9871	3448	9908	57617	387522	10747	23511	6189	6441	81929	3135	6217	92359	4928	7529	8487	26276	7532	3105	5648	7189	51128	4153	3444	3326	64398	10000	3107	3838	57506	567	3133	6224	3455	55706	3229	6223	7533	4927	6633	79833	112744	3445	6636	6204	27072	3440	53371	11218	10392	6885	79902	6187	3661	3451	6230	7284	23367	208	51284	79760	6206	23586	3446	7555	51065	23225	6235	5289	8086	1387	91662	3716	3320	9883	11311	7534	10484	3443	9641	81631	9636	6635	80143	257397	84818	348995	6202	6191
SCF(Skp2)-mediated Degradation Of P27/P21 R-HSA-187577	5693	5706	1017	5720	5698	6502	1163	5719	5718	10197	8454	5717	5687	5753	7311	7316	5696	5686	5699	6233	6500	898	5684	5685	5683	5713	5708	5682	5702	5701	5714	5705	5689	1026	10213	5721	5688	5692	5715	9134	5690	1019	9491	5691	595	5711	5695	9861	7979	5716	5709	5694	1027	5700	8900	5710	890	5704	7314
SCF-beta-TrCP Mediated Degradation Of Emi1 R-HSA-174113	5693	8945	5706	5720	122706	5698	5719	5718	10197	8454	5717	23198	5687	143471	7311	7316	5696	5686	5699	6233	6500	5684	5685	26271	5704	5683	5713	5708	5682	5702	5701	5714	5689	5705	5721	10213	5688	5715	5690	51343	9491	5691	5711	5695	9861	991	7979	5716	5709	5694	5700	5710	5692	7314
SEMA3A-Plexin Repulsion Signaling By Inhibiting Integrin Adhesion R-HSA-399955	2242	9855	23396	2534	8829	55558	5361	6237	7094	91584	6035	10371	27289	5362
SHC-mediated cascade:FGFR1 R-HSA-5654688	2260	2250	2249	4893	8822	2255	6654	2258	8074	2248	2251	2246	26281	9365	3265	27006	2885	2253	6464	2254
SHC-mediated cascade:FGFR2 R-HSA-5654699	4893	2250	2249	2263	8822	2255	2258	6654	8074	2248	2252	2251	2246	8817	26281	3265	27006	2885	2253	6464	2254	8823
SHC-mediated cascade:FGFR3 R-HSA-5654704	8074	2885	8817	26281	2250	2249	4893	6464	6654	8822	2254	3265	2261	8823	2246	2258	2253
SHC-mediated cascade:FGFR4 R-HSA-5654719	4893	2249	8822	2258	6654	8074	2251	2246	2264	8817	26281	9965	152831	3265	2885	2253	6464	2254	8823
SHC-related Events Triggered By IGF1R R-HSA-2428933	6654	6464	4893	3265	3480	2885	3481	3479
SHC1 Events In EGFR Signaling R-HSA-180336	6464	4893	1839	7039	685	2069	3265	1950	2885	1956	374	6654	255324
SHC1 Events In ERBB2 Signaling R-HSA-1250196	5578	4893	1956	2069	6654	10718	3084	1839	2064	145957	5580	3265	1950	2885	9542	6464	2066	5782	685	2065	5581
SHC1 Events In ERBB4 Signaling R-HSA-1250347	9542	3084	4893	6464	2066	1839	10718	145957	685	3265	2885	2069	6654
SIRT1 Negatively Regulates rRNA Expression R-HSA-427359	255626	128312	8340	94239	474382	8331	23411	8341	3015	126961	3013	8338	9013	8970	3014	3018	102724334	55766	85236	3017	79101	23378	8349	8334	9014	8348	3020	6839	723790	8345	6908	9015	8342
SLBP Dependent Processing Of Replication-Dependent Histone Pre-mRNAs R-HSA-77588	7884	6636	6637	6628	22916	6634	134353	6635	84967	25888	4686
SLBP Independent Processing Of Histone Pre-mRNAs R-HSA-111367	6636	6637	6628	22916	6634	134353	6635	84967	25888	4686
SLC Transporter Disorders R-HSA-5619102	10559	6505	6396	81031	1356	6528	6559	5871	23165	153201	28234	5903	55343	6578	4891	1811	6584	8021	9197	10568	6531	11097	129401	9818	7175	6521	6569	114548	11136	9152	9972	55746	79023	6575	55315	9688	6507	552	10762	11183	340024	23279	84659	26503	57122	30061	246213	9631	84679	23636	23511	285195	9187	81929	255061	6514	6566	4928	6523	9056	11254	283652	123041	23443	348932	6520	9990	56606	6513	10599	55630	10999	55706	6557	4927	116085	682	60482	5172	53371	554	142680	79902	553	7355	5002	23225	8671	9843	8086	1836	9883	6524	6519	6530	54716	348995	6005
SLC-mediated Transmembrane Transport R-HSA-425407	6561	10559	6563	6505	81031	1356	6528	6583	23657	6559	286256	6548	284129	28232	6529	64849	389015	126969	133418	9356	51248	51458	84912	153201	124935	23539	26266	200010	28234	11309	254428	55343	23568	801	6536	144195	6578	64924	7779	155184	4891	6541	57153	1811	7780	6584	6534	6547	10723	79751	6527	9498	9197	10568	6564	85413	92745	6531	55117	6506	64078	389812	57835	292	347	3933	51296	6521	6515	8170	6569	114548	85414	11136	28231	345274	115584	28965	83733	57181	6512	9152	84889	9123	23382	353189	55356	11254	283375	6575	1468	66035	206358	55315	57282	6507	55244	115286	29988	80024	10861	51000	23169	340024	6538	6568	861	26503	64116	30061	246213	6543	9058	23315	57419	123096	6553	2030	160728	57468	6533	8140	84679	115019	10991	6248	6511	26291	117247	6522	114134	57030	6517	9057	285195	6510	6558	9187	23446	222962	55974	83697	6514	6566	3177	347734	293	84102	6523	23428	11182	9056	402	283652	146802	154091	9194	123041	27173	56301	23443	140679	348932	55676	148867	6581	54407	10864	6560	6520	6580	6546	9990	56606	6513	6571	91749	6509	8501	10599	120103	6542	169026	55630	10999	6570	80736	6557	125206	116085	6508	376497	6717	682	60482	6539	6550	1497	5172	6565	6582	29985	7922	9154	29986	142680	8884	6567	57084	159963	9497	9376	55089	204962	1317	7355	6540	7781	5002	284111	6556	6526	8671	81539	291	23516	9843	55867	65010	6574	1836	9153	53919	6579	115111	55532	57127	6524	6549	6530	6519	54716	11046	25800	6005	121260
SMAC (DIABLO) Binds To IAPs R-HSA-111463	331	56616	840	54205	836	842	317
SMAC, XIAP-regulated Apoptotic Response R-HSA-111469	331	56616	840	54205	836	842	317	5414
SMAD2/3 Phosphorylation Motif Mutants In Cancer R-HSA-3304356	7048	7040	9372	4087	4088	7046
SMAD2/SMAD3:SMAD4 Heterotrimer Regulates Transcription R-HSA-2173796	199699	5594	5054	4904	5933	4221	1024	905	1875	7316	7311	5045	3065	7050	6233	1025	8812	892	1278	7029	7027	54778	2033	4089	904	1874	4088	60436	4609	1030	4087	4092	10535	25937	5595	7314
SOS-mediated Signaling R-HSA-112412	4893	3667	3265	2885	8660	6654
SRP-dependent Cotranslational Protein Targeting To Membrane R-HSA-1799339	90701	9045	6192	25873	6181	6727	6188	6164	6233	3921	6129	6136	6130	140032	2197	6193	1650	6208	6157	6205	55176	6207	116832	6746	6748	6210	6132	28998	6731	6166	6229	6143	6144	200916	60559	6165	6141	6218	6227	6228	6156	51187	6730	6194	6147	6161	6209	6201	140801	6155	6138	4736	6232	6142	6203	6160	6124	6135	6747	6745	6234	6729	51121	6728	10952	6189	9789	6128	6125	6217	7311	6123	6159	6734	6175	6168	29927	9349	6169	6176	6224	6167	6173	6223	6184	6204	6146	6171	6187	58477	6230	6158	6185	23471	6122	6206	23521	28972	11224	51065	6235	6170	23480	6154	23478	6202	6191
STAT3 Nuclear Events Downstream Of ALK Signaling R-HSA-9701898	2033	3065	3091	29126	8841	25942	3561	639	6774	3066
STAT5 Activation R-HSA-9645135	2323	6777	9846	2322	6776	2885	5781
STAT5 Activation Downstream Of FLT3 ITD Mutants R-HSA-9702518	9361	1026	50507	6777	598	9846	2322	6776	2885	5781
STING Mediated Induction Of Host Immune Responses R-HSA-1834941	7520	197358	29110	6778	23220	51428	6737	5591	147945	11277	3661	2547	3428	340061	115004	4361
SUMO E3 Ligases SUMOylate Target Proteins R-HSA-3108232	55143	7703	8554	10891	6396	6670	165918	5893	3183	7155	7067	9189	51588	7157	28996	6095	51602	23314	3090	10499	80012	9126	23165	6304	5903	7341	7158	59348	7153	2099	7486	25885	8021	142	25942	3190	6790	5987	9212	54556	5468	11097	129401	84733	9818	668	7175	9759	7020	6672	5970	7068	6015	10735	9972	6045	9112	55746	79023	6294	7150	9612	9688	5371	2033	7021	2494	1655	10762	493861	23279	8648	84659	3066	7329	57122	10401	4193	54780	8924	9631	6996	7508	4286	56160	10062	8517	10521	374	23636	7022	5241	1616	6256	8535	1786	57591	641	11315	51564	23511	332	4929	81929	7421	10210	4928	4791	9971	5914	1029	83746	1788	286053	8243	2908	4869	8856	9063	6613	7428	115426	5111	79677	55706	7376	23137	672	4927	7690	3619	53371	1069	1107	79902	5905	197370	2516	57332	8204	3065	23512	56937	4152	7518	4792	23225	10155	1487	1912	9656	8086	1387	23468	9994	9883	1911	4306	5885	22955	9641	5465	1789	348995	7181
SUMO Is Proteolytically Processed R-HSA-3065679	205564	59343	29843	7341	6613
SUMO Is Transferred From E1 To E2 (UBE2I, UBC9) R-HSA-3065678	10054	25950	7341	6613	7329	10055
SUMOylation R-HSA-2990846	55143	7703	8554	10891	6396	6670	165918	5893	3183	7155	7067	9189	51588	7157	28996	6095	51602	23314	3090	10499	80012	9126	23165	59343	6304	5903	10054	7341	7158	59348	7153	2099	7486	25885	8021	142	25942	3190	6790	5987	9212	54556	5468	11097	129401	84733	9818	668	7175	9759	7020	6672	5970	7068	6015	10735	9972	6045	9112	55746	79023	6294	7150	9612	9688	5371	2033	7021	2494	1655	10762	493861	23279	8648	84659	3066	7329	57122	10401	4193	54780	8924	9631	6996	7508	4286	56160	10062	8517	10521	374	23636	7022	5241	1616	6256	8535	1786	57591	641	11315	51564	23511	332	4929	81929	7421	10210	4928	4791	9971	5914	1029	83746	1788	286053	8243	2908	4869	8856	9063	6613	7428	10055	205564	115426	5111	79677	55706	7376	23137	672	4927	7690	29843	3619	53371	1069	1107	79902	5905	197370	2516	57332	8204	3065	23512	56937	4152	7518	4792	23225	10155	1487	1912	25950	9656	8086	1387	23468	9994	9883	1911	4306	5885	22955	9641	5465	1789	348995	7181
SUMOylation Of DNA Damage Response And Repair Proteins R-HSA-3108214	129401	84733	9818	7175	7703	8554	8535	6672	641	53371	51564	6396	23511	1069	165918	79902	6015	5893	81929	197370	57332	10735	9972	6045	4928	51588	56937	55746	79023	1029	80012	9126	9688	286053	23165	5371	7518	8243	23225	10762	5903	493861	1912	9656	7341	8086	23279	9063	6613	84659	7329	57122	1911	9883	54780	8924	9631	5885	25885	8021	142	22955	79677	7486	6996	55706	56160	7508	11097	672	4927	23137	348995	23636
SUMOylation Of DNA Methylation Proteins R-HSA-4655427	57332	84733	1911	7703	6045	22955	8535	1786	7329	1912	7341	6015	1789	80012	1788
SUMOylation Of DNA Replication Proteins R-HSA-4615885	129401	9818	7175	55143	3619	53371	6396	23511	332	5905	79902	81929	7155	9972	4928	51588	55746	79023	7150	9688	23165	23225	10762	5903	7341	8086	23279	6613	84659	7329	7153	57122	10401	9883	5111	9631	8021	55706	6790	11097	4927	9212	348995	23636
SUMOylation Of RNA Binding Proteins R-HSA-4570464	129401	84733	9818	7175	7703	8535	53371	6396	23511	6015	79902	81929	3183	57332	9972	6045	4928	55746	79023	51602	80012	9688	23165	23225	10762	5903	1912	7341	8086	23279	6613	84659	7329	57122	1911	9883	9631	22955	8021	55706	3190	11097	4927	348995	23636
SUMOylation Of SUMOylation Proteins R-HSA-4085377	129401	9818	7175	53371	6396	23511	79902	81929	10210	9972	4928	51588	55746	79023	9688	23165	23225	10762	5903	7341	23279	8086	6613	84659	7329	57122	9883	9631	23636	8021	55706	4927	348995	11097
SUMOylation Of Chromatin Organization Proteins R-HSA-4551638	129401	84733	9818	7175	7703	9759	8554	8535	53371	6396	23511	6015	1107	79902	81929	57332	3065	9972	9189	4928	6045	23512	55746	79023	23314	83746	80012	9688	23165	23225	10762	6304	5903	1912	7341	8086	23279	9063	6613	84659	3066	7329	23468	57122	1911	9883	9631	22955	8021	55706	11097	4927	348995	23636
SUMOylation Of Immune Response Proteins R-HSA-4755510	10210	4792	10401	7329	51588	9641	4791	5970	7341	6613	8517
SUMOylation Of Intracellular Receptors R-HSA-4090294	5241	9759	8554	6256	7068	4929	7421	2516	7067	51588	9971	5914	6095	2494	2908	374	8856	7341	9063	6613	7329	10401	4306	2099	5465	7376	10062	5468	7181
SUMOylation Of Transcription Cofactors R-HSA-3899300	84733	1616	7703	8554	8535	57591	11315	10891	6015	10210	57332	8204	6045	51588	7690	6294	28996	4152	9612	10499	80012	2033	1655	4869	10155	1487	1912	7341	9063	8648	1387	6613	7329	9994	59348	1911	10401	115426	22955	25942	54556	10521
SUMOylation Of Transcription Factors R-HSA-3232118	7022	668	8554	7020	6670	51588	9112	7157	1029	3090	7341	9063	6613	7329	7158	10401	4193	4286	7021
SUMOylation Of Ubiquitinylation Proteins R-HSA-3232142	129401	9818	7175	8554	5987	53371	6396	23511	79902	81929	9972	4928	51588	55746	79023	9688	23165	5371	23225	10762	5903	7341	8086	23279	9063	7428	84659	7329	57122	9883	4193	9631	23636	8021	55706	4927	348995	11097
Scavenging By Class A Receptors R-HSA-3000480	1277	1281	7184	811	8685	1284	78989	4481	1278	117156	5648	348	2495	2512	286133	81035	1282	335	338
Scavenging By Class B Receptors R-HSA-3000471	949	6289	948	284297	335	338
Scavenging By Class F Receptors R-HSA-3000484	811	338	8578	10808	10525	3320
Scavenging Of Heme From Plasma R-HSA-2168880	3263	100423062	10438	213	3250	9332	335	259	8542	10395	3512
Sealing Of Nuclear Envelope (NE) By ESCRT-III R-HSA-9668328	91782	79861	7277	51807	221496	27243	79643	84617	10382	27183	7280	7278	10383	347733	112714	347688	6683	25978	10376	113457	200014	203068	128866	92421	10381	84790	7846	9798
Selective Autophagy R-HSA-9663891	1068	54543	53632	7314	9140	11315	387522	1460	1459	10226	8100	100188893	139341	5564	7316	472	7311	84557	84749	5830	56993	5071	6233	51422	1783	10452	401505	123	10013	200894	9927	51001	3297	55669	5565	140735	9474	5571	7334	5563	8408	7416	51143	65018	8878	8655	4077	9804	6714	3320	9868	3312	1080	192111	1778	2034	1781	7415	81631	5116	1780
Selenoamino Acid Metabolism R-HSA-2408522	9045	6192	25873	6181	6188	6164	6233	3921	6129	6136	7296	6130	140032	2197	6193	6208	60678	6157	6205	6207	116832	4143	6210	6132	4837	28998	79048	6166	5859	6229	6143	6144	200916	6165	6141	6218	6227	6228	6156	51187	6194	6147	6161	6209	6201	140801	6155	4141	51091	6138	4736	11185	6232	6142	6203	6160	6124	6135	6234	9060	118672	9255	51540	51121	6189	6128	3735	6125	6217	7311	6123	6159	3376	6175	6168	9061	9349	191	2058	6301	51520	6169	5917	6176	6224	22928	6167	6173	6223	6204	27232	1615	6146	6171	6187	7965	6230	6158	3176	6122	23584	6206	23521	11224	51065	6235	6170	6154	9521	2936	6202	6191
Selenocysteine Synthesis R-HSA-2408557	9045	6192	25873	6181	6188	6164	6233	3921	6129	6136	6130	140032	2197	6193	6208	60678	6157	6205	6207	116832	6210	6132	28998	79048	6166	6229	6143	6144	200916	6165	6141	6218	6227	6228	6156	51187	6194	6147	6161	6209	6201	140801	6155	51091	6138	4736	6232	6142	6203	6160	6124	6135	6234	118672	51121	6189	6128	6125	6217	7311	6123	6159	6175	6168	9349	6301	6169	6176	6224	22928	6167	6173	6223	6204	6146	6171	6187	6230	6158	6122	6206	23521	11224	51065	6235	6170	6154	6202	6191
Sema3A PAK Dependent Axon Repulsion R-HSA-399954	2242	5361	2534	8829	55558	3984	5586	91584	3326	6035	8874	10371	5362	5585	6944	3320
Sema4D In Semaphorin Signaling R-HSA-400685	6237	6035	4627	3985	23365	10507	79784	388	27289	2064	3984	9826	6093	4637	8731	5364	387	10398	2909	4629	103910	9475	4628	389
Sema4D Induced Cell Migration And Growth-Cone Collapse R-HSA-416572	4627	3985	23365	10507	79784	388	27289	2064	3984	9826	6093	4637	5364	387	10398	4629	103910	9475	4628	389
Sema4D Mediated Inhibition Of Cell Attachment And Migration R-HSA-416550	387	6237	2909	10507	6035	8731	27289	5364
Semaphorin Interactions R-HSA-373755	23396	6237	1020	6035	8874	3985	4627	9723	971	23365	5585	7094	10507	23129	10570	79784	388	5586	6944	3688	10371	27289	2242	5361	57556	8829	9037	10154	2064	3984	1808	3326	64218	9826	5365	2932	6093	8731	4637	5362	5364	80031	3320	387	9855	10398	2534	55558	7305	2909	4629	1809	103910	91584	54209	9475	4628	8851	1400	5788	56896	8482	389	3672
Senescence-Associated Secretory Phenotype (SASP) R-HSA-2559582	6197	255626	128312	6195	8340	1017	94239	1031	27338	5594	5970	1021	8331	474382	11065	7324	1051	8341	3552	3569	79813	1032	3015	246184	7311	7316	4790	6233	126961	29882	10919	3013	8338	8970	3014	3018	102724334	1029	6774	119504	2353	55766	85236	3490	1026	8697	3017	6196	7321	51529	8349	1019	10393	51343	8334	3725	1030	8348	3020	27287	3576	8881	723790	51433	25906	29945	996	8345	5598	8342	1027	8900	5595	890	64682	7314
Sensing Of DNA Double Strand Breaks R-HSA-5693548	472	10524	9048	10111	4361	3838
Sensory Perception R-HSA-9709957	283162	119395	127077	219982	390190	8383	6337	51168	3779	114	81099	401665	53904	401994	3781	390072	219482	8386	390431	129446	6383	403278	26664	390199	138804	119772	390083	9626	6017	6324	284532	390201	259290	81168	55584	346562	1259	127066	391109	391114	6340	338674	23136	64787	390157	441308	255725	219464	81442	391195	134083	9227	219432	341276	6853	10681	390063	375611	26496	390064	219954	5330	403282	6335	391191	402135	1208	26658	81285	5959	2986	442191	390168	9254	390429	390321	5148	6010	286365	219487	1488	256148	259295	219870	5950	26189	341799	776	345	26648	126370	26531	2934	219874	219447	65055	375790	8390	219869	219438	6327	26693	80331	2059	390061	162998	25861	144124	390067	27445	117531	119749	5947	219469	219965	344892	138803	135948	7276	26341	157506	8630	4991	4995	9355	81328	4994	81797	2779	50838	5357	832	26696	388531	6121	222236	23504	81300	50831	122742	80834	403257	390261	54795	390323	131890	119682	1109	403284	6326	81697	138883	138799	259286	442194	219958	26219	282763	119678	133060	81392	80835	51109	8927	120065	6616	64072	283159	219986	50837	138881	54884	4647	829	119764	441639	346517	5957	57101	390275	337	1879	340990	348	801	442185	392391	390155	390181	3778	390075	401993	81466	390264	390038	390445	79544	504190	51475	101060233	57053	7804	79339	393046	10082	26339	79346	81282	6855	219428	286262	121364	9381	24	81469	3710	9585	390883	119687	4836	219431	79317	259285	120796	246213	219453	390054	4023	128366	335	219858	26212	219477	391190	26595	219484	79823	132112	4627	10170	138882	81327	403273	2774	390892	79310	26493	392138	135924	196335	8392	121130	119694	11078	390058	254973	81127	389207	219493	391211	391107	26248	9079	390439	2782	2911	119774	403253	392392	2036	6711	219479	2979	392309	643226	6804	254786	390441	125963	259287	4643	9616	403274	441933	119695	5158	151056	3759	783	286362	127385	143503	346525	26529	26476	158835	219873	3339	5949	390148	338751	124590	4993	1258	390265	53405	50700	390077	79290	26689	26188	401666	403239	391194	26533	283297	338	390260	283160	23173	392376	442361	401427	65217	79334	390271	490	83875	120775	390437	259292	79549	135946	120793	23538	50836	2339	125962	390084	11344	283694	219436	390433	830	127074	390081	4478	2239	441608	389090	57016	219437	390882	390648	338662	55937	9132	284521	390195	6385	5726	127059	338755	390059	347468	6011	390036	79541	120066	121214	401992	122740	8608	161497	219957	390144	254879	1260	441669	387748	390154	81448	339768	283092	5145	51764	5588	138805	390093	390442	130075	9672	26707	259293	9187	26338	3949	54429	440699	26539	1262	25794	219473	8388	50832	3292	338675	5962	2817	390142	219968	56656	9249	5406	81050	81309	259236	128367	83756	50840	1645	219981	2784	347169	285440	29850	442184	5756	117532	6382	442186	83715	26538	6844	26735	121129	5956	283093	390191	391192	338328	282775	10518	391189	343173	390649	29967	140469	403244	219983	341418	127068	390078	343169	26740	81696	391196	138802	390152	145226	79324	390326	221914	50833	341152	343172	125958	119765	283111	390197	119692	219875	341416	259296	124538	344	10988	219865	391112	150681	219952	5475	26245	128371	6330	8644	26211	79295	7932	9478	127062	79296	128368	128372	285659	3000	390151	10083	26494	5578	26246	120787	158131	9750	7430	81318	403277	64220	119679	390327	26692	9397	126541	347168	26716	259289	222662	4992	143502	390066	6339	50834	120586	283189	81470	81341	441670	2262	135941	494513	284383	79345	284433	10438	2719	392390	6709	8387	219429	127064	120776	26534	81472	2914	219956	79482	282770	256144	390113	255022	4036	81061	401667	127069	26659	6328	343171	26333	2792	340980	493	26020	254783	26737	390079	390162	26687	8590	343406	8573	2868	144125	26532	50839	390167	219959	219960	283365	127623	121275	79473	219417	6338	10798	53630	122748	5864	390037	128360
Sensory Perception Of Salty Taste R-HSA-9730628	6339	6340	119395	6338	6337	255022
Sensory Perception Of Sweet, Bitter, And Umami (Glutamate) Taste R-HSA-9717207	51764	119395	50833	29850	80835	259287	255022	259293	6328	259295	5726	259296	50837	259292	54429	50836	259289	50838	50832	6330	6327	6324	50839	3710	259290	2782	2911	80834	50831	5330	346562	6335	2914	259285	83756	50840	50834	6326	2784	259286	54795
Sensory Perception Of Taste R-HSA-9717189	51764	119395	50833	133060	29850	80835	6337	259287	255022	259293	6328	259295	5726	259296	50837	259292	54429	3759	50836	259289	50838	50832	6330	6327	6324	50839	3710	259290	2782	2911	80834	50831	5330	346562	6335	6339	2914	259285	83756	6340	50840	50834	6326	6338	2784	259286	54795
Sensory Processing Of Sound R-HSA-9659379	494513	117531	9254	9750	51475	65217	57053	8927	51168	4627	64072	7430	3779	4643	6616	117532	5756	1488	9132	53904	490	83715	3781	783	776	440699	11078	129446	6844	493	6853	829	4647	25794	6855	2934	389207	5357	832	375611	222662	9381	6709	8573	286262	161497	5962	11344	10518	340990	9478	9585	124590	140469	55584	830	80331	259236	53405	2036	2059	246213	23136	3778	339768	6711	64787	10083	643226	4478	25861	5864	6804	27445
Sensory Processing Of Sound By Inner Hair Cells Of Cochlea R-HSA-9662360	494513	117531	9254	9750	51475	65217	8927	51168	4627	64072	7430	3779	4643	6616	117532	5756	1488	9132	53904	490	83715	11078	783	776	440699	129446	829	6844	493	6853	4647	6855	25794	286262	389207	5357	832	222662	9381	6709	8573	161497	5962	11344	10518	9478	124590	140469	830	80331	259236	53405	2036	2059	246213	23136	3778	339768	6711	64787	10083	643226	4478	25861	5864	6804	27445
Sensory Processing Of Sound By Outer Hair Cells Of Cochlea R-HSA-9662361	494513	117531	9750	65217	57053	51168	4627	64072	7430	3779	4643	117532	5756	9132	53904	83715	3781	11078	129446	4647	493	25794	2934	389207	5357	286262	375611	222662	6709	8573	161497	5962	11344	10518	340990	9585	124590	140469	55584	259236	53405	2036	2059	23136	3778	339768	6711	64787	10083	643226	4478	25861
Separation Of Sister Chromatids R-HSA-2467813	55143	5720	55839	348235	1063	6396	10197	5717	79172	23198	5687	7316	5686	5048	6233	5685	80776	220134	151648	284058	5708	119504	5714	9183	9126	401541	10213	5903	10393	51143	3796	5695	5526	5716	701	5700	9212	5710	8379	5693	79980	9232	27338	122706	54821	5718	57405	23063	81565	699	5527	23421	143471	5501	5696	10735	1783	55746	79023	55869	5529	23244	5701	5682	55055	9700	5705	25909	5721	6232	23279	81930	79682	10403	57122	8881	5709	23332	1778	57082	64105	9184	22919	1780	55166	5706	5698	23122	5719	113130	332	7324	54908	5525	81929	64946	7311	5699	147841	9735	4928	79019	29882	2491	140735	151246	8243	7321	5715	51529	5690	5519	5691	23047	5515	8655	9861	7979	10726	1781	996	29945	7514	1062	64682	5692	84643	3619	11065	5905	1058	79902	80152	5347	246184	5528	5684	5713	56937	5683	54820	5702	5518	55920	5689	57551	8697	5688	4085	9491	11004	5711	9793	6249	991	83540	11130	5694	91687	5885	51433	25906	5516	79003	348995	5704	7314
Serine Biosynthesis R-HSA-977347	63826	619189	256987	347735	5723	57515	29968	10955	26227
Serotonin Neurotransmitter Release Cycle R-HSA-181429	8224	9256	8500	6857	6812	8499	10815	8541	8497	22999	10497	6616	6853	6844	6854	5864	6571	6804
Serotonin And Melatonin Biosynthesis R-HSA-209931	7166	121278	1644	15	438
Serotonin Receptors R-HSA-390666	3356	3363	3352	3351	3361	3350	3354	3360	3358	3362	3355
Sialic Acid Metabolism R-HSA-4085001	8128	10559	30815	6487	51046	6480	80896	6484	5476	54187	140838	51162	7903	10402	55907	84620	29906	81849	6489	256435	55808	26503	6483	4759	10825	2720	10610	6482	129807	27090	10020	8869	338596
Signal Transduction R-HSA-162582	10800	6259	1850	8822	5933	83551	114	5737	7433	55879	7042	10319	5708	171558	9734	9183	23580	9126	6319	1874	143872	7414	6357	1978	1019	135	51143	4609	2243	8870	1030	4916	796	1299	81926	5727	195814	6708	338557	5142	1880	8379	5746	200958	79577	581	9934	6776	55114	2562	23365	2769	9710	5527	653361	29062	3249	898	1783	10253	55746	5196	55869	2834	4318	11251	255324	3276	25909	9294	60436	8648	5166	221656	1438	7082	83595	4763	8828	108	6367	4099	57120	81704	9099	9564	9644	6778	5698	8535	7482	84254	161	1488	624	51289	4928	7029	1439	2908	2670	10163	9828	153443	80115	14	2838	7091	50852	11033	79947	25813	3362	7171	25	1845	3002	23645	123169	55240	3559	4853	27145	10287	9217	5593	57679	154	57105	5702	56983	26281	1487	2931	54763	57449	1999	91687	2444	4205	9754	5336	8887	5595	1238	7314	3675	6004	23074	55143	51109	90780	23767	2354	2675	63940	5564	607	10608	5685	80776	6000	4855	84335	93663	2264	2771	3930	79809	7057	10096	389337	2100	55737	2885	930	23092	8569	8527	5600	4909	4054	25937	6434	80004	2065	199699	6461	54331	57728	2241	5159	2266	7484	3817	55619	10971	51422	2737	2252	11245	53637	2245	11266	2353	8313	2697	4041	143098	85236	6772	552	5721	22883	3710	139189	23279	57473	1609	5604	10376	643	8797	65992	2151	5153	1889	5774	55166	11221	79924	8471	941	3667	2321	5613	23286	64857	79837	186	1975	3355	152559	5361	3397	94233	7391	2911	55733	222545	1232	6850	8038	3932	3908	1981	10803	1844	976	6197	26086	50848	528	10019	185	5368	6363	51209	5684	338398	56937	85360	5144	155	2246	10692	4985	143282	4435	5998	343637	535	5289	283869	2358	6610	6615	79109	2873	1509	10603	5732	5530	9475	2010	7128	846	2475	10161	2488	79718	117145	128312	2783	5897	9886	2648	6692	11188	4829	3985	51052	127124	2146	7058	3480	50836	54764	6934	51114	23348	85415	3984	51343	23513	10535	2863	701	685	6591	9682	1959	102800317	3654	340419	5140	57521	8772	8288	57139	5970	10602	27018	27302	10735	4544	5726	1211	5432	8975	90423	64750	55288	6870	87	2494	695	9365	8349	3996	81930	27161	4922	4722	723790	131	4145	2852	1128	8517	51523	85397	51764	3914	10092	4908	7837	27123	8100	1829	9735	9173	5034	10193	399473	5996	57680	51306	160851	5160	2797	10636	5164	9249	2831	5430	84133	8731	2780	1452	6279	56923	3350	7046	261734	2790	51554	3708	10203	23370	51072	3915	9290	1173	5528	26286	5021	1739	5733	6469	594857	6364	5924	9765	5986	91653	7112	6242	4698	10959	142678	3577	1234	51107	5143	6464	144402	57731	29941	5245	2260	1399	6387	25791	8874	3551	10197	5717	6484	2768	5582	6233	83737	7157	344	1237	195828	50937	83439	93	887	10411	5916	8928	8726	3643	3556	390	23401	9748	2870	8085	10672	51606	115727	28964	5364	5443	4313	163404	9590	1282	23608	2121	5578	2122	2833	51651	4086	134864	57761	9978	6015	6868	57405	7349	23421	351	5696	8516	8452	6045	2862	163	7874	55072	259289	6657	110599583	27327	5923	64748	7248	9322	26018	2535	396	2262	9138	5165	1901	126006	9732	5978	3083	5568	157769	5534	5525	64946	6368	7073	525	3717	26230	6400	4650	57504	80824	402	2288	8440	2150	11255	6658	7189	667	2740	64180	84078	91851	4254	10970	7048	8773	57480	64283	23221	8567	2861	165140	5597	338442	56957	2017	4904	3814	3185	2693	6907	4854	26575	84232	4952	3361	408	6597	208	7072	139285	5898	2767	2829	2566	66008	57514	2244	25989	5688	1839	91544	2641	84441	2906	9793	5020	11130	103910	22821	2520	79003	10750	348995	5704	7249	2781	286205	89839	53834	57665	5147	57121	84888	2913	1629	5576	152273	1131	4319	23380	11135	3955	7444	10250	50835	8976	841	5532	346562	9114	54567	64407	171177	1857	6472	865	59	51083	7764	8549	2308	9794	27115	11197	255626	131096	122706	22986	10156	114548	26508	64321	2841	2591	200894	5592	23163	5338	3579	9162	55160	3400	9296	9528	55233	1834	5340	3274	1814	23118	1778	9462	1960	6801	10267	6915	5795	8811	50508	1133	6195	6487	23122	57591	54106	5148	6010	2915	157285	9283	25805	11343	319100	54514	3799	5590	1828	92799	3013	2248	4543	7126	8776	60675	4159	55852	4974	131450	259294	2869	94	2118	5715	5519	3912	27006	11069	7253	488	1852	2846	1285	2773	8843	10457	83933	598	2208	5567	10524	284	1175	157506	6654	3164	9497	4283	5713	81858	815	81839	747	92335	4792	1026	23072	388531	9815	80005	8788	1813	9491	2832	50619	8649	10398	9372	718	189	127933	4689	53358	6376	3336	51231	1381	84447	2854	5594	80835	55615	64240	474382	29766	1906	4686	445328	5138	9340	2828	1812	10656	401541	3178	3627	59350	7204	3572	3630	55970	57381	4087	1908	5603	2958	4615	51738	431704	2962	6866	9578	30849	5295	64121	1795	101060233	2057	8341	54848	3798	284217	5803	6422	6793	6865	5137	4548	10460	117579	836	10768	158747	256933	9826	728	10413	4193	1437	10850	2874	3693	8601	128239	2692	6256	56603	50855	10170	54908	1909	8862	7170	25999	2774	5139	6257	6348	1240	9736	8483	6373	892	56928	83985	57498	57216	5439	8737	2782	10886	7225	27334	8878	10312	10048	3674	6908	80728	673	6722	5692	727	84643	5663	2249	150	657	79180	5031	1020	259287	91010	1107	1058	8061	10046	1129	4790	1737	5747	26574	6361	6750	238	6343	10424	1003	256076	5367	6456	5467	50650	3549	2064	117289	3358	8086	6375	28956	5346	3716	5151	2676	23327	153	88	1392	23037	369	29904	23239	146850	728378	8607	64333	10018	9241	6811	5583	84894	4988	2069	4209	64919	5686	259292	25920	4091	100507027	2735	115	139818	5294	117	5290	50649	3918	9965	55219	2793	596	387	4355	1382	26160	1856	8342	537	5693	54438	7422	6194	5718	140	8454	84612	8322	10266	5501	59352	5136	57530	222584	4810	1113	5435	6457	7450	8608	27199	55789	391	864	8841	23493	147700	5781	4638	4001	4747	25970	5145	6846	55023	6374	8481	998	8439	388372	51347	2280	7454	140735	55766	9411	54778	50832	4089	5105	7321	23268	8050	4649	5863	4889	54361	7428	8655	151306	5624	10498	7979	1781	8325	9639	2015	246175	2784	1062	1816	8395	51466	253260	2904	136	10542	22866	6885	9414	80152	5347	23256	5929	4161	126961	25780	71	55811	10728	6712	29899	5956	5436	2040	116985	51176	11004	1387	7879	6455	7534	5473	133	6289	10657	799	55717	1785	55081	5770	1024	4738	7200	80351	259296	6500	29126	2322	1495	5599	55669	5589	23596	253980	3690	55075	10434	8793	23543	8209	144165	25776	26030	64411	56142	23322	2918	1395	5623	3481	1292	7018	4067	4580	6678	10134	1902	1460	7375	6720	94240	699	143471	10160	533	4303	7094	3187	10435	5764	10013	7867	2625	2853	6232	8724	5170	51421	152831	6354	340665	10642	3399	89941	2066	50834	4602	57082	115703	7480	10062	23002	10126	23433	1780	10670	9101	2250	83888	22836	23288	92597	650	59340	11108	6035	7478	6510	81929	55701	3694	27	3827	7311	51701	5699	5745	3071	6709	7185	81847	904	22916	10109	51135	5515	9861	23048	10395	3925	9040	257313	2914	2587	122042	7376	7514	79834	4987	1540	84870	6344	64130	6754	341	10316	50865	5030	6356	10468	814	84634	7483	2185	58504	84904	5689	399	9166	8817	3895	5906	2912	1455	1398	56288	23189	4935	9855	7043	9890	7088	6001	7415	9048	79885	10788	25759	4893	84144	353299	114897	995	2258	10256	2323	7060	4296	5048	64840	5037	2925	5867	220134	1278	55704	3973	79659	11180	153090	120892	8525	10095	84681	11060	3567	3727	142	22943	8851	85455	347	4688	4221	114885	4314	5931	9341	94134	3061	113091	2840	6347	843	377630	7425	10097	3060	5724	113878	26523	2683	5701	9181	5705	8324	5141	8829	29851	5995	7431	2837	91452	57580	25996	10014	57579	92737	6869	5959	30827	23466	23592	5725	382	2887	23191	56670	2889	11075	7252	397	905	7456	3911	7323	10409	1815	27152	6009	10811	5571	55553	92	1111	2864	55824	2532	9568	2658	58480	4803	10874	4887	7434	5562	8945	124056	283455	8153	121512	3569	7124	55534	5494	8812	23028	3561	5683	221391	639	4242	58513	9047	7027	2779	50838	64399	832	200734	161742	57551	6236	1536	80834	3020	7040	1911	26084	1445	8651	6199	5516	6014	9352	9113	50846	89953	3678	527	23768	5922	5028	1063	8331	25963	8202	23237	4852	3015	9628	50837	23129	4734	51684	56998	22873	7037	11059	10499	10125	10213	10817	64223	2674	2921	55620	801	26960	5305	558	2534	5296	2099	200845	29	8396	131873	8345	25942	2770	26469	23229	10076	89780	2254	57154	11211	50618	11167	3337	58489	1235	1969	7090	1847	1291	2619	1592	989	30011	7531	8622	8338	23141	79023	9824	5529	23252	55055	7504	9612	7089	5371	23620	6196	1655	429	1950	2253	3576	259285	207	5709	487	57522	5150	1230	22919	3714	347902	7535	64577	5979	51564	4627	55968	50940	7471	4359	27202	4983	23432	147841	680	79019	330	1499	445582	8941	26166	908	5332	64805	867	9252	3326	329	4646	5434	6093	9738	5161	54509	3673	5598	80326	10235	53829	23385	2787	1524	130399	64096	27248	5029	10653	389541	9261	56990	2324	6453	10963	112	983	285601	3619	26108	5905	22938	10272	5753	10298	1284	5158	79784	342977	23512	9687	4771	10268	388585	1840	80310	7033	79948	8877	6751	6794	220	8334	116	22800	3730	23263	5720	50617	7472	8458	3183	5687	7316	5045	2776	3910	3568	114793	57167	5335	111	1147	182	284058	2339	5596	122876	5903	79598	5321	6659	8405	440193	1794	5716	3091	9704	6789	409	51517	9759	146	8394	1875	128674	1132	23035	10787	3014	374654	65124	5777	3169	253959	51699	221955	623	595	861	797	11140	4092	5162	5291	7475	9559	6372	10221	57539	9070	10645	3792	1017	5588	4090	2567	54659	3570	259293	19	216	7529	128272	245973	1958	2149	22808	9034	9318	8321	9306	7166	858	6938	2034	301	4168	23236	3229	2309	10152	23566	152	6446	6497	5054	7852	23545	8312	553	51384	55831	7050	55851	8323	8987	56034	11214	8717	3562	1297	56667	3351	56144	1894	268	3725	9002	5880	224	221178	1729	8850	8831	257397	57690	8476	10006	6396	2802	4660	4208	8854	5999	7201	7919	9912	5714	80012	26052	523	9055	10616	2867	5216	7477	857	10901	51133	9455	526	5782	1759	5700	5987	5468	5786	23463	1071	64388	57569	8643	81565	3356	5099	489	1869	1393	23081	102724334	5682	6360	202559	25894	51479	7476	394	54756	2909	115557	5581	4140	10810	3625	8823	114787	9611	101059918	332	10563	2622	1956	5900	57636	5914	1871	23462	79869	331	5433	9619	4052	23533	3516	5930	5441	80243	8502	5690	23439	30817	10000	9787	7132	83464	196883	54492	4914	9542	23112	4629	114822	1796	63916	6423	2691	10144	1213	1608	8326	339403	9231	8660	3479	6944	90865	4356	8340	5539	4066	9693	658	4902	9038	56477	2917	9630	2357	7479	90627	2865	54820	6752	5518	8036	3084	55920	9742	10325	55004	84432	120	2561	10818	6249	8348	28514	22955	5179	80199	3375	192670	1607	51382	3718	147111	10574	1108	4659	2919	8997	201176	151648	9927	83478	10552	54815	5870	23344	10911	10458	104909134	2785	259290	5825	8620	148	8698	79971	659	1977	9938	2554	6198	5125	3398	5710	23220	3563	81624	5533	5734	1325	7039	1907	6370	84951	10956	3954	2255	5585	56413	57610	3688	5360	10681	22865	54894	2957	3560	2796	284119	147	10489	5330	7409	7525	29127	5431	9550	10403	9986	4162	10589	54903	7006	9110	6037	10399	29761	1272	58528	392	129521	23616	5241	148170	353164	259295	57113	3558	7059	6736	5046	51009	79658	64926	124540	2916	187	8484	529	11127	151	8243	5440	11250	245972	147179	57572	2932	2788	8795	64241	134	6285	572	817	942	719	54886	154810	156	5731	1903	2319	6755	51548	7473	85021	1286	5697	80179	835	6300	5744	153129	8490	29933	50831	5711	347148	83540	118788	51719	5885	4158	6498	259286	57406	84317	4486	3352	107	729230	90268	29984	348235	55437	9958	2775	23198	54741	8074	126	3815	30851	11329	116984	57007	10402	4772	5155	6002	10454	269	644150	339745	1730	2668	4915	4088	5580	348	27121	752	55764	3624	9743	5228	84109	5526	50964	5729	356	55845	4093	51291	9212	393	54821	1459	5536	3696	10718	2791	5664	2847	23075	9112	124	6774	134860	1793	2886	10320	2859	57486	3017	7481	58191	7297	145957	3354	79682	7424	3066	7101	8027	9500	1385	534	6366	64105	374	90226	102	55200	1604	23030	94239	5331	3685	10254	4690	2778	10846	54874	94274	84539	50999	3831	112724	8682	5565	27289	818	113	151246	10023	2843	1910	5691	26050	3838	155066	2798	55971	7010	8786	6711	26524	100996758	7533	80820	1298	6863	29843	7031	84033	3972	51125	8936	27198	1846	170589	8204	3065	6280	26092	27329	9402	2172	51377	10022	83999	8239	7984	55119	84823	51339	51138	2560	10451	55227	7392	1912	55625	64106	3265	9367	7528	991	4637	27316	51592	3315	23769	387129	2920	5739	8477	221044	55818	5154	7423	55839	22899	59349	79172	57459	2631	2316	6095	8295	5563	5695	1241	6352	3998	10652	9219	8111	114131	395	2848	8650	1848	79980	3363	6019	5728	59345	1105	6710	1025	5173	4343	398	4157	3018	2173	84152	3952	8437	8767	55366	5605	10979	10010	9021	84292	23332	60485	57630	6725	1152	9184	4628	2060	3728	51741	1606	53831	81617	56254	23396	26049	57534	6753	5719	2335	57758	9580	283149	5573	51104	8301	91	5899	54429	3791	154796	7532	886	896	160	6777	2696	1822	153478	8290	3360	54443	5908	1961	10211	83756	50840	10726	10663	7015	5499	5796	2263	2786	4670	2289	554	55843	8930	5756	57332	8970	10505	9146	10576	23197	2242	26999	51098	1212	4085	10537	3640	5156	4665	6932	3320	4986	27237	1374	389	5577	50833	6346	5783	9846	1287	8844	4804	5928	10273	5217	3709	5802	388	5586	128869	64759	2194	2736	1215	8644	5579	1849	1535	3796	5584	22906	5437	124997	5327	2963	5896	55294	8425	4923	5500	10123	7074	8556	84733	100271715	10252	29924	55512	27043	340481	54518	51566	10887	9218	23779	816	4684	10094	2251	8526	4886	1236	8837	2033	708	9530	79412	2850	5481	4613	5575	57122	6662	166	8743	8503	8065	5778	26090	5706	5910	57142	5607	53632	8428	2277	399693	55914	22852	1627	5087	7474	4316	3163	5771	8992	84455	2491	9928	729238	8654	3818	23509	4160	84364	57678	23186	85440	4664	284654	6655	9235	64783	9459	6714	54845	8550	5438	8658	842	29116	57584	221002	197257	9982	9844	1293	7289	4040	132884	79902	10226	54498	5915	2792	2492	51332	6258	81029	157	8826	2152	123720	23526	4851	5451	27035	50839	94235	9148	2261	7410	70	1432	1080	5694	84658	257106	10888	1027	192669	940	2359	7222
Signal Amplification R-HSA-392518	54331	51764	2783	5028	2786	59345	2769	2791	2776	2792	9630	2767	10681	2771	64805	94235	2785	2782	10672	5321	2793	346562	2788	55970	6714	14	1432	2787	2770	2790	2784	6915	2773
Signal Attenuation R-HSA-74749	2887	6464	3643	5594	3667	3630	5595	2885	8660	6654
Signal Regulatory Protein Family Interactions R-HSA-391160	7305	10326	140885	5747	961	5777	55423	2533	2185	2885	6714	5781	8935
Signal Transduction By L1 R-HSA-445144	3680	3678	2260	3897	3685	5594	6035	1460	1459	1956	5585	4684	3688	3690	8829	7410	5605	5604	3674	5595
Signaling By ALK R-HSA-201556	3718	5295	3667	3065	5803	29126	5335	3561	5764	639	6774	238	5777	2033	5290	8841	4609	10818	4613	3066	6714	5296	6464	5291	3091	25942
Signaling By ALK Fusions And Activated Point Mutants R-HSA-9725370	1639	7175	471	5594	5295	3667	9978	2335	57448	4627	6194	6776	8454	1051	22872	7170	5573	3799	6500	5495	3831	5335	6774	238	9451	5290	8496	80304	4869	10817	5903	10342	7414	51530	57674	1937	10818	8878	833	2885	6238	4204	6464	27436	10535	4008	3092	6801	1213	7171	597	4478	5595	9648	53335
Signaling By Activin R-HSA-1502540	4087	92	4089	10468	8928	5594	91	10589	4088	10272	3624	130399	5595	3625	93
Signaling By BMP R-HSA-201451	6497	657	4086	4090	64388	650	658	27302	4091	7323	64750	9765	269	93	4089	92	94	7321	91851	268	659	2658	4092	4093	57154	9241	11167
Signaling By BRAF And RAF1 Fusions R-HSA-6802952	27044	56829	4893	5594	4140	283455	10142	22866	2335	8087	4000	8844	10827	2266	54518	10256	3717	7094	9444	5037	408	80853	815	816	7529	57085	8826	9061	818	3690	7450	5906	2244	55750	11044	7414	9715	3265	801	2243	8805	22906	1185	6714	55109	23164	5605	54845	5908	10533	5604	1445	3674	369	57670	673	10018	5595	6037	8546	409	817
Signaling By CSF3 (G-CSF) R-HSA-9674555	4067	4893	9846	1441	6776	7322	9616	7316	7311	3717	6233	7323	6774	6921	6772	6777	7321	7297	6850	2885	3716	5781	9021	6464	8651	8065	6923	1440	3055	7314
Signaling By EGFR R-HSA-177929	102	4893	5796	5295	10254	7837	7039	8874	998	6868	10252	29924	1956	2069	6654	7316	7311	6233	30011	10253	5335	9146	58513	128869	255324	6456	5290	6457	867	1839	3265	1950	8027	2885	55824	6455	5781	6714	8038	14	26018	6464	1445	5782	685	2060	5774	374	7314
Signaling By EGFR In Cancer R-HSA-1643713	4893	5295	7039	1956	2069	6654	7316	7311	6233	5335	128869	255324	5290	867	1839	3265	1950	2885	3320	11140	6464	685	374	7314
Signaling By ERBB2 ECD Mutants R-HSA-9665348	5290	11140	6464	4893	5295	2064	5335	3265	1950	55914	2885	1956	128869	6654	3320
Signaling By ERBB2 KD Mutants R-HSA-9664565	4893	5295	55914	1956	2069	6654	10718	5335	3084	128869	5290	1839	2064	145957	3265	1950	2885	3320	11140	9542	6464	2066	685	2065
Signaling By ERBB2 R-HSA-1227986	5578	9101	4893	5295	51072	55914	1956	2069	6654	10718	5753	7311	7316	10273	6233	5335	208	10193	2886	3084	128869	5290	1839	2064	145957	5580	3265	10000	1950	7525	2885	6714	3320	1729	387	11140	207	2534	9542	6464	2066	5782	26469	685	2065	4145	5581	8065	7314
Signaling By ERBB2 TMD/JMD Mutants R-HSA-9665686	4893	55914	1956	2069	6654	10718	5335	3084	1839	2064	145957	3265	1950	2885	3320	11140	9542	6464	2066	685	2065
Signaling By ERBB2 In Cancer R-HSA-1227990	4893	5295	55914	1956	2069	6654	10718	5335	3084	128869	5290	1839	2064	145957	3265	1950	2885	3320	11140	9542	6464	2066	5782	685	2065
Signaling By ERBB4 R-HSA-1236394	6678	5241	4893	5663	6387	5295	2567	9611	6776	6868	2562	1956	2069	6654	10718	55879	7311	7316	5664	10608	6233	4734	83737	55851	11059	3084	2566	2560	5290	1839	9318	145957	2561	348	2670	3996	3265	1950	23118	83464	2885	6714	3925	10413	51107	6285	9542	2099	6464	2066	2554	11033	685	2065	23385	51741	7314
Signaling By Erythropoietin R-HSA-9006335	4067	4893	1399	5295	8288	2889	2057	6776	6654	3717	5335	128869	5294	5290	22883	6777	23533	3265	7409	2885	6464	5291	5336	8660
Signaling By FGFR R-HSA-190236	2260	23768	4893	5594	8822	53834	23767	2258	4686	7316	8074	6233	5335	128869	2264	5290	3178	10817	9965	23543	2885	5437	8569	80004	2963	2254	2962	5295	2255	10253	3187	2252	2591	5432	2251	5435	152831	9365	2253	5431	5781	8823	5725	2250	83888	7311	7073	2248	5433	5440	5439	867	5441	22916	5434	5515	5430	27006	6714	54845	5438	673	9982	2263	2249	4670	3185	6654	7072	5518	2246	5436	161742	200734	8817	26281	143282	3265	10818	2261	6464	23769	3730	5516	5595	7314
Signaling By FGFR In Disease R-HSA-1226099	1523	2260	2250	2249	2263	4893	5295	11052	8822	9846	6776	2258	2255	4686	6654	8074	5335	2248	2252	11116	5432	7750	6774	2251	2246	128869	5435	2264	5436	6772	5290	9530	8817	26281	5440	5439	5433	6777	5441	9208	22916	3265	5434	11160	2261	10818	5430	8805	2253	2885	5437	5431	27006	11064	399687	26127	5438	2963	2254	2962	8823
Signaling By FGFR1 R-HSA-5654736	2260	2250	2249	23768	4893	5594	8822	53834	5295	23767	2255	2258	6654	7316	7311	8074	6233	10253	5335	2248	2251	5518	2246	128869	161742	5290	200734	8817	26281	10817	867	9365	3265	10818	5515	27006	2253	2885	6714	5781	8569	6464	23769	3730	5516	2254	673	5595	7314
Signaling By FGFR1 In Disease R-HSA-5655302	1523	2260	2250	2249	4893	5295	11052	8822	9846	6776	2258	6654	8074	5335	11116	7750	6774	2251	2246	128869	6772	5290	9530	26281	6777	9208	3265	11160	10818	8805	2253	2885	11064	399687	26127	2254
Signaling By FGFR2 IIIa TM R-HSA-8851708	2263	2258	4686	5432	5435	5436	2246	5433	5440	5439	5441	22916	5434	5430	5431	5437	5438	2963	2962
Signaling By FGFR2 R-HSA-5654738	9982	4893	2250	2249	83888	2263	5594	8822	5295	4670	3185	2258	2255	4686	6654	7311	8074	7073	7316	6233	10253	3187	2248	2252	5432	7072	5335	2251	5518	2246	128869	5435	5436	5290	3178	8817	26281	5440	5433	10817	867	143282	5441	5439	22916	3265	23543	5434	10818	5515	5430	27006	2253	2885	5437	5781	5431	6714	54845	8569	6464	5438	80004	5516	2254	2962	2963	673	5595	8823	5725	7314
Signaling By FGFR2 In Disease R-HSA-5655253	4893	2250	2249	2263	5295	8822	2255	4686	2258	6654	8074	5335	2248	2252	5432	2251	2246	128869	5435	5436	5290	8817	26281	5440	5433	5439	5441	22916	3265	5434	10818	5430	27006	2885	2253	5437	5431	5438	2963	2254	2962	8823
Signaling By FGFR3 R-HSA-5654741	4893	2250	2249	5295	5594	8822	2258	6654	7316	7311	8074	6233	10253	5335	2591	5518	2246	128869	5290	8817	26281	10817	867	3265	10818	2261	5515	2885	2253	6714	5781	8569	6464	5516	2254	673	5595	8823	7314
Signaling By FGFR3 In Disease R-HSA-5655332	4893	2250	2249	5295	8822	2258	6654	8074	5335	2246	128869	5290	8817	26281	3265	10818	2261	2885	2253	2254	8823
Signaling By FGFR4 R-HSA-5654743	4893	2249	5295	5594	8822	2258	6654	7316	7311	8074	6233	10253	5335	2251	5518	2246	128869	2264	5290	8817	26281	10817	867	9965	152831	3265	10818	5515	2885	2253	6714	5781	8569	6464	5516	2254	673	5595	8823	7314
Signaling By FGFR4 In Disease R-HSA-5655291	5290	6654	4893	5295	5335	3265	10818	2885	128869	2264
Signaling By FLT3 ITD And TKD Mutants R-HSA-9703648	9361	5290	1026	50507	4893	6654	6777	5295	598	9846	2322	3265	6776	2885	5781
Signaling By FLT3 Fusion Proteins R-HSA-9703465	9361	399687	1026	50507	5290	4893	6777	2120	5295	6711	9846	7750	2804	3265	6776	9321	2885	6654
Signaling By GPCR R-HSA-372790	10800	4893	2781	353299	114897	57121	83551	114	5737	2913	7433	2919	2925	8997	5576	1131	50835	10911	104909134	3973	2785	259290	6357	135	8620	148	346562	5532	8525	8698	796	64407	5727	51083	338557	5142	27115	1880	5533	5746	5734	114548	1325	9934	1907	6370	4314	23365	5585	2769	3061	113091	2840	6347	2841	56413	3060	5196	3688	2834	5724	10681	11251	3579	9181	9162	8324	5141	55160	9294	2796	147	5995	3274	5330	7409	1814	2837	57580	108	6367	6869	10267	6915	8811	1133	6195	129521	353164	56670	7252	7482	84254	6010	2915	9283	11343	319100	259295	624	57113	51289	4543	60675	1815	4159	2916	187	8484	131450	259294	151	2869	2864	11250	5519	2788	9828	2532	9568	134	7253	2838	2846	2773	8843	3362	10874	817	4887	7434	10457	719	54886	156	5567	5731	121512	1903	6654	6755	10287	4283	7473	815	747	221391	5697	154	57105	2779	50838	5744	388531	8490	29933	1813	50831	80834	2832	347148	57449	718	26084	189	4158	5516	259286	6376	5595	50846	57406	1238	6004	3678	3352	107	729230	2854	5594	5028	80835	63940	1906	4852	9628	445328	50837	57007	9340	5138	6000	2828	6002	1812	7204	2771	3627	10125	59350	5580	389337	2921	801	26960	84109	2885	55970	5729	8527	5296	29	1908	51738	2770	431704	23229	89780	6866	11211	54331	1235	5295	101060233	7484	54848	2791	2847	8622	11245	53637	2245	134860	6865	5137	7504	2859	57486	23620	552	6196	7481	58191	117579	10768	3354	3710	256933	9826	728	139189	1609	3576	259285	207	1385	643	10850	6366	2151	5153	1889	5150	1230	8601	90226	1604	2692	79924	5331	2778	10846	50940	1909	8862	7471	84539	2774	5139	27202	5613	6348	1240	680	64857	6373	186	818	3355	113	26166	5332	94233	64805	2843	2782	1910	2911	222545	10886	7225	27334	6093	1232	3838	2798	8786	2787	5598	80326	10235	53829	1524	100996758	10803	976	5029	727	6197	6863	26086	6453	150	112	5031	84033	285601	1020	3972	259287	185	5368	6363	27198	170589	1129	338398	10022	6361	5144	6750	10268	6343	155	7984	55119	5367	10451	10692	50650	4985	79948	3549	5998	6751	283869	2358	3358	64106	3265	116	6375	5151	153	1392	387129	2920	5732	5739	146850	23263	846	5530	8477	9475	10161	221044	2488	5583	2783	22899	7472	8458	4829	4988	2776	51052	259292	100507027	111	50836	115	5294	117	122876	5290	50649	5321	2793	1241	6352	387	2863	9704	8111	114131	409	2848	5140	3363	6019	146	59345	140	128674	1132	8322	10266	4544	5726	5136	5173	4157	6870	1113	27199	695	84152	221955	623	8767	797	4922	7475	6372	2852	1128	6846	1606	53831	85397	3792	10645	6374	51764	5588	6753	998	259293	5573	388372	54429	128272	2149	886	5996	9034	50832	160851	2797	2696	10636	3360	4889	54361	8321	2831	151306	2780	83756	50840	56923	301	3350	4168	8325	23236	9639	2015	2790	2784	10663	23566	152	51554	1816	5499	3708	10203	7852	136	2786	554	23370	1607	9290	553	51384	5528	4161	5021	5733	8323	6469	594857	11214	6364	5924	29899	5956	3351	56144	1894	10537	9002	3640	3577	1234	4986	5143	27237	6464	5473	133	6289	799	389	5577	50833	6387	25791	6346	8874	2768	7200	3709	5582	259296	5999	7201	388	1237	23596	887	2867	2870	5579	7477	10672	5364	5443	163404	56142	2918	4923	1395	7074	5578	2833	51651	134864	100271715	1902	8643	7349	10887	351	3356	1393	816	2862	8526	6360	259289	4886	1236	110599583	64748	2853	5170	6354	2850	7476	5575	2535	50834	115557	9138	5581	7480	1901	8503	126006	26090	59340	5568	5534	7478	10563	55701	1956	6368	3827	7474	26230	5745	2150	729238	11255	4160	6655	2740	23533	9459	30817	10000	5515	257313	196883	6714	2914	2587	122042	2691	1608	8326	339403	4987	6344	2861	165140	338442	5539	3814	6754	10316	54498	50865	9038	2693	5030	6356	26575	56477	2917	2792	2357	9630	7479	3361	408	2492	208	814	84634	7483	2865	157	2767	6752	5518	2829	84904	1839	2912	84432	94235	50839	2641	5020	4935	7410	9890	84658	6001	10888	5179	2520	3375	2359	7222
Signaling By Hedgehog R-HSA-5358351	5577	84447	5720	107	147111	114	10197	5717	23198	5687	7316	5686	6233	83737	6500	5685	5576	51684	111	22873	5708	2735	115	50937	5714	339745	10213	2736	79659	79809	55764	5695	8405	5716	26160	5727	23322	57154	2121	5700	5710	85455	409	5578	8650	5693	122706	57728	79577	9978	8643	6868	5718	8454	10956	2619	143471	5696	8452	2737	64750	374654	5682	5701	5705	5721	5575	5709	108	54903	2262	57539	5706	5698	8481	23288	2778	5719	5568	57758	2622	8100	5573	7311	23432	5699	6400	84455	5034	51009	27152	113	11127	5715	5690	55733	5691	2932	9861	196883	1452	7979	27248	5692	8945	112	156	5567	7289	132884	54498	5684	408	5713	5683	55811	6469	5702	9742	5689	64399	91653	25989	3549	5688	51098	9491	5711	5694	7415	55081	80199	50846	5704	7314
Signaling By Hippo R-HSA-2028269	154810	8428	92597	9414	7531	23286	7529	154796	836	51421	55233	10413	7082	1856	25937	261734	60485	26524	6789	9113
Signaling By Insulin Receptor R-HSA-74752	117145	527	2260	4893	50617	5594	8822	9846	2258	2323	8074	127124	2322	128869	2264	5290	523	3643	9965	3630	51606	9114	2885	5296	526	2254	537	5140	30849	57761	5295	2255	533	2252	90423	2251	9296	5170	152831	9365	2253	9550	5781	5291	534	8823	2887	2250	3667	54106	525	2248	8992	245973	529	245972	27006	10312	155066	8660	2263	2249	528	23545	6654	208	2246	8817	26281	535	5289	3265	10818	2261	6464	5595	51382
Signaling By Interleukins R-HSA-449147	3589	3718	64127	27177	6950	2258	29110	2919	5708	1278	4507	841	10068	4609	6283	84639	3567	9987	3590	54014	5710	2308	27189	3563	3635	131096	122706	80216	5780	6776	4314	3581	27179	6347	6416	3588	3688	5724	5701	3560	3662	4318	5705	9361	948	7409	7525	23118	7431	1438	6367	1440	7006	79923	339345	6195	6778	5698	2889	64806	3558	6624	3911	5743	6810	1439	79671	3565	5715	5519	149233	6285	5602	58480	5601	112744	4582	942	8945	598	1845	2208	7184	3559	3569	282617	3687	6654	7124	10538	5713	3561	4128	5683	5702	3596	4792	1026	5657	3557	6809	9491	5711	7040	8651	4205	84868	11009	5516	5595	84818	51231	7314	821	3601	729230	5594	6616	7133	23198	50616	5685	829	10454	1435	246330	10213	3627	2668	3572	4088	6813	1326	2885	2534	5296	356	5600	4615	26469	5055	11141	5295	23765	4692	55801	3684	53833	5803	133396	11213	9683	6774	2353	6772	6196	5721	22883	836	26095	7297	3553	177	3576	5604	207	5709	3587	64109	1385	1437	3578	282616	1230	5478	3313	3636	941	3667	8807	59307	56300	6348	4791	3977	58985	867	9252	5691	1489	8878	6850	240	5775	3932	5598	5692	6804	9261	6197	200081	6097	3383	6363	1846	9180	27178	4790	6280	5684	604	3554	6888	4985	7076	3716	2920	5720	5897	552900	5608	1436	79155	3566	28511	4988	5687	7316	3568	5686	1147	6095	28512	121457	83605	5290	1511	3595	3656	5695	596	6352	5716	3091	1052	10535	4478	55540	6773	246778	3654	5693	1848	7422	8835	5970	5718	8454	4170	116379	9446	3597	5609	5777	3458	9878	595	8767	3146	5781	10010	79792	3312	9021	5291	4001	29949	84867	26525	8517	27250	3594	302	5784	59067	5719	2335	3976	387522	998	146433	3570	3552	388372	3934	9173	9244	6175	3574	5034	3689	6777	6775	5908	7979	301	4215	3162	3229	2309	57161	9655	3181	6885	6382	23291	3598	4312	5528	132014	11274	126961	6844	3593	6364	3586	3562	2162	3725	163702	1234	3320	7534	6464	6289	257397	9466	7850	1399	5783	6845	9846	8809	1441	3551	10197	7412	5717	8808	4208	834	6233	6500	7157	5586	920	5599	5714	1271	282618	3556	1849	50615	51561	9097	5443	4313	5782	5896	5700	5578	4067	9684	9978	10148	143471	351	6647	5696	7291	54472	7867	5682	6657	2625	7334	25930	57162	3929	1265	3600	5306	759	1901	8503	3055	246	5778	5706	3575	3965	332	6627	386653	7311	3717	5699	50604	5771	84166	1270	23529	6655	7189	9235	5690	51135	5515	9861	7132	85480	3603	5606	92610	8660	6944	90865	1154	10392	53832	3185	6356	2357	6597	5898	2185	6935	5518	2939	5689	4793	3606	5451	54998	5688	3592	1398	29760	1432	5694	5704
Signaling By KIT In Disease R-HSA-9669938	4067	4893	5295	6776	6654	3815	3717	6774	6772	5290	6777	3265	7525	2885	6714	2534	5296	3932	8503
Signaling By LRP5 Mutants R-HSA-5339717	79412	27121	22943	83999	27123	4041
Signaling By Leptin R-HSA-2586552	9021	3717	6777	3667	25970	6776	6774	3952	8660	5781	54741
Signaling By MAPK Mutants R-HSA-9652817	11221	1848	5594	1850	1852	1849	80824
Signaling By MET R-HSA-6806834	3083	382	3675	9101	4893	1399	3914	200958	5295	10254	2889	6692	5770	6035	84951	3915	6654	7316	7311	3910	10319	57610	3249	284217	5747	6233	30011	3911	5867	5771	9146	3688	6774	23163	128869	6456	84823	5290	6457	85440	5906	64759	3918	867	1398	3912	3265	8731	2885	6455	6714	5781	8027	5908	26018	6464	10048	3908	3673	2060	5795	10653	7314
Signaling By MST1 R-HSA-8852405	4486	3249	6692	6789	10653
Signaling By NODAL R-HSA-1181150	199699	5594	55997	5045	91	5046	10637	7044	93	10715	4089	92	8928	4088	4838	4087	10589	130399	5595	2309
Signaling By NOTCH R-HSA-157118	79885	128312	5720	2648	474382	8331	1024	10197	5717	6484	5687	7316	3015	5045	5686	6233	83737	23129	5685	10402	7157	6500	182	5708	3955	5714	9734	4855	171558	5870	10213	4088	4609	26960	5695	5584	54567	8209	11060	5716	3091	8345	59	8342	55294	5700	5710	23220	9794	409	8650	255626	5693	9759	9978	7090	26508	6868	5718	8454	8341	5696	5664	4343	489	1869	8338	10013	3014	3018	55869	102724334	5682	113878	26523	2683	10320	2173	9612	5701	85236	5705	2033	10460	7089	3017	5721	6772	27327	8841	8349	595	1950	23493	861	3066	27161	207	5709	723790	10014	1385	92737	487	3714	1272	102	5706	6487	94239	57534	5698	9611	5719	51564	1956	7311	5087	5699	3013	6400	23286	1871	892	23462	7029	55766	23509	3516	5715	5690	5691	9787	9861	83464	54492	7979	23112	7091	488	23385	5692	8340	83933	5663	2324	4904	3002	2208	4853	22938	10046	4854	3065	55534	51548	6907	126961	408	5684	55851	5683	5713	8970	4242	5702	7027	388585	5689	1840	56983	5986	4851	5688	9148	8788	9491	8334	5711	3725	84441	1387	142678	10959	8348	3020	28514	51107	7534	1999	7088	5694	8850	192669	192670	57690	79718	5704	7314
Signaling By NOTCH1 R-HSA-1980143	8650	102	79885	83933	5663	9759	57534	3714	7314	9978	2648	9611	51564	7090	26508	1024	6868	8454	22938	7316	10046	7311	3065	55534	5664	6907	6233	83737	6500	408	55851	10013	182	55869	892	113878	23462	9612	9734	388585	7089	1840	2033	4851	3516	9148	8841	8788	23493	84441	1387	142678	4609	26960	3066	83464	28514	54567	54492	51107	8209	7088	7091	10014	3091	8850	92737	23385	55294	23220	79718	9794	409	1272
Signaling By NOTCH2 R-HSA-1980145	102	5663	57534	7314	3002	2208	4853	7316	10046	7311	55534	5664	6233	55851	182	388585	2033	3516	9148	84441	142678	83464	28514	54567	54492	51107	8209	1385	23385	9794	3714	1272
Signaling By NOTCH3 R-HSA-9012852	102	5663	57534	4904	2648	26508	1956	22938	7316	10046	4854	55534	5664	7311	5087	6233	23129	23286	55851	182	23462	10320	171558	2173	388585	6772	2033	10460	4851	3516	9148	23493	1950	1387	84441	9787	142678	83464	28514	54567	54492	51107	11060	8209	8850	23385	9794	3714	7314
Signaling By NOTCH4 R-HSA-9013694	5720	2648	10197	5717	5687	7316	5686	6233	6500	5685	182	5708	5714	4855	10213	4088	5695	54567	8209	5716	59	55294	5700	5710	9794	5693	9978	5718	8454	5696	5664	5682	5701	5705	2033	10460	5721	23493	207	5709	102	5706	5698	5719	7311	5699	23462	3516	5715	5690	5691	9861	83464	7979	23385	5692	5663	2324	4853	22938	10046	55534	5684	5713	55851	5683	5702	388585	5689	4851	5688	9491	5711	84441	1387	51107	7534	5694	8850	5704	7314
Signaling By NTRK1 (TRKA) R-HSA-187037	25759	4893	1399	5594	2354	23237	4209	64919	4208	1108	5335	117	26052	5290	2668	4915	1849	135	2885	387	3727	5296	5603	5600	10535	1759	3398	1959	8851	7018	1848	131096	5295	7425	1211	163	6774	7867	2353	6457	2033	6196	3400	429	3399	5605	5604	5291	1385	1960	10221	10126	5978	6195	5607	3667	2889	161	5900	5899	7529	1958	8941	160	3397	4664	57498	9252	5519	5515	6714	4914	7166	1961	6938	5598	1213	4803	673	6722	8660	9261	6197	6446	4066	1845	1020	1175	6654	1846	8061	1173	5528	5898	5518	6300	2152	6456	6236	5906	1398	3265	10818	4665	116	1432	6464	4205	1785	5516	6014	53358	5595	51231
Signaling By NTRK2 (TRKB) R-HSA-9006115	4893	5295	4908	2904	1795	1020	6035	6654	5335	128869	5290	10817	4915	3265	10818	2885	6714	5781	2534	6464	4909	8851	7074
Signaling By NTRK3 (TRKC) R-HSA-9034015	5290	6464	4893	5802	5295	5335	25920	4908	3667	581	10076	3265	4916	2885	6714	6654
Signaling By NTRKs R-HSA-166520	25759	4893	1399	5594	2354	23237	5045	4209	64919	4208	1108	5802	5335	25920	128869	117	26052	5290	2668	10817	4915	1849	135	4916	2885	387	2534	3727	5296	5603	5600	4909	10535	10076	5125	1759	3398	1959	8851	7074	7018	1848	131096	5295	581	1795	7425	1211	163	6774	7867	2353	6457	2033	6196	3400	429	3399	5605	5781	5604	5291	1385	1960	10221	10126	5978	6195	5607	4908	3667	2889	6035	161	5900	5899	5046	7529	1958	8941	160	3397	4664	57498	9252	5519	5515	6714	4914	7166	1961	6938	5598	1213	4803	673	6722	8660	9261	6197	6446	4066	1845	2904	1020	1175	6654	1846	8061	1173	5528	5898	5518	6300	2152	6456	6236	5906	1398	3265	10818	4665	116	1432	6464	4205	1785	5516	6014	53358	5595	51231
Signaling By Non-Receptor Tyrosine Kinases R-HSA-9006927	10457	9844	4893	1017	7314	7837	5770	6035	27043	1956	2069	10718	5753	7311	7316	6233	898	6774	1793	3084	202559	10656	2908	116985	867	2064	1839	145957	1019	1398	120892	595	1950	3265	55620	387	9021	207	9542	2909	2066	2034	1796	63916	3091	10657	685	2065	6725	1027	8831	9564
Signaling By Nuclear Receptors R-HSA-9006931	128312	4893	2783	6387	5594	57665	64240	51109	474382	8331	2354	8202	2069	3015	126	8854	344	3480	10499	9126	5290	2194	5916	2771	6319	2668	8644	2785	348	2100	857	10901	2793	801	346562	4609	596	5437	55970	4313	3727	5296	2099	200845	1382	2958	865	8345	2770	685	2963	8342	9682	195814	2962	7764	10123	1071	199699	255626	347	54331	131096	5295	7039	7090	59345	5536	4314	8341	1105	1592	6720	340481	2791	10735	1025	4343	8338	5432	124	3014	3018	5360	102724334	26523	2353	10681	9612	4318	5435	85236	255324	3276	2033	2625	3017	1655	3169	2494	8608	5170	8841	8349	340665	595	1950	8648	5481	861	5166	221656	5431	27161	207	5162	2066	723790	1385	27327	131	4602	2874	6801	5165	5959	10062	8503	374	51523	5241	23030	94239	51764	6256	64577	54659	56603	9611	10170	19	1956	216	6257	5590	3013	4316	5914	112724	2288	55766	57678	5160	8243	5433	5440	7391	9619	904	5105	5439	5441	8050	2782	3326	5164	5434	9249	10000	2788	5430	64241	6714	10498	3838	858	5161	23112	5438	2787	6908	29116	7376	2790	2784	7514	2309	2773	80820	6722	2957	197257	8340	7031	10524	2786	341	2289	8312	8930	1903	5915	157506	6907	8204	3065	2792	27329	1737	2172	5747	126961	23028	208	342977	8970	9687	56937	6258	10728	5436	9166	5467	5451	7033	1839	4435	8877	94235	7392	220	8334	55625	3265	3725	1387	7528	8348	3020	23189	5346	3320	6464	5885	1509	8850	1374	1027	192669	127933	192670	5595	57690	79718	1381	55818
Signaling By PDGF R-HSA-186797	5154	6778	9564	4893	1399	5295	4690	2889	1293	6776	1287	5159	1291	6654	7060	5045	7059	1284	5335	56034	1286	8440	5155	2886	7058	6774	1297	256076	6772	80310	5290	6777	7057	1398	5340	3265	5156	2885	6714	5781	1299	5296	5291	131873	5327	1282	5782	8831	1285	30827	1292	1298
Signaling By PDGFR In Disease R-HSA-9671555	4893	2803	5295	81608	6654	3791	6774	6772	5290	2120	3265	5156	51411	23189	2885	5296	5291	6801	57599
Signaling By PDGFRA Extracellular Domain Mutants R-HSA-9673770	5290	5296	4893	5291	5295	3265	6774	5156	2885	6772	6654
Signaling By RAF1 Mutants R-HSA-9656223	4893	5594	283455	22866	2335	8844	2266	54518	10256	3717	7094	815	408	816	7529	8826	818	3690	7450	5906	2244	7414	3265	801	2243	6714	5605	5908	5604	1445	3674	369	673	4140	5595	6037	409	817
Signaling By RNF43 Mutants R-HSA-5340588	8322	8325	89780	8323	4040	4041	54894
Signaling By ROBO Receptors R-HSA-376176	9045	5720	6192	25873	6387	6181	23767	8874	1287	6188	10197	6164	5717	4686	5687	23198	7316	26019	5217	5686	10921	6233	3921	6129	5685	6136	5586	5576	9775	5708	10487	23380	6130	5714	140032	2197	6193	10213	6208	5216	6157	7408	6205	5532	6207	116832	5695	9939	387	6210	5716	6132	22794	28998	6166	6229	6143	6144	6586	5700	4116	5710	65110	200916	6165	4753	5578	6141	6218	5693	6227	122706	4440	6091	9495	6228	9978	6156	51187	2107	6194	5718	6147	6161	6209	5585	143471	5696	140801	6155	6201	26986	6092	5682	5701	6138	4736	5705	9423	5721	8829	6232	89884	6142	6203	55740	6160	6124	5709	23332	6135	57522	6234	51121	5706	5698	23122	4690	5719	5568	6035	998	6189	55110	6128	1630	6125	6217	27	7311	6123	6159	56956	5699	4650	6175	6168	3670	8440	6921	1605	9349	6655	56649	65109	5715	2817	9079	5690	22916	5691	9861	6714	6169	6176	7979	9353	8453	6224	6923	1981	6167	6173	80728	6223	5692	25	3199	51466	6204	7852	5567	23708	6146	6171	6187	6654	8022	6230	6158	2935	10298	5684	5713	5683	9355	23032	6122	5702	6206	23521	5689	11224	51065	6235	5688	9491	5711	6170	23053	6154	5694	64221	5704	6202	6191	7314
Signaling By Receptor Tyrosine Kinases R-HSA-9006934	3718	25759	4893	8822	53834	2258	55879	2323	7060	10319	1108	5867	10458	135	4609	4916	9114	1299	3727	2554	5125	3398	8851	131096	200958	581	7039	4688	6776	84951	2562	2255	5585	653361	7425	57610	3249	10253	2591	3688	23163	4318	255324	8829	3400	9296	5340	7409	7525	23118	9550	5431	8828	1960	7006	30827	5795	5725	9564	382	6195	2887	5241	6778	23191	2889	54106	161	7059	5590	2248	3911	5046	529	1111	5440	245972	2670	10163	5519	3912	27006	55824	14	6285	11033	4803	1285	1845	5567	1175	6654	3561	639	1286	58513	9047	6300	161742	200734	6236	26281	1536	1445	8651	4205	5516	6014	4689	53358	5595	51231	4486	7314	3675	527	23768	5594	55615	23767	2354	23237	4686	8074	3815	10608	4734	5155	11059	2264	3178	2668	10817	64223	4915	7057	3630	5580	348	5228	801	2885	558	8569	2534	5296	2099	5603	55845	131873	5600	4909	25942	80004	26469	2065	10076	2254	2962	6461	30849	5295	1795	2241	5159	1291	10718	5664	30011	284217	5803	2252	6774	1793	2886	2353	6772	6196	10768	145957	3710	429	1950	7424	3066	2253	10413	8027	5604	207	1385	534	5774	374	102	3685	8471	10254	3667	4690	2321	8483	1499	8941	3397	57498	5439	867	9252	5434	6093	10312	155066	8038	10048	3932	3908	3673	5598	23385	673	6722	10653	1298	6197	9261	5663	2249	2324	528	1020	10019	8936	1846	8061	5753	3065	9402	1284	5747	342977	238	1003	2246	256076	6456	84823	2560	80310	10451	143282	2064	8877	535	5289	3265	116	79109	3315	23769	10603	3730	9475	2475	5154	117145	7423	50617	6692	2069	7316	5045	3910	4209	64919	5335	25920	127124	7058	3480	117	5290	3918	9965	387	3091	10535	685	6789	1959	537	5140	1848	7422	1211	5432	10787	90423	5777	5435	6457	8841	9365	3996	5781	5605	11140	5291	10221	4145	3728	2060	51741	3914	2567	4908	7837	998	5899	3791	7529	245973	10193	1958	160	6777	9318	5430	8731	9306	7166	5908	1961	6938	3229	10152	6446	5796	2263	3708	253260	2904	4670	51072	23545	3915	1173	5528	55851	9146	56034	5436	1297	2242	26999	5156	4665	6455	1729	3320	51107	6464	1785	8831	2260	1399	6387	10006	9846	5770	8874	1287	10273	3709	4208	5802	6233	83737	29126	5586	2322	1495	128869	3690	26052	64759	523	1215	3643	5579	1849	51606	1535	857	23543	5437	526	5327	1282	5782	1759	2963	7074	3481	1292	7018	5578	4067	6678	57761	6868	10252	29924	533	3187	5764	163	7867	2251	2033	5170	152831	4613	3399	26018	2066	5581	10810	10126	8823	8503	8065	3083	5978	9101	2250	83888	5607	9611	2277	5568	6035	55914	1956	5900	7311	7073	525	3717	8992	5771	8440	3071	85440	4664	5433	5441	22916	4254	10000	5515	83464	6714	3925	4914	54845	9542	5438	63916	1213	8660	3479	9982	9844	4066	1293	3185	7072	208	5898	2185	5518	3084	2152	2566	8817	5906	1839	2561	1398	10818	2261	7410	1432	10750	51382
Signaling By Retinoic Acid R-HSA-5362517	6256	64577	57665	56603	51109	10170	1592	216	5915	157506	126	6257	1737	8854	5914	124	112724	6258	5467	5160	5916	8608	8644	5170	8050	220	5164	340665	10901	9249	5166	1382	5161	5162	131	1374	5165	195814	5959	1381	197257
Signaling By Rho GTPases R-HSA-194315	10788	84144	89839	286205	10574	995	1629	4296	5048	4659	8997	220134	152273	201176	151648	83478	10552	11135	23380	7444	9183	23580	55704	10250	23344	8976	10458	11180	143872	5825	51143	10095	84681	11060	171177	1857	9938	6472	8379	255626	81624	4688	4221	55114	114885	9341	23365	3954	5585	94134	9710	5527	653361	29062	10097	1783	55746	200894	3688	22865	9181	5338	25909	55160	9528	284119	1834	7409	7431	29127	10403	91452	57580	25996	1778	57579	4162	9462	57120	81704	23592	50508	9644	392	23616	148170	23191	23122	2889	57591	11075	397	157285	54514	3799	5590	7456	1828	4928	3013	92799	8776	7126	10409	79658	55852	124540	10811	5519	10163	147179	57572	9828	80115	58480	79947	25813	7171	25	124056	8153	55240	121512	27145	6654	2319	9217	9497	23028	81839	85021	57679	832	57551	9815	80005	1536	50619	54763	83540	3020	57449	10398	26084	1445	91687	9754	5516	9352	4689	5595	3336	89953	84317	23074	55143	5594	29984	1063	348235	474382	8331	25963	29766	8202	3015	11329	30851	116984	23129	80776	7037	10499	93663	644150	401541	7204	1730	3930	10817	5580	10096	9743	752	801	5526	2885	23092	57381	5296	29	55845	5600	8345	6434	23229	51291	9212	9578	50618	30849	393	5295	1969	1795	54821	8341	3798	3817	55619	10971	7531	23075	8338	6793	23141	2245	79023	9824	5529	55055	1793	2886	2697	143098	85236	4548	3017	158747	9826	23279	57473	79682	8027	10376	64105	57522	65992	22919	374	55166	347902	128239	55200	94239	7535	10254	4690	50855	4627	55968	54908	54874	94274	7170	4359	4983	147841	79019	3831	1499	64857	445582	27289	5361	151246	908	57498	57216	3326	4646	6093	26050	9738	55971	3932	54509	6711	80728	7533	6722	56990	84643	29843	6453	10963	79180	84033	3619	91010	5905	1058	8936	10298	6280	26092	5747	79784	85360	4771	8239	10424	7984	55119	10451	51138	50650	55227	5289	8334	117289	8086	991	4637	2873	27316	22800	23037	9475	2010	23263	728378	64333	128312	6811	55839	9886	22899	11188	3985	79172	3183	2631	114793	2316	182	284058	139818	5290	50649	85415	23348	5903	3984	55219	79598	51343	23513	3998	387	1794	1856	701	10652	8342	1959	537	395	51517	79980	54438	10602	84612	5501	222584	398	10787	3014	3018	4810	87	65124	55789	391	253959	695	8349	3996	81930	147700	10979	11140	4722	23332	723790	4638	4001	57630	1152	9184	4628	3728	55023	56254	26049	10092	998	1829	8301	9735	51347	7529	128272	7454	7532	140735	55766	9411	51306	9318	153478	23268	4649	54443	8655	10211	6279	10726	1781	4168	9639	10152	1062	51466	23370	55843	5756	9414	80152	5347	23256	55831	5528	26286	126961	71	8970	10505	9146	8987	11214	5924	10576	23197	56667	2040	7112	26999	116985	4085	1894	6242	11004	4698	7879	5880	224	221178	1729	3320	7534	27237	144402	55717	29941	389	8476	25791	5783	10006	6396	2802	8874	4660	5217	388	5586	7919	9912	1495	5589	253980	55075	9055	390	9748	5579	5216	10672	1535	857	3796	51133	28964	5364	124997	9455	26030	9590	64411	5500	7074	5578	4580	10134	57569	57405	81565	94240	51566	699	23421	10160	5099	23779	8452	10435	23081	10094	102724334	25894	708	51479	6232	5170	9322	394	57122	2909	396	115557	57082	9138	115703	10810	23002	23433	8503	1780	9732	101059918	6035	157769	332	6510	5525	22852	399693	55701	64946	55914	57636	81929	27	1627	26230	4650	3163	2491	9928	8440	79869	3071	8654	3818	6655	84364	6709	85440	667	9235	80243	64783	8502	5930	9459	10109	5515	23048	10970	10395	6714	8773	4629	57480	114822	63916	10144	1213	64283	23221	7514	57584	79834	9231	6944	8340	64130	2017	79902	4952	90627	54820	2185	58504	5518	8826	84904	55920	123720	399	23526	57514	3895	55004	27035	91544	120	10818	9793	6249	8348	7410	9855	70	1432	11130	1080	257106	103910	7415	1027	79003	348995
Signaling By Rho GTPases, Miro GTPases And RHOBTB3 R-HSA-9716542	10788	84144	89839	286205	10574	995	1629	4296	5048	4659	8997	220134	152273	201176	151648	9927	83478	10552	11135	23380	7444	9183	23580	55704	10250	23344	8976	10458	11180	143872	5825	51143	10095	84681	11060	171177	1857	9938	6472	8379	255626	81624	4688	4221	55114	114885	9341	23365	3954	5585	94134	9710	5527	653361	29062	10097	898	1783	55746	200894	3688	22865	9181	5338	25909	55160	9528	284119	1834	10489	7409	7431	29127	10403	91452	57580	25996	1778	57579	4162	9462	57120	81704	23592	50508	9644	392	23616	148170	23191	23122	2889	57591	11075	397	157285	54514	3799	5590	7456	1828	4928	3013	92799	8776	7126	10409	79658	55852	124540	10811	5519	10163	147179	57572	9828	80115	58480	79947	25813	7171	25	124056	8153	55240	121512	27145	6654	2319	9217	9497	23028	81839	85021	57679	80179	832	57551	9815	80005	1536	50619	54763	83540	3020	57449	10398	26084	1445	91687	9754	5516	9352	4689	5595	3336	89953	84317	23074	55143	5594	29984	1063	348235	474382	8331	25963	29766	8202	3015	11329	30851	116984	23129	80776	7037	10499	93663	644150	401541	7204	1730	3930	10817	5580	10096	9743	752	801	5526	2885	23092	57381	5296	29	55845	5600	8345	6434	23229	51291	9212	9578	50618	30849	393	5295	1969	1795	54821	8341	3798	3817	55619	10971	7531	23075	8338	6793	23141	2245	79023	9824	5529	55055	1793	2886	2697	143098	85236	4548	3017	158747	9826	23279	57473	79682	8027	10376	64105	57522	65992	22919	374	55166	347902	128239	55200	94239	7535	10254	4690	50855	4627	55968	54908	54874	94274	7170	4359	4983	147841	79019	3831	1499	64857	445582	27289	5361	151246	908	57498	57216	3326	4646	6093	26050	9738	55971	3932	54509	6711	80728	7533	6722	56990	84643	29843	6453	10963	79180	84033	3619	91010	5905	1058	8936	51209	10298	6280	26092	5747	79784	85360	4771	8239	10424	7984	55119	10451	51138	50650	55227	5289	8334	117289	8086	9367	991	4637	2873	27316	22800	23037	9475	2010	23263	728378	64333	128312	6811	55839	9886	22899	11188	3985	79172	3183	2631	114793	2316	182	284058	139818	5290	50649	85415	23348	5903	3984	55219	79598	51343	23513	3998	387	1794	1856	701	10652	8342	1959	537	395	51517	79980	3363	54438	10602	84612	5501	222584	398	10787	3014	3018	55288	4810	87	65124	55789	391	253959	695	8349	3996	81930	147700	10979	11140	4722	23332	723790	4638	4001	57630	1152	9184	4628	3728	55023	56254	26049	10092	998	1829	8301	9735	51347	7529	128272	7454	7532	140735	55766	9411	51306	9318	153478	23268	4649	54443	7428	8655	10211	6279	10726	1781	4168	9639	10152	1062	51466	23370	55843	5756	9414	80152	5347	23256	55831	5528	26286	126961	71	8970	10505	9146	8987	11214	5924	10576	23197	56667	2040	7112	26999	116985	4085	1894	6242	11004	4698	7879	5880	224	221178	1729	3320	7534	27237	144402	55717	29941	389	8476	25791	5783	10006	6396	2802	8874	4660	5217	388	5586	7919	9912	1495	55669	5589	253980	55075	9055	390	9748	5579	5216	10672	1535	857	3796	22906	51133	28964	5364	124997	9455	26030	9590	64411	5500	7074	5578	4580	10134	57569	57405	81565	94240	51566	699	23421	10160	5099	23779	8452	10435	23081	10094	102724334	25894	708	51479	6232	5170	9322	394	89941	57122	2909	396	115557	57082	9138	115703	10810	23002	23433	8503	1780	9732	5910	22836	101059918	6035	157769	332	6510	5525	22852	399693	55701	64946	55914	57636	81929	27	1627	26230	4650	3163	2491	9928	8440	79869	3071	8654	3818	6655	84364	6709	85440	667	9235	80243	64783	8502	5930	9459	10109	5515	23048	10970	10395	6714	8773	4629	57480	114822	63916	10144	1213	64283	23221	7514	57584	79834	9231	6944	8340	64130	2017	79902	10226	4952	90627	54820	2185	58504	5518	8826	84904	55920	123720	399	66008	23526	57514	3895	55004	27035	91544	120	10818	9793	6249	8348	7410	9855	70	1432	11130	1080	257106	103910	7415	1027	79003	348995
Signaling By SCF-KIT R-HSA-1433557	5578	4067	2887	4893	5295	9846	6035	2241	6776	10019	6654	3815	3717	9402	6774	2886	5777	4318	6772	2242	5290	1111	6777	1215	867	4254	3265	7409	7525	2885	9306	5781	6714	2534	5296	8651	3932	10603	10076	7006	10750	8503
Signaling By TGF-beta Receptor Complex R-HSA-170834	5594	9958	5933	1024	4738	7316	5045	7042	10273	6233	1278	3690	1874	4088	4609	1030	387	4087	10535	4054	142	25937	57154	8425	5500	199699	4221	3696	1875	5501	8516	1025	57530	64750	3688	9612	6772	2033	60436	4092	3693	9110	3685	9611	50855	905	3694	25805	7311	5590	2280	7323	892	7029	54778	4089	4052	904	867	7321	23439	9040	7048	153443	7046	7514	5499	6497	50848	5054	4904	23645	23370	22938	3065	5494	7050	8812	51377	56937	8239	7027	56288	7040	9372	23327	7043	51592	6498	5595	7314
Signaling By TGF-beta Receptor Complex In Cancer R-HSA-3304351	7048	7040	9372	4089	4087	4088	2280	7046
Signaling By TGFB Family Members R-HSA-9006936	5594	9958	5933	1024	4738	7316	5045	7042	10273	6233	4091	1278	269	93	3690	8928	1874	4088	3624	4609	1030	387	659	4087	10535	4054	142	4093	25937	57154	8425	5500	11167	199699	4086	64388	4221	3696	1875	27302	5501	8516	1025	57530	64750	3688	9612	6772	2033	60436	4092	10589	3693	9110	3625	3685	4090	9611	650	50855	905	3694	25805	7311	5590	91	2280	7323	892	7029	54778	4089	92	94	4052	904	867	7321	91851	23439	9040	7048	2658	153443	7046	7514	130399	5499	6497	657	50848	5054	4904	658	23645	23370	22938	10272	3065	10468	5494	7050	8812	51377	56937	8239	7027	9765	268	56288	7040	9372	23327	7043	51592	6498	5595	9241	7314
Signaling By Type 1 Insulin-like Growth Factor 1 Receptor (IGF1R) R-HSA-2404192	117145	5140	2260	2250	2249	2263	30849	4893	8822	8471	3667	57761	9846	5295	54106	2255	2258	6654	2323	8074	8483	2248	208	2252	2322	3480	2251	2246	128869	2264	5290	8817	26281	5170	9965	152831	9365	5289	3265	10818	2261	27006	2253	2885	5781	5296	6464	5291	2254	8823	8660	3481	3479
Signaling By VEGF R-HSA-194138	7423	117145	25759	4893	55615	10006	8874	3709	5335	5586	1495	3690	5290	10458	64223	5579	5580	1535	857	5228	801	558	387	5296	2534	5603	55845	5600	5578	6461	57761	7422	5295	4688	5585	653361	10787	7867	1793	8829	5170	10768	3710	7409	7424	207	5291	8828	3728	10810	9564	3685	23191	7837	4690	2277	5568	6035	998	2321	5590	1499	3791	8440	3071	10163	10000	6093	6714	14	63916	3229	10152	9261	9844	2324	3708	253260	5567	8936	5747	342977	208	2185	9047	6300	1003	10451	26999	8877	1536	1398	3265	79109	7410	3320	1432	3315	9475	8831	4689	2475
Signaling By WNT R-HSA-195721	128312	6259	4893	5720	2783	474382	8331	90780	2775	8202	7472	10197	59349	5717	23198	5687	7316	3015	607	3709	5686	6233	64840	5582	6500	5685	80351	4772	56998	5708	6095	54764	5714	6934	83439	8295	10213	23401	5579	2785	5216	27121	8085	6659	857	2793	4609	801	5532	5695	5526	50964	55737	23513	55970	79971	387	440193	5716	1857	25776	144165	1856	8345	89780	22943	8342	57154	8549	5700	5710	102800317	409	340419	11197	5578	255626	5693	54331	122706	79577	9978	7090	1460	59345	1459	4221	5718	8454	8341	64321	7484	5527	8322	2791	143471	5696	815	59352	8452	1211	4343	8338	6422	64750	163	3014	3018	102724334	5529	5682	5701	26523	10681	8313	5592	4041	54894	85236	5705	2033	6657	7089	3017	79412	5721	7481	8724	8324	864	51699	3710	8349	7476	5330	55366	27161	207	5709	83595	7475	2535	723790	9559	6662	27327	166	7480	5145	23002	9070	9101	5706	94239	51764	5698	5331	50855	5719	6035	7482	5534	7478	27123	161	5525	9580	5148	283149	7471	1488	7311	7473	50999	51701	6736	5699	7474	9736	3013	1499	7477	55766	160	57680	10023	55553	284654	331	81847	57216	6658	5715	8290	5519	5690	2782	5691	54361	8321	2788	2932	5515	9861	5624	84133	2780	1452	7979	23112	7091	6423	2787	8658	8325	80326	23236	1213	2790	2784	7514	8326	5692	84870	7015	8945	8340	8395	3708	10524	2786	6885	4040	8312	123169	26108	1175	1173	51384	3065	5929	2792	5528	7479	126961	5158	5593	5684	208	5683	8970	139285	8323	5713	6597	83999	81029	5702	7483	5518	5689	51339	23072	5688	1212	1487	94235	1455	51176	8334	9491	343637	5711	1387	5880	8348	3020	6932	7534	7088	5694	5530	5516	192669	8607	192670	57690	5704	7314
Signaling By WNT In Cancer R-HSA-4791275	4040	8312	27123	5525	5527	1488	8322	80351	5528	64840	1499	139285	8323	5529	83999	5518	4041	6934	54894	79412	1487	5519	27121	2932	5515	5526	5624	1452	8658	8325	89780	22943	5516
Signaling By Activated Point Mutants Of FGFR1 R-HSA-1839122	8074	26281	2250	2249	2260	8822	2254	2251	2246	2258	2253
Signaling By Cytosolic FGFR1 Fusion Mutants R-HSA-1839117	11064	1523	26127	399687	5290	6777	5295	11052	11116	9846	9208	7750	6776	6774	8805	2885	6772
Signaling By High-Kinase Activity BRAF Mutants R-HSA-6802948	4893	5594	283455	22866	2335	8844	2266	54518	10256	7094	5037	408	7529	8826	3690	7450	5906	2244	7414	3265	2243	6714	5605	5908	5604	1445	3674	369	673	4140	5595	6037	409
Signaling By Membrane-Tethered Fusions Of PDGFRA Or PDGFRB R-HSA-9673768	2803	2120	3791	51411	23189
Signaling By B Cell Receptor (BCR) R-HSA-983705	4893	5720	3551	10197	5717	23198	5687	7316	3709	5686	6233	6500	5685	4772	1147	5708	5714	973	4775	10125	10213	5579	5532	801	5695	2885	930	2534	5716	5700	5710	5693	4067	122706	5295	5970	5718	8454	143471	933	5696	30011	5682	5701	4773	5777	5705	640	10892	5721	22883	27071	10768	695	3710	7409	5709	4794	5478	8517	100423062	5706	84433	5698	4690	5719	5534	7311	5699	8915	2280	5715	6786	84876	5690	5691	9861	6850	7979	5692	8945	3708	6885	6654	23291	4790	5684	5713	25780	5683	5702	5689	4793	4792	5688	9491	80228	5711	3265	974	118788	29760	5694	7220	5336	5530	5966	5704	7314
Signaling To ERKs R-HSA-187687	25759	4893	1399	5594	2889	5900	6654	64919	5899	7529	5898	7867	6300	5906	57498	1398	3265	10818	2885	6714	5605	4914	5604	1432	6464	5603	5600	4803	6014	673	53358	5595	9261
Signaling To RAS R-HSA-167044	25759	4893	5900	6654	5899	5898	7867	6300	3265	2885	6714	4914	1432	6464	5603	5600	4803	53358	9261
Signaling To P38 Via RIT And RIN R-HSA-187706	64919	6014	4803	673	4914
Small Interfering RNA (siRNA) Biogenesis R-HSA-426486	8575	7257	7247	6895	23405	192669	192670	26523	27161
Smooth Muscle Contraction R-HSA-445355	302	8913	7837	29895	58498	7170	5585	7094	10627	7169	10174	493829	2977	5586	2982	8654	8291	217	309	7414	2983	25802	801	150350	8912	93408	4637	800	140465	859	10398	7168	4629	4638	301	103910	10580	4636	59	3693	72	7171	3672
Sodium-coupled Phosphate Cotransporters R-HSA-427652	142680	6569	10568	6574	6575
Sodium-coupled Sulphate, Di- And Tri-Carboxylate Transporters R-HSA-433137	6561	26266	9058	64849	284111
Sodium/Calcium Exchangers R-HSA-425561	80024	9187	6543	6547	57419	6546	801	283652	123041	6717
Sodium/Proton Exchangers R-HSA-425986	6548	23315	6550	6553	389015	84679	285195	6549
Sperm Motility And Taxes R-HSA-1300642	84329	79820	378807	117155	117144	257062	157855	347732	57828
Sphingolipid De Novo Biosynthesis R-HSA-1660661	8613	125981	204219	142891	94103	79603	56848	8611	151742	23683	166929	9217	9218	259230	29956	5587	55331	9517	10715	171546	8879	8877	340485	1455	25865	79152	123099	221	124976	8612	81537	10087	224	2531	165679	10558	130367	253782	8560	94101	29095	5007	55304
Sphingolipid Metabolism R-HSA-428157	8613	125981	79603	347527	83850	80772	29956	410	23344	171546	7357	6609	10087	2720	340075	57704	204219	142891	56848	55512	8611	411	9218	3074	412	2581	2583	7368	8879	340485	25865	165679	153642	130367	414	129807	55304	64781	56624	94103	23683	166929	25870	5587	2760	55331	416	729238	10715	81537	415	4759	10825	10558	79411	57733	253782	8560	94101	55627	3073	51228	8706	339221	5476	151742	9217	259230	22901	51162	427	9517	285362	8877	1455	79152	123099	9027	221	124976	8612	6610	224	2531	57488	79642	29095	5007
Spry Regulation Of FGF Signaling R-HSA-1295596	7316	8569	7311	6233	867	5594	10253	5516	673	5515	5595	5518	2885	6714	5781	7314
Stabilization Of P53 R-HSA-69541	5693	5706	51230	5720	122706	5698	5719	5718	10197	5717	23198	5687	143471	472	7311	7316	5696	5686	5699	6233	5684	5685	5713	7157	5683	5708	1029	5682	5702	5701	5714	5689	5705	114769	10213	5721	5688	5692	5715	5690	9491	5691	5711	5695	9861	4193	11200	5716	5694	5709	7979	4194	5700	5710	5704	7314
Stimuli-sensing Channels R-HSA-2672351	7442	133308	444	7314	6337	6262	1188	7316	1182	6233	140803	79054	11059	57101	285335	801	6340	2281	57719	53373	9635	55129	65268	63982	51393	57578	22802	196527	80036	80727	7224	150159	40	100533105	55107	1186	54831	55283	1831	1193	6339	59341	6261	219931	255231	6037	1181	57348	28962	65266	1184	4308	7311	57113	285175	121601	1179	259232	7226	8989	10345	162514	7225	51802	7439	6263	7809	65125	9311	6717	6446	284525	26133	1180	29850	41	55503	57192	56302	1183	203859	338440	55515	54822	1187	266675	2040	161003	144453	65267	1185	10786	23327	7223	6338	7220	94015	54795	50636	7222
Striated Muscle Contraction R-HSA-390522	8557	4606	4635	4633	4621	29766	7136	7276	7170	7140	7169	29765	1756	7135	7138	4632	4604	4634	7125	29767	7111	7431	89	4624	7168	88	4626	4607	1674	7137	7171	4703	7139
Sulfide Oxidation To Sulfate R-HSA-1614517	6821	58472	100131187	23474	1468
Sulfur Amino Acid Metabolism R-HSA-1614635	6821	51074	100131187	4357	51380	55256	339896	23584	23474	1468	1036	4548	191	58472	4507	58478	25828	4143	4552	2806	23743	127845	84245	635	84890
Suppression Of Apoptosis R-HSA-9635465	1511	5594	57674	2931	5987	5595
Suppression Of Phagosomal Maturation R-HSA-9637687	7316	7311	3836	6233	7314	51606	9146	26276	7879	5868	3837	339345	11151
Surfactant Metabolism R-HSA-5683826	152	150	1512	6569	643847	136	6441	21	29080	2627	6440	5222	729238	1439	29995	221395	643834	6439	653509	135	51201	9476	10970	1755	1438	10568	7270	5029	51816
Switching Of Origins To A Post-Replicative State R-HSA-69052	5720	10197	5717	23198	5687	7316	5686	6233	6500	5685	5708	119504	5714	10213	51343	10393	5695	5716	5000	23594	5700	5710	5693	23595	27338	122706	9978	5718	8454	143471	5696	898	5682	5701	5705	5721	10166	8881	5709	990	4175	5706	1017	5698	6502	5719	51053	4173	7324	7311	5699	4174	29882	7321	5715	51529	5690	5691	9861	5001	7979	996	29945	8900	890	64682	5692	81620	4172	11065	246184	5684	5713	5683	5702	5689	8697	5688	9134	9491	5711	83884	4176	5694	51433	25906	84515	5704	7314
Synaptic Adhesion-Like Molecules R-HSA-8849932	4356	57622	114787	2904	5792	2892	2905	2903	2319	5789	5802	1739	10313	2893	3996	2906	78999	10211	2890	57497	79414
Syndecan Interactions R-HSA-3000170	5578	3685	7448	51399	9672	6382	2258	6385	3688	6383	87	3690	8573	7057	3655	7040	3673	3693	7137	3691
Synthesis Of (16-20)-Hydroxyeicosatetraenoic Acids (HETE) R-HSA-2142816	8529	1543	1558	113612	1545	1579	1544	1557	1559
Synthesis Of 12-Eicosatetraenoic Acid Derivatives R-HSA-2142712	2877	239	242	2879	59344	2876	246
Synthesis Of 15-Eicosatetraenoic Acid Derivatives R-HSA-2142770	2877	2879	247	5743	2876	246
Synthesis Of 5-Eicosatetraenoic Acids R-HSA-2142688	2877	240	2876	4056	5444	5445	2879	5446	241
Synthesis Of DNA R-HSA-69239	5720	10197	5717	23198	5687	7316	5557	5427	5686	51659	6233	6500	5685	5708	119504	5714	2237	10213	51343	10393	5695	5716	6119	25885	5000	23594	5700	5710	5693	23649	23595	27338	122706	5982	9978	5718	6573	8454	5424	143471	5696	5984	898	5682	5701	5705	5721	56655	54107	10166	8881	26018	5709	990	84296	5425	4175	5985	5706	1017	5698	6502	5719	51053	4173	7324	7311	5699	4174	29882	84172	64785	7321	5715	51529	5690	5691	9861	5001	7979	5558	5111	996	29945	8900	890	64682	5692	81620	4172	1763	11065	246184	9837	5684	5713	5683	5983	5702	5689	8697	5688	9134	9491	5711	5422	83884	8318	4176	5426	5694	57804	10714	51433	25906	84515	5704	7314
Synthesis Of Dolichyl-phosphate R-HSA-446199	57171	79644	116150	79947	4597	22845
Synthesis Of GDP-mannose R-HSA-446205	6590	5373	29925	5372	29926
Synthesis Of IP2, IP, And Ins In Cytosol R-HSA-1855183	27124	8867	3633	55586	8821	4952	3632	51477	9108	3612	3628	3631	66036	3613
Synthesis Of IP3 And IP4 In Cytosol R-HSA-1855204	3705	3635	89869	5331	3636	5333	113026	5728	51196	27124	8867	9651	4952	5335	84812	5332	5330	122618	801	3707	3706	3633	5336	23236	23007	80271
Synthesis Of Ketone Bodies R-HSA-77111	3155	3158	622	54511	6646	56898	65985	79611
Synthesis Of Leukotrienes (LT) And Eoxins (EX) R-HSA-2142691	22949	1580	284541	64174	57834	241	8529	11283	64180	126410	2678	1579	4048	2687	1800	4363	240	4056	4051	246	9261
Synthesis Of Lipoxins (LX) R-HSA-2142700	240	4056	239	3248	22949	241
Synthesis Of PA R-HSA-1483166	200879	374986	30814	5322	26279	64600	56895	2819	80821	201164	79888	5319	55326	250	149998	5589	8399	5338	23259	57678	84803	2820	253558	5320	81579	150763	51205	5321	84895	23171	283748	8443	10555	10554	254531	22925	56894	100137049	137964
Synthesis Of PC R-HSA-1483191	56994	171586	10390	1460	1459	10809	590	23446	79888	204962	126969	84879	1120	23175	1119	9468	5130	10400	10044	57153	58488	43	162466	56910	80736	64900	9663
Synthesis Of PE R-HSA-1483213	85465	23175	9663	23761	1119	5833	162466	10390	55224	64900	55500	64850	1120
Synthesis Of PG R-HSA-1483148	114971	23646	201164	122618	5589	5338	9489	8760
Synthesis Of PI R-HSA-1483226	57605	11200	10423	9600	83394
Synthesis Of PIPs At ER Membrane R-HSA-1483248	55300	5297	6305	8898	22908
Synthesis Of PIPs At Golgi Membrane R-HSA-1660514	5298	377	7179	93492	55697	5286	30849	4952	5288	55300	5289	5297	9896	200576	55361	56623	22908
Synthesis Of PIPs At Early Endosome Membrane R-HSA-1660516	54545	5286	30849	8821	55697	54893	5289	55300	22876	55361	9896	3631	200576	9110	4534	8898
Synthesis Of PIPs At Late Endosome Membrane R-HSA-1660517	55697	5286	30849	5289	9108	9896	200576	9110	66036	4534	8898
Synthesis Of PIPs At Plasma Membrane R-HSA-1660499	3635	23396	8395	8821	8897	5295	51763	3636	5783	55300	5728	8394	660	27124	8867	64419	5286	4952	5867	8871	8776	79837	5287	5294	59338	5290	22874	22883	80230	23533	9107	54477	5305	66036	55361	84725	4534	8898	51552	81846	65977	5296	5291	8396	5288	146850	3631	59339	5868	57664	8503
Synthesis Of Prostaglandins (PG) And Thromboxanes (TX) R-HSA-2162123	5740	1582	80142	5730	8644	27306	145482	3248	5743	5742	873	9536	10728	6916	127281
Synthesis Of UDP-N-acetyl-glucosamine R-HSA-446210	5238	9945	2673	64841	51005	5973	55577	6675
Synthesis Of Active Ubiquitin: Roles Of E1 And E2 Enzymes R-HSA-8866652	55236	7320	27338	90268	29089	11065	7324	7319	7322	997	7316	7311	92912	6233	10477	65264	7874	8239	7328	7347	7317	7321	54926	55284	7327	7326	8078	3093	7332	7314
Synthesis Of Bile Acids And Bile Salts R-HSA-192105	1646	1582	10998	9885	6256	1593	10858	114876	570	26031	11001	10388	51302	9971	114881	10499	5740	114883	23600	3295	8309	8644	8647	6718	114880	8648	9023	80270	1109	9420	10005	1645	5007	1581
Synthesis Of Bile Acids And Bile Salts Via 24-Hydroxycholesterol R-HSA-193775	1646	1109	1582	23600	5740	10998	1645	8644	11001	51302	6718	1593	80270	10858
Synthesis Of Bile Acids And Bile Salts Via 27-Hydroxycholesterol R-HSA-193807	1646	1109	1582	9420	5740	6256	1645	8644	9971	6718	8648	1593	10499	1581	80270
Synthesis Of Bile Acids And Bile Salts Via 7Alpha-Hydroxycholesterol R-HSA-193368	1646	1582	10998	6256	1593	570	11001	10388	9971	10499	5740	23600	3295	8309	8644	8647	6718	8648	80270	1109	9420	10005	1645	1581
Synthesis Of diphthamide-EEF2 R-HSA-5358493	1938	1801	285381	120526	92715	89978	51611	1802
Synthesis Of Epoxy (EET) And Dihydroxyeicosatrienoic Acids (DHET) R-HSA-2142670	1543	1558	1573	1545	2053	1544	1557	1559
Synthesis Of Glycosylphosphatidylinositol (GPI) R-HSA-162710	9488	8818	23556	9091	51227	55650	54965	284098	93183	5277	9487	54872	84720	84992	5281	5283	80235	5279
Synthesis Of Pyrophosphates In Cytosol R-HSA-1855167	3705	11163	9677	11165	23262	55190	117283	9807	64768	170685
Synthesis Of Substrates In N-glycan Biosythesis R-HSA-446219	8818	8128	10559	30815	6487	51046	29925	5373	2762	6480	8813	80896	6484	29880	5476	29926	256281	79644	54187	140838	27090	51162	7903	10402	4597	2673	64841	55907	51005	84620	29906	54344	22845	8790	57171	282969	81849	6590	116150	6489	55343	256435	5973	55808	26503	6483	4759	5238	10825	2720	10610	9945	79947	6482	5372	129807	7264	197258	55577	10020	6675	8869	338596
Synthesis Of Very Long-Chain Fatty acyl-CoAs R-HSA-75876	9200	83401	9524	2180	81616	60481	79071	54898	401494	23305	2181	51144	197322	11000	51703	6785	2182	3293	79993	201562	64834	253017	23205	51495
Synthesis Of Wybutosine At G37 Of tRNA(Phe) R-HSA-6782861	127253	57570	55039	9836	55253	129450
Synthesis, Secretion, And Deacylation Of Ghrelin R-HSA-422085	5122	90701	7941	9789	590	7349	28972	9314	2688	3630	2641	3952	619373	43	51738	60559	1395	23478	3479
Synthesis, Secretion, And Inactivation Of Glucagon-like Peptide-1 (GLP-1) R-HSA-381771	5122	90701	51764	9789	139760	1499	6934	28972	1045	2864	2782	2641	1803	346562	3952	5080	338557	2784	60559	221044	23478
Synthesis, Secretion, And Inactivation Of Glucose-dependent Insulinotropic Polypeptide (GIP) R-HSA-400511	5122	2864	5080	90701	2626	139760	114897	1803	3670	9789	60559	23478	28972
TAK1-dependent IKK And NF-kappa-B Activation R-HSA-445989	9684	64127	80216	5970	387522	10392	3551	6885	28511	7316	7311	351	4790	6233	11274	7157	4791	9683	84166	1147	28512	121457	10454	4793	4792	79671	7189	7334	841	3656	6283	8767	177	9097	23118	3146	10010	6285	6289	92610	3229	257397	8517	3654	7314
TBC/RABGAPs R-HSA-8854214	382	83874	57533	23062	338382	7249	64786	11021	9135	84958	5869	10133	5878	339122	83452	23637	5867	128637	51560	9363	79735	26088	5870	23163	11337	11345	374403	26000	7248	57465	54662	8408	4943	51762	7879	102724862	27342	107080638	125058	55357	8766	4218	81631	5868
TCF Dependent Signaling In Response To WNT R-HSA-201681	128312	6259	5720	474382	8331	90780	10197	59349	5717	23198	5687	7316	3015	607	5686	80351	6233	5685	56998	5708	5714	6934	83439	8295	10213	23401	27121	8085	6659	857	4609	5695	5526	50964	440193	5716	1857	25776	1856	8345	89780	22943	8342	8549	5700	5710	102800317	340419	11197	5693	255626	122706	79577	9978	7090	1460	4221	1459	5718	64321	8341	5527	8322	143471	5696	59352	8452	8338	6422	64750	3014	3018	102724334	5529	5682	5701	4041	8313	54894	7089	85236	5705	2033	6657	3017	79412	5721	864	8349	55366	207	5709	83595	2535	723790	6662	9070	9101	5706	94239	5698	5719	7478	27123	5525	9580	283149	7471	7311	6736	5699	7474	9736	3013	1499	55766	57680	6658	10023	55553	284654	331	81847	5715	8290	5519	5690	5691	54361	8321	2932	5515	9861	84133	5624	1452	7979	7091	6423	8658	8325	7514	5692	84870	7015	8945	8340	8395	10524	26108	4040	8312	123169	3065	5929	5528	7479	126961	5684	5713	5683	208	6597	8970	139285	8323	7473	7483	83999	5702	5518	5689	51339	23072	5688	1487	343637	1455	51176	8334	9491	5711	1387	8348	3020	6932	7534	7088	5694	5516	8607	5704	7314
TCR Signaling R-HSA-202403	5720	8874	3551	10197	5717	997	23198	5687	7316	5686	3118	6233	6500	3702	5685	5335	5586	1147	5708	920	5714	3127	5290	10213	7408	5695	5296	5716	3122	3120	5700	5710	5693	3635	122706	5295	5970	5728	5718	8454	5585	143471	5696	916	5682	5701	5705	10892	7334	5721	5170	26191	55740	8767	23118	5709	5291	3123	3125	5795	5788	8517	5706	84433	5588	5698	7535	4690	5719	387522	7311	5699	8915	7454	7189	83985	7321	5715	3117	5690	5691	3126	9861	55824	7979	50852	3932	3113	5692	9398	8945	51466	6885	7322	23291	4790	9402	5684	5713	5683	3937	5702	5689	4792	915	5688	919	9491	5711	2533	1445	5694	5336	5704	7314
TFAP2 (AP-2) Family Regulates Transcription Of Cell Cycle Factors R-HSA-8866911	7022	1026	10765	7020	4609
TFAP2 (AP-2) Family Regulates Transcription Of Growth Factors And Their Receptors R-HSA-8866910	7022	3815	2099	7422	2064	7020	7039	1113	29028	7528	1956	7021
TFAP2A Acts As A Transcriptional Repressor During Retinoic Acid Induced Cell Differentiation R-HSA-8869496	3329	4869	4839	4605	7020
TGF-beta Receptor Signaling Activates SMADs R-HSA-2173789	5499	3685	23645	9958	3696	9110	3694	4738	25805	7316	7311	5045	5501	7042	10273	8516	6233	51377	56937	2280	64750	3688	3690	4089	4052	867	4088	9040	7048	153443	7040	4087	4092	23327	7043	9372	4054	7046	57154	3693	7514	8425	5500	7314
TGF-beta Receptor Signaling In EMT (Epithelial To Mesenchymal Transition) R-HSA-2173791	7048	7311	7040	7316	387	5590	6233	57530	50848	2280	50855	7046	56288	23370	57154	7314
TICAM1, RIP1-mediated IKK Complex Recruitment R-HSA-168927	387522	3551	7322	7316	7311	6233	148022	7323	330	1147	7189	7334	7098	7321	11035	8737	329	8517	7314
TICAM1,TRAF6-dependent Induction Of TAK1 Complex R-HSA-9014325	7316	7311	7189	6233	7098	148022	6885	257397	23118	10454	7314
TICAM1-dependent Activation Of IRF3/IRF7 R-HSA-9013973	7316	7311	29110	10010	6233	3665	7098	148022	9641	7187	3661	7314
TLR3-mediated TICAM1-dependent Programmed Cell Death R-HSA-9013957	841	7098	11035	148022	8772	8737
TNF Receptor Superfamily (TNFSF) Members Mediating Non-Canonical NF-kB Pathway R-HSA-5676594	10673	10010	115650	8600	959	8740	51330	4055	407977	330	329	7187	4050	8792	9020	4049	958
TNF Signaling R-HSA-75893	56957	90268	8772	257397	3551	6885	6868	84888	55512	7375	7124	8439	25999	7316	7311	6233	81858	330	1147	55072	8717	10454	8837	331	7185	56928	9530	841	10616	8737	329	6610	7132	23118	10010	8887	7128	8567	9099	1540	10399	8517	29761	7314
TNFR1-induced NFkappaB Signaling Pathway R-HSA-5357956	56957	3551	6885	7375	7124	10399	81858	330	1147	55072	8717	10454	331	7185	10616	8737	329	7132	23118	10010	7128	9099	1540	257397	8517	29761
TNFR1-induced Proapoptotic Signaling R-HSA-5357786	10010	841	56957	8717	8772	8737	7128	9099	1540	7132	29761	7375	7124
TNFR1-mediated Ceramide Production R-HSA-5626978	7132	6610	55512	10399	7124	8439
TNFR2 Non-Canonical NF-kB Pathway R-HSA-5668541	115650	4055	959	5720	944	8741	7133	10197	5717	23198	5687	7316	8784	5686	6233	6500	5685	407977	1147	5708	4050	5714	10213	5695	3604	958	5716	356	5700	5710	5693	122706	970	60401	7187	5718	8454	143471	7293	5696	8740	128178	5682	5701	5705	9966	5721	4982	939	8771	10010	5709	8744	5706	5698	5719	8995	10913	4049	1896	7311	8600	5699	4791	330	9039	5715	8764	7292	5690	329	5691	9861	7132	9040	10673	7979	608	8718	9020	5692	8792	8945	7124	23291	51330	5684	5713	5683	5702	5689	5688	23495	9491	5971	5711	943	5694	5704	7314
TNFs Bind Their Physiological Receptors R-HSA-5669034	944	970	8741	60401	7133	8995	10913	4049	1896	8784	7293	8600	8740	128178	9966	4982	939	8764	7292	23495	7132	943	3604	10673	8771	356	608	8744	8718
TP53 Regulates Metabolic Genes R-HSA-5628897	10128	7249	27244	10007	9167	5564	7157	7296	1329	64223	5563	9377	116228	57103	25824	54541	57521	1337	51204	64121	5728	1351	54205	7531	10971	51422	4343	1327	8626	1349	26523	27327	5052	6834	7248	25828	27161	2877	207	25996	285521	6341	58528	10670	50484	9997	53632	7529	84987	7532	5565	6009	5571	27165	90639	51241	10000	23112	1350	7533	389541	5562	10542	83667	208	7001	1345	10325	153129	55004	1340	8266	143686	28956	8649	7534	2936	192669	2475	192670	57690
TP53 Regulates Transcription Of Caspase Activators And Caspases R-HSA-6803207	58484	472	55367	843	834	7157	8626	317	7161	8738	835	839
TP53 Regulates Transcription Of Cell Cycle Genes R-HSA-6791312	55835	1017	144455	25946	581	983	4849	5933	1263	25904	28984	891	995	10769	5934	898	7832	1869	7157	4850	23019	7029	7027	55571	3276	2033	57060	1026	4869	9134	1874	79733	9125	4848	5325	10498	9337	85456	25996	5111	1820	246175	1027	6790	1647	8900	890	29883
TP53 Regulates Transcription Of Cell Death Genes R-HSA-5633008	27113	10650	581	7161	332	64065	63970	55240	3486	10397	23368	839	58484	472	5876	4359	843	834	147923	7157	94241	604	8626	8738	835	5875	9540	637	55367	2194	665	79370	27166	8793	124446	1387	8795	7159	51499	8794	8797	317	5366	84883
TP53 Regulates Transcription Of DNA Repair Genes R-HSA-6796648	9150	2965	4292	905	51755	6827	8178	2068	472	1025	8812	51497	25920	7469	7157	5432	6749	7936	2966	1643	2968	2353	6921	5435	5436	2176	4331	1111	2668	5395	904	6924	5440	5441	5439	5433	11198	8621	9656	2967	3725	5434	902	5430	404672	5437	5431	2071	55215	6917	4436	51224	5438	6923	1022	2963	2962	672	5892	6829	2177	390502
TP53 Regulates Transcription Of Death Receptors And Ligands R-HSA-6803211	2194	7159	8794	7157	8793	124446	8626	8797	7161	8795	3486	23368
TP53 Regulates Transcription Of Genes Involved In Cytochrome C Release R-HSA-6803204	27113	10650	581	7161	63970	55240	23368	472	147923	7157	94241	8626	637	665	27166	1387	7159	51499	5366	84883
TP53 Regulates Transcription Of Genes Involved In G1 Cell Cycle Arrest R-HSA-6804116	57060	1026	1017	1820	898	9134	144455	1869	79733	7157	25946	1027	8900	890
TP53 Regulates Transcription Of Genes Involved In G2 Cell Cycle Arrest R-HSA-6804114	3276	2033	5934	25996	5111	1874	25946	581	983	7157	5933	1647	6790	7029	891	7027	995	10498
TP53 Regulates Transcription Of Additional Cell Cycle Genes With Uncertain Roles In P53 Pathway R-HSA-6804115	55835	4849	1263	25904	10769	28984	995	7832	7157	4850	23019	4869	9125	4848	5325	9337	85456	246175	55571	29883
TP53 Regulates Transcription Of Additional Cell Death Genes With Uncertain Roles In P53-Dependent Apoptosis R-HSA-6803205	5876	4359	7159	79370	7157	604	8626	7161	332	64065	5875	10397	23368	9540
TRAF3-dependent IRF Activation Pathway R-HSA-918233	2033	64135	29110	7706	84282	3665	9641	7187	3456	1387	80143	23586	3661	57506	89122
TRAF6 Mediated IRF7 Activation R-HSA-933541	3448	3440	3452	3456	3661	3451	29110	23586	3446	3441	89122	2033	3442	7189	3665	3444	1387	57506	64135	10010	3443	84282	9641	3449	80143	7706	3445
TRAF6 Mediated IRF7 Activation In TLR7/8 Or 9 Signaling R-HSA-975110	7189	7334	3665	4615	387522	51284	54106	51135	3654
TRAF6 Mediated NF-kB Activation R-HSA-933542	5970	3551	28511	351	4790	4791	4214	1147	28512	23586	89122	4793	4792	7189	6283	177	3146	57506	64135	10010	6285	6289	7706	84282	8517
TRAF6 Mediated Induction Of NFkB And MAP Kinases Upon TLR7/8 Or 9 Activation R-HSA-975138	64127	5594	5608	3551	79155	51295	28511	7316	4208	6233	6500	7157	1147	28512	121457	5599	10454	246330	841	2668	1849	3656	6283	9097	1326	5600	4615	3654	9684	1848	131096	80216	5970	8454	351	6416	7099	9683	4214	7867	5609	2353	7334	6196	57162	177	8767	23118	3146	4695	5604	10010	1385	8517	6195	387522	54106	7311	23643	148022	4791	84166	7189	79671	9252	5519	51135	5515	6285	5602	5606	92610	5601	5598	3229	57161	9261	6197	8945	1845	10392	6885	23291	1846	4790	5528	11274	51284	5518	4793	4792	3725	1432	6289	4205	5516	5595	257397	51231	7314
TRAF6-mediated Induction Of TAK1 Complex Within TLR4 Complex R-HSA-937072	7316	7311	7189	23643	6233	148022	7099	3656	6885	257397	23118	10454	4695	23098	7314
TRAIL Signaling R-HSA-75158	843	841	8772	8793	8743	8797	8795	8837
TRIF-mediated Programmed Cell Death R-HSA-2562578	23643	841	11035	148022	8772	7099	8737	4695
TRP Channels R-HSA-3295583	7442	26133	29850	55503	51393	4308	57192	57113	56302	79054	140803	80036	54822	7224	7226	8989	162514	55283	7225	59341	7223	7220	255231	54795	7222
TYSND1 Cleaves Peroxisomal Proteins R-HSA-9033500	5264	51	3295	10388	8540	30	219743
Tachykinin Receptors Bind Tachykinins R-HSA-380095	6863	6866	6869	6870	6865
Tandem Pore Domain Potassium Channels R-HSA-1296346	3775	10089	50801	3777	338567	9424	54207	83795	56659	51305	3776	89822
Telomere C-strand (Lagging Strand) Synthesis R-HSA-174417	5985	23649	5982	54921	1763	641	79991	65057	6573	5424	5557	5984	5983	80169	63922	84172	2237	54386	7013	5422	26018	5558	57804	10714	5111	6119	25885	7486	5425	26277	7014	25913	79075
Telomere C-strand Synthesis Initiation R-HSA-174430	5557	54386	7013	23649	5558	79991	65057	80169	7014	26277	25913	5422
Telomere Extension By Telomerase R-HSA-171319	1017	65057	5537	54433	80119	51750	54386	7013	1736	23243	55291	25913	55505	10856	55651	55135	26277	8607	55164	8900	7014	890	7015
Telomere Maintenance R-HSA-157579	128312	474382	8331	79991	3015	5557	80169	63922	2237	7013	55291	5437	55505	6119	25885	7486	8345	55135	8342	255626	23649	5982	54433	6573	5424	8341	5984	546	8338	5432	80119	3014	3018	102724334	5435	85236	3017	8349	5431	10856	26018	55651	723790	5425	7014	79075	5985	1616	1017	94239	641	3013	55766	84172	5433	5440	5439	1736	5441	8290	23243	5434	5430	5558	5111	5438	8900	25913	890	7015	8340	54921	1763	65057	5537	5983	8970	51750	5436	54386	8334	8348	5422	3020	57804	10714	26277	8607	55164
Terminal Pathway Of Complement R-HSA-166665	727	5688	1645	733	731	1191	732
Termination Of O-glycan Biosynthesis R-HSA-977068	283463	6487	200958	10071	6480	6484	4586	727897	4583	394263	4588	56667	143662	256435	6483	140453	10610	4585	4589	6482	27090	118430	4582	94025
Termination Of Translesion DNA Synthesis R-HSA-5656169	5985	7318	5982	84669	6573	5424	11201	7316	7311	9246	5984	5427	6233	51426	51455	5983	84172	56655	9768	124739	54107	5426	10714	57804	5111	6119	25885	5425	5429	9636	7706	7314
Tetrahydrobiopterin (BH4) Synthesis, Recycling, Salvage And Regulation R-HSA-1474151	5805	207	1719	5593	342977	2643	6869	801	2644	3320
NLRP3 Inflammasome R-HSA-844456	10910	351	4790	834	5027	25828	114548	10628	4791	24145	3326	3162	9051	5970	4210	29108
Activation Of Arylsulfatases R-HSA-1663150	285362	25870	340075	22901	410	414	79642	416	412	347527	415	411	153642
Canonical Retinoid Cycle In Rods (Twilight Vision) R-HSA-2453902	5947	285440	51109	7276	10170	6010	64220	157506	5950	9227	8630	4647	121214	8608	6121	6017	222236	3292	5949	24	50700	5959	145226
Citric Acid (TCA) Cycle And Respiratory Electron Transport R-HSA-1428517	10128	7351	10975	4712	9167	91942	728294	80224	6389	51295	57546	4704	9551	4694	4708	1329	55744	2954	3419	6390	4719	23539	516	160287	4710	374291	27089	7416	4718	126328	521	27109	9377	116228	2109	9016	93058	4723	4714	403313	7386	513	1337	51204	4700	79133	56110	9123	1351	4726	54205	7352	517	9481	4191	1327	1349	4715	6834	5170	7385	4696	10632	51300	55863	4724	4731	4695	5166	509	3939	10476	4722	5162	285521	498	6341	3945	5165	3029	2110	81889	2108	7388	522	7384	9997	7350	6256	4707	514	1743	10983	518	25874	4717	4967	6566	55967	3949	4711	4701	84987	137682	28976	4713	4716	8801	5160	51103	10131	8050	5164	90639	51241	50	29078	4706	4702	8802	8803	51079	5161	137872	4728	506	1350	79944	7381	4720	57717	197257	23530	682	1431	51660	148811	4709	56125	25915	3421	3420	55066	1737	4705	515	1345	5467	539	1340	2739	4725	54539	4729	3948	92483	3418	4698	55471	29796	25880	80219	6392
Fatty Acid Cycling Model R-HSA-167826	7351	7350	7352	9481	9016
Phototransduction Cascade R-HSA-2514856	5578	5588	23173	79823	5148	6010	9187	9616	2792	5158	9397	6011	10988	2339	10681	5957	2779	5475	388531	9626	2868	2782	801	1258	1259	4836	131890	2979	3000	5145	2986
Retinoid Cycle In Cones (Daylight Vision) R-HSA-2187335	6017	5956	5949	101060233	9249	158835
Role Of GTSE1 In G2/M Progression After G2 Checkpoint R-HSA-8852276	5693	5706	5720	122706	51512	5698	983	5719	5718	10197	891	5717	5347	23198	5687	143471	7311	7316	9133	5696	5686	5699	6233	5684	5685	5713	7157	5683	5708	5682	5701	5702	5714	5705	5689	1026	10213	5721	5688	5692	5715	5690	3326	9491	5691	5711	5695	9861	3320	63943	7979	5716	5709	5694	5700	5710	22919	5704	7314
Role Of Nef In HIV-1 Replication And Disease Pathogenesis R-HSA-164952	9844	6035	161	1175	1173	8905	926	5586	163	920	3105	10053	55690	160	8907	919	51606	164	130340	567	2534	1794	3932	1174	162	940	3055
Thrombin Signaling Thru Proteinase Activated Receptors (PARs) R-HSA-456926	54331	51764	2783	5594	2786	8458	59345	2769	2768	2791	2776	2792	9630	408	2767	10681	2149	94235	2785	2782	10672	2793	9002	2788	55970	6714	2787	2790	2784	2151	5595	409
Thromboxane Signaling Thru TP Receptor R-HSA-428930	54331	51764	2783	2786	59345	2769	2791	2776	2792	9630	2767	10681	94235	2785	2782	10672	2793	2788	55970	14	2787	2790	2784	6915
Thyroxine Biosynthesis R-HSA-209968	53905	1734	50506	1735	389434	7173	7252	1113	11083	6528
Tie2 Signaling R-HSA-210993	5290	5296	6464	4893	5291	6654	7010	2886	5295	285	9046	51378	3265	2888	284	2885	5781
Tight Junction Interactions R-HSA-420029	26285	84552	9074	50848	49861	137075	9076	50855	1365	149461	1364	84612	5010	53842	7122	92359	9080	51208	23562	64398	56288	9075	5584	10686	9073	24146	1366	9071	9069
Toll Like Receptor 3 (TLR3) Cascade R-HSA-168164	64127	5594	5608	3551	79155	28511	7316	29110	4208	6233	6500	7157	1147	28512	121457	5599	10454	841	2668	1849	3656	6283	9097	1326	5600	3654	9684	1848	131096	8772	80216	5970	7187	8454	351	6416	9683	7867	5609	2353	7334	6196	3665	8767	177	23118	3146	5604	10010	1385	8517	6195	387522	7311	148022	4791	330	7323	84166	7189	79671	7321	11035	9252	5519	8737	329	5515	23098	6285	5602	5606	92610	5601	5598	3229	9261	6197	8945	1845	10392	6885	3661	7322	23291	1846	4790	5528	11274	5518	4793	4792	7098	3725	1432	6289	4205	9641	5516	5595	257397	51231	7314
Toll Like Receptor 4 (TLR4) Cascade R-HSA-166016	64127	5594	5608	3551	79155	51295	28511	7316	29110	4208	6233	6500	7157	1147	28512	121457	5599	10454	26052	246330	841	2668	1849	3656	6283	2243	9097	1326	5600	4615	1759	3654	9684	1848	131096	7096	8772	80216	5970	7187	8454	3684	2266	351	6416	11213	7099	9683	4214	7867	5609	2353	7334	6196	3665	948	695	57162	3929	177	23118	8767	3146	4695	5781	7097	5604	10010	1385	8517	6195	387522	59307	7311	23643	148022	4791	330	7323	84166	7189	3689	79671	671	9450	7321	11035	9252	5519	8737	329	51135	5515	4064	23098	6285	5602	5606	5775	6279	92610	5601	5598	3229	57161	114609	9261	6197	8945	1845	10392	6885	3661	7322	1846	23291	10333	4790	5528	6280	11274	5518	4793	4792	2244	3725	1432	6289	8651	4205	9641	5336	1785	6271	5516	5595	257397	51231	7314
Toll Like Receptor 7/8 (TLR7/8) Cascade R-HSA-168181	64127	5594	5608	3551	79155	51295	28511	51311	7316	4208	6233	6500	7157	1147	28512	121457	5599	10454	246330	841	2668	1849	3656	6283	9097	1326	5600	4615	3654	9684	1848	131096	80216	5970	8454	351	6416	7099	9683	4214	7867	5609	2353	7334	6196	3665	57162	177	8767	23118	3146	4695	5604	10010	1385	8517	6195	387522	54106	7311	23643	148022	4791	84166	7189	79671	9252	5519	51135	5515	6285	5602	5606	92610	5601	5598	3229	57161	9261	6197	8945	1845	10392	6885	23291	1846	4790	5528	11274	51284	5518	4793	4792	3725	1432	6289	4205	5516	5595	257397	51231	7314
Toll Like Receptor 9 (TLR9) Cascade R-HSA-168138	64127	5594	5608	3551	79155	51295	28511	7316	4208	6233	6500	7157	1147	28512	121457	5599	10454	246330	841	2668	1849	3656	6283	9097	1326	5600	4615	3654	9684	1848	131096	30849	80216	5970	8454	351	6416	7099	9683	4214	64145	7867	5609	2353	7334	6196	3665	57162	177	8767	23118	3146	4695	5604	10010	1385	8517	6195	387522	54106	7311	23643	148022	4791	84166	7189	79671	9252	5519	51135	5515	6285	5602	5606	92610	5601	5598	3229	57161	9261	6197	8945	1845	10392	6885	23291	1846	8411	4790	5528	11274	51284	5518	4793	4792	5289	3725	1432	6289	4205	5516	5595	257397	51231	7314
Toll-like Receptor Cascades R-HSA-168898	64127	81622	5594	1687	5608	3551	79155	51295	28511	51311	7316	29110	1520	4208	6233	6500	7157	1147	28512	121457	5599	10454	26052	246330	841	2668	1849	3656	6283	2243	9097	1326	5600	4615	1759	3654	9684	1848	131096	30849	7096	8772	80216	5970	7187	8454	3684	2266	351	6416	11213	7099	9683	4214	64145	7867	5609	2353	7334	6196	3665	948	7100	695	57162	3929	177	23118	8767	3146	4695	5781	7097	5604	10010	79792	1385	8517	6195	81793	387522	54106	59307	7311	23643	148022	4791	330	7323	84166	1508	7189	3689	79671	671	9450	7321	11035	9252	5519	8737	329	51135	5515	4064	23098	6285	5602	1513	5606	1514	5775	6279	92610	5601	5598	3229	57161	114609	9261	6197	8945	5641	1845	7184	10392	6885	3661	7322	1846	23291	8411	10333	4790	5528	6280	11274	51284	5518	4793	4792	2244	7098	338	5289	3725	10695	1432	6289	8651	1515	4205	9641	5336	1785	6271	5516	5595	257397	51231	7314
Toxicity Of Botulinum Toxin Type D (botD) R-HSA-5250955	9899	22987	6843	6844	9900
Toxicity Of Botulinum Toxin Type F (botF) R-HSA-5250981	9899	22987	6843	6844	9900
Trafficking And Processing Of Endosomal TLR R-HSA-1679131	1513	1520	1514	1515	5641	7098	81622	51284	7184	1508	54106	10695	51311
Trafficking Of GluR2-containing AMPA Receptors R-HSA-416993	5578	1173	2891	5582	2890	9463	80852	5579	7102	2893	163	85329	161	1175	2892	4905	160
Transcription Of E2F Targets Under Negative Control By DREAM Complex R-HSA-1362277	286826	5933	1875	5928	5934	3065	1869	132660	7029	7027	91750	55957	1874	4609	7153	4149	5111	990	993
Transcription Of E2F Targets Under Negative Control By P107 (RBL1) And P130 (RBL2) In Complex With HDAC1 R-HSA-1362300	286826	3065	5934	7029	91750	1874	4605	983	1869	132660	5933	1875	890	7027	55957	5928
Transcription Of HIV Genome R-HSA-167172	9150	2965	6884	6874	6880	905	6827	6879	6882	8178	2068	4686	6872	6878	1025	8812	51497	25920	7469	5432	6749	2966	7936	51616	6877	6881	2968	8148	6921	5435	5436	2957	4331	5440	5433	54457	904	6924	5439	5441	2959	11198	22916	2967	5434	2960	902	5430	6883	8731	83860	5437	5431	404672	2071	8732	6873	6917	51224	5438	2958	138474	6923	6908	1022	2963	2962	6829	2961
Transcription-Coupled Nucleotide Excision Repair (TC-NER) R-HSA-6781827	5985	2965	5982	27339	9978	8450	6573	5424	8178	2068	7316	8533	7311	50813	5427	5984	6233	9716	2966	5432	51426	8451	5983	10450	7874	2072	2067	2968	10920	5435	10980	5436	84172	2033	51138	7515	4331	5440	5433	10987	5439	9318	56655	2073	5441	3150	2074	57654	2967	5434	7507	902	5430	54107	404672	5437	5431	2873	1161	56949	2071	5426	6917	26018	57804	10714	121227	5111	6119	25885	5438	5425	91603	1022	1642	7314
Transcriptional Regulation By E2F6 R-HSA-8953750	8317	7703	5932	23429	6015	5931	80314	5928	79813	10138	6045	10919	23512	1869	23269	2146	83746	7029	80012	5888	7027	1111	8726	1876	23468	11335	4149	1911	8409	84108	6241	317	672
Transcriptional Regulation By MECP2 R-HSA-8986944	5578	2290	6532	6446	6515	114787	2904	9611	2289	5770	5728	4988	2903	6907	54487	3065	4208	4343	4336	815	816	5816	28996	814	54715	6750	26523	9612	818	6657	27327	2593	2891	4851	3930	8841	2571	801	3066	2572	8731	28514	27161	4986	4204	23112	5775	1392	1385	25942	2874	192669	192670	9212	5468	57690	79718	3654	817	7222
Transcriptional Regulation By TP53 R-HSA-3700989	133746	7249	27244	9167	6874	5933	1263	51755	117584	995	147923	1108	7296	54815	1329	22974	1874	10848	9377	8851	23774	5982	2965	581	51204	5931	387893	6879	5527	843	898	1327	1349	26523	6881	27154	3276	55367	6924	5431	2877	11200	25996	317	5892	9099	58528	641	905	58484	580	7029	6009	5571	4331	1111	5440	5519	124446	8795	51499	5111	1022	672	890	5562	5932	25946	10524	55240	3486	8812	5983	639	4850	7027	835	57060	1026	6236	153129	54457	1340	55215	8649	5516	7314	55615	7994	5564	79813	5876	6878	2966	28996	5875	2176	9540	2668	64223	2967	902	5305	6883	5883	404672	8396	6119	7486	116228	5600	57103	2962	9212	54556	390502	25824	10650	1337	5457	6884	64121	112858	4849	1459	54205	7531	10971	51422	7469	10419	8626	2353	5371	900	25828	83860	3066	7159	207	4193	4436	8794	8797	5458	4194	6829	9997	80010	4359	7936	84987	79837	1643	5565	27165	3364	5439	56950	5434	51224	6923	1350	6908	7533	389541	983	1020	10111	1107	83990	28984	891	839	3065	604	8148	637	6794	4848	28956	79109	9337	138474	23037	2936	2475	10128	5608	26155	4361	57459	7316	5934	25920	94241	6877	5395	5563	90809	26013	6917	1820	25885	9219	6790	144715	57521	5728	64065	6882	2068	1025	4343	5432	6749	2968	5435	665	9125	204851	27161	6873	6341	84883	29883	5985	8445	27113	1616	1017	4292	8178	51616	7529	1029	7532	84126	4869	11198	51241	5430	10498	11073	246175	55571	6446	253260	133383	10542	7156	10397	6872	7001	5436	9156	1345	9134	79733	27166	9656	3725	143686	1387	7534	57690	9891	9150	10007	6827	10769	5928	834	6233	7157	2194	79370	8793	5437	2963	5366	91875	55835	54541	51230	1460	63970	472	1351	5984	5884	7832	1869	7874	27327	2033	80196	29117	5052	6834	7248	5170	8621	2071	5325	85456	285521	144455	64769	10670	50484	53632	25904	332	83695	7311	51497	10919	6921	84172	5433	904	64180	5441	90639	10000	116028	5515	8550	23112	5438	1647	8900	2177	1763	6880	7161	23368	83667	208	84289	23019	5518	8738	10325	55004	8266	1432	9048	1027	192669	192670	54971
Transcriptional Regulation By VENTX R-HSA-8853884	27338	5970	1436	11065	7324	1051	3569	79813	246184	4790	4343	29882	10919	7157	1499	1029	26523	119504	6934	27327	8697	7321	51529	51176	51343	10393	595	27287	8881	23112	51433	25906	29945	996	192669	192670	57690	64682
Transcriptional Activation Of Mitochondrial Biogenesis R-HSA-2151201	6604	9572	286826	2747	4899	79718	6256	7019	7978	9611	133522	56652	10891	51106	64216	8930	23054	23408	6742	6907	85441	54205	4209	4208	5442	814	55902	10499	23373	84808	23410	2668	200186	8841	2101	2551	3418	8648	801	1387	23082	2746	10498	80205	3054	1385	23409	506	64784	5465	211	11232
Transcriptional Activity Of SMAD2/SMAD3:SMAD4 Heterotrimer R-HSA-2173793	199699	6497	5594	5054	4904	9611	5933	4221	1024	905	1875	22938	7316	7311	5045	3065	5494	6233	1025	8812	7050	7323	64750	892	1278	7029	9612	7027	8239	6772	54778	2033	4089	904	7321	1874	4088	60436	23439	4609	1030	4087	4092	23327	51592	6498	10535	142	25937	5595	7314
Transcriptional Regulation By RUNX1 R-HSA-8878171	128312	5720	1493	474382	8331	6886	10197	5717	23198	5687	7316	3015	2811	8784	5686	6233	196528	83737	10138	5685	28996	5079	84333	5708	6688	1998	80012	5714	83439	10213	7057	5579	11091	8085	58508	902	84661	5695	1378	6603	6595	5716	2099	200845	6599	865	8345	25942	8342	5700	5710	8013	2624	6604	255626	84733	5693	122706	1021	4005	1460	55904	1459	5718	6015	8341	143471	7122	5696	6045	4343	8338	2623	6598	161882	3014	3018	102724334	5196	5682	5701	26523	4773	57492	85236	5371	3276	640	2033	2625	3017	3458	5705	5721	122809	8349	595	6601	861	10413	5781	27161	7082	9021	5709	723790	1437	27327	4602	3958	9070	23466	100506658	5706	94239	5588	5698	8535	5719	86	7311	3558	5699	3013	3977	860	23309	4297	9757	896	55766	57678	6602	4331	5715	9079	5690	5691	9861	6714	6938	7979	51412	1513	50943	1514	23112	3674	8289	1022	5692	55170	84870	9739	8340	25	4004	23429	7161	8312	6605	3559	57332	3065	55193	5929	126961	5684	5713	5683	6597	8970	5275	5702	3562	84337	5689	5688	894	1912	8334	9491	5711	1387	8348	3020	4778	10398	1911	5694	1515	22955	8850	192669	192670	57690	5704	7314
Transcriptional Regulation By RUNX2 R-HSA-8878166	1277	3678	5720	5594	10891	10197	5717	23198	5687	7316	10273	5686	6233	6500	5685	4091	23314	5708	11059	5714	10213	2736	4094	1019	5695	8493	8209	5716	2099	865	25937	57154	55294	5700	5710	5693	9759	122706	4086	1749	581	9978	5718	8454	143471	9358	5696	7291	1750	2737	10013	5682	5701	6772	5705	5721	8841	595	23493	121340	861	7525	10413	207	5709	6662	3958	4322	5925	374	5706	5698	6502	5719	650	579	7311	5699	9464	117581	860	632	23462	25925	4089	2908	5715	5690	5691	4488	10000	2932	9861	6714	7979	5692	25	983	133522	891	5684	5713	5683	208	5702	5689	1026	3549	5688	2101	9491	5711	5694	221044	5595	59269	5704	7314
Transcriptional Regulation By RUNX3 R-HSA-8878159	4893	5720	2648	3683	10197	5717	5687	7316	5686	6233	5685	7157	182	5708	5714	6934	83439	10213	4088	4609	5695	8209	5716	865	463	25937	57154	3676	5700	5710	9794	5693	9759	5718	5696	64750	5682	5701	5705	2033	5721	864	7004	595	861	10413	4193	5709	1490	30827	6046	5706	5698	5719	7311	5699	1499	1029	8463	4089	3516	5715	5690	7005	5691	9861	6714	7979	2309	5692	6097	22938	10046	55534	5684	5713	5683	5702	5689	4851	1026	7003	5688	51176	9491	5711	84441	1387	6932	7040	5694	8850	10018	5704	7314
Transcriptional Regulation By Small RNAs R-HSA-5578749	255626	128312	129401	9818	8340	94239	7175	474382	8331	53371	6396	23511	79902	8341	81929	3015	9972	4928	126961	3013	8338	5432	55746	79023	8970	3014	3018	10526	102724334	26523	5435	5436	55766	85236	23165	9688	27327	3017	23225	5440	5433	10762	5439	5901	5903	5441	8349	8334	5434	8086	23279	5430	84659	8348	3020	5437	5431	27161	57122	9883	723790	9631	5438	8021	8345	55706	8342	11097	4927	348995	23636
Transcriptional Regulation By AP-2 (TFAP2) Family Of Transcription Factors R-HSA-8864260	7022	7422	10765	7020	7913	4605	7039	284252	1956	83741	3329	3815	5308	1113	2033	8089	1026	4869	4435	2064	348	7341	4609	1387	7528	339488	7329	10370	2099	79047	163732	4839	29028	51741	7021
Transcriptional Regulation Of Granulopoiesis R-HSA-9616222	1053	255626	128312	8340	1017	94239	6256	7913	474382	8331	1441	6886	3570	1051	8341	2672	3015	126961	3013	8338	1869	5914	8970	3014	3018	102724334	6688	2313	6774	7029	4297	7027	55766	85236	5371	2033	1026	3017	8349	1019	8334	51176	4609	861	8348	3020	723790	688	865	1385	8345	4602	8342	1050	2624
Transcriptional Regulation Of Pluripotent Stem Cells R-HSA-452723	8320	84891	63978	2627	7547	2258	2516	79727	5087	57167	55211	145258	6774	27022	2649	9314	6657	2041	1045	4089	3087	64344	8848	4087	2034	22943	6299	27086	79923
Transcriptional Regulation Of Testis Differentiation R-HSA-9690406	5730	668	23414	6736	2626	6662	268	7490	2254	1761	54361	50846	2516
Transcriptional Regulation Of White Adipocyte Differentiation R-HSA-381340	51129	29079	55090	10891	1024	8202	9477	55588	81857	10974	10499	9314	1879	1019	688	1052	1959	5468	9969	6604	9439	7026	5970	23054	6720	84498	2167	168544	9612	84246	2033	948	8841	8648	3952	80205	51003	4023	7480	1050	9442	9968	219541	6256	9611	10001	6517	9370	7471	85441	6837	892	896	23389	9441	51586	5105	9443	9862	9440	10498	286826	6721	9412	8930	400569	1051	7124	6907	90390	4790	112950	9967	1387	23097	54797	5346	10025	7040	9282	80306	5465	27332	79718
Transferrin Endocytosis And Recycling R-HSA-917977	527	50617	528	7036	23545	55240	3077	57192	533	525	90423	127124	8992	245973	7037	529	523	261729	9296	245972	535	51606	9114	9550	10312	155066	7018	526	534	537	51382
Translation R-HSA-72766	90701	9045	16	6192	25873	6181	51258	84340	6727	55168	6188	6164	65993	6233	3921	27068	6129	55157	29074	6136	116540	8664	80222	1936	85476	54534	6130	57176	140032	65008	2617	29104	10667	79587	5018	2197	6193	1967	51067	8661	8665	1650	6208	128308	51023	8565	6157	6205	1978	1964	6207	55176	116832	6746	1917	6748	51116	6210	1977	6132	28998	6731	6166	78988	6229	6143	6144	5859	23395	200916	60559	6165	28973	6897	1974	6141	3646	90480	64975	57129	6218	6227	6228	6156	51187	2107	51649	6730	6194	55699	7453	6147	6161	57505	6209	56945	9669	92399	6201	140801	6155	7407	26986	122704	4141	58512	6138	4736	6232	6142	6203	65080	26284	6160	28977	64432	124454	54938	6124	64983	8668	833	8666	92935	10480	8890	63875	64949	6135	8891	6150	6747	6745	54948	51263	6234	65003	10884	9255	6729	51121	79590	65005	25973	6728	84545	10952	123263	6189	9789	51504	6128	63931	3735	51642	6125	6217	219402	6123	6159	7311	3376	54516	54460	64963	1915	6734	740	6175	51253	54148	64951	8669	6168	64978	1975	29927	51081	9349	3035	2058	8892	92675	8893	64979	1937	6301	27335	51520	2193	6169	64981	5464	51021	5917	6176	1983	64968	6224	64976	1965	1981	3396	6167	6173	6182	29088	6223	10056	116541	51318	1938	6184	64965	6204	57038	23708	1615	6146	6171	7458	51386	10102	6187	7965	58477	4528	4677	6230	6158	2935	6185	7284	1968	8894	1973	118487	8662	327	55052	26589	10240	23471	9553	6122	10352	6206	51073	23107	23521	55173	28972	11224	51065	6235	55037	54998	8663	60488	9801	1933	11222	6170	8667	23480	6154	9521	51650	51373	79731	219927	124995	64960	23478	64969	6202	6191	64928
Translation Initiation Complex Formation R-HSA-72649	3646	6218	6227	6192	6228	6204	6194	7458	6188	6189	51386	6187	6209	6217	6230	6201	6233	1968	8894	1973	3921	8662	26986	8664	8669	1975	6206	140032	51065	2197	6193	6235	8661	8663	8665	6208	6203	6232	6205	1964	6207	8668	27335	8667	8666	10480	6210	1977	6224	1965	6229	1981	6223	6234	6202	6191	1974
Translation Of Replicase And Assembly Of Replication Transcription Complex R-HSA-9679504	91782	27243	79643	8678	30849	7405	128866	92421	5289	81631	25978
Translation Of Structural Proteins R-HSA-9683701	821	6487	54956	6480	6484	7316	2589	7311	6233	5589	116255	83666	7341	256435	2931	2932	23193	7329	6483	143	10610	54625	79668	6482	84875	3229	56965	27090	7841	7314
Translesion Synthesis By POLH R-HSA-110320	5985	83932	5982	7353	6573	7316	7311	5984	6233	5983	55666	84172	25898	5111	6119	25885	7415	5429	7314
Translesion Synthesis By POLI R-HSA-5656121	7316	5985	7311	5980	10459	5984	5111	5982	6119	25885	6233	7314	51455	5983	11201	6573	84172
Translesion Synthesis By POLK R-HSA-5655862	7316	5985	7311	5980	10459	5984	5111	5982	6119	25885	6233	7314	51455	51426	5983	6573	84172
Translesion Synthesis By REV1 R-HSA-110312	7316	5985	7311	5980	10459	5984	5111	5982	6119	25885	6233	7314	51455	5983	6573	84172
Translesion Synthesis By Y Family DNA Polymerases Bypasses Lesions On DNA Template R-HSA-110313	5985	5980	83932	7318	5982	7353	84669	6573	5424	11201	7316	7311	9246	5984	5427	6233	51426	51455	5983	55666	84172	10459	56655	9768	124739	25898	54107	5426	10714	57804	5111	6119	25885	5425	7415	5429	9636	7706	7314
Translocation Of SLC2A4 (GLUT4) To Plasma Membrane R-HSA-1445148	55763	6814	9882	53632	9847	6517	4627	6035	4643	5564	10640	57148	149371	7531	10971	51422	79058	23216	5867	208	7529	6844	5898	60412	6810	7532	5565	9371	11127	5571	23265	5563	57186	22920	11336	801	54536	51552	55770	4012	4644	7534	207	25996	5872	8773	8766	4218	7533	23433	10890
Translocation Of ZAP-70 To Immunological Synapse R-HSA-202430	915	3118	3122	3932	26191	919	3117	3120	7535	916	920	3113	3123	3125	3126	3127
Transmission Across Chemical Synapses R-HSA-112315	5577	2558	2899	2783	4893	107	1137	6505	5594	782	8497	22999	1142	8536	8874	6616	114	3766	5564	55879	5582	2557	5576	2556	111	6529	115	320	4905	2771	5563	2785	5579	2793	3761	55584	801	346562	2897	2572	1134	28964	55970	26960	10044	4355	2554	10368	8499	2770	23229	3762	2555	6531	6506	27163	5578	8224	784	54331	9495	2742	10815	1143	59345	116444	2562	6512	781	2905	2903	2791	51422	816	4900	7102	163	6853	9177	1312	200909	10681	6507	3773	5923	6196	217	777	9256	5170	55799	18	1144	22843	1136	3996	3765	6538	5330	170572	2570	5575	4193	3312	2066	1385	108	10369	4747	6812	2743	116443	2900	1146	6854	6511	10645	6195	200959	6532	51764	5331	53632	9254	2567	114787	785	5568	6035	57030	84254	161	590	5864	773	7915	5573	2774	55327	5613	59283	8500	10497	5565	818	89832	113	160	5571	1141	27165	140679	54407	8001	774	6580	2782	2893	4646	2901	27330	1145	2788	6571	80331	196883	9568	6714	3838	2036	2890	27092	2741	43	2787	23236	2790	8973	2784	2773	2752	817	6804	6197	8825	4356	60482	5562	6539	64130	57576	9463	112	80852	3772	2904	5567	2786	9647	6582	1175	2892	1173	3768	2792	83988	3763	4137	1739	3759	4128	783	815	814	6844	6540	5924	6857	3084	2566	2560	2891	8573	2559	81539	94235	2571	1138	2561	10537	3265	10550	2906	1135	3359	27020	6572	88	8541	85329	285242	5595	2569	3760
Transport And Synthesis Of PAPS R-HSA-174362	347734	10861	51000	1836	9060	9061
Transport Of Mature Transcript To Cytoplasm R-HSA-72202	10569	6396	199746	4686	81608	2733	10921	29894	7919	9775	55339	10250	23165	11338	5903	9939	1977	22794	9785	8021	8189	6431	4116	11097	6428	129401	9818	9295	7175	6430	51692	9972	55746	79023	84248	9688	10762	57187	23279	84659	26097	57122	9631	51362	23636	102724594	6427	51213	23511	55110	81929	10212	4928	84271	6432	65109	22916	29107	6426	9877	53981	84324	8683	55706	4927	84321	6429	53371	79902	10898	10189	10482	23225	80145	8563	8086	79228	7884	9883	9984	348995
Transport Of Mature mRNA Derived From An Intronless Transcript R-HSA-159231	129401	9818	7175	53371	6396	51692	23511	79902	10898	10189	81929	4686	81608	9972	10482	29894	4928	55746	79023	55339	9688	23165	23225	10762	5903	22916	8086	23279	84659	57122	1977	9883	9631	53981	8021	8189	55706	11097	4927	348995	23636
Transport Of Mature mRNA Derived From An Intron-Containing Transcript R-HSA-159236	129401	102724594	9818	9295	7175	6427	10569	51213	84321	6430	53371	6396	6429	199746	23511	79902	55110	10189	81929	4686	10212	2733	9972	10482	10921	4928	84271	55746	7919	79023	9775	6432	10250	9688	84248	23165	23225	10762	11338	65109	5903	80145	22916	8563	57187	8086	23279	29107	84659	79228	9939	26097	4927	6426	9984	9877	57122	9883	22794	9785	9631	84324	8021	8683	6431	55706	11097	4116	51362	348995	23636	6428
Transport Of Mature mRNAs Derived From Intronless Transcripts R-HSA-159234	129401	9818	7175	53371	6396	51692	23511	79902	10898	10189	81929	4686	81608	9972	10482	29894	4928	55746	79023	55339	9688	23165	23225	10762	5903	22916	8086	23279	84659	7884	57122	1977	9883	9631	53981	8021	8189	55706	11097	4927	348995	23636
Transport Of RCbl Within Body R-HSA-9758890	26119	51293	6948	55788	5826	4036	6947	4363
Transport Of Ribonucleoproteins Into Host Nucleus R-HSA-168271	129401	9818	7175	53371	6396	23511	79902	81929	26354	3836	55193	9972	4928	55746	79023	9688	23165	26258	23225	10762	5903	8086	23279	84659	3837	57122	9883	9631	23636	8021	55706	4927	348995	11097
Transport Of Bile Salts And Organic Acids, Metal Ions And Amine Compounds R-HSA-425366	6561	6563	1356	6583	6529	64849	126969	133418	9356	51458	23539	26266	254428	6536	64924	7779	4891	57153	7780	6584	6534	85413	6531	55117	8170	345274	115584	57181	9152	9123	55356	283375	55244	340024	6538	861	64116	30061	9058	6533	6248	114134	23446	6566	84102	11254	146802	9194	27173	348932	55676	148867	6581	10864	6580	6571	169026	55630	6570	80736	116085	682	60482	6539	29985	6582	7922	29986	9376	7781	204962	1317	6540	5002	284111	6556	6526	23516	9843	55867	55532	57127	6530	54716	25800	6005
Transport Of Fatty Acids R-HSA-804914	389812	286256	347	3933	10999	28965	376497
Transport Of Gamma-Carboxylated Protein Precursors From Endoplasmic Reticulum To Golgi Apparatus R-HSA-159763	2155	83541	8858	2621	5627	8458	632	2158	5624
Transport Of Inorganic Cations/Anions And Amino Acids/Oligopeptides R-HSA-425393	6505	6528	23657	6559	6548	284129	389015	153201	124935	801	6541	1811	6547	10723	79751	9498	10568	6564	92745	55117	6506	57835	51296	6521	6569	11136	83733	6512	84889	23382	6575	1468	206358	57282	115286	6507	80024	10861	340024	6568	26503	246213	6543	23315	57419	123096	6553	8140	160728	57468	6533	84679	115019	10991	6511	117247	6522	57030	9057	285195	6510	6558	9187	83697	23428	9056	11254	283652	123041	56301	140679	348932	54407	6560	6520	6546	9990	6509	8501	120103	6542	6557	6508	6717	6539	6550	1497	5172	6565	142680	57084	159963	9497	55089	8671	81539	65010	6574	1836	115111	6519	54716	6549	121260
Transport Of Nucleosides And Free Purine And Pyrimidine Bases Across Plasma Membrane R-HSA-83936	292	3177	293	291	2030	9154	23568	402	9153	222962	55315	64078
Transport Of Nucleotide Sugars R-HSA-727802	10559	347734	51000	23169	55343	7355	11046	23443	84912
Transport Of Organic Anions R-HSA-879518	353189	10599	28234	28232	114548	11309	28231	6578	6567	53919	6579
Transport Of Small Molecules R-HSA-382551	9388	6337	480	114	64788	56262	6583	10367	53828	22841	79054	140803	5576	57380	5708	153201	124935	23539	28234	2785	254428	5825	55343	540	6578	144195	9114	1811	6340	9429	2281	5125	20	53373	5710	389812	347	55908	122706	6569	114548	85414	89845	28231	10956	3954	353189	196527	10079	80036	7224	5360	150159	5701	6575	10681	23120	5705	100533105	55107	58157	51076	9296	210	54831	26154	5244	6538	55283	9550	343	30061	6261	219931	108	123096	2030	84679	6037	6248	89872	51706	949	57348	5698	7036	152519	9057	10380	6558	161	6588	5348	57113	94033	347734	293	5046	345	51009	283652	154091	123041	27173	529	56172	348932	84239	5715	6580	9914	10539	245972	8989	10648	2788	6513	6571	495	2495	64241	10599	4018	488	6570	6048	57198	817	6717	284525	374868	26133	1497	5567	55144	6565	5172	142680	8884	55240	1175	7991	649	9497	5713	338440	55515	5683	9376	54822	815	10257	204962	1317	266675	10057	5702	3069	284111	85320	57205	6556	6526	161003	9491	65010	5711	9153	54795	10786	115111	10350	7220	6519	479	5243	51167	7314	133308	4151	444	527	10559	26119	107	6505	55013	64240	1356	10351	6528	23198	79901	54896	5685	64849	7037	11059	9356	57101	361	285335	5350	10213	337	26266	200010	225	55832	348	23568	801	55970	4363	3767	7780	6584	84061	6534	8766	57719	6527	9635	57835	51296	54331	3933	6521	65268	115584	28965	57181	84889	9123	2791	23400	213	283375	57552	57282	22	40	80024	5721	80131	24	5709	246213	59341	6543	4023	534	335	487	6533	57468	255231	1181	117247	64137	6522	388610	114134	2778	57030	65266	1184	285195	90550	57130	79815	10730	57194	6514	6566	3177	11254	492	56301	818	113	3931	1179	148867	6581	10864	259232	7226	2782	5691	10345	9990	56606	51802	762	7225	7439	51599	10312	155066	91749	6509	53822	481	496	120103	1965	2787	55630	11331	55911	7809	80736	123606	27248	5692	60482	112	528	9154	6646	55503	57084	28982	51761	27329	1968	8894	5684	7436	55089	1187	7355	261729	23516	8435	535	79895	65267	10060	29801	53919	760	23200	23327	6524	7223	6549	6530	94015	282679	338	119	121260	7442	51129	6561	23460	2783	5720	6563	538	50617	48	1188	5687	7316	6559	5045	286256	23657	490	5686	127124	389015	111	148229	115	26234	51248	51458	84912	11309	4645	7416	2793	6536	482	5695	7779	5205	57153	5716	286410	6547	483	10723	563	85413	92745	84230	55486	537	6531	64078	5693	292	57185	11136	55129	59345	5718	8454	23491	63982	10349	23382	22802	11194	80727	1211	23461	90423	91319	364	66035	206358	55315	55244	6507	51000	340024	861	1193	64116	84699	25800	57419	51360	160728	115019	6511	26291	51764	10613	5719	28962	8714	9187	19	23446	5573	285175	83697	91445	84102	3934	3949	114757	245973	9056	5034	146802	9194	8504	23443	160	486	54407	6520	6546	7979	8501	169026	3162	2790	2784	116085	6508	9311	376497	10058	682	10577	6446	1180	6550	29850	2786	41	6582	7922	554	23545	6567	118	63924	1173	56302	363	203859	51382	113235	7781	6540	5002	2040	338328	93380	10939	91689	1836	1185	3990	6579	221154	2512	340273	5577	5245	344905	27032	375318	79568	6262	81031	81693	23457	359	10197	5717	3658	4738	6548	23203	1182	6233	284129	6500	28232	344	6529	126969	133418	478	5714	523	51606	1244	51700	11160	8029	10396	64924	23456	155184	8720	4891	5824	6541	526	81614	79751	9498	9197	10568	6564	5700	55117	6506	7018	1071	5578	360	8165	8170	6515	345274	21	83733	51393	6512	9152	143471	57578	533	5696	55356	368	489	816	163	5682	1468	348938	115286	29988	10861	1186	23169	6568	26503	1831	9512	5575	6339	319	84182	759	9058	23315	6553	8140	5349	10062	10991	5706	477	5568	6517	6510	116519	91289	222962	4308	79139	7311	55974	525	5699	5704	23428	11182	3163	6523	6400	8992	402	255738	121601	140679	51128	55676	9619	6560	5690	162514	9861	196883	6263	366	6542	10999	1213	29116	7376	6557	125206	65125	51310	215	6687	606495	6539	29985	341	29986	3077	159963	57192	362	1183	2792	493	7417	5689	10347	8671	5688	81539	23250	23	120	291	94235	9843	55867	144453	6574	55532	57127	1080	5694	23507	6338	286097	54716	7415	30968	11046	50636	6005	7222
Transport Of SLBP Dependant Mature mRNA R-HSA-159230	129401	9818	7175	53371	6396	23511	79902	10189	81929	4686	9972	10482	4928	55746	79023	9688	23165	23225	10762	5903	22916	8086	23279	84659	7884	57122	1977	9883	9631	23636	8021	55706	4927	348995	11097
Transport Of SLBP Independent Mature mRNA R-HSA-159227	129401	9818	7175	53371	6396	23511	79902	10189	81929	4686	9972	10482	4928	55746	79023	9688	23165	23225	10762	5903	22916	8086	23279	84659	57122	1977	9883	9631	23636	8021	55706	4927	348995	11097
Transport Of Vitamins, Nucleosides, And Related Molecules R-HSA-425397	389812	347	292	3933	10559	114548	28231	9154	28965	8884	64078	222962	6567	286256	353189	3177	347734	293	28232	7355	402	51248	23443	55315	84912	28234	291	11309	51000	23169	55343	23568	9153	6578	53919	6579	10599	10999	9197	2030	11046	376497
Transport To Golgi And Subsequent Modification R-HSA-948021	1639	6811	51046	55738	6396	9632	22870	1314	81876	6484	10671	829	22796	2517	1075	90411	10905	4905	10175	22818	4124	93661	10342	84342	51226	3630	55291	51143	25839	830	57511	2525	3998	51693	25834	10652	8702	6708	10427	338596	377	80142	10802	375056	79748	2350	7039	287	149111	80168	10282	4249	4122	9919	6710	1783	286	1113	2683	81562	64377	11258	11316	11196	4121	2804	11282	9476	1778	57134	79090	9334	374	9871	1780	8128	1604	10960	381	51164	83696	9382	2157	966	9554	6480	9486	55014	6399	8703	5861	128637	8615	140735	2801	84364	378	51128	6709	23243	7109	27095	387885	5265	288	9117	8655	8774	2530	126003	2153	2890	254263	1781	6711	54732	10540	91949	8704	22820	100302736	51272	3972	51399	5537	1294	1315	22872	23256	23423	122553	26286	79694	51332	6712	55860	10113	11015	832	10466	10945	9570	116255	1522	83548	346606	64689	11320	84516	10959	11070	9276	11014	10484	372	58485	57731	26984	9331	1453	89866	10121	9527	26958
Triglyceride Biosynthesis R-HSA-75109	57678	23175	392636	2712	116255	150763	346606	8694	80168	64900	9663	84649	2710
Triglyceride Catabolism R-HSA-163560	5578	5499	2168	5567	5568	10226	11343	646486	5501	2167	2172	150379	51099	3991	2173	2820	646480	857	5346	2169	2170	5500	8228
Triglyceride Metabolism R-HSA-8979227	5578	5499	2168	8694	5567	5568	10226	80168	11343	646486	5501	392636	2167	2172	150379	51099	3991	2173	2710	57678	2820	23175	2712	116255	150763	346606	5500	646480	857	5346	2169	2170	64900	9663	84649	8228
Tristetraprolin (TTP, ZFP36) Binds And Destabilizes mRNA R-HSA-450513	167227	51010	7538	118460	54464	22894	23016	54512	56915	5393	7529	23404	55802	9261	3842	11340	51013
Tryptophan Catabolism R-HSA-71240	883	169355	23498	8942	3620	6520	56267	125061	51166	8564	120103	8140	130013	6999
Type I Hemidesmosome Assembly R-HSA-446107	3910	667	3914	3918	1308	977	5339	3691	3655
Tyrosine Catabolism R-HSA-8963684	3242	79969	2954	2184	3081
UCH Proteinases R-HSA-5689603	5720	8331	9958	10197	5717	85235	221613	3607	4738	5687	23198	7316	5686	4798	6233	5685	5708	29844	5714	10213	55252	5695	5716	93973	5700	5710	5693	122706	55777	5718	317772	143471	5696	8338	8473	5682	5701	123228	5705	171023	5721	221656	10445	5709	4092	125476	723790	54617	5706	5698	5719	86	7311	580	5699	3013	92815	5715	5690	5691	7345	9861	154043	11047	7048	7979	7046	5692	283899	5684	5713	51377	5683	5702	54891	5689	221937	7347	5688	9491	8334	5711	7528	7040	5694	3054	83444	114785	79913	728378	8607	5704	7314
Ub-specific Processing Proteases R-HSA-5689880	128312	5720	79589	2648	9960	8331	9958	10474	84669	10197	5717	85235	221613	23198	5687	7316	63891	100287327	5686	80351	6233	5685	7157	219333	5708	5714	440689	10454	8295	10869	10213	8678	91833	4088	57695	7416	4609	5695	9097	9868	4087	5716	3091	8345	993	10868	8342	5700	5710	55611	11232	409	57599	5693	255626	100287178	51651	122706	4086	23358	5728	5718	8341	645836	317772	7375	84132	143471	84749	3416	4303	5696	377630	8338	8975	100287513	64750	401447	7874	3018	55288	5682	5701	6881	8313	79594	85236	5705	100287144	2625	55031	3017	5721	8724	9817	8349	100287441	64135	10010	4193	5709	4092	723790	9986	93624	4194	9099	8517	29761	374	9101	5706	5698	6502	10254	5719	57646	6314	23326	7311	5699	63967	9736	84101	3013	51616	330	1643	7189	81847	4089	23770	92815	5715	5690	25862	329	8737	5691	392188	100287404	100287238	84196	9861	728386	11047	9738	7979	8078	8658	7046	100287364	8900	1540	890	64426	5692	90865	8340	100287205	7353	83844	6885	8312	100287478	11274	5684	408	5713	5683	23032	8970	9146	7417	154	5702	8239	23586	645402	5689	4792	5688	9491	8334	5711	27430	991	8348	9804	1080	5694	6478	8607	5704	7314
Ubiquinol Biosynthesis R-HSA-2142789	57017	51805	57107	23590	51004	84274	27235	10229
Ubiquitin Mediated Degradation Of Phosphorylated Cdc25A R-HSA-69601	5693	5706	5720	122706	5698	5719	5718	10197	5717	23198	5687	143471	7311	7316	5696	5686	5699	6233	5684	5685	5704	5683	5713	5708	5682	5702	5701	5714	5689	5705	5721	10213	1111	5688	5715	5690	9491	5691	5711	5695	9861	7979	11200	5716	5694	5709	993	5700	5710	5692	7314
Ubiquitin-dependent Degradation Of Cyclin D R-HSA-75815	5693	5706	5720	122706	5698	5719	5718	10197	5717	23198	5687	143471	7311	7316	5696	5686	5699	6233	5684	5685	5704	5683	5713	5708	5682	5702	5701	5714	5689	5705	5721	10213	5688	5715	5690	1019	9491	5691	595	5711	2932	5695	9861	7979	5716	5709	5694	5700	5710	5692	7314
Unblocking Of NMDA Receptors, Glutamate Binding And Activation R-HSA-438066	4356	114787	2904	2892	2905	2903	815	1739	816	818	2891	2893	3996	2906	801	4355	2890	88	4747	817
Unfolded Protein Response (UPR) R-HSA-381119	1639	84447	55738	1649	7709	118460	54512	27230	3484	10954	64764	5611	64061	5526	9114	8720	51013	22926	5073	55062	467	56915	3068	9820	811	6347	7094	4800	1663	4801	440	7466	3576	84699	81501	51360	4802	6745	9695	30827	100137049	90993	2135	55033	4000	2137	56005	6734	4189	5393	153222	37	1965	22894	23404	167227	3309	10130	65057	7184	1051	58477	51726	118	22872	51010	10897	9709	1968	8894	8570	2673	10113	9451	11015	9570	2134	468	23016	1054	2931	148327	116138	6464	9797	2081	10106	10525	11340
Unwinding Of DNA R-HSA-176974	64785	4172	9837	51659	4174	84296	4176	4173	84515	4175	8318
Uptake And Actions Of Bacterial Toxins R-HSA-5339562	1938	84168	9899	5608	112755	6616	118429	5045	6416	6843	6844	7296	5609	6857	2984	1839	22987	3326	801	127833	9900	5605	928	3320	5604	10015	5606	6804
Uptake And Function Of Anthrax Toxins R-HSA-5210891	118429	5604	5045	10015	84168	5606	6416	5608	801	5609	5605
Uptake And Function Of Diphtheria Toxin R-HSA-5336415	928	1938	1839	3326	7296	3320
Uptake Of Dietary Cobalamins Into Enterocytes R-HSA-9758881	1504	440387	136541	2694	55788	5826	81693	8029	6947	5646
Urea Cycle R-HSA-70635	445	5009	83884	435	10166	64129	57407	1589	384	162417
VEGF Binds To VEGFR Leading To Receptor Dimerization R-HSA-195399	7423	2324	7422	3791	2277	5228	2321	7424
VEGFA-VEGFR2 Pathway R-HSA-4420097	117145	25759	4893	55615	10006	8874	3709	5335	5586	1495	3690	5290	10458	64223	5579	5580	1535	857	801	558	387	2534	5296	5603	55845	5600	5578	6461	57761	7422	5295	4688	5585	653361	10787	7867	1793	5170	10768	3710	7409	207	5291	3728	10810	9564	3685	23191	7837	4690	5568	6035	998	5590	1499	3791	8440	3071	10163	10000	6093	6714	63916	3229	10152	9261	9844	3708	253260	5567	8936	5747	342977	208	2185	9047	6300	1003	10451	26999	8877	1536	1398	3265	79109	7410	3320	1432	3315	9475	8831	4689	2475
VEGFR2 Mediated Cell Proliferation R-HSA-5218921	5578	3709	5590	4893	5170	3708	10768	8877	5579	3710	5580	7422	3791	8831	3265	5335	801	6714
VEGFR2 Mediated Vascular Permeability R-HSA-5218920	117145	57761	253260	55615	6035	8874	5585	342977	208	1499	5586	1495	1003	10451	64223	5170	857	10000	801	7409	79109	7410	3320	207	3229	3728	2475
VLDL Clearance R-HSA-8964046	7436	55911	341	338	51599
VLDLR Internalisation And Degradation R-HSA-8866427	7316	1173	7311	6233	1211	7314	7436	163	1213	29116	7376	10062	161	255738	1175	160
Vasopressin Regulates Renal Water Homeostasis Via Aquaporins R-HSA-432040	5578	5577	360	54331	51764	2783	107	112	114548	5567	2778	2786	5568	554	59345	359	114	2791	5573	22841	2792	5576	111	115	10681	113	361	94235	2785	2782	4645	2793	2788	55970	196883	5575	84182	108	8766	2787	2790	2784
Vasopressin-like Receptors R-HSA-388479	552	5021	114548	554	5020	553
Vesicle-mediated Transport R-HSA-5653656	9266	338382	7249	201627	89781	57148	5048	5867	117177	10671	51560	9363	60412	10552	1075	1278	79735	5870	7110	738	27183	10905	4905	9183	8976	93661	53407	126432	22879	27314	51143	25839	1601	79961	24137	23431	11154	6708	80142	55707	375056	115548	64786	114548	51510	7039	287	26153	9341	25782	5869	10139	10640	50813	79890	10097	1783	8218	78989	54734	79571	11337	23163	255324	9829	11196	948	8408	127833	2664	29127	51552	55275	55770	4012	950	7082	25996	1778	57134	27348	6869	79090	9648	9871	382	1523	9493	949	5049	51164	2580	9382	161	55014	6399	57165	3799	157807	400966	8685	79058	286451	23216	5861	54885	6810	8615	10920	23166	11127	5571	662	8907	10987	27095	80006	387885	288	130340	2495	113220	2665	2153	9332	9698	22820	156	9847	7184	1175	1315	23423	10228	27243	149371	64746	3833	26130	85021	57679	58513	7251	154	55860	8542	10980	84079	79720	832	9570	51534	1522	9525	23303	102724862	125058	11070	11311	10981	285643	6643	9909	9527	89866	89953	7314	122830	5873	26119	127534	6764	9632	84958	22870	10133	5564	8905	829	11267	7037	5874	51594	22905	4124	54662	9609	84342	10096	348	3630	1861	23095	801	29763	2885	4644	57369	3834	8766	51693	51028	50618	3512	83874	2350	10282	84251	55083	60560	3798	9919	30011	10971	51422	7531	213	8871	2697	9265	9585	1950	25978	9476	23046	22930	23011	7163	8027	207	219770	335	112574	162	2705	23682	374	1604	2803	10254	83696	10808	4627	966	2707	54874	93343	143425	3263	4359	339122	54453	3831	8578	7164	5565	23647	2801	5648	867	7109	4646	9185	5265	3250	221960	29979	6711	10804	55576	9321	7533	54732	23557	84315	100302736	84643	51272	6453	6814	3832	185	4643	81567	51209	1777	1129	122553	1284	117156	6456	10945	51138	26258	83548	2799	9367	55667	27342	2873	58485	81631	10121	338	1277	91782	22931	6811	55738	84316	57589	1122	2069	81876	3257	7316	55330	91683	90411	10260	90196	22818	51160	5563	51226	56992	5321	8675	830	54536	146909	3998	27147	388552	5872	128866	1856	125111	685	10652	259	409	27333	55763	57016	11021	149111	4122	8322	5878	6710	274	23149	1211	23637	250	79958	9179	9685	81562	6457	23265	221458	26000	11316	3835	57465	60684	2804	81930	147700	3312	60592	2060	23396	636	10960	10092	9712	2590	9135	273	8867	8301	3949	128637	9610	7529	3797	7532	140735	55614	160	124602	378	9318	23243	22920	51429	84313	8655	137492	6272	10112	55048	286133	163486	1781	84062	3092	1062	8906	91949	9882	2709	9856	554	10749	547	143187	10244	23256	23299	1173	26286	9146	4481	6844	6712	26088	9371	6305	6857	11015	915	134829	347517	1212	64689	57186	11004	84516	10959	7879	6455	3320	9276	2512	11014	7534	372	163259	6289	6572	2701	57731	1785	1453	51542	2706	10525	2700	1639	414918	9267	6845	6396	1314	4738	2589	201475	83452	6233	284297	10618	3482	920	22796	5050	26052	10175	10342	4943	4074	11336	55291	3796	27131	22878	57511	9455	55357	1282	259173	1759	10427	7018	377	10802	6678	57533	11031	79748	1281	29924	351	811	5286	22898	10094	163	286	2647	9026	10053	11258	374403	2702	57706	11252	29988	7248	9322	116442	6293	4121	23258	107080638	90019	60561	56894	5868	23433	1780	23062	100423062	3575	53632	381	22836	2157	6517	6035	9554	1176	1956	55582	8674	7311	79643	7474	10438	3267	11037	84364	29978	51128	6709	51112	375519	27128	64147	152503	10109	51762	10000	25977	8774	9117	23048	440270	10395	6714	8677	8773	85439	2890	126003	254263	1174	8398	81035	4218	1213	8567	10540	3800	89853	10890	2017	155382	51399	5537	10226	1294	4036	2800	160518	22872	90990	8533	2703	9892	4952	9342	408	51332	208	65264	8673	5898	51271	157	10113	11345	10466	1839	164	29993	5866	81846	10717	10484	1080	6836	92421	26984	5864	26958	8546	55605
Vif-mediated Degradation Of APOBEC3G R-HSA-180585	5693	5706	5720	122706	5698	9978	5719	5718	10197	5717	23198	5687	143471	7311	7316	5696	5686	5699	6233	5684	5685	5704	5683	5713	60489	5708	5682	5702	5701	5714	6921	5689	5705	5721	10213	5688	5715	5690	9491	5691	5711	5695	9861	7979	5716	5709	5694	6923	5700	5710	5692	8065	7314
Viral Messenger RNA Synthesis R-HSA-168325	129401	9818	7175	53371	6396	23511	79902	81929	26354	55193	9972	4928	5432	55746	79023	5435	5436	9688	23165	26258	23225	5440	5433	5439	10762	5903	5441	5434	8086	23279	5430	84659	5437	5431	57122	9883	9631	23636	5438	8021	55706	2963	2962	4927	348995	11097
Viral mRNA Translation R-HSA-192823	9045	6192	25873	6181	6188	6164	6233	3921	6129	6136	6130	140032	5611	2197	6193	6208	6157	6205	6207	116832	6210	6132	28998	6166	6229	6143	6144	200916	6165	6141	6218	6227	6228	6156	51187	6194	6147	6161	26354	6209	6201	140801	6155	7504	6138	4736	6232	6142	6203	6160	6124	6135	6234	51121	6189	6128	6125	6217	7311	6123	6159	6175	6168	9349	6169	6176	6224	6167	6173	6223	6204	6146	6171	6187	6230	6158	55193	6122	6206	23521	11224	51065	26258	6235	6170	6154	2926	6202	6191
Virus Assembly And Release R-HSA-168268	821	55193	811	26258	7504	26354
Visual Phototransduction R-HSA-2187338	221914	23173	51109	83875	54884	344	4647	10988	6383	2339	5957	5475	9626	6017	337	8644	348	801	1259	3000	2239	5578	57016	101060233	7804	55937	64220	10082	9227	6385	9397	6011	10681	121214	8608	24	4836	1208	4023	335	2262	5959	5145	2986	5588	79823	9672	5148	10170	6010	9187	5950	10438	2719	3949	345	375790	3292	2817	2782	9249	5406	1645	2979	5947	285440	7276	4036	6382	9616	157506	2792	8630	5158	151056	26020	158835	5956	2779	388531	6121	222236	23504	3339	2868	338328	5949	29967	1258	131890	50700	1109	53630	145226	338
Vitamin B1 (Thiamin) Metabolism R-HSA-196819	10560	27010	80704	79178	60386
Vitamin B2 (Riboflavin) Metabolism R-HSA-196843	55065	55312	80308	79581	113278	54	5167
Vitamin B5 (Pantothenate) Metabolism R-HSA-199220	2194	51248	8876	5168	53354	60496	5169	80347	8875	8034	79717	79646	80025	8884	5167	60490	55229
Vitamin C (Ascorbate) Metabolism R-HSA-196836	1727	9963	6515	1528	119391	9446	6513
Vitamin D (Calciferol) Metabolism R-HSA-196791	2638	26119	5641	1591	7421	51588	6613	8029	4036	7329	1594	120227
Vitamins R-HSA-211916	1591	56603	340665	1592	1594	120227
Voltage Gated Potassium Channels R-HSA-1296072	7881	90134	131096	81033	3785	3786	3745	9312	3749	9132	3784	56479	8514	93107	23416	3790	3755	9196	3744	3736	3737	3752	3788	3743	3738	3754	3757	3742	3741	27012	23415	169522	26251	3751	170850	3750	3739	27133	3746	3756	3787	3748	3747
Vpr-mediated Nuclear Import Of PICs R-HSA-180910	129401	9818	7175	53371	6396	23511	79902	3159	81929	84251	3836	9972	4928	8815	55746	79023	11168	9688	23165	23225	10762	5903	8086	23279	84659	57122	9883	9631	23636	8021	55706	4927	348995	11097
Vpu Mediated Degradation Of CD4 R-HSA-180534	5693	8945	5706	5720	122706	5698	5719	5718	10197	5717	23198	5687	143471	7311	7316	5696	5686	5699	6233	6500	5684	5685	5704	5683	5713	5708	920	5682	5702	5701	5714	5689	5705	5721	10213	5688	5715	5690	9491	5691	5711	5695	9861	7979	5716	5709	5694	5700	5710	5692	7314
VxPx Cargo-Targeting To Cilium R-HSA-5620916	55763	80142	6010	10640	149371	117177	1262	60412	378	23265	11336	25865	1260	50807	1258	54536	55770	5310	8766	4218	9727
WNT Ligand Biogenesis And Trafficking R-HSA-3238698	7472	7482	7478	7471	7484	51384	50999	7474	64840	7479	7473	81029	7483	7481	8724	51699	7477	7476	54361	55737	79971	7475	9559	80326	89780	7480
WNT Mediated Activation Of DVL R-HSA-201688	8395	1857	1856	1460	1459	102800317
WNT5A-dependent Internalization Of FZD2, FZD5 And ROR2 R-HSA-5140745	1173	7474	2535	1211	1212	163	1213	6095	161	1175	160
WNT5A-dependent Internalization Of FZD4 R-HSA-5099900	5578	1173	8322	7474	5582	1211	1212	1856	5579	163	1213	161	1175	409	160
Wax And Plasmalogen Biosynthesis R-HSA-8848584	158833	55711	84188	8540	25979	8443	158835
XBP1(S) Activates Chaperone Genes R-HSA-381038	1639	84447	2135	55738	55033	3068	10130	65057	4000	7709	2137	58477	51726	118	22872	9820	56005	10897	7094	6734	2673	1663	27230	10954	10113	5611	11015	9570	64061	4189	2134	2931	5526	9114	7466	116138	37	6464	9797	55062	6745	10106	9695	30827	10525	100137049
Xenobiotics R-HSA-211981	1571	375056	1548	1558	54905	64816	1557	1543	1553	1549	1559	1572	1576	1577	196	29785	1562	1573	1555	57491	9915	1544
YAP1- And WWTR1 (TAZ)-stimulated Gene Expression R-HSA-2032785	8463	1482	7003	2626	1490	25937	8850	28996	860	7004	7005	204851	4878	6910	10413
ZBP1(DAI) Mediated Induction Of Type I IFNs R-HSA-1606322	1660	5970	3551	28511	3661	81030	29110	4790	23220	148022	4791	1147	28512	4793	4792	7098	11035	147945	8737	4615	8517
Zinc Efflux And Compartmentalization By SLC30 Family R-HSA-435368	55676	148867	7780	169026	7781	64924	7779
Zinc Influx Into Cells By SLC39 Gene Family R-HSA-442380	283375	29985	23516	55630	7922	29986	57181	27173	25800	64116
Zinc Transporters R-HSA-435354	55676	148867	7780	283375	29985	23516	55630	169026	7922	29986	7781	64924	57181	27173	7779	25800	64116
Activated TAK1 Mediates P38 MAPK Activation R-HSA-450302	64127	5608	387522	10392	6885	7867	10454	7189	7334	3656	8767	23118	1432	5606	5600	257397	8517	3654	9261
Alpha-Linolenic (Omega3) And Linoleic (Omega6) Acid Metabolism R-HSA-2046104	4593	51	3295	83401	10005	64834	2180	10388	30	60481	9415	215	54898
cGMP Effects R-HSA-418457	10335	5136	5138	3708	3778	27094	5593	5152	10846	5153	3779	50940	8654	5592	27345
eNOS Activation R-HSA-203615	207	10434	342977	114757	23564	857	6869	801	23576	340481	3320
mRNA 3-End Processing R-HSA-72187	102724594	9295	6427	11052	51213	10569	84321	6430	6429	51692	199746	10189	55110	10898	23283	4686	81608	10212	10921	29894	84271	7919	9775	79869	6432	55339	10250	84248	8106	65109	11338	80145	11051	22916	57187	1477	8563	79228	1478	1479	9939	26097	6426	9877	9984	10914	22794	9785	53981	84324	51585	8683	81035	8189	6431	4116	51362	6428
mRNA Capping R-HSA-72086	2965	2068	4686	2966	5432	2968	5436	5435	4331	5440	5433	5439	5441	22916	2967	5434	5430	902	8731	404672	5431	5437	2071	8732	5438	1022	2963	2962	6829
mRNA Editing R-HSA-75072	29974	103	339	104	403314	10930	164668	27350	9582
mRNA Splicing - Major Pathway R-HSA-72163	10421	9128	51340	23451	8896	10569	83443	199746	84991	3183	4686	51691	81608	10921	29894	6637	10262	53938	5093	57819	25949	9775	10992	6634	55339	10250	3178	22827	9879	79171	11338	84844	1477	5437	56949	9939	2521	22794	9785	27238	8189	6434	6431	2963	2962	3190	3188	4116	1994	3191	6428	9295	11052	1660	6430	51692	27258	3187	5432	8449	6628	10450	5435	4809	11157	85313	1655	84950	8106	9410	11051	3184	10594	57794	1478	5431	3312	285755	11017	10285	56259	55696	220988	10772	51362	5725	1993	23450	102724594	51639	6427	10181	6626	7536	55110	6627	1665	988	23283	23517	6631	10084	10465	10283	10907	8175	24148	10946	79869	6432	23658	26121	57703	5433	5440	65109	5439	9092	5441	10291	23020	51503	22916	54883	5434	11193	5430	10236	9129	1479	55660	6426	6625	10713	10523	53981	5438	8683	9343	81035	10949	6633	5094	51593	51645	6636	27339	4904	3181	6429	4670	10286	23350	3185	10898	10189	22938	5546	6638	11325	55749	9716	11100	51729	51690	23398	5436	9416	24144	3192	5356	27316	6936	25804	10914	51585	6629	23524	6635	22826
mRNA Splicing - Minor Pathway R-HSA-72165	6636	55599	51639	23451	6427	4904	83443	11066	55954	4686	11325	6637	10262	5432	10907	6628	24148	6634	10992	6432	5436	5435	85437	5433	9416	5440	5439	23020	8233	5441	9410	10081	79622	22916	10594	5434	5430	5431	5437	6426	5438	154007	9343	6431	2963	2962	6635	6633	23450
mRNA Splicing R-HSA-72172	10421	9128	51340	23451	8896	10569	83443	199746	84991	3183	4686	51691	81608	10921	29894	6637	10262	53938	5093	57819	25949	9775	10992	6634	55339	10250	3178	22827	9879	79171	11338	8233	10081	79622	84844	1477	5437	56949	9939	2521	22794	9785	27238	8189	6434	6431	2963	2962	3190	3188	4116	1994	3191	6428	9295	11052	1660	6430	51692	27258	3187	5432	8449	6628	10450	5435	4809	11157	85313	1655	84950	8106	9410	11051	3184	10594	57794	1478	5431	3312	285755	11017	10285	56259	55696	220988	10772	51362	5725	1993	23450	102724594	55599	51639	6427	10181	11066	6626	7536	55954	55110	6627	1665	988	23283	23517	6631	10084	10465	10283	10907	8175	24148	10946	79869	6432	23658	26121	57703	5433	5440	65109	5439	9092	5441	10291	23020	51503	22916	54883	5434	11193	5430	10236	9129	1479	55660	6426	6625	10713	10523	53981	5438	8683	9343	81035	10949	6633	5094	51593	51645	6636	27339	4904	3181	6429	4670	10286	23350	3185	10898	10189	22938	5546	6638	11325	55749	9716	11100	51729	51690	23398	5436	85437	9416	24144	3192	5356	27316	6936	25804	10914	154007	51585	6629	23524	6635	22826
mRNA Decay By 3 To 5 Exoribonuclease R-HSA-429958	51010	118460	10767	22894	23016	54512	56915	5393	9652	80349	23404	6499	28960	115024	11340	51013
mRNA Decay By 5 To 3 Exoribonuclease R-HSA-430039	167227	25804	196513	1656	54464	57819	23644	55802	219988	51690	23658	80153	27258	11157	27257
mTORC1-mediated Signaling R-HSA-166208	58528	10670	57521	64121	10542	6194	2280	7529	1975	84335	6009	10325	153129	55004	64223	1978	28956	8649	1977	6198	29904	1981	2475	389541
Mitochondrial Fatty Acid Beta-Oxidation Of Saturated Fatty Acids R-HSA-77286	1892	3033	37	33	34	142827	3032	3030	35	51102	6296
Mitochondrial Fatty Acid Beta-Oxidation Of Unsaturated Fatty Acids R-HSA-77288	33	34	1632	3030	3032	1666
p130Cas Linkage To MAPK Signaling For Integrins R-HSA-372708	5908	7450	5906	2244	7094	54518	3674	5747	1398	2335	2243	2266	6714	3690	9564
p38MAPK Events R-HSA-171007	1432	4893	5603	5600	5899	3265	7867	5898	6300	5900	6714	9261
p53-Dependent G1 DNA Damage Response R-HSA-69563	5693	5706	1017	51230	122706	5698	5720	25946	5719	5718	10197	5717	5710	23198	5687	143471	472	7311	7316	5696	5686	5699	6233	898	5684	5685	7157	5683	5713	5708	1029	5682	5702	5701	5714	5705	5689	57060	114769	1026	10213	5721	5688	5692	5715	9134	5690	9491	5691	5711	5695	9861	4193	11200	5716	5694	5709	7979	1027	4194	8900	5700	890	5704	7314
P75 NTR Receptor-Mediated Signaling R-HSA-193704	25791	22899	8874	3551	84894	4804	7316	445328	6233	8997	5599	7204	50649	389337	10672	5584	387	29	4615	23229	7074	3654	22986	100271715	5970	6868	27018	23365	23421	54848	5664	7531	2245	9181	55160	836	8841	9826	7409	8767	3066	9500	57580	396	4099	9138	57142	11108	6035	55701	7311	26230	64857	128272	4974	6655	7189	9459	8878	9828	83464	572	4168	9639	23385	4803	5663	6453	84033	23370	121512	6654	3065	4790	55851	26574	11214	5924	84904	7984	835	55119	10451	4792	50650	1894	6610	7410	57449	51107	27237	26084	23263	10018	7314
p75NTR Negatively Regulates Cell Cycle Via SC1 R-HSA-193670	3065	8841	11108	4803	3066	4804
p75NTR Recruits Signaling Complexes R-HSA-209543	7316	7311	7189	6233	4615	4803	3551	8878	5584	8767	4804	3654	7314
p75NTR Regulates Axonogenesis R-HSA-193697	387	57142	396	4168	4099	4803	84894	4804	4974
p75NTR Signals Via NF-kB R-HSA-193639	7316	7311	4792	7189	4790	6233	4615	5970	4803	3551	8878	5584	8767	4804	3654	7314
rRNA Modification In Mitochondrion R-HSA-6793080	29960	55178	387338	51106	130916	79922
rRNA Modification In Nucleus And Cytosol R-HSA-6790901	10528	51096	23160	84916	27340	10436	114049	6194	54433	10199	51504	11056	6187	57050	9724	84888	5822	10607	6201	55127	115939	84128	55623	57647	55813	25879	51602	56902	9277	2091	54555	65083	79050	4809	51118	88745	27042	92856	6208	6203	1736	10885	25926	51077	55505	8602	10813	11103	55651	10171	134430	4839	27341	22984	51202	55226	84135	9790	9136	27292
rRNA Processing R-HSA-72312	9045	84916	6192	25873	6181	117246	6188	84888	6164	9724	5822	118460	55127	6233	3921	6129	115939	6136	54512	51602	6130	140032	88745	10969	2197	6193	10200	6208	79897	6157	6205	6207	116832	23246	51013	55505	6210	6132	11103	10171	28998	6166	6229	6143	6144	200916	26168	6165	102800317	56915	5394	6141	6218	51096	10556	6227	51118	27340	6228	6156	51187	54913	6194	55720	54433	27043	6147	6161	26354	6209	10607	55781	6201	140801	6155	84128	10557	83732	55813	2091	54555	6138	4736	4809	79050	27042	6232	6142	6203	6160	6124	54606	55651	6135	134430	4839	27341	22984	55226	54931	6234	23076	9136	51121	23160	10799	84946	3028	10436	51388	114049	6189	10199	51504	11056	6128	23481	6125	6217	23517	7311	6123	6159	10438	55623	6175	387338	6168	56902	65083	79922	9349	1736	705	5393	11102	10885	25926	55131	80331	6169	10813	8602	6176	6224	28987	22894	6167	6173	51202	6223	23404	8780	27292	90459	10528	81887	81875	6204	51106	6171	6146	57418	130916	6187	57050	6230	51010	6158	60528	57647	9277	25879	6122	6191	6206	23521	11224	51065	6235	92856	55759	23016	79159	6170	54881	51077	9692	22803	29960	6154	55178	1453	84135	9790	79707	6202	11340
rRNA Processing In Mitochondrion R-HSA-8868766	29960	60528	3028	55178	79922	387338	51106	54931	130916	9692
rRNA Processing In Nucleus And Cytosol R-HSA-8868773	9045	84916	6192	25873	6181	117246	6188	84888	6164	9724	5822	118460	55127	6233	3921	6129	115939	6136	54512	51602	6130	140032	88745	10969	2197	6193	10200	6208	79897	6157	6205	6207	116832	23246	51013	55505	6210	6132	11103	10171	28998	6166	6229	6143	6144	200916	26168	6165	102800317	56915	5394	6141	6218	51096	10556	6227	51118	27340	6228	6156	51187	54913	6194	55720	54433	27043	6147	6161	26354	6209	10607	55781	6201	140801	6155	84128	10557	83732	55813	2091	54555	6138	4736	4809	79050	27042	6232	6142	6203	6160	6124	54606	55651	6135	134430	4839	27341	22984	55226	6234	23076	9136	51121	23160	10799	84946	10436	51388	114049	6189	10199	51504	11056	6128	23481	6125	6217	23517	7311	6123	6159	10438	55623	6175	6168	56902	65083	9349	1736	705	5393	11102	10885	25926	55131	80331	6169	10813	8602	6176	6224	28987	22894	6167	6173	51202	6223	23404	8780	27292	90459	10528	81887	81875	6204	6146	6171	57418	6187	57050	6230	51010	6158	57647	9277	25879	6122	6191	6206	23521	11224	51065	6235	92856	55759	23016	79159	6170	54881	51077	22803	6154	1453	84135	9790	79707	6202	11340
tRNA Aminoacylation R-HSA-379724	16	25973	57038	1615	55699	7453	57505	7965	3735	4677	3376	7407	27068	55157	80222	4141	10352	57176	10667	2617	3035	79587	2058	51067	8565	92675	124454	54938	6301	51520	833	2193	92935	5464	5917	9521	5859	79731	23395	10056	6897	9255
tRNA Modification In Mitochondrion R-HSA-6787450	25821	80324	3028	84705	54802	54931	55006	55687	9692
tRNA Modification In Nucleus And Cytosol R-HSA-6782315	113179	8270	112858	54974	54802	79691	93587	51504	55644	129450	60487	54901	54920	152992	55039	63892	51605	4234	127253	57570	221078	54517	91801	10785	83480	54482	55687	24140	115708	81890	57604	80324	90353	81605	9836	348180	23536	54888	134637	55253	2058	1787
tRNA Processing R-HSA-72306	25821	113179	11260	6396	54901	29894	152992	55039	23165	4234	221078	79897	5901	5903	10785	54482	55687	24140	57604	339487	81605	8021	9836	348180	84705	11097	129401	9818	10556	7175	51637	112858	54913	54974	60487	9972	10557	55746	79023	283989	79042	9688	10762	91801	116461	23279	84659	1478	80746	57122	51367	9631	54931	55253	23636	1787	283742	10799	3028	51095	54802	23511	93587	51504	79691	81929	129450	4928	286430	51605	127253	54517	11102	83480	115708	81890	81035	55706	23536	54888	4927	1653	8270	53371	79902	10898	55644	54920	10248	60528	260434	63892	57570	23225	51493	8086	9692	9883	80324	90353	134637	55006	348995	2058
tRNA Processing In Mitochondrion R-HSA-6785470	60528	3028	51095	54931	9692
tRNA Processing In Nucleus R-HSA-6784531	129401	1653	9818	10556	7175	283742	10799	51637	11260	53371	6396	54913	51095	23511	79902	10898	81929	9972	29894	10248	4928	60528	10557	55746	79023	260434	283989	79042	286430	9688	23165	23225	10762	51493	79897	5901	5903	11102	116461	8086	23279	84659	1478	80746	57122	9883	51367	339487	9631	8021	81035	55706	11097	4927	348995	23636
trans-Golgi Network Vesicle Budding R-HSA-199992	80142	6845	2580	7164	1176	81567	1777	351	5878	27243	8905	55330	157807	64746	4952	1211	408	5286	8301	10618	286451	8673	9146	3482	54885	9179	2647	6810	9685	9026	7037	10053	6456	9829	26258	134829	8907	1522	23557	1212	2799	4074	152503	27131	2804	51429	164	9476	130340	25977	2495	6272	7163	2512	10717	9455	388552	3312	8773	6844	1174	84062	1785	1213	9698	162	6643	23431	11154	8906	8546
vRNP Assembly R-HSA-192905	55193	26258	3843	26354	3320
