2-LTR Circle Formation	7518	7520	11168	8815	3981	2547	3159
A Tetrasaccharide Linker Sequence Is Required for GAG Synthesis	1462	64132	11285	3339	135152	2817	64131	6382	126792	10675	63827	221914	1464	26229	2239	1463	10082	2719	6385	2262	633	27087	6383	375790	1634	9672
ABC Transporter Disorders	5691	6048	5683	5692	19	5719	9861	51009	368	10956	11047	1080	335	10060	5687	5688	6233	11160	91445	5700	5689	10058	21	6833	5682	91319	5702	5707	26154	5714	7979	5713	8647	3767	7415	7314	5705	10613	5693	5684	5709	64241	5704	5244	6400	55788	5717	27248	5718	5701	5686	79139	64240	7316	5706	5694	1244	10213	5695	5690	5708	215	7311	5826	5685
ABC Transporters in Lipid Homeostasis	23460	10349	21	225	5825	64241	64240	26154	64137	9619	335	5824	10350	8504	215	23461	20	10347
ABC-family Proteins Mediated Transport	5691	6048	5692	10956	10060	5824	11160	91445	10058	5682	1965	91319	26154	5713	23461	23457	6400	23456	5244	7316	1968	5695	7311	5719	51009	64137	10351	21	7979	5702	7415	10613	64241	9619	27248	20	22	10347	5686	23	10213	5243	9861	368	11047	1080	335	6233	5688	10349	5689	23460	225	7314	5705	5693	5717	5701	340273	4363	10257	5694	24	10350	5690	5683	5825	5687	10057	11194	5700	5714	5707	3767	5684	5709	5704	8894	89845	5718	8714	79139	64240	5706	85320	1244	8504	5708	215	5685
ADORA2B Mediated Anti-Inflammatory Cytokines Production	136	2788	115	114	346562	2778	2770	5575	5573	112	54331	5576	94235	111	5568	2792	2793	109	2771	1385	5567	55970	59345	108	10681	2786	196883	2781	2785	5566	2782	51764	2791	2787	3569	2784	2783	5613	113	2773	107	2790	5577
ADP Signalling Through P2Y Purinoceptor 1	2788	6714	54331	2776	94235	2792	2793	2769	55970	59345	2767	5028	2786	2785	9630	2782	5321	2791	1432	2787	2790	2784	2783	10681	51764
ADP Signalling Through P2Y Purinoceptor 12	2788	346562	2770	54331	94235	2792	2793	2771	55970	59345	64805	2786	2785	2782	2791	2787	2790	2784	2783	2773	10681	51764
AKT Phosphorylates Targets in the Cytosol	208	7249	572	1147	23608	2932	84335	1027	2931	10000	207	4193	1026	842
AKT Phosphorylates Targets in the Nucleus	208	4303	3164	2309	10000	207	100132074	6199	2308	1385
ALK Mutants Bind TKIs	57448	238	27436	1213	9451	2335	53335	4869	5573	6801	5495	3092
AMPK Inhibits chREBP Transcriptional Activation Activity	51094	6794	9370	79602	5565	5563	51422	51085
APC Truncation Mutants Have Impaired AXIN Binding	5519	5518	5529	5528	2932	139285	5525	324	5516	5515	1452	8312	5527	5526
APC-Cdc20 Mediated Degradation of Nek2A	25906	8697	701	4085	6233	11065	27338	8881	7324	119504	7314	51529	64682	51434	29882	9184	246184	4751	996	7321	10393	991	51433	29945	7316	7311
APC C-mediated Degradation of Cell Cycle Proteins	5691	25906	983	5683	5692	5719	9861	51343	11047	8697	701	4085	5347	8900	5687	5688	6233	9232	5700	5689	1017	5682	6790	5714	7979	11065	5702	5707	26271	890	5713	27338	8881	891	7324	119504	7314	51529	5705	64682	5693	51434	5684	5709	5704	29882	9184	246184	8556	4751	5717	6500	5718	996	7321	10393	5701	991	5686	51433	5925	29945	7316	5706	8454	5694	9212	8945	10213	5695	5690	5708	6502	7311	5685
APC C Cdc20 Mediated Degradation of Cyclin B	25906	983	8697	6233	11065	27338	8881	891	7324	119504	7314	51529	64682	51434	29882	246184	996	7321	10393	991	51433	29945	7316	7311
APC C Cdc20 Mediated Degradation of Securin	5691	25906	5683	5692	9861	5719	11047	8697	6233	5687	5688	9232	5700	5689	5682	5714	7979	11065	5702	5707	5713	27338	8881	7324	119504	7314	51529	5705	64682	5693	51434	5684	5709	5704	29882	246184	5717	5718	996	7321	10393	5701	991	5686	51433	29945	7316	5706	5694	10213	5695	5690	5708	7311	5685
APC C Cdc20 Mediated Degradation of Mitotic Proteins	5691	25906	983	5683	5692	5719	9861	11047	8697	701	4085	6233	8900	5687	5688	9232	5700	5689	5682	5714	7979	11065	5702	5707	890	5713	27338	8881	891	7324	119504	7314	51529	5705	64682	5693	51434	5684	5709	5704	29882	9184	246184	4751	5717	5718	996	7321	10393	5701	991	5686	51433	29945	7316	5706	5694	10213	5695	5690	5708	7311	5685
APC C Cdh1 Mediated Degradation of Cdc20 and Other APC C Cdh1 Targets in Late Mitosis Early G1	5691	25906	5683	5692	9861	5719	51343	11047	8697	6233	5347	5687	5688	9232	5700	5689	5682	6790	5714	7979	11065	5702	5707	5713	27338	8881	7324	119504	7314	51529	5705	64682	5693	51434	5684	5709	5704	29882	246184	5717	5718	996	7321	10393	5701	991	5686	51433	5925	29945	7316	5706	5694	9212	10213	5695	5690	5708	6502	7311	5685
APC Cdc20 Mediated Degradation of Cell Cycle Proteins Prior to Satisfation of the Checkpoint	5691	25906	983	5683	5692	5719	9861	11047	8697	701	4085	6233	8900	5687	5688	5700	5689	5682	5714	7979	11065	5702	5707	890	5713	27338	8881	7324	119504	7314	51529	5705	64682	5693	51434	5684	5709	5704	29882	9184	246184	4751	5717	5718	996	7321	10393	5701	991	5686	51433	29945	7316	5706	5694	10213	5695	5690	5708	7311	5685
APEX1-Independent Resolution of AP Sites via the Single Nucleotide Replacement Pathway	4968	79661	3980	7515	252969	11284	5423
APOBEC3G Mediated Resistance to HIV-1 Infection	11168	60489	8815	5478	3159
ARMS-mediated Activation	4803	1398	4914	7529	5906	57498	673
ATF4 Activates Genes in Response to Endoplasmic Reticulum Stress	3484	51010	5073	51013	167227	54512	6347	3576	467	4800	8570	1051	5393	23404	9709	11340	22926	22894	1649	56915	4802	118460	440	4801	23016	468	1054
ATF6 (ATF6-alpha) Activates Chaperone Genes	3309	22926	7494	4800	4801	1649	468	811	4802	7184
ATF6 (ATF6-alpha) Activates Chaperones	3309	22926	7494	4800	4801	8720	1649	51360	468	811	4802	7184
AUF1 (hnRNP D0) Binds and Destabilizes mRNA	5691	5683	5692	9861	5719	11047	6233	5687	3303	5688	5708	5700	5689	5682	5714	7979	5702	5707	5713	7314	5705	5693	5684	5709	5704	26986	5717	5718	3312	3281	5701	5686	7316	5706	5694	10213	1981	5690	3184	5695	7311	5685
AURKA Activation by TPX2	983	79441	3320	9814	1069	54801	54930	93323	7846	10540	7532	9662	22995	11258	5347	10806	22974	8655	1639	55755	3161	80254	84131	8636	8481	55722	6790	23354	79959	80184	4957	10121	9702	22919	121441	23332	115106	1781	1778	22897	5518	55142	11116	11190	10733	80321	1453	10383	55125	4751	11064	5566	10382	7283	1454	54820	5048	9738	5116	7277	55559	95681	5108	9793	10142	7531	7840	22981	203068	22994	5577
AXIN Missense Mutants Destabilize the Destruction Complex	5519	5518	5529	5528	2932	139285	5525	324	5516	5515	1452	8312	5527	5526
Abacavir ADME	9429	124	5243	22978	6580	6581	6582	5105
Abacavir Transmembrane Transport	9429	5243	6580	6581	6582
Aberrant Regulation of Mitotic G1 S Transition in Cancer Due to RB1 Defects	1021	595	1017	1870	5925	1028	7027	1027	898	1869	9134	1019	1871	1026	894	7029	896
Aberrant Regulation of Mitotic Cell Cycle Due to RB1 Defects	1021	25906	51343	1028	7027	8697	595	1017	1870	11065	898	1869	27338	1026	8881	7324	119504	51529	64682	51434	29882	246184	9134	1871	996	7321	10393	7029	896	51433	5925	29945	1027	1019	6502	894
Aberrant Regulation of Mitotic Exit in Cancer Due to RB1 Defects	25906	51343	8697	11065	27338	8881	7324	119504	51529	64682	51434	29882	246184	996	7321	10393	51433	5925	29945	6502
Abortive Elongation of HIV-1 Transcript in the Absence of Tat	5430	5439	25920	5441	9150	5435	2963	5432	4686	5436	5438	22916	5437	6829	5431	7469	6827	2962	5440	51497	5434	7936	5433
Acetylcholine Neurotransmitter Release Cycle	6616	1103	22999	6844	8500	60482	9256	6572	6804	6857	5864	8499	8497	10815	6812	10497	8541
Acetylcholine Binding and Downstream Events	1137	1139	1144	1141	1142	55584	1145	1134	1138	1146	1143	1136	1135	8973
Acetylcholine Inhibits Contraction of Outer Hair Cells	3778	3779	55584	3781	57053
Acetylcholine Regulates Insulin Secretion	1131	23236	2776	2767	9630	4082	2769	5578	5330	5331
Acrosome Reaction and Sperm Oocyte Membrane Binding	100129669	126123	49	284359	113177	928
Activated NOTCH1 Transmits Signal to the Nucleus	54567	102	142678	113878	6233	92737	182	409	4851	57534	1272	8650	7314	7311	23220	83464	408	9148	23385	3714	51107	83737	54492	55851	6868	7316	5664	8788	5663	28514	1840
Activated NTRK2 Signals Through CDK5	5879	627	6035	8851	4915	1020	7074
Activated NTRK2 Signals Through FRS2 and FRS3	2885	3845	627	10817	10818	5781	4915	4893	3265	4909	6654
Activated NTRK2 Signals Through FYN	1795	5879	627	6035	4915	6714	2904	2534
Activated NTRK2 Signals Through PI3K	2885	5295	2549	627	4915	4909	5290
Activated NTRK2 Signals Through RAS	2885	6464	3845	627	4915	4893	3265	4909	6654
Activated NTRK3 Signals Through PI3K	4916	5295	4908	3667	6714	5290
Activated NTRK3 Signals Through RAS	2885	6464	4908	3845	4893	3265	4916	6654
Activated PKN1 Stimulates Transcription of AR (Androgen Receptor) Regulated Genes KLK2 and KLK3	128312	8348	8334	3013	23028	474382	8341	8349	367	354	55766	94239	8338	8342	8345	8970	10499	3018	255626	23081	8331	54145	3817	5585	8340	3017	85236
Activated Point Mutants of FGFR2	2255	2253	2249	26281	2248	8817	2250	2263	8823	8074	2246	8822	2254	2252	2247	27006	2251
Activation of AMPK Downstream of NMDARs	5571	7846	81027	4137	7278	7280	347688	10381	5563	5564	260334	84790	51807	10383	79861	112714	53632	801	10645	10382	51422	5562	347733	7277	84617	10376	5565	80086
Activation of APC C and APC C Cdc20 Mediated Degradation of Mitotic Proteins	5691	25906	983	5683	5692	5719	9861	11047	8697	701	4085	5347	8900	5687	5688	6233	9232	5700	5689	5682	5714	7979	11065	5702	5707	890	5713	27338	8881	891	7324	119504	7314	51529	5705	64682	5693	51434	5684	5709	5704	29882	9184	246184	4751	5717	5718	996	7321	10393	5701	991	5686	51433	29945	7316	5706	5694	10213	5695	5690	5708	7311	5685
Activation of ATR in Response to Replication Stress	8317	545	55388	5884	63967	23594	4172	23595	5984	5810	4173	1017	4174	4171	4998	5883	995	84126	1111	5985	6119	5982	10926	3364	6118	5000	4175	4999	990	4176	6117	8318	84515	144715	5983	993	5001
Activation of BAD and Translocation to Mitochondria	10971	208	572	637	596	7533	7529	7532	2810	207	10000	5534	7531	7534	5533
Activation of BH3-only Proteins	10971	208	7161	5599	596	7027	7532	7159	5534	8626	8655	5533	23368	7157	140735	1869	10000	572	7533	7529	5366	90427	7029	27113	637	2810	207	10018	7531	7534
Activation of C3 and C5	718	720	5199	629	717	727
Activation of Ca-permeable Kainate Receptor	1741	2898	2901	2899	1739	1742	801	2900	83988	2897
Activation of G Protein Gated Potassium Channels	3763	2788	9568	3765	3759	54331	3773	3768	94235	2792	2793	55970	59345	2786	2550	2785	2782	3762	2791	3772	3761	3766	2787	2790	3760	2784	2783	10681	51764
Activation of GABAB Receptors	3763	2788	115	114	346562	9568	2770	3765	3759	112	54331	2774	3773	3768	94235	111	2792	2793	109	2771	55970	59345	108	10681	2786	196883	2550	2785	2782	51764	3762	2791	3772	3761	3766	2787	3760	2784	2783	113	2773	107	2790
Activation of HOX Genes During Differentiation	3013	3200	23054	5430	8349	5439	3212	5087	8202	58508	11091	9611	5436	5931	5431	7703	6256	3211	10664	5914	3232	128312	8334	7403	7528	5915	4211	55766	3213	3725	9935	5080	8345	1959	8726	8331	8340	9070	5434	2033	5437	9125	8348	8085	3233	5441	5432	9063	8841	1387	22976	5438	23512	8342	8970	2146	84962	3018	5916	54145	5440	3231	5433	3199	474382	8341	5316	5435	94239	79447	84661	3214	8338	57472	3198	3221	255626	63925	5928	3201	3017	85236	5929
Activation of IRF3, IRF7 Mediated by TBK1, IKKε (IKBKE)	929	7099	3661	148022	100302736	23098	10133	7316	10010	6233	5781	7187	29110	3665	9641	7311	7314	23643
Activation of Matrix Metalloproteinases	4316	4320	7076	4326	4318	1511	4317	4324	1991	10893	5645	1504	50859	440387	4314	3818	80781	1215	4325	5644	4319	7177	64386	4322	4313	3817	5340	7077	4323	1515	1513	5045	4312
Activation of NF-kappaB in B Cells	5691	5683	5692	9861	5579	5719	4794	11047	5690	6233	5687	10892	5688	5966	5700	5689	8517	5682	5714	1147	7979	5702	5707	4792	5713	4793	7314	5970	84433	5705	5693	5684	5709	5704	5717	6500	5718	23291	8915	5701	5686	6885	7316	5706	8454	5694	8945	10213	5695	3551	5708	7311	4790	5685
Activation of NIMA Kinases NEK9, NEK6, NEK7	983	9133	10783	5347	91754	891	140609
Activation of NMDA Receptors and Postsynaptic Events	57576	2892	7846	4747	81027	26960	5594	2890	6196	6714	2891	6195	5576	5568	8874	5564	260334	814	2066	5566	22843	5879	6035	8825	88	107	2902	116443	114	2906	4137	7280	2893	2905	5170	64130	10381	5567	112714	53632	801	4900	10645	5562	347733	7277	818	84617	320	3838	27330	57554	28964	5575	8573	347688	3845	815	3084	5563	84790	51807	6197	10383	79861	817	10382	5613	1739	1742	3265	5565	80086	8536	1740	84254	5571	5923	5573	5595	816	7278	1741	1385	2904	2903	5924	9647	51422	10376	55327	116444	4893	5577
Activation of NOXA and Translocation to Mitochondria	7157	7027	1869	5366	7029
Activation of PPARGC1A (PGC-1alpha) by Phosphorylation	5571	5564	1432	10891	5600	6300	53632	5565	5563	51422
Activation of PUMA and Translocation to Mitochondria	23368	7161	7157	7027	1869	7159	8626	7029	27113
Activation of RAC1	5063	57144	5062	5879	8440	6091	6655	6035	4690	10298	9353	5058	106821730	6654
Activation of RAC1 Downstream of NMDARs	28964	5879	6035	8874	801	10645	8536	84254
Activation of RAS in B Cells	3845	25780	10125	4893	3265
Activation of SMO	156	50937	11127	132884	5727	2622	50846	91653	408	2121	6608	1452	6469	2619	3549	84455	409	23288
Activation of TRKA Receptors	116	4914	135	117	4915	4803
Activation of Anterior HOX Genes in Hindbrain Development During Early Embryogenesis	3013	3200	23054	5430	8349	5439	3212	5087	8202	58508	11091	9611	5436	5931	5431	7703	6256	3211	10664	5914	3232	128312	8334	7403	7528	5915	4211	55766	3213	3725	9935	5080	8345	1959	8726	8331	8340	9070	5434	2033	5437	9125	8348	8085	3233	5441	5432	9063	8841	1387	22976	5438	23512	8342	8970	2146	84962	3018	5916	54145	5440	3231	5433	3199	474382	8341	5316	5435	94239	79447	84661	3214	8338	57472	3198	3221	255626	63925	5928	3201	3017	85236	5929
Activation of Caspases Through Apoptosome-Mediated Cleavage	331	840	836	317	54205	842
Activation of Gene Expression by SREBF (SREBP)	6907	1595	2224	10498	5465	6309	3422	4047	23054	10654	7108	80205	6721	4800	1387	4520	4597	31	6319	6720	6667	6604	6256	57678	1717	10499	85441	4802	3157	96764	32	8648	79718	3156	79071	2194	4801	4598	9453	6713	5469	2222
Activation of Kainate Receptors Upon Glutamate Binding	2788	5330	54331	94235	1741	2792	2793	2901	2900	55970	59345	23236	2786	2785	2782	801	83988	5331	2897	2791	2787	2790	2898	2784	2783	2899	1739	1742	10681	51764
Activation of the AP-1 Family of Transcription Factors	5599	1432	5595	5600	1386	2353	5602	5601	3725	5594
Activation of the TFAP2 (AP-2) Family of Transcription Factors	7020	10370	7021	163732	8089	51741	7022	1387	2033	339488	4435	83741
mRNA Activation Upon Binding of the Cap-Binding Complex and eIFs, and Subsequent Binding to 43S	6188	8662	1974	7458	1964	51065	6232	6191	6201	8663	6192	8667	6189	6224	6233	140032	6217	6194	3646	1978	27335	6209	6227	1975	6235	6228	10480	1965	6234	6202	1973	6210	6223	6207	6204	6231	6218	8661	3921	6187	8669	8894	26986	2197	6193	6203	6229	6208	8666	8668	1968	6222	6206	8665	6205	6230	1981	8664	1977	51386
Activation of the Phototransduction Cascade	6010	1259	2779	5148	9187	5145	5158	2792	6295	1258	2782
Activation of the Pre-Replicative Complex	8317	55388	23594	4172	23595	23649	81620	4173	1017	4174	54107	4171	29935	4998	6119	10926	5557	6118	5000	5427	5422	4175	4999	5426	5558	990	4176	6117	8318	84515	51053	56655	5001
Acyl Chain Remodeling of CL	8398	6901	3030	253558	5321	3032
Acyl Chain Remodeling of DAG and TAG	11343	8694	57104	158835	347516	80339	84649
Acyl Chain Remodelling of PC	129642	8398	50640	5322	11145	151056	64600	81579	54947	100137049	79887	26279	10162	30814	255189	123745	5320	79888	5321	22925	50487	8399	255043	8605	283748	254531	5319
Acyl Chain Remodelling of PE	154141	129642	8398	50640	5322	11145	64600	81579	100137049	79887	26279	10162	30814	255189	123745	5320	5321	5920	54979	117245	22925	50487	8399	63874	8605	283748	254531	5319	57110
Acyl Chain Remodelling of PG	9926	64600	50487	26279	8399	5322	5320	54675	30814	79888	81579	283748	22925	254531	100137049	5321	5319	255189
Acyl Chain Remodelling of PI	123745	64600	81579	79143	26279	5322	5320	30814	8399	8605	22925	283748	79887	11145	5321	5319	255189
Acyl Chain Remodelling of PS	154141	5322	11145	64600	81579	100137049	26279	10162	51365	30814	255189	123745	5320	114882	5321	22925	114884	8399	283748	254531	114879	5319
Adaptive Immune System	285231	23304	80228	10053	4277	146894	24137	140735	140739	10616	9871	2244	7704	22863	6921	5062	3824	8651	3113	10422	7337	26259	64223	79908	10393	55905	79876	3799	6456	55336	84937	27181	6402	30011	821	84676	5528	55294	5719	6712	1780	54778	84085	7326	3798	3689	100507436	3695	10324	5702	81930	3800	51619	2266	10120	2214	115290	144699	10381	29127	3710	375	50852	947	5519	23194	10870	4284	9354	64219	7454	11314	8924	80196	5291	64410	6047	1280	208	9861	5063	57761	51088	8519	1520	9690	10075	1509	56244	5688	3133	285643	10437	10802	7319	920	8517	347688	3845	3107	126014	10121	253260	9820	23376	23352	4793	342510	999	1493	9021	5693	51128	5336	3904	933	11027	5781	50489	3702	22888	79861	7321	29992	5701	1512	7174	6614	51433	5515	374383	5694	7317	5532	135892	142678	255488	63893	4067	26052	29121	51164	3804	3115	5516	1508	54461	57531	9554	3832	8503	55182	911	5518	79754	100302652	51434	11146	2885	11127	5295	5684	11059	92369	1211	7320	973	151888	56654	3125	8773	3112	5706	6049	84516	22954	4893	5788	909	5685	3134	1525	5691	89953	4068	26091	8065	140458	6714	3119	130340	11118	29990	5682	53339	64320	5713	92912	948	1278	26267	56658	3685	26153	131450	25897	3693	5566	10859	117157	4734	3384	5879	6280	3796	6035	640	5695	2209	93611	140460	653361	7311	64718	4345	7525	9817	93661	1519	55521	3118	915	25793	11024	4772	975	7979	27040	55819	7323	84541	8881	5567	26263	140456	29851	3820	246184	90293	154214	10990	3708	991	3635	90678	347733	3111	51465	11126	3123	26232	5058	10477	10112	340205	120425	917	10235	11275	8907	353514	868	163	5133	23014	4615	5689	3309	57154	972	51752	4360	23108	5071	11065	79176	54850	8174	89122	10193	3676	5530	10273	84433	11004	925	51807	8678	27252	161	5641	10383	100132285	5717	83737	10425	3146	5894	3386	7322	1515	8454	912	8764	1759	80086	2923	89790	80028	5683	57823	3937	1175	51343	22920	9320	899	90933	1639	9437	5290	5700	7325	162	7278	7409	4689	8452	118424	1778	7324	5526	6478	10533	3106	146722	25780	9666	223082	5718	7535	51348	11069	929	140691	22872	54210	6468	1513	207	4790	23308	10871	89890	4773	5692	80204	135250	7846	10540	3902	143279	7332	30849	5534	811	51132	55658	9632	57520	5568	4792	3812	29116	142686	54926	7328	832	26046	9398	260334	55008	51665	696	25847	3835	6737	63891	26272	941	3806	7096	695	3821	11025	27180	83547	10225	4690	10125	1535	6502	10333	945	10134	974	1445	3688	10411	3093	11119	3831	6279	29126	22914	5289	5819	3803	926	27071	7280	10385	7498	153579	5296	5170	131405	5478	55585	6786	81559	1213	9902	8673	126433	26249	801	7189	79865	996	23291	51143	5686	114876	84617	64167	23608	51666	200845	147700	10213	7879	6494	6271	2475	1510	8916	11047	4012	6233	196500	80176	3797	4688	90025	7220	642	151636	26191	64750	114836	56253	51320	283807	259197	3105	25831	8925	6477	57630	9039	127544	1785	10382	7099	114132	8915	10288	6885	4591	7087	9867	7412	6892	8945	3551	122769	958	26224	23547	910	84727	5817	91694	197131	3109	54620	8697	89910	5966	51444	51676	57542	5527	9520	2243	7318	1281	81035	9020	79654	3683	5714	10000	1781	7336	80380	5476	29927	146330	158506	5704	5709	29882	221687	89858	10666	9604	90135	1783	8453	65264	55070	9402	567	4267	10376	29945	5795	55236	79791	7534	10768	23327	6654	7327	51466	3709	942	5728	81027	1308	140461	5777	7305	26190	3802	6850	1174	118788	9976	100131439	30835	7335	285852	222235	9493	29760	51529	401036	4775	8905	160	26234	2280	55175	3135	6500	6890	55860	1536	3932	127247	7316	8778	3117	55824	114907	2534	3903	997	6396	5579	4794	84261	3811	1062	27246	3120	9040	10892	55615	10671	8655	26118	54209	390594	940	10427	9978	6441	117145	9341	26270	946	23643	5970	64682	7064	140462	998	23118	55740	79465	154881	64837	112714	23480	9246	10952	7277	7334	80329	142689	201456	5525	6891	8139	9903	79168	10384	148581	5293	1075	84876	7428	830	5588	6810	25898	51725	5529	114609	7408	136371	1173	84861	916	114088	1514	7314	930	5705	718	9436	84790	92591	10484	84078	5335	26235	10293	164	3122	23295	57674	10517	1277	2213	7097	84643	56992	919	5690	3108	3126	3265	9371	829	26268	84961	5930	959	11258	5687	3127	124599	6923	11006	55284	1147	55958	5707	9616	9870	84708	10219	150726	27338	3385	3805	51191	11026	339390	7529	4008	79109	5592	8767	5909	27036	142685	5908	3383	10489	55176	5906	84231	1326	5493	11120	5708	140459	8722
Adenylate Cyclase Activating Pathway	2774	115	114	108	111	196883	109	113	107	112
Adenylate Cyclase Inhibitory Pathway	2774	346562	115	114	108	111	2770	196883	109	113	2773	2771	107	112
Adherens Junctions Interactions	154796	283	71	1002	1016	1006	1495	5817	27319	1003	1000	1001	26523	6663	253559	3609	9839	57690	5819	1500	56978	1007	3224	80149	57863	1004	1013	5818	27327	999	6667	81607	6615	8728	1009	1499	23705	26508	25945	192669	1010	4301	28513	51129	4343	1005	1008	23112	64403	60	192670	1015	1012	27161	80332	3728	2294
Adipogenesis	6907	9442	63976	23054	9862	6721	57459	8202	1051	9611	948	400569	54797	5931	10001	4089	9314	10974	9370	6256	85441	5346	9439	9969	1050	23389	10025	7124	7471	80205	9967	112950	10891	6837	57504	6720	9412	5970	51003	81857	6604	10499	1024	896	51129	1959	8648	23097	2033	9443	5465	10498	54815	7040	51586	80306	892	7350	5468	168544	23090	8841	1879	1387	84246	3192	3066	84498	2167	1734	219541	90390	29079	64641	79718	133522	1019	53615	5469	3065	1108	655	3952	9282	9612	4023	6517	9477	9968	1107	1149	83401	9112	55090	1346	9440	4086	7480	1052	9219	96764	9441	5928	688	7026	27332	5105	55588	4790
Adrenaline,noradrenaline Inhibits Insulin Secretion	2788	2770	152	9254	54331	112	784	775	94235	111	2792	2793	2771	55970	59345	776	150	2786	2785	2782	51764	2791	783	2787	2784	2783	10681	2790
Adrenoceptors	148	154	155	152	151	153	146	147	150
Advanced Glycosylation Endproduct Receptor Signaling	829	3958	6283	5595	351	830	5589	5594	177	6288	6285	1650	3146
Aerobic Respiration and Respiratory Electron Transport	4509	57001	10131	3419	1347	1339	51300	23410	93058	9556	4720	84233	4711	1353	1350	10063	4712	50	1329	84701	4199	518	8802	51660	515	25874	3313	6389	1355	4200	4538	81889	55471	4718	644096	4713	55066	4729	3954	4967	8050	4709	9016	10632	57546	6341	517	2954	57128	192111	7316	119559	498	1737	4540	1337	54949	7311	137682	2739	5315	80232	3421	7381	25915	4707	1349	613227	28976	6391	23409	4541	4726	5160	84987	152100	54539	4717	91942	79751	4289	92483	160287	80219	3948	9054	126328	8801	728568	4750	9997	4725	7416	539	83733	3418	100996939	1327	4519	64795	4697	7352	4700	4536	5166	7351	4191	38	29090	10048	9167	8604	2110	5161	54704	90624	1431	10296	4715	7388	521	55572	4190	4508	192286	29078	125965	4723	80775	79064	10476	84833	79944	4704	389203	51204	55245	509	4537	51079	291	4695	284184	751071	1537	4714	55969	6233	493753	347411	6392	374291	7350	9551	23479	5018	3945	4710	25994	4702	100131801	440957	285521	51295	7314	4731	5164	80224	1340	6834	9481	64777	6390	54994	25880	79133	51103	3420	2109	5163	513	25953	100303755	55863	522	516	28958	4514	23530	3052	7385	7386	25852	2271	4694	116228	9377	2395	55967	4708	4705	7384	1351	4701	1743	790955	5162	4696	51241	341947	55744	81689	4724	1738	90639	122961	728294	3939	4698	8803	4706	5313	8402	57226	4722	148811	79018	54205	4716	617	27089	506	4728	54902	4535	27109	514	150274	10873	1346	5165	135154	4512	1345	84300	10165	2875	10975	4513	5091	137872	2806	3029	29796	4719	2805	2108
Aflatoxin Activation and Detoxification	22977	2687	2686	4258	64174	2678	95	1800	4257	4259	1553	1576	8574	1544	1577	91703	124975	246181
Aggrephagy	3320	7846	81027	1780	1080	6233	8655	140735	7278	7280	5071	347688	7335	1781	1778	10381	7314	3297	7415	260334	84790	51807	7431	11315	1068	8100	10383	79861	112714	10382	1783	51143	200894	347733	5116	7277	84617	7334	10376	7316	10013	80086	7311
Alpha-defensins	1669	920	1670	5645	1668	1671	417	5646
Alpha-oxidation of Phytanate	224	11001	10478	55825	26061	5264
Alpha-protein Kinase 1 Signaling Pathway	92610	10454	23118	257397	6885	7316	6233	7189	7311	80216	7314
Alternative Complement Activation	3004	718	5199	629	1675
Amine Ligand-Binding Receptors	319100	1816	3358	3363	152	3356	1813	1133	1132	3360	3361	3352	155	3357	134864	148	1131	3269	9038	3274	1815	3351	150	154	151	3354	3355	146	147	3350	1129	1812	3362	1814	83551	153	9287	134860	1128	59340	4935	11255
Amino Acid Conjugation	123876	10249	54988	341392	389396	348158	92292	219970	116285
Amino Acid Transport Across the Plasma Membrane	23657	6520	120103	153201	9057	117247	55117	6509	6510	10991	6542	123096	56301	54407	11136	54716	348932	23428	55089	11254	84889	6541	8140	9056	340024	92745	6539	6519	206358	8501	124935	6533	81539
Amino Acids Regulate mTORC1	6009	527	2475	6396	28956	389541	523	9550	10641	54468	84219	90423	245972	526	23677	10325	8131	8649	57600	10542	58528	528	9681	534	55004	64121	525	81929	51382	10312	51606	529	8992	79726	153129	533	155066	127124	11133	64223	245973	23334	83667	57521	144577	96459	10670	9296	27244	55846	201163
Amplification of Signal From Unattached Kinetochores via a MAD2 Inhibitory Signal	9735	57405	1058	151648	55839	140735	4928	6249	23421	10403	3796	9212	25936	1063	5528	6396	1062	1780	9183	147841	8655	81930	64946	10726	54908	79172	5501	83540	9184	55920	11130	51143	991	5519	5048	5525	79003	79019	348995	4085	25909	3619	79023	5529	55166	55746	23279	7514	57082	79980	81565	80152	11004	699	23122	54820	55143	79682	5515	55055	84643	1060	54821	6232	57122	701	8379	5347	5527	80776	5905	79902	5516	22919	23332	332	1781	1778	64105	5526	348235	2491	81929	5518	100527963	91687	401541	151246	1783	9793	57551	220134	5903
Amplification of Signal From the Kinetochores	9735	57405	1058	151648	55839	140735	4928	6249	23421	10403	3796	9212	25936	1063	5528	6396	1062	1780	9183	147841	8655	81930	64946	10726	54908	79172	5501	83540	9184	55920	11130	51143	991	5519	5048	5525	79003	79019	348995	4085	25909	3619	79023	5529	55166	55746	23279	7514	57082	79980	81565	80152	11004	699	23122	54820	55143	79682	5515	55055	84643	1060	54821	6232	57122	701	8379	5347	5527	80776	5905	79902	5516	22919	23332	332	1781	1778	64105	5526	348235	2491	81929	5518	100527963	91687	401541	151246	1783	9793	57551	220134	5903
Amyloid Fiber Formation	128312	8348	8334	3013	348	102	474382	23163	8341	335	8349	3339	6233	23621	796	2243	9627	5071	3630	325	10098	340348	4057	9445	7314	6478	6406	8338	4240	4069	83464	8342	793	8345	2934	8970	23385	6477	7276	51107	8239	6622	3375	54959	3018	9246	23062	255626	567	7045	8331	1471	351	337	54145	55851	9027	7316	8340	26088	3017	5045	85236	6653	6288	3015	23555	7311	81619	5617	4878
Anchoring Fibril Formation	3909	1284	1294	3914	1287	649	1277	3918	7092	7093	1282	1286	1288	1278	1285
Anchoring of the Basal Body to the Plasma Membrane	3320	54801	7846	93323	10540	7532	23322	80254	84131	8636	55722	80184	9657	11116	11190	79598	1453	55125	5566	51134	7283	7840	79441	1069	8655	55755	79959	347240	79600	22897	55142	10733	57545	80321	5048	7277	85302	54806	95681	5108	261734	8766	9814	9662	10806	132320	8481	23354	4957	10121	9702	121441	10383	4751	22832	26123	10382	54903	117177	54820	146057	4735	22981	57787	4218	203068	1454	22994	983	26005	54930	22995	11258	5347	1639	91147	80776	22919	23332	115106	1781	1778	5518	79867	11064	51259	9738	5116	27077	55559	84902	9793	10142	7531	5577	4867
Androgen Biosynthesis	3293	3972	6716	79644	3283	51144	6715	5443	1586	3284	1081
Anti-inflammatory Response Favouring Leishmania Parasite Infection	136	2788	115	114	346562	3055	3709	10768	2778	2770	7525	5575	917	79651	5573	4067	6714	112	54331	6850	5576	94235	111	5568	2792	2793	2214	109	2212	5577	2771	1385	5567	55970	59345	3710	108	64174	2678	1800	10681	2786	196883	9332	2781	5335	2785	5336	5566	2268	801	2782	3586	4627	51764	3708	10769	2791	2687	1432	2209	2787	6868	3569	2784	2783	57105	5613	919	5045	113	2773	107	2790	10800	2534
Antigen Presentation Folding, Assembly and Peptide Loading of Class I MHC	3134	10134	6396	30849	3133	811	3309	5289	10802	51752	9632	10427	3107	9871	22863	51128	10484	8678	3106	3105	3135	6890	567	22872	64167	6891	6892	821	2923
Antigen Activates B Cell Receptor (BCR) Leading to Generation of Second Messengers	974	3709	84876	80228	5777	30011	4067	6850	27071	118788	7220	5293	7409	930	29760	2885	3710	5295	6786	5336	933	801	973	3708	695	6654	640	4690	10768	2534
Antigen processing-Cross Presentation	3134	5691	5692	811	5682	2244	5713	948	3685	3693	3135	6890	7096	695	1536	6280	7316	1535	2209	5695	7311	653361	10333	5719	6279	7979	9341	5702	2266	23643	9902	8673	23480	10952	5686	4284	6891	10213	6271	9861	11047	4012	1520	6233	5688	6810	3133	4615	5689	114609	4360	4688	8517	3107	1514	7314	5705	5693	3105	50489	5717	7099	5701	3146	1515	5694	7097	6892	5690	3551	2923	5683	5687	5700	2243	5714	1147	5707	9554	4689	29927	5684	5709	5704	3106	5718	929	567	8773	55176	5706	5708	5685
Antigen Processing Ubiquitination & Proteasome Degradation	5691	7327	285231	89890	5692	80204	23304	26091	140461	143279	7332	8065	140458	26190	51132	55658	5682	64320	53339	57520	10616	140739	7704	5713	92912	7335	29116	142686	222235	54926	51529	7328	26046	6921	401036	55008	51665	26267	8651	55175	25897	26234	56658	25847	6737	10422	7337	6500	26259	63891	26272	79876	10393	4734	55905	127247	7316	55336	84937	5695	93611	114907	6502	140460	7311	84676	64718	997	55294	9817	5719	3093	84261	9040	27246	54778	84085	55521	7326	26118	25793	390594	7979	10324	5702	55819	9978	51619	7323	115290	26270	144699	84541	8881	131405	26263	55585	64682	140456	7064	81559	140462	126433	26249	246184	90293	154214	154881	996	23291	9246	991	23194	5686	90678	7334	23608	142689	201456	9354	51666	8139	64219	51465	200845	80196	8924	26232	10213	64410	9903	6047	10477	148581	9861	8916	11047	51088	7428	4012	6233	9690	10075	5688	25898	51725	11275	57154	868	80176	23014	5689	7319	11065	90025	136371	5071	642	151636	9820	79176	54850	89122	84861	10193	64750	23352	10273	114088	23376	51320	9021	7314	5705	5693	92591	283807	84078	27252	26235	25831	8925	6477	57630	9039	5717	22888	127544	83737	10293	7321	10425	5701	7174	23295	57674	10517	7322	51433	4591	9867	8454	5694	8945	7317	122769	5690	26224	80028	26268	5683	84961	84727	5685	91694	51343	5930	135892	142678	197131	54620	255488	8697	63893	89910	5687	51444	9320	51676	899	6923	57542	9520	90933	55284	5700	7325	7318	5714	79654	55958	5707	9616	54461	9870	57531	84708	150726	27338	8452	118424	7324	7336	55182	6478	79754	100302652	11146	51434	10533	146330	158506	51191	5704	5684	5709	29882	221687	92369	9666	4008	7320	11059	9604	90135	223082	5718	8453	142685	65264	55070	140691	10489	29945	5706	6468	84231	55236	79791	6049	22954	5708	140459	23327
Antimicrobial Peptides	245927	128859	538	1669	245911	1671	6278	4057	6556	5320	80341	613211	140683	7096	57115	6280	84659	245913	5266	6039	245938	5657	6279	245932	400830	820	1668	6406	245937	613210	245915	417	671	6037	1235	114771	613209	117285	641517	10578	55600	3347	1511	5646	1991	3934	920	5645	51297	729230	114770	245929	8993	5068	245939	7097	57119	3346	51248	245936	149954	140850	1113	122665	245928	130120	338324	116842	1672	245934	4069	245930	1670	140881	92747	1191	81623	117159	100133267	475
Antiviral Mechanism by IFN-stimulated Genes	3434	3841	201626	9775	7846	2317	81027	3306	3303	3609	6898	1965	11274	3836	260334	4928	402569	6774	4734	5300	8575	3305	23511	6622	5771	9972	7706	1968	7316	4690	2189	23225	8638	7311	7341	6396	91442	4869	23586	3840	199990	4137	7280	1660	54920	10381	9631	9818	8086	8480	2175	112714	9246	23636	5519	347733	7277	84617	317649	103	7334	2176	5525	2316	7175	3838	57697	2187	4940	5495	6895	1977	9470	11097	5610	1974	348995	3716	7329	6233	129401	79023	8021	5611	7157	8517	347688	55746	23279	2178	53371	8877	4939	7314	84790	51807	8678	5335	10383	79861	57506	3312	10382	4938	6059	5515	9688	3551	80233	80086	55120	983	9636	4927	57122	3608	1982	6772	23165	7318	4599	5595	7278	1147	79902	5516	55706	8672	1973	3839	2188	7324	81929	25820	5518	51191	5608	8894	4600	6041	10762	3837	3661	10376	1981	5903	9883
Apoptosis	5691	5692	841	7532	7159	5594	5534	3007	1612	79792	140735	5682	5713	1830	26060	22900	598	660	3024	3836	5062	1676	356	8737	2934	4976	6304	6774	637	7316	3002	5695	7311	10971	10134	596	28988	2339	839	5719	836	8743	9500	1687	8655	5317	5533	51765	4137	2620	7979	5702	4836	56616	3006	7186	115209	1613	23643	57099	7431	219699	317	100506658	90427	5686	3009	148022	1677	6709	3008	8797	10213	51074	208	7161	5599	9861	1832	840	4001	11047	7027	6233	5588	5688	5708	5689	23368	7157	23604	1869	708	329	7314	999	578	572	5705	5693	55075	22985	5717	10059	7099	5701	3146	79658	7029	355	324	2810	10018	5694	1828	9414	5690	8717	842	5580	5683	8772	63967	5687	8626	5700	7082	3148	5595	5714	5707	10000	1829	54205	118	5684	7533	5704	5709	7529	4000	1029	1499	8837	5747	5718	6093	5366	331	27113	929	3837	581	90249	100302736	5706	207	5339	8428	7531	1630	7534	3005	8795	5685
Apoptosis Induced DNA Fragmentation	3836	3148	3009	3837	1676	836	1677	3006	3008	3146	3005	3007	3024
Apoptotic Cleavage of Cell Adhesion Proteins	7082	1832	836	1499	1828	1829	1830	9414	100506658	5317	999
Apoptotic Cleavage of Cellular Proteins	10134	28988	1832	839	840	2339	836	841	4001	63967	5588	5317	51765	4137	2620	7082	1829	1830	329	118	999	660	7431	22985	4000	1499	2934	6304	5747	100506658	6093	324	6709	5339	8428	1828	9414	5580
Apoptotic Execution Phase	10134	28988	1832	839	840	2339	836	841	4001	63967	5588	3007	5317	51765	4137	2620	7082	3148	3006	1829	1830	329	118	999	660	3024	3836	7431	5062	1676	22985	4000	1499	2934	6304	10059	5747	100506658	6093	3146	3837	3009	324	1677	6709	3008	5339	8428	1828	9414	3005	5580
Apoptotic Factor-Mediated Response	840	836	1687	5594	79792	5595	56616	708	54205	22900	578	57099	55075	1029	317	331	581	51074	842
Aquaporin-mediated Transport	2788	115	114	2778	364	375318	359	362	366	5575	554	5573	112	343	54331	358	5576	94235	111	5568	2792	22841	2793	109	5567	55970	59345	4645	108	10681	2786	196883	2785	5566	2782	51764	89872	2791	282679	2787	4284	360	551	361	2784	2783	363	113	107	2790	5577	8766
Arachidonate Metabolism	113612	239	5446	158584	6916	9536	376497	5730	22949	8529	126410	10728	5743	5742	4056	2166	1543	4051	1544	2053	284541	1558	59344	1579	9261	11283	64174	57834	2678	1800	1559	8644	2879	127281	4048	1582	5321	5445	2877	1545	873	241	2687	247	5444	4363	1573	158833	2876	240	5740	27306	3248	80142	145482	1580	246	1557	242
Arachidonate Production From DAG	11343	26090	57406	221955	747
Aryl Hydrocarbon Receptor Signalling	10728	3326	9915	405	9049	196	57491
Asparagine N-linked Glycosylation	6048	23423	966	55741	10956	7846	79796	2673	81562	10540	4905	81027	84920	197258	2157	2890	5861	54732	811	25839	91445	6185	7264	10610	29906	140735	9632	55291	55343	55768	288	9871	126003	381	7369	26958	6487	9570	8729	6708	9334	9117	1522	832	10466	4351	256435	6400	260334	124872	1453	1603	29925	29929	54344	11316	29926	27095	84364	1604	55860	57731	377	57134	5537	81876	30815	79087	84620	7316	79868	64377	372	22818	338596	821	8702	7311	22845	6396	1315	1798	140838	256281	51009	7991	93661	6712	1780	6480	90411	10671	8655	11236	27090	10175	23243	64689	11196	51046	7280	10427	3972	2348	3630	10342	5887	84342	51226	128637	3998	10381	81849	9945	55014	7415	4759	4245	375	254263	8790	4124	11282	9331	7844	26503	6483	6489	112714	375056	8703	1314	5265	51143	4249	51693	91869	347733	51399	7277	84617	26286	83548	51272	144245	4247	10559	6709	58485	10972	10282	7903	51014	440138	9761	1075	79090	9527	5238	2153	79947	830	6233	5589	432	10652	55577	23193	26984	10195	55738	4121	10802	11015	11253	8775	347688	433	10905	10121	8818	4253	6484	3703	29880	4597	8774	10402	23256	122553	25834	9919	7314	11070	84790	51128	10484	51807	91949	2801	10383	79861	9695	7039	56886	8704	3098	11320	378	10382	286	1650	6184	1081	51035	287	9526	6399	9486	57511	282969	6482	79694	56052	10959	55757	4758	64772	10945	6811	80086	2923	6675	829	2517	10960	83696	2683	10825	5373	2762	8813	4248	5973	11258	80267	9382	51005	51332	1639	22820	8869	5700	2525	51164	4122	22796	7841	374	1294	116150	7278	10206	2530	84061	129807	9554	8128	1781	57171	1778	10020	25956	55907	10113	79053	5476	84447	7109	199857	5372	64841	22870	63908	6710	2720	79748	11014	79644	267	1783	2804	6711	8615	79139	22872	85365	10376	54187	84516	55808	9276	89866	80896	10299	149111
Aspartate and Asparagine Metabolism	8604	443	2806	440	374569	339896	2346	2805	339983	10165	10003
Aspirin ADME	7367	54657	54600	6566	167127	213	389396	7363	92292	682	7366	10720	54578	54579	54490	10864	8824	54658	1558	1571	54577	79799	1559	54988	1576	11309	1565	7364	348158	54576	54659	8714	1066	123876	10941	107987479	10249	7365	341392	590	1244	133688	1557	219970
Assembly Of The HIV Virion	155382	93343	55048	9397	7251	7316	137492	6233	89853	5045	5478	51271	79720	51160	7311	7314
Assembly and Cell Surface Presentation of NMDA Receptors	116443	80086	57576	7846	4747	81027	26960	8573	2906	7278	816	7280	347688	1741	815	2905	64130	10381	2904	2903	260334	84790	51807	10383	79861	112714	817	88	10382	347733	7277	818	84617	10376	320	55327	1739	1742	116444	8825	1740	57554	2902
Assembly and Release of Respiratory Syncytial Virus (RSV) Virions	3326	3320
Assembly of Viral Components at the Budding Site	821	811
Assembly of Active LPL and LIPC Lipase Complexes	84699	3990	63924	64788	116519	344	4023	51360	5046	26291	27329	91289	5125	338328	8720	55908	51129	337	5045
Assembly of Collagen Fibrils and Other Multimeric Structures	3909	4015	1298	4316	1306	649	1299	1308	131873	1520	4318	1282	50509	7837	1281	1301	1294	1290	7373	255631	1297	1508	1303	3691	7092	84695	1288	1278	3914	1514	1292	4314	5118	3655	80781	1284	667	1291	1302	1295	1289	1296	1300	1285	9313	1293	84171	4016	4322	1287	1277	977	1515	3918	7093	256076	5339	85301	1286	4017	1280
Assembly of the ORC Complex at the Origin of Replication	128312	8348	8334	3013	474382	8341	8349	23594	23595	55766	94239	4998	23633	3836	8338	8342	5000	8345	8970	4999	3018	3837	255626	8331	54145	8340	3017	85236	5001
Assembly of the Pre-Replicative Complex	5691	5692	3013	8349	81620	4173	5682	5713	51529	3836	4999	10393	990	7316	51053	5695	7311	25906	128312	5719	8334	4172	23595	55766	7979	5702	23633	8881	64682	246184	8345	996	5686	8331	8340	10213	9861	8348	11047	6233	5688	5689	11065	4174	4171	4998	119504	7314	5705	5693	8342	5000	8970	5717	7321	5701	3018	51433	54145	5694	5690	5683	51343	474382	8697	8341	23594	5687	5700	5714	94239	5707	27338	7324	8338	51434	5684	5709	5704	29882	4175	5718	4176	3837	255626	29945	84515	5706	3017	85236	5708	5685	5001
Association of TriC CCT With Target Proteins During Biosynthesis	55294	84261	3801	63971	10528	26190	7157	10693	2629	908	8841	898	54461	8877	6950	7203	55135	26270	10694	26985	11328	26234	9134	83752	6774	26272	10564	10574	10517	10576	10238	6468	10575	8237	6499	22803	26330	22948	26224
Asymmetric Localization of PCP Proteins	5691	5683	5692	9861	5719	23513	11047	6233	50855	5687	5688	57154	5700	8325	5689	57216	5682	5714	7979	5702	5707	7474	5713	7855	64750	144165	7976	7314	5705	5693	8322	5684	5704	5709	5717	5718	1856	5701	5686	8321	7316	2535	5706	8324	5694	10213	5695	5690	5708	7311	5685
Atorvastatin ADME	5243	5444	5446	10599	54578	1576	11309	1244	28234	54659
Attachment and Entry 9678110	7415	1514	7113	59272
Attachment and Entry 9694614	7113	8829	3339	2817	6382	221914	1514	7415	2239	26762	10082	2719	6385	2262	59272	6383	375790	5045	9672
Attachment of GPI Anchor to uPAR	128869	5329	80055	94005	51604	8733	10026
Attenuation Phase	10808	3326	3320	10049	3306	3303	3310	10728	162989	1413	1387	1288	7314	3297	871	6013	29074	3312	3281	27242	2288	3305	2765	2033	3337
Autodegradation of Cdh1 by Cdh1 APC C	5691	25906	5683	5692	9861	5719	51343	11047	8697	6233	5687	5688	5700	5689	5682	5714	7979	11065	5702	5707	5713	27338	8881	7324	119504	7314	51529	5705	64682	5693	51434	5684	5709	5704	29882	246184	5717	5718	996	7321	10393	5701	5686	51433	29945	7316	5706	5694	10213	5695	5690	5708	7311	5685
Autodegradation of the E3 Ubiquitin Ligase COP1	5691	5683	5692	9861	5719	472	11047	6233	64326	5687	5688	5700	5689	7157	5682	5714	7979	5702	5707	5713	7314	5705	5693	5684	5709	5704	5717	5718	5701	5686	7316	5706	5694	10213	5695	5690	5708	7311	5685
Autointegration Results in Viral DNA Circles	8815	3159	11168
Autophagy	3320	123	7846	81027	1459	7332	91782	55669	30849	440738	6714	10325	84557	10542	140735	1915	4077	84938	55004	7335	401505	22863	84749	55054	3297	5564	260334	56993	7417	1068	64223	200894	192111	79065	7316	6035	7311	23192	28956	11152	1780	79720	8655	137492	81631	5289	7280	65018	9821	7323	64121	10381	79643	7415	7249	139341	7416	7431	7419	23710	112714	53632	29110	9776	9140	54543	51143	5562	347733	1460	93343	7277	84617	83734	10670	7334	7405	11345	10013	10133	9474	9927	92421	6009	2475	3326	472	7251	1457	8878	8897	1080	6233	29082	100188893	8649	58528	25978	347688	55048	5071	3043	8408	9804	5563	7314	84790	51807	8678	55062	8100	10383	79861	3312	10382	51271	27243	128866	3920	26100	57521	7322	2670	10226	5565	80086	5571	389541	9868	51001	55626	115201	51160	5830	7278	89853	10452	1781	1778	64419	10533	11315	153129	60673	11337	1783	7248	100526767	51422	155382	5116	10376	64422	84971	285973	56270
Axon Guidance	3320	2050	6327	1947	284656	7223	2047	6142	1944	24137	2242	775	6335	9045	6138	8874	6708	785	1292	3670	6921	5062	2045	10487	7430	1969	1796	10486	6383	6456	30011	6188	2549	5719	6712	6194	22885	6237	6217	5979	3690	784	10507	9355	5702	10094	10381	9855	27255	1943	8986	10109	26986	219699	6164	137970	971	8633	5291	7903	6900	27330	1280	28964	9861	5063	5217	10752	2107	5688	6331	285643	3912	3915	347688	3845	10154	2046	1949	8976	9037	53358	5693	8660	3785	79861	5781	3312	5701	23767	5306	6092	11280	5694	6175	27289	5532	10096	8829	2817	148738	4067	26052	6235	200916	10570	23032	64096	1290	8650	8503	56896	2064	2885	5295	65110	79784	10627	1463	5684	8022	1211	6136	2043	7074	64283	6324	6711	3984	5706	6143	6170	4893	5788	5685	5691	5604	5786	5621	1459	140032	6168	8851	387	4651	5649	6714	7852	6195	5682	5713	4116	3786	6453	6130	51121	3685	1400	5566	2676	7094	23708	5879	23129	6035	6206	55800	375790	5695	7311	1948	5598	57522	8913	7525	6173	6224	2260	1020	2674	7979	4897	3897	2596	4686	5567	6166	25791	116986	10371	6218	1289	347733	1460	57556	6147	5664	6709	10298	6230	5058	1942	8861	8440	6135	1299	6192	8911	214	9475	163	6123	6228	5689	6132	6234	26019	9048	6159	51807	161	1291	6197	10383	2197	5717	6203	80031	6229	23122	4736	6208	25873	6328	287	9723	60	1946	6655	1739	1742	1759	6144	80086	5683	1175	55110	6201	4478	5290	5700	1956	9260	8515	6586	7278	1741	388	10092	2887	4650	6210	8128	84448	57453	6478	6152	23521	6124	6091	5747	5718	65109	6332	1808	256076	10097	4440	5692	85358	6191	9775	7846	102	3678	6169	1641	4753	2042	5576	5568	6336	6122	288	2048	1272	5962	22916	10093	260334	57144	9901	8997	55558	9349	4313	10095	3672	779	4690	140801	1298	3688	25	131873	4756	9826	1945	7280	5296	7225	6323	1213	9423	64218	2909	5216	6386	3983	6139	1793	10048	5686	284217	6464	84617	5663	10213	10398	59277	2932	11047	1457	6233	4628	9939	7220	782	2041	2668	5364	23396	6329	6477	6193	1785	285704	51107	10382	286	8506	57698	5921	55715	1293	2675	783	10921	4684	6137	89884	7410	6232	51065	6141	6189	4233	5605	6209	51332	220164	1281	5714	2051	5623	1385	6146	3680	5709	5704	100133941	6334	55816	6157	8453	6125	8482	116832	23053	4637	6326	55851	10376	6154	3985	6654	71	51466	6129	2935	81027	27	22794	5594	56963	7305	23365	6196	5365	7222	2049	8218	10552	6207	103910	6330	64221	1284	6181	160	6187	9252	57731	3673	7316	1600	5578	2534	2902	10818	6155	2044	6387	54209	3674	6160	6202	9978	6223	776	998	55740	3921	112714	6171	6134	1212	91584	7277	9353	4902	5293	6156	3326	8912	6128	6133	4318	5588	1072	5362	6585	7436	50509	7408	1173	6158	1297	6165	7314	7204	5705	6231	6167	23380	84790	6176	5335	83464	2886	23385	4627	10451	1285	1605	8828	1287	1809	6222	6205	1286	5690	9046	3265	3199	389	11224	5687	1282	6923	106821730	6227	23114	5595	5707	6161	23332	57113	7224	2904	6204	285220	6710	1826	9846	11313	4629	56956	5361	6093	5909	80728	90249	9495	1981	1630	5708
Axonal Growth Inhibition (RHOA Activation)	65078	4804	84894	57142	4974	4168	396	387	4099
Azathioprine ADME	7410	2939	10057	3251	7498	4830	7409	2944	3177	2030	4831	7172	9153	64078	10451	3615	8833	55270	2938	2987	5879	3614	10257	6035
B-WICH Complex Positively Regulates rRNA Expression	128312	10514	64425	8348	8334	3013	2932	474382	2648	79101	8341	8349	10849	5441	5435	55766	8467	94239	9015	25885	5437	9013	23451	51082	8338	9031	9188	8342	8345	8970	8850	6908	9014	3018	255626	8331	60	54145	7913	84172	221830	8340	9533	5440	5434	2033	2074	3017	85236	30834	4641
BBSome-mediated Cargo-Targeting to Cilium	129880	2847	6753	582	8195	79738	7203	92482	6950	10694	166379	27241	84100	123016	117177	585	583	10576	10575	6608	54585	55212	22948
BH3-only Proteins Associate With and Inactivate Anti-Apoptotic BCL-2 Members	572	637	596	10018	6774	90427	5366	598	27113
BMAL1 CLOCK,NPAS2 Activates Circadian Gene Expression	6907	5465	10498	1628	23054	80205	8553	25819	5054	2155	1387	28999	4862	6604	6256	10499	85441	96764	8648	79718	9575	551	10135	5469	79365
Bacterial Infection Pathways	5604	118429	6457	3326	3320	6857	6455	7296	79872	4233	2984	1511	867	5605	5594	9146	2245	5609	6233	6714	5987	9899	6843	22987	4360	1500	5595	4482	127833	6804	7314	4843	26276	8027	80824	6844	5230	6616	999	5606	3836	2885	7311	79849	4057	1938	5608	51606	1499	2931	10015	9900	801	10254	11151	2060	3837	57674	567	5868	6421	7316	2023	1737	84168	6416	5524	6456	112755	7097	5045	30011	928	7879	1839
Base Excision Repair	128312	10714	8348	8334	3013	8930	7013	26277	474382	4913	8341	8349	5984	55247	25913	5425	4595	55766	94239	54107	54386	7515	5985	252969	328	10038	5111	6119	5982	54936	57804	8338	6118	4350	3980	79661	8342	8345	5427	8970	5981	6996	7374	5426	2237	8505	3018	6117	255626	142	4968	3978	8331	54145	7014	8340	65057	5983	23583	5424	3017	85236	11284	56655	5423	8290
Base-Excision Repair, AP Site Formation	128312	8930	8348	8334	3013	7013	26277	474382	4913	8341	8349	55247	25913	4595	55766	94239	54386	252969	8338	4350	79661	8342	8345	8970	6996	7374	3018	255626	4968	8331	54145	7014	8340	65057	23583	3017	85236	8290
Basigin Interactions	23657	3688	6520	6566	9057	4099	682	56301	11136	3897	23539	23428	5478	482	3655	8140	9056	857	481	9123	3675	23759	483	4312	6693
Beta Defensins	245936	245938	140850	245927	245932	245928	400830	245911	729230	1672	245937	245934	245929	613210	613211	245915	7096	1235	245930	140881	245939	613209	117285	7097	81623	641517	100133267	245913
Beta Oxidation of butanoyl-CoA to acetyl-CoA	35	142827	3033	6296	1892
Beta Oxidation of decanoyl-CoA to octanoyl-CoA-CoA	3030	3033	51102	1892	3032	34
Beta Oxidation of hexanoyl-CoA to butanoyl-CoA	35	3030	3033	1892	3032
Beta Oxidation of lauroyl-CoA to decanoyl-CoA-CoA	3030	3033	1892	3032	33
Beta Oxidation of octanoyl-CoA to hexanoyl-CoA	3030	3033	1892	3032	34
Beta-catenin Independent WNT Signaling	5691	5692	3709	50855	5534	387	57690	409	8325	5148	5682	94235	5880	5713	23236	6932	8322	160	4343	5158	2787	5879	192670	7316	2784	23002	2783	6035	5695	5578	7311	5579	5719	2780	7471	26523	54361	5330	4772	5582	7979	5702	7474	5593	3710	2775	1213	5216	2785	192669	801	1212	2782	3708	2791	5686	81029	23112	8321	10213	51764	2790	9861	11047	6233	5688	4920	57154	163	5689	6934	3845	1173	2792	815	2793	6259	64750	5530	27327	144165	59345	7314	5705	5693	161	8323	4609	5717	83439	5331	1856	5701	1855	6885	2535	5694	27161	51701	5690	5881	5683	2788	5532	1175	23513	51176	5687	54331	5700	57216	5145	5714	5707	4919	7855	7481	7976	55970	5684	5709	5704	2786	1499	1211	5592	5718	8313	5706	1857	8324	5708	10681	5685
Beta-catenin Phosphorylation Cascade	5519	5518	5529	5528	23401	2932	139285	5525	324	5516	1499	10023	5515	1452	8312	5527	5526
Beta-oxidation of pristanoyl-CoA	3295	10005	1384	54677	6342	55289	8310	8309	23600
Beta-oxidation of Very Long Chain Fatty Acids	1962	122970	51	10005	10455	23417	11001	26063	30	215	3295
Bicarbonate Transporters	6522	8671	23382	83697	9498	57282	57835	6508	9497	6521
Bile Acid and Bile Salt Metabolism	9420	1645	9885	80270	213	6342	1109	114883	28234	9023	114881	10005	51302	10599	1581	8647	123264	1593	23600	26031	6579	8644	6554	6256	11001	6718	200931	10499	1582	6555	10998	570	8309	80765	3295	8714	114876	8648	114880	2172	5007	10858	9971	1646
Binding and Uptake of Ligands by Scavenger Receptors	10808	78989	286133	3320	348	2512	335	3512	213	1282	4035	8578	811	117156	1281	81035	949	8685	2495	3043	259	948	1278	6678	7184	3240	8542	1284	3263	9332	10525	5648	23166	1277	284297	338	4481	6288	55576	3250
Binding and Entry of HIV Virion	7852	920	1234	5478
Binding of TCF LEF CTNNB1 to Target Gene Promoters	6934	864	8313	6932	51176	1499	4609	83439
Biological Oxidations	2948	2950	1594	4257	54600	4143	1553	9446	2730	10728	10720	1549	80777	9915	4837	4259	1581	8824	8639	4051	6799	445329	284541	2052	22977	1727	6256	1576	51504	1582	54905	2326	54576	2946	4128	9	54659	340665	2954	2949	347734	7365	55347	341392	1577	1559	2952	8459	113612	7367	1595	2939	23169	389396	1583	54575	26873	92292	57491	8529	10	373156	55902	1585	2937	1592	55748	54578	50512	54658	1544	2944	91703	1589	29785	1558	1571	64816	130	2941	6783	7364	100861540	10499	125	54996	348158	1545	4129	27284	4548	80146	2687	123876	8648	6820	10249	2947	131	10858	27306	1580	133688	119391	219970	4144	124	128	10861	10380	1312	3326	9420	27233	6916	2953	405	191	5443	285440	1562	126410	2940	5742	54579	196743	217	54928	1543	6819	196	1836	1579	2232	54577	11283	64174	1548	57834	2678	218	221357	120227	2729	8460	64757	84836	124975	57412	134147	216	1066	1573	5447	391365	9971	127	11046	25830	2328	8574	116285	54657	4258	167127	2230	9049	314	54498	2327	7363	4835	7366	1555	246181	2686	670	84532	4552	51302	13	219	2098	54490	26	7360	1588	1593	27430	112812	79799	1572	7358	1800	653689	7172	54988	874	66002	1584	1565	51000	9060	494143	6817	2938	9061	79017	95	107987479	5740	10941	1591	6822	79094	23491	126	10327	1557	56603
Biosynthesis of DHA-derived SPMs	2948	239	5743	240	107987479	2879	4056	1576	3248	1565	1543	4048	1544	2053	1559	246	1558	1571
Biosynthesis of E-series 18(S)-resolvins	240	2879	3248	246	4048
Biosynthesis of EPA-derived SPMs	5743	240	2879	3248	246	4048
Biosynthesis of Lipoxins (LX)	241	239	240	4056	3248	22949
Biosynthesis of Maresin-Like SPMs	107987479	1576	1565	1544	1559	1558	1571
Biosynthesis of Maresins	240	107987479	1576	1565	1544	2053	1559	1558	1571
Biosynthesis of Specialized Proresolving Mediators (SPMs)	2948	239	22949	5743	4056	1543	1544	2053	1558	1571	2879	1576	1565	4048	241	240	107987479	3248	246	1559
Biosynthesis of the N-glycan Precursor (Dolichol LLO) and Transfer to a Nascent Protein	79796	2673	84920	197258	10610	7264	29906	55343	6487	4351	256435	29925	29929	54344	29926	30815	79087	84620	79868	338596	22845	140838	1798	256281	6480	27090	51046	81849	9945	4759	26503	8790	6483	6489	91869	144245	10559	7903	440138	5238	79947	55577	10195	8818	6484	29880	4597	10402	3098	9526	282969	6482	56052	4758	6675	10825	5373	2762	8813	5973	51005	8869	116150	129807	8128	57171	10020	55907	79053	5476	199857	5372	64841	79644	2720	85365	54187	55808	80896
Biotin Transport and Metabolism	56922	5091	3141	32	51248	8884	5096	5095	686	31	64087
Blood Group Systems Biosynthesis	2527	2529	2526	2523	8708	2525	10690	84750	6484	6487	10402	124872	10317	6007	28	2524	30815	8705	170384	8707	6006	2528
Branched-chain Amino Acid Catabolism	4329	593	11112	549	1738	3712	64087	152926	1892	594	587	1629	10295	27034	38	586	56922	3028	26275	9673	36
Branched-chain Ketoacid Dehydrogenase Kinase Deficiency	1629	593	10295	1738	594
Budding	
Budding and Maturation of HIV Virion	51534	7251	6233	29082	91782	79720	51160	51510	137492	25978	55048	89853	5478	7314	79643	9525	27183	10015	51271	100526767	27243	128866	155382	93343	7316	7311	23327	92421
Butyrate Response Factor 1 (BRF1) Binds and Destabilizes mRNA	167227	11340	9261	54512	51010	54464	118460	55802	7529	51013	207	22894	56915	23016	5393	23404	677
Butyrophilin (BTN) Family Interactions	11118	10385	7498	11119	696	153579	30835	5493	11120	56244	79908	10384
C-type Lectin Receptors (CLRs)	5691	4773	5692	3709	94025	841	118430	4586	5534	6714	143662	6850	5682	5568	4792	283463	30835	5713	7335	4583	5062	4775	257397	5566	6500	9252	140453	10454	3384	7316	5695	7311	2534	4582	997	3553	5719	9040	200958	10892	56667	4585	4772	7979	5702	4589	5170	4588	50856	5567	5970	3710	23118	801	7189	3708	23291	5686	7334	170482	2033	5058	10213	9861	5063	11047	6233	5688	5708	5689	8517	3845	4893	394263	1387	5530	7314	84433	64170	5705	5693	5336	5971	26253	9039	5717	7321	8915	5701	5894	7322	338339	6885	4791	8454	5694	8945	3551	93978	5690	6367	3265	5580	5683	10462	5532	2207	5687	4067	5700	727897	4584	9020	5714	1147	5707	3385	5684	6361	5704	5709	5718	64581	29108	5706	10768	10071	4790	5685
CASP8 Activity Is Inhibited	355	841	8772	356	8737	8743	8797	7186	8837	8717	8795
CD163 Mediating an Anti-Inflammatory Response	1432	6868	3569	9332	4627	79651	3586	5045	10769
CD209 (DC-SIGN) Signaling	5063	4067	5568	3845	30835	1387	3385	5567	5970	5062	5971	5566	9252	5894	3384	2033	5058	4893	3265	4790	2534
CD22 Mediated BCR Regulation	974	933	5777	973	4067
CD28 Co-Stimulation	208	2475	5063	57761	7525	942	55615	4067	6714	5290	9020	940	117145	253260	10000	5296	5170	7409	8503	2885	5295	5062	998	79109	64223	941	9402	5879	3932	6035	207	1326	5058	2534
CD28 Dependent PI3K Akt Signaling	208	2475	57761	942	55615	5290	9020	940	117145	253260	10000	5296	5170	8503	5295	79109	64223	941	3932	207	1326	2534
CD28 Dependent Vav1 Pathway	2885	5063	5062	942	940	998	3932	5879	6035	7409	5058	941	2534
CDC42 GTPase Cycle	25894	148170	139818	26084	29062	124997	50855	9912	396	2245	55240	23365	221472	56990	394	128272	55004	23092	8874	57514	6453	57144	5062	51133	9901	55619	29	84364	57572	64857	9754	83478	3930	9639	115557	23002	23348	90627	153478	57569	57522	57580	23229	1123	81624	343578	4983	9826	7456	117289	23048	89846	9341	10395	2040	91010	5296	50619	10602	613	29127	147179	115703	25791	221178	998	10928	857	2909	10672	128239	85360	144402	23580	116985	4168	9815	64411	7984	26286	64333	143872	57480	7454	10298	10458	85440	5058	26030	392	7879	393	114793	28964	5063	752	1894	10160	10652	4296	55789	51306	257106	121512	8976	7204	23380	116984	11135	5337	9411	398	10451	27237	54874	201176	79658	8826	9459	81839	22899	50649	9743	397	80243	58504	9578	7410	23513	8476	7037	23526	51291	7112	106821730	81704	10788	4650	57584	89839	101059918	5295	23268	644150	5924	23263	92799	10435	7074	3895	80728	8773	55114	9644	3728
CDC6 Association With the ORC Origin Complex	84515	4998	5000	23594	23595	4999	990	5001
CDH11 Homotypic and Heterotypic Interactions	1006	64403	1495	1500	1009	1499	3728
CDK-mediated Phosphorylation and Removal of Cdc6	5691	25906	5683	5692	9861	5719	51343	11047	8697	6233	8900	5687	5688	5700	5689	1017	5682	5714	7979	11065	5702	5707	890	898	5713	27338	8881	7324	119504	7314	51529	5705	64682	5693	51434	5684	5709	5704	29882	246184	9134	5717	5718	996	7321	10393	990	5701	5686	51433	29945	7316	5706	5694	10213	5695	5690	5708	7311	5685
CHL1 Interactions	8515	3688	3673	10752	3672	27255	8829	3312	286
CLEC7A (Dectin-1) Induces NFAT Activation	4772	3710	4773	5532	3709	10768	4775	801	5534	5530	3708
CLEC7A (Dectin-1) Signaling	5691	4773	5692	3709	841	5534	6714	6850	5682	4792	5713	7335	4775	257397	6500	10454	7316	5695	7311	997	3553	5719	9040	10892	4772	7979	5702	5170	5970	3710	23118	801	7189	3708	23291	5686	7334	10213	9861	11047	6233	5688	5689	8517	5530	7314	84433	64170	5705	5693	5336	5971	9039	5717	7321	8915	5701	7322	6885	4791	8454	5694	8945	5690	3551	6367	5580	5683	5532	5687	5700	9020	5714	1147	5707	5684	6361	5704	5709	5718	64581	29108	5706	10768	5708	4790	5685
CLEC7A Inflammasome Pathway	5970	3553	841	10892	29108	4790
COPI-dependent Golgi-to-ER Retrograde Traffic	23046	23423	7846	89953	81027	4905	5861	54732	24137	90990	53407	55614	381	55850	26958	3833	8729	9493	260334	3834	26153	3835	11316	84364	64147	377	81876	55083	3796	3799	51594	372	22818	1315	1062	3831	9183	3798	7280	81930	3800	51226	10381	29127	375	112714	64837	55605	1314	9585	347733	7277	84617	26286	221458	147700	10972	10112	51014	285643	55738	3797	11015	124602	8775	347688	8774	11004	84790	51807	10383	79861	60561	10382	378	547	146909	10959	84643	23095	56992	10945	80086	9371	22920	22820	7278	9554	3832	23303	10749	11127	63908	11014	662	113220	55582	6836	10376	9276
COPI-independent Golgi-to-ER Retrograde Traffic	829	8398	22930	7846	93661	81027	1780	830	10540	11258	10671	8655	1639	5049	25782	51164	140735	7278	7280	22931	347688	10121	2590	1781	1778	10381	832	260334	84790	51807	5050	2589	10383	79861	112714	5321	10382	56894	1783	51143	55860	5048	51560	347733	5870	7277	84617	636	10376	84516	23299	80086
COPI-mediated Anterograde Transport	23423	966	7846	81027	10540	4905	5861	54732	25839	140735	288	381	26958	9570	8729	6708	832	10466	260334	11316	84364	1604	55860	57731	377	81876	372	22818	1315	93661	6712	1780	10671	8655	64689	7280	2348	3630	84342	51226	10381	375	112714	1314	51143	347733	7277	84617	26286	83548	51272	6709	10972	10282	51014	9527	830	10652	55738	11015	8775	347688	10121	8774	11070	84790	51807	91949	2801	10383	79861	10382	378	286	287	57511	10959	10945	6811	80086	829	11258	9382	51332	1639	22820	51164	22796	7278	1781	1778	63908	6710	11014	1783	2804	6711	8615	10376	84516	9276
COPII-mediated Vesicle Transport	1075	10960	79090	966	6396	83696	2153	81562	4905	10652	2157	2890	90411	5861	26984	10175	10802	23243	374	1294	64689	55291	11196	10427	9632	2348	9871	8775	10342	126003	9554	8774	23256	9570	3998	25956	128637	9919	55014	9117	10113	122553	1522	7109	51128	10484	22870	63908	2801	254263	1453	79748	27095	7039	5265	51693	8615	51399	6399	81876	5537	22872	10959	58485	10972	10282	6811	89866	149111
CREB Phosphorylation	466	9261	6195	6197	9252	6196	1385
CREB1 Phosphorylation Through NMDA Receptor-Mediated Activation of RAS Signaling	4747	5923	5594	2906	6196	6195	5595	816	3845	1741	815	5170	1385	2904	5924	6197	817	801	88	818	1739	1742	4893	3265	27330	1740	57554	2902
CREB1 Phosphorylation Through the Activation of Adenylate Cyclase	114	5576	5568	5575	5613	5566	5573	801	107	1385	5567	5577
CREB1 Phosphorylation Through the Activation of CaMKII CaMKK CaMKIV Cascasde	818	816	814	3838	801	10645	1385	84254
CREB3 Factors Activate Genes	84699	64764	90993	153222	8720	51360	81501	10488	148327
CRMPs in Sema3A Signaling	5362	91584	10371	10570	2242	5361	1809	2932	55558	1400	1808	8829	8851	1020	56896	2534
CS DS Degradation	3423	1462	411	3425	1463	24142	3074	10675	3373	63827	633	8372	1634	1464	3073
CTLA4 Inhibitory Signaling	208	5528	7525	942	4067	5527	6714	5529	5516	10000	5526	1493	5518	5781	941	5519	3932	5525	5515	207	2534
CTNNB1 S33 Mutants Aren'T Phosphorylated	5519	5518	5529	5528	2932	139285	5525	324	5516	1499	5515	1452	8312	5527	5526
CTNNB1 S37 Mutants Aren'T Phosphorylated	5519	5518	5529	5528	2932	139285	5525	324	5516	1499	5515	1452	8312	5527	5526
CTNNB1 S45 Mutants Aren'T Phosphorylated	5519	5518	5529	5528	2932	139285	5525	324	5516	1499	5515	1452	8312	5527	5526
CTNNB1 T41 Mutants Aren'T Phosphorylated	5519	5518	5529	5528	2932	139285	5525	324	5516	1499	5515	1452	8312	5527	5526
CYP2E1 Reactions	1572	1548	1549	107987479	1553	1565	1557	1571	1559	29785	1558	1555
Ca-dependent Events	115	114	5575	5580	5136	5573	26960	5594	5137	5153	112	156	5582	5576	5568	111	816	815	84254	109	1385	5567	108	814	196883	5566	817	801	10645	5321	818	3838	5613	113	5578	107	5577
Ca2+ Activated K+ Channels	3778	3779	3781	27345	3780	10242	27094	3782	3783
Ca2+ Pathway	2788	5532	3709	2780	51176	26523	5534	5330	54331	57690	4772	6934	5148	5145	94235	3845	2792	815	2793	7474	7855	5530	5593	27327	7481	7976	59345	55970	3710	23236	2775	8322	6932	8323	2786	1499	2785	4609	5592	192669	801	2782	51764	3708	5331	83439	2791	4343	23112	8313	5158	2787	192670	6885	2535	2784	2783	27161	51701	5578	10681	2790
CaM Pathway	115	114	5575	5580	5136	5573	26960	5137	5153	112	156	5582	5576	5568	111	816	815	84254	109	1385	5567	108	814	196883	5566	817	801	10645	818	3838	5613	113	5578	107	5577
CaMK IV-mediated Phosphorylation of CREB	816	818	815	814	3838	817	801	10645	1385	84254
Calcineurin Activates NFAT	4772	4773	5532	4775	2280	801	5534	5530	5478
Calcitonin-like Ligand Receptors	10268	10266	796	799	797	133	79924	10267	10203	3375
Calmodulin Induced Events	115	114	5575	5580	5136	5573	26960	5137	5153	112	156	5582	5576	5568	111	816	815	84254	109	1385	5567	108	814	196883	5566	817	801	10645	818	3838	5613	113	5578	107	5577
Calnexin Calreticulin Cycle	6048	55741	51009	10956	6233	5589	80267	11236	23193	811	91445	11253	10206	7314	84447	6400	2923	7844	267	9695	56886	7316	55757	821	7311	10299
Cap-dependent Translation Initiation	6191	6129	8667	6169	140032	6168	6142	1965	8891	6122	9045	6138	8892	6207	6130	51121	6181	6187	9349	8666	1968	6206	8665	140801	8664	7311	1967	6188	1964	6173	6224	6194	6217	1978	27335	10480	6160	6202	6223	6166	6218	8661	3921	8669	26986	6171	6134	6164	6139	6147	8668	6230	1977	51386	6156	8662	1974	7458	6128	6133	8663	6135	6192	6233	3646	6123	6228	6132	6234	6158	6165	1983	6231	6167	6159	6176	2197	6193	6203	6229	4736	6208	25873	6222	6205	6137	6144	6175	11224	6232	51065	6201	6141	6189	6209	6227	1975	6235	200916	6161	1973	6210	8890	6204	6146	6152	23521	6124	8894	9669	6136	6157	6125	116832	8893	6143	6154	6170	1981	6155
Carboxyterminal Post-Translational Modifications of Tubulin	123624	150465	54839	79739	7846	81027	79805	84871	23170	25941	7278	7280	347688	284076	158135	10381	260334	26140	84790	51807	23093	10383	79861	112714	10382	23287	84276	347733	25809	83887	60509	374969	7277	340351	10376	84617	164714	164395	9654	22846	79841	9489	80086	254173
Cardiac Conduction	3709	338567	4882	80228	2259	10060	6327	3759	775	6335	6336	6910	51305	844	6330	6547	476	27092	5566	489	30818	6263	8645	55800	2258	5348	3777	492	3750	2256	444	23704	3741	6323	6786	3710	30819	25937	83795	4842	801	3770	59283	2257	3708	3776	488	5350	3761	59285	818	478	29098	6588	10008	493	54207	4878	10699	84876	6546	6331	7137	89822	2281	3757	5349	815	490	10089	782	487	3752	7220	3784	6261	56659	204851	6543	1482	6329	8850	817	6328	1066	783	53828	28996	11280	4311	483	59284	4881	3751	10345	9254	50801	30820	2626	3768	4880	816	6717	9992	477	845	53826	3767	482	491	53822	60598	6334	481	486	6324	80333	3753	23630	6326	56660	6332	9424	3775	1760	10142	1193	10768	6262	480
Cardiogenesis	55897	6722	4303	4208	51176	10524	2648	23493	8320	2626	23462	11091	6910	9464	6862	150572	3670	4089	93649	57057	1482	1499	4086	6899	9421	2627	8861
Cargo Concentration in the ER	1075	10960	966	2153	81562	90411	2157	2890	10175	10802	374	1294	9632	10427	9871	2348	4253	9554	3998	9570	10113	1522	51128	10484	254263	79748	375056	7039	5265	10959	10972	6811	149111
Cargo Recognition for Clathrin-Mediated Endocytosis	255324	115548	11037	7018	9146	409	3949	8218	8533	9892	23149	6453	8322	160	4738	10987	85021	50618	1129	7316	2069	6456	30011	4074	4036	9856	127833	7311	51138	90019	915	156	10980	9341	7474	29988	1601	1213	8673	950	1212	10254	22848	1861	338	29978	554	1839	6457	8674	26119	6455	6572	917	1080	6233	867	25977	85439	157	163	58513	6869	920	1173	23208	29979	8027	6844	84251	7314	185	161	7039	9318	3575	1856	2060	3482	551	685	2873	1175	7037	6857	10618	10920	1956	55707	374	29924	27348	50813	2885	154	408	1211	143425	6845	22905	3267	9185	64708	1950	8301
Cargo Trafficking to the Periciliary Membrane	6010	129880	2847	6753	1258	56623	1260	582	9727	55763	84747	8195	60412	192668	79738	23265	5311	7203	6102	92482	10640	54536	6950	1262	10694	8729	166379	403	149371	11336	27241	84100	123016	378	117177	5310	200894	55770	585	50807	583	27031	10576	5147	10575	6608	54585	22948	55212	4218	8766
Carnitine Shuttle	788	7069	1375	32	6256	5467	1376	58526	31	5565	1374	6584	5563	51422
Caspase Activation via Death Receptors in the Presence of Ligand	929	355	148022	841	8772	100302736	356	8737	8743	8797	7186	8837	7099	8717	8795	23643
Caspase Activation via Dependence Receptors in the Absence of Ligand	1612	90249	836	23604	219699	9500	1630	26060	1613	842
Caspase Activation via Extrinsic Apoptotic Signalling Pathway	841	836	8772	8743	9500	1612	23604	7186	26060	1613	23643	356	8737	219699	8837	7099	929	355	90249	148022	100302736	8797	1630	8717	8795	842
Caspase-mediated Cleavage of Cytoskeletal Proteins	2620	7431	28988	839	840	836	841	6709	2934	5339	118	4137
Cation-coupled Chloride Cotransporters	6560	6558	57468	9990	10723	6557	6559
Cdc20 Phospho-APC C Mediated Degradation of Cyclin A	5691	25906	983	5683	5692	5719	9861	11047	8697	701	4085	6233	8900	5687	5688	5700	5689	5682	5714	7979	11065	5702	5707	890	5713	27338	8881	7324	119504	7314	51529	5705	64682	5693	51434	5684	5709	5704	29882	9184	246184	5717	5718	996	7321	10393	5701	991	5686	51433	29945	7316	5706	5694	10213	5695	5690	5708	7311	5685
Cell Cycle	644186	3320	3013	5439	64326	51659	8900	91782	7468	4173	140735	80184	1163	1026	51588	672	83695	9656	29893	5981	4193	7283	5753	10393	2237	11200	56979	6249	85378	9972	23421	8318	10856	51053	5520	10971	1063	4194	5528	5719	23399	4331	1780	9183	9232	4361	595	5425	23243	1017	80119	29935	675	79184	81930	5702	64946	10381	891	83540	580	51512	11130	5519	23194	5925	10133	4659	8924	79075	1030	93426	11097	208	9861	8348	10274	472	4001	51720	10524	5862	9662	132660	5688	129401	23649	8021	5441	25978	9025	347688	23279	54107	4957	10121	23310	79980	57082	55869	6119	10926	5693	4605	23063	80169	25777	7153	8970	4609	4751	79861	7321	27243	54820	128866	5701	1022	51433	10111	10426	5515	2810	5694	5440	653784	894	10735	983	5933	23594	701	5984	7112	4067	23165	4439	5435	9088	94239	26271	79902	55706	5516	7298	995	9663	728642	348235	2491	5518	8338	51434	5684	7533	91687	63922	151246	4000	5427	11064	63979	84930	56158	5426	100526767	1875	23175	994	55559	5706	9793	5424	85236	57551	55844	5903	5685	5691	57405	7532	1459	984	6714	25913	151648	5682	55291	51230	25946	898	5713	5436	84057	5982	83990	7486	5931	5934	11116	4928	9133	27030	1453	902	5566	546	6241	990	54069	23511	116028	11144	3978	3796	23225	5695	56655	7311	1616	10714	7013	1069	5888	4172	4869	79648	5889	1859	641	7979	7156	1111	8881	9631	23345	22897	5501	55142	10733	9184	246184	8345	57060	5558	991	347733	1460	8331	7175	1027	8815	5108	5434	8468	10112	29922	114799	27127	1874	11083	10806	440145	4683	27175	5689	8481	1032	7157	11065	286826	4998	55135	80152	23047	11004	51807	2801	8342	5000	10383	5717	23122	55732	7015	51750	50511	7014	1031	8454	5433	203068	4438	80086	80028	80010	5683	23141	3065	51343	100134934	8341	1639	8548	5700	5810	23244	6790	7278	84126	64785	115106	1778	7324	5526	5932	81929	100527963	401541	4175	4660	5718	6683	9126	11073	3837	9738	84515	207	3017	9735	5692	55388	5884	54801	7846	55320	10540	8349	3306	5861	84131	8636	81620	55839	1870	57804	3364	260334	11190	55164	7444	27229	10051	7840	6502	25906	84296	8334	25	79991	23595	55651	387103	5885	28227	55766	8467	7280	79959	55957	5883	5985	387893	79172	8086	8480	6118	113130	1871	55920	996	23291	51143	5048	5686	23133	84617	8340	2033	10213	5437	92421	114791	9837	9814	1763	2932	11047	1457	2305	7027	7329	4085	6233	5901	10388	3619	23354	7514	53371	81565	11339	255919	699	9156	1876	4926	55355	10382	54145	4292	55055	9688	8945	6847	993	1454	54821	157570	6232	8697	8379	22995	5527	140609	9985	23224	80776	63943	5714	22919	10000	256126	7443	332	1781	7465	7336	10592	5709	5704	29882	1029	5422	1783	3842	10762	8615	255626	10376	29945	144715	65057	7534	220134	54921	5001	1021	545	2010	93323	5430	81027	5594	80254	79866	4149	1058	55722	91768	3717	9493	1104	51529	64151	5431	55125	55505	6500	4999	81876	3930	5537	56154	10403	7316	9212	5578	25936	1736	8290	7341	128312	79441	6396	5579	26277	10844	1062	9918	7083	22822	147841	6418	8655	55755	64689	22933	54433	9978	890	5111	10726	54908	79643	9818	64682	27436	80321	112714	23397	896	23636	7277	7334	5525	79003	10783	5983	95681	25836	51773	8317	79019	3326	348995	29082	10776	25909	91754	23353	22974	3161	79023	5529	55166	80097	4174	5432	55746	4171	54386	9702	1869	2029	121441	5438	119504	5557	7314	5705	221496	84790	26003	200014	27183	8556	9134	5500	1719	10734	84962	51451	7029	55143	3018	79682	1019	84643	22981	5690	1060	4218	9700	22994	51400	4927	1028	474382	54930	57122	63967	29781	11258	29086	5347	5687	5595	5905	5707	23592	165918	54892	7158	27338	23332	64105	91750	8607	8243	7529	9798	64900	4176	6117	23626	5116	5928	23383	10142	7531	5708	5577	9883
Cell Cycle Checkpoints	9735	5691	545	5692	55388	5884	57405	7532	8349	64326	8900	7468	1058	151648	55839	4173	140735	5682	51230	25946	898	5713	1026	51588	5982	83990	7486	51529	3364	672	4928	83695	9133	9656	4193	4999	10393	990	11200	116028	6249	23421	8318	3796	10403	7316	9212	5695	25936	7311	1063	10971	8290	25906	128312	5528	4194	5719	6396	1062	1780	4172	23595	9183	147841	8655	4361	641	1017	7979	5702	79184	81930	890	5883	64946	7156	1111	5985	10726	54908	891	8881	79172	5501	64682	6118	83540	9184	580	246184	8345	51512	55920	57060	996	11130	51143	991	5519	5048	5686	7334	5525	1027	79003	8340	5983	8924	10213	8317	79019	9861	8348	1763	348995	472	51720	11047	10524	4085	6233	25909	5688	5708	3619	79023	4683	5689	9025	5529	55166	7157	4174	11065	55746	23279	4171	7514	4998	57082	79980	81565	6119	119504	80152	10926	7314	5705	5693	11004	8342	699	9156	9134	8970	5000	5717	23122	7321	5701	54820	55143	3018	79682	51433	54145	10111	5515	2810	84643	5694	55055	5690	1060	993	80010	983	54821	5683	220134	6232	57122	63967	8697	701	8341	29086	8379	23594	5347	5687	5984	7465	5527	5700	80776	5810	9088	5714	5905	5707	79902	5516	22919	165918	995	84126	7158	27338	23332	332	1781	1778	64105	5526	5932	2491	81929	348235	7324	5518	7336	100527963	51434	5684	7533	91687	401541	5704	5709	151246	7529	29882	1029	4175	5718	1783	11073	4176	6117	255626	29945	84515	5706	144715	9793	3017	7531	7534	85236	5903	57551	5685	5001
Cell Cycle, Mitotic	3320	3013	51659	8900	91782	4173	140735	80184	1163	1026	5981	7283	5753	10393	2237	6249	85378	9972	23421	8318	51053	5520	1063	5528	5719	23399	4331	1780	9183	9232	595	5425	1017	29935	5702	81930	64946	10381	891	83540	51512	11130	5519	23194	5925	10133	4659	1030	11097	208	9861	8348	10274	4001	5862	9662	132660	5688	129401	23649	8021	25978	347688	23279	54107	4957	10121	23310	79980	57082	55869	6119	10926	5693	4605	23063	7153	8970	4609	4751	79861	7321	27243	54820	128866	5701	1022	51433	10426	5515	5694	653784	894	10735	983	5933	23594	701	5984	7112	4067	23165	9088	94239	26271	79902	55706	5516	7298	995	9663	728642	348235	2491	5518	8338	51434	5684	91687	151246	4000	5427	11064	84930	5426	100526767	1875	23175	994	55559	5706	9793	5424	85236	57551	55844	5903	5685	5691	57405	7532	1459	984	6714	151648	5682	898	5713	5982	5934	11116	4928	9133	1453	902	5566	6241	990	23511	3978	3796	23225	5695	56655	7311	10714	1069	4172	79648	1859	7979	8881	9631	22897	5501	55142	10733	9184	246184	8345	5558	991	347733	1460	8331	7175	1027	8815	5108	10112	29922	114799	1874	10806	440145	27175	5689	8481	1032	7157	11065	286826	4998	80152	23047	11004	51807	2801	8342	5000	10383	5717	23122	55732	1031	8454	203068	80086	80028	5683	23141	3065	51343	8341	1639	8548	5700	23244	6790	7278	64785	115106	1778	7324	5526	81929	100527963	401541	4175	4660	5718	6683	9126	3837	9738	84515	207	3017	9735	5692	55388	54801	7846	10540	8349	5861	84131	8636	81620	55839	1870	57804	260334	11190	7444	27229	10051	7840	6502	25906	84296	8334	25	23595	5885	28227	55766	7280	79959	55957	5985	387893	79172	8086	8480	6118	113130	1871	55920	996	23291	51143	5048	5686	23133	84617	8340	2033	10213	92421	114791	9837	9814	1763	2932	11047	1457	2305	7027	7329	4085	6233	5901	3619	23354	7514	53371	81565	255919	699	1876	4926	10382	54145	55055	9688	8945	993	1454	54821	157570	6232	8697	8379	22995	5527	140609	80776	63943	5714	22919	10000	7443	332	1781	7465	10592	5709	5704	29882	1029	5422	1783	3842	10762	8615	255626	10376	29945	220134	5001	1021	2010	93323	81027	5594	80254	79866	4149	1058	55722	91768	3717	9493	1104	51529	64151	55125	6500	4999	81876	3930	10403	7316	9212	5578	25936	8290	7341	128312	79441	6396	5579	10844	1062	9918	7083	22822	147841	6418	8655	55755	64689	22933	9978	890	5111	10726	54908	79643	9818	64682	27436	80321	112714	23397	896	23636	7277	5525	79003	10783	5983	95681	25836	8317	79019	3326	348995	29082	10776	25909	91754	22974	3161	79023	5529	55166	80097	4174	55746	4171	9702	1869	2029	121441	119504	5557	7314	5705	221496	84790	26003	200014	27183	8556	9134	5500	1719	84962	51451	7029	55143	3018	79682	1019	84643	22981	5690	1060	4218	9700	22994	51400	4927	1028	474382	54930	57122	29781	11258	5347	5687	5595	5905	5707	23592	54892	27338	23332	64105	91750	8243	9798	64900	4176	6117	5116	5928	23383	10142	7531	5708	5577	9883
Cell Death Signalling via NRAGE, NRIF and NADE	57449	26084	2245	23365	26230	221472	128272	8874	6453	8997	29	64857	445328	5879	23421	7316	9639	6035	7311	57580	836	23229	9500	9826	89846	25791	835	10672	23370	4168	7189	7984	5664	5663	4803	5599	55701	1894	8878	6233	55160	11214	100271715	84904	121512	7314	7204	572	83464	23385	10451	51107	27237	9459	6655	10018	22899	50649	26574	50650	7410	27018	4804	9138	389337	7409	5924	23263	10276	54848	7074	55851	9181	9828	7531	84033	6654
Cell Junction Organization	3909	71	24146	1308	1000	1001	50855	6663	3609	137075	53842	57690	10686	51208	1364	23562	56978	57863	1004	1366	3861	55679	25945	28513	5584	4343	1005	50848	192670	84552	3918	1015	2294	9080	154796	283	1006	3987	1016	3688	1003	55742	26523	253559	92359	9839	5819	1007	9074	87	5818	29780	49861	3655	84612	8728	9076	192669	51129	56288	23112	64403	2316	977	3224	1495	27319	7122	26285	54751	7408	9071	1500	9069	80149	3691	2318	1013	3914	27327	999	7016	5010	10207	4301	60	9459	1012	27161	6251	1002	5817	10979	1365	149461	6667	221935	81607	6615	667	1009	1499	23705	26508	9075	1010	9073	3611	54549	1008	5339	3852	3728	80332	5829
Cell Recruitment (Pro-Inflammatory Response)	3326	3553	3606	1511	4907	7295	3552	79792	953	3162	5970	5027	718	834	719	4790	10628	10910	351	4791	957	5025	29108	9051	4210	114548
Cell Redox Homeostasis	2245	1737
Cell Surface Interactions at the Vascular Wall	1525	10461	6566	9057	3678	5777	51206	6714	7010	5175	57126	6382	2734	634	55423	1278	5196	90952	960	5671	8140	5670	3685	58494	4072	50848	2888	8793	3932	5676	2335	4282	6383	5672	6402	5624	2534	6403	7525	3688	3690	9463	682	2995	3689	5680	6404	11136	3897	5296	2994	29802	5478	2621	3655	9056	857	1084	9123	7102	3635	6464	1088	23759	338	7056	8797	5291	23657	7040	6520	8795	51744	120425	5197	3512	8832	56301	972	3845	3687	284	3676	5335	3543	2886	962	5781	961	1277	5673	9046	483	3265	1048	10544	4312	9672	7441	3684	5675	5627	2207	4973	2817	83692	51378	4099	4067	5290	4680	3683	2993	2147	23539	23428	285	965	482	83953	2885	5295	440533	6385	6401	5669	481	5678	914	4267	3675	54210	140885	83700	4893	6693	6654
Cell-Cell Communication	3909	71	24146	1308	1000	1001	50855	6663	5777	3609	7305	137075	53842	6714	57690	10686	51208	1364	23562	56978	57863	1004	89	55423	1366	3861	55679	25945	28513	653509	5584	4343	1005	50848	192670	84552	3918	1015	4690	10326	88	2294	2534	9080	154796	283	1006	3987	1016	3688	1003	55742	26523	253559	92359	9839	5819	1007	9074	87	6441	5296	5818	29780	49861	2185	9863	3655	84612	8728	9076	23607	192669	51129	56288	23112	64403	2316	977	6709	5291	8935	3224	1495	27319	8440	7122	8573	26285	54751	7408	9071	1500	9069	80149	3691	2318	1013	3914	8976	27327	999	84623	7016	5010	5781	961	10207	4301	81	8826	60	7827	9459	729238	1012	27161	6251	4868	1002	5817	5290	10979	1365	149461	6667	221935	2885	81607	5295	6615	667	1009	1499	23705	26508	5747	9075	1010	9073	84063	6711	3611	54549	1008	5339	3852	3728	80332	140885	5829
Cell-cell Junction Organization	71	24146	1000	1001	50855	6663	3609	137075	53842	57690	10686	51208	1364	23562	56978	57863	1004	1366	25945	28513	5584	4343	1005	50848	192670	84552	1015	2294	9080	154796	283	1006	1016	1003	26523	253559	92359	9839	5819	1007	9074	5818	49861	84612	8728	9076	192669	51129	56288	23112	64403	3224	1495	27319	7122	26285	9071	1500	9069	80149	1013	27327	999	5010	10207	4301	60	1012	27161	1002	5817	1365	149461	6667	221935	81607	6615	1009	1499	23705	26508	9075	1010	9073	54549	1008	3728	80332
Cell-extracellular Matrix Interactions	54751	3987	7408	71	60	3688	10979	87	2316	9459	7016	55742	55679	6251	2318	29780	5829	3611
Cellular Senescence	1021	3013	8349	8900	5594	3007	6196	3552	57690	25913	8550	6195	1870	8091	3397	898	1051	1026	3024	51529	9261	23466	5931	5601	6774	4193	10393	4343	1432	192670	7316	6416	5606	7311	5598	8290	4194	25906	128312	1911	27287	7013	8334	26277	84733	26523	9448	25842	4361	1017	2114	55766	23043	890	4217	3006	29855	3725	8881	5970	64682	5600	246184	1871	8345	192669	996	3159	2077	8726	3009	8331	23112	5925	3569	1027	8340	3008	1030	57332	50488	5599	8348	472	4001	10524	7027	6233	5609	23135	7290	3456	7295	4683	1032	7157	11065	54386	1869	27327	119504	7314	23512	8342	6197	9134	2146	8970	5602	79813	6045	7321	7029	3018	7014	51433	54145	10111	1031	2353	1019	80012	51343	474382	8697	8341	8535	10919	2113	5595	94239	3576	3490	1912	27338	23523	7324	6667	8338	22955	51434	5608	29882	1029	7867	57634	255626	5928	29945	65057	100532731	3017	85236	3005	4790	6015
Cellular Hexose Transport	91749	6513	200010	11182	6514	6517	81031	85414	6524	6527	26291	55974	29988	154091	155184	6523	56606	6515	66035	144195	125206
Cellular Response to Chemical Stress	5691	6907	25828	5692	2950	1347	23054	1459	1339	538	1350	343	1329	2730	84701	5682	4199	5713	9611	1026	3163	598	50507	672	5154	6256	6737	6774	6500	64839	7001	85441	5753	1536	5584	7316	571	27244	1535	1337	468	5695	6502	653361	7311	596	9817	5719	2882	1349	613227	645	10072	80205	7456	81631	7979	5702	9978	2936	7415	5970	1327	9451	6604	4697	2880	10499	2877	847	30001	9167	5686	1460	8648	7353	2876	2168	3417	2033	125965	10213	208	23657	644	10498	55666	5465	9861	81502	7086	2932	11047	1457	7296	8878	6233	25942	213	5688	7295	257202	5689	5226	2940	4688	6347	8841	493869	3043	79728	1387	2539	5563	7314	3162	5705	5693	1340	139285	4780	2729	4609	10628	318	5717	79594	4514	10061	5701	4363	4097	5034	79718	8454	5694	8945	9377	5690	5469	9588	114548	5580	1351	5683	10587	55620	2878	341947	9612	5687	5700	9429	374	5714	4851	5707	23309	10000	6648	54205	4689	8452	6649	9973	10935	6667	5052	5684	5709	5704	1728	1346	1029	4512	79400	1345	5718	7975	4513	2938	8714	6647	83667	1950	96764	5706	207	140809	6888	5708	475	4790	5685
Cellular Response to Heat Stress	10808	545	3320	3308	3306	1410	3303	5594	10728	1915	162989	6782	1413	3313	3297	9261	4928	84335	3281	64223	3305	23511	9972	259217	23225	6767	6396	7266	23411	9631	7415	9818	116835	6013	8086	8480	6118	573	22824	91582	23636	818	7175	10013	2033	51182	11097	3337	2475	3326	348995	472	2932	9530	129401	79023	9529	8021	3309	55746	23279	815	53371	57805	1387	6119	27000	7314	817	3312	57521	9688	4927	10049	51501	57122	23165	3310	5595	816	79902	55706	1288	81929	871	9532	29074	27242	26353	2288	10762	6117	2765	7531	9531	5903	9883
Cellular Response to Hypoxia	5691	5683	5692	9861	5719	11047	64344	7428	54583	405	6233	5687	5688	6923	5708	55662	5700	5689	5682	5714	7979	5702	5707	9978	25994	5713	1387	112399	7323	768	7314	8994	5705	5693	6921	5684	5709	112398	5704	7422	2056	5717	3091	5718	84962	8453	7321	5701	5686	126374	7322	7316	5706	5694	2033	5695	5690	10213	10370	7311	5685
Cellular Response to Mitochondrial Stress	1965	27102	1968	115209	8894	10730	11331	9812	30968
Cellular Response to Starvation	6191	6129	6169	140032	245972	6168	23677	6142	10325	8131	10542	1965	6122	9045	6138	55004	1051	6207	440275	10312	6130	529	51121	8992	79726	6181	6187	64223	23334	9349	144577	96459	1968	6206	27244	140801	468	7311	527	6188	6396	28956	9550	84219	6173	6224	6194	6217	6160	6202	467	534	64121	6223	6166	51382	6218	51606	3921	533	6171	6134	11133	245973	6164	6139	6147	10670	6230	6156	6009	2475	57761	6128	10641	54468	6133	6135	6192	90423	6233	526	8649	6123	58528	6228	6132	6234	6158	6165	6231	6167	6159	6176	1386	2197	1649	6193	6203	155066	127124	6229	4736	6208	25873	57521	6222	440	6205	6137	6144	6175	201163	389541	11224	6232	51065	6201	6141	523	6189	6209	6227	10985	6235	57600	200916	528	6161	9681	6210	525	6204	81929	6146	6152	23521	55364	6124	153129	8894	6136	6157	6125	116832	83667	9296	6143	6154	6170	6155	55846	1054
Cellular Responses to Mechanical Stimuli	3678	112	5175	5576	94235	111	5568	5029	4792	3791	3685	5566	5586	7094	9641	64223	2787	2335	2784	2783	113	107	2534	5520	115	114	3688	1003	25	5144	55615	3690	5296	5170	5567	5970	108	2767	2785	2782	801	7414	2324	5519	2791	5291	51764	2790	5293	2475	2778	5575	84290	8517	59341	2792	2793	253260	4846	10203	59345	24145	9780	10266	10413	5515	3551	114548	2788	302	6772	5573	824	54331	5290	2776	1147	109	55970	5518	826	2786	196883	5770	1499	133	79109	5747	4323	207	10681	4790	5577
Cellular Responses to Stimuli	2950	3320	3013	3308	245972	8900	538	3007	6142	57690	8131	5175	1329	8550	140735	23373	9045	1413	6138	4496	100137049	9611	1026	9570	3313	598	3024	11340	23466	50507	672	6921	5154	1465	4193	9641	85441	10393	64223	5753	1432	23645	9972	1968	2335	2784	27244	113	1337	51266	5520	4194	527	6188	116138	1911	596	5719	84219	90993	7266	1780	2882	6194	23411	6217	3690	1663	9448	10072	80205	4361	54512	1017	5702	4217	3006	64121	10381	2767	1327	5600	3068	533	6164	30001	9167	5519	3009	2876	5925	5291	1030	10106	57332	11097	3337	208	5465	9861	81502	8348	57761	472	4001	10641	10524	5575	6095	335	84290	5688	5609	9530	129401	257202	8021	8649	167227	8517	347688	23279	7466	10121	493869	3043	9820	253260	8570	6119	4846	24145	5693	1340	10266	139285	10525	1386	2729	8970	4609	79861	1649	318	6045	3091	3312	7321	10061	5701	9572	10130	51433	10111	5515	440	5694	9377	6175	1351	10587	389541	51501	6772	23165	54331	6235	57600	51164	200916	374	94239	2309	79902	55706	23309	1912	2134	10935	55970	5052	5518	8338	51434	826	5684	2908	4000	1499	7709	79400	6136	8714	6647	83667	5706	79094	4801	6143	84516	6170	85236	55846	5903	5685	10808	5691	4494	1459	1339	6168	3336	140032	23410	30968	10325	343	1200	25913	84701	6195	1915	94235	5682	58477	898	5713	3297	5931	10312	6130	4928	529	51121	27102	3685	5566	7094	1388	7001	23334	3305	5584	4343	23511	126374	96459	2787	192670	571	6416	6206	259217	23225	23016	5695	5606	653361	5598	7311	115	114	9817	28956	7013	93661	6173	10294	5144	26523	1349	6224	51360	25842	2114	10891	7979	23043	7323	2135	8881	55466	9631	5567	6166	7415	6013	6218	9451	7422	246184	2785	8345	2877	10488	2791	347733	1460	23112	6147	8331	818	7353	7175	1027	10013	6230	10498	55666	9361	4208	54468	6135	6192	7296	23135	3456	7295	55662	4683	4899	6123	58528	5689	3309	5226	1032	11015	7157	6228	6347	6132	6234	59341	815	64784	11065	57805	25994	79728	1387	2539	27327	10203	3162	9780	6159	51807	8342	6197	10383	5602	2197	9695	5717	56915	6203	27230	6229	4514	4736	25873	6208	2289	7014	7322	5034	4097	10413	1031	8454	2353	80012	6144	80086	114548	5580	5683	2788	51010	10049	51343	4490	6201	9797	9612	8341	824	1639	10985	5290	2113	5700	2776	816	3576	7278	2887	6210	54205	4689	8452	6649	1778	7324	5526	81929	6667	4209	6152	84447	23521	55364	2786	6124	153129	133	57634	1345	5747	5718	7975	96764	22872	1670	9296	207	3017	10370	10681	475	4790	6015	25828	6907	5692	5241	6191	7846	2673	51013	10540	8349	3306	3678	23054	6169	1410	3303	4501	23677	811	10542	2730	1870	8091	5576	111	162989	6782	5568	4792	5029	6122	7494	55004	445329	84560	440275	832	260334	79726	84335	6256	2931	6737	5601	5586	22894	64839	9349	144577	2783	1535	140801	9812	6502	107	6767	25906	27287	9550	8334	3688	1003	25	64344	54583	7456	81631	10963	55766	7280	4504	534	5296	5170	3725	768	9709	116835	51382	8086	51606	8480	6118	4697	1871	2880	10499	573	801	7414	996	6734	245973	3159	6139	51143	91582	2324	5686	2077	8726	6464	84617	3569	8340	3008	2033	10213	51182	148327	51764	27429	6009	50488	23657	644	2475	7086	2778	2932	11047	1457	7027	90423	6233	526	10730	213	200186	7290	9529	5611	4688	8841	53371	7514	4520	5393	493901	23512	112398	4780	2146	10628	817	79813	4495	6193	155066	10382	7099	127124	4499	57521	54145	4363	79718	9688	8945	6137	3551	201163	302	2081	6232	51065	6141	4493	2878	8697	341947	8535	6189	5573	6209	9429	367	5714	528	3490	4851	9681	10000	109	6648	4502	1781	118	1385	7184	10113	871	6146	5608	5704	5709	3329	196883	29882	9532	1029	1346	8894	7867	5770	1783	6157	8453	27242	6125	4513	10762	116832	255626	22809	118460	29945	4323	10376	153222	65057	100532731	6154	140809	6888	37	1021	545	6129	1347	81027	5594	6196	1350	112	3552	10728	4306	4199	1965	3397	3791	112399	1051	6207	3163	51529	9261	8994	4189	8992	6181	6187	30827	2056	6774	6500	3281	8204	4802	55860	1536	7316	468	3301	2534	8290	84699	128312	3484	6396	64764	26277	84733	6155	613227	55615	645	81501	10671	8655	6160	6202	467	9978	890	29855	6223	2936	115209	23643	4489	9818	5970	64682	108	6604	3921	112714	6171	192669	2782	6134	22824	6620	11133	847	113235	23636	8648	7277	10670	338	2168	3417	125965	2790	5293	6156	5599	3326	348995	6128	5073	6745	6133	7428	8878	830	405	25942	79023	55738	2940	64061	55746	2792	6158	54386	1869	2793	6165	5563	27000	119504	23404	59345	7314	5705	6231	6167	84790	6176	55062	9134	84962	79594	7029	3018	9575	6222	1019	6205	5690	5469	9588	829	4927	11224	523	55620	57122	474382	11258	10919	5687	10424	6923	6227	2137	3310	5595	1147	5707	6161	10743	4800	10897	27338	23523	1288	9973	525	6204	2099	22955	22926	4862	1728	79109	4512	8720	11331	10954	29074	26353	2288	2938	6117	2765	1950	5928	51726	7531	9531	5708	3005	1054	5577	9883
Cellular Responses to Stress	2950	3320	3013	3308	245972	8900	538	3007	6142	57690	8131	1329	8550	140735	23373	9045	1413	6138	100137049	9611	1026	9570	3313	598	3024	11340	23466	50507	672	6921	5154	4193	64223	85441	10393	5753	1432	23645	9972	1968	27244	1337	51266	4194	527	6188	116138	1911	596	5719	84219	90993	7266	1780	2882	6194	23411	6217	9448	1663	10072	80205	4361	54512	1017	5702	4217	3006	64121	10381	1327	5600	3068	533	6164	30001	9167	3009	2876	5925	1030	10106	57332	11097	3337	208	5465	9861	81502	8348	57761	472	4001	10641	10524	6095	335	5688	5609	9530	129401	257202	8021	8649	167227	347688	23279	7466	10121	493869	3043	9820	8570	6119	5693	1340	139285	10525	1386	2729	8970	4609	79861	1649	318	6045	3091	3312	7321	10061	5701	9572	10130	51433	10111	440	5694	9377	6175	1351	10587	389541	51501	23165	6235	57600	51164	200916	374	94239	2309	79902	55706	23309	1912	2134	10935	5052	8338	51434	5684	2908	4000	7709	79400	6136	8714	6647	83667	5706	79094	4801	6143	84516	6170	85236	55846	5903	5685	10808	5691	1459	1339	6168	3336	140032	23410	30968	10325	343	1200	25913	84701	6195	1915	5682	58477	898	5713	3297	5931	10312	6130	4928	529	51121	27102	7094	1388	7001	23334	3305	5584	4343	23511	126374	96459	192670	571	6416	6206	259217	23225	23016	5695	5606	653361	5598	7311	28956	9817	7013	93661	6173	10294	6224	26523	1349	51360	25842	2114	10891	7979	23043	7323	2135	8881	55466	9631	6166	7415	6013	6218	9451	7422	246184	8345	2877	10488	347733	1460	23112	6147	8331	818	7353	7175	1027	10013	6230	10498	55666	9361	4208	54468	6135	6192	7296	23135	3456	7295	55662	4683	4899	6123	58528	5689	3309	5226	1032	11015	7157	6228	6347	6132	6234	11065	815	64784	57805	25994	79728	1387	2539	27327	3162	6159	51807	8342	6197	10383	5602	2197	9695	5717	56915	6203	27230	6229	4514	4736	25873	6208	2289	7014	7322	5034	4097	1031	8454	2353	80012	6144	80086	114548	5580	5683	51010	10049	51343	6201	9797	9612	8341	1639	10985	2113	5700	7278	816	3576	2887	6210	54205	4689	8452	6649	1778	7324	5526	81929	6667	4209	6152	84447	23521	55364	6124	153129	57634	1345	5718	7975	96764	22872	1670	9296	207	3017	10370	475	4790	6015	25828	6907	5692	5241	6191	7846	2673	51013	10540	8349	3306	23054	6169	1410	3303	23677	811	10542	2730	1870	8091	162989	7494	6782	6122	55004	445329	440275	832	260334	79726	84335	6256	2931	6737	5601	22894	64839	9349	144577	1535	140801	9812	6502	6767	25906	27287	9550	8334	64344	54583	7456	81631	10963	55766	7280	534	3725	768	9709	116835	51382	8086	51606	8480	6118	4697	1871	2880	10499	573	996	6734	245973	3159	6139	51143	91582	5686	2077	8726	6464	84617	3569	8340	3008	2033	10213	51182	148327	27429	6009	50488	23657	644	2475	7086	2932	11047	1457	7027	90423	6233	526	10730	213	200186	7290	9529	5611	4688	8841	53371	7514	5393	493901	23512	112398	4780	2146	10628	817	79813	6193	155066	10382	7099	127124	57521	54145	4363	79718	9688	8945	6137	201163	2081	6232	51065	6141	2878	8697	341947	8535	6189	6209	9429	367	5714	528	3490	4851	9681	10000	6648	1781	118	1385	7184	10113	871	6146	5608	5704	5709	3329	9532	29882	1346	1029	7867	8894	1783	6157	8453	27242	6125	4513	10762	116832	255626	22809	118460	29945	10376	153222	65057	100532731	6154	140809	6888	37	1021	545	6129	1347	81027	5594	6196	1350	3552	10728	4306	4199	1965	3397	112399	1051	6207	3163	51529	9261	8994	4189	8992	6181	6187	30827	2056	6774	6500	3281	8204	4802	55860	1536	7316	468	3301	8290	84699	128312	3484	6396	64764	26277	84733	6155	613227	645	81501	10671	8655	6160	6202	467	9978	890	29855	6223	2936	115209	23643	9818	5970	64682	6604	3921	112714	6171	192669	6134	22824	11133	847	113235	23636	8648	7277	10670	338	2168	3417	125965	6156	5599	3326	348995	6128	5073	6745	6133	7428	8878	830	405	25942	79023	55738	2940	64061	55746	6158	54386	1869	6165	5563	27000	119504	23404	7314	5705	6231	6167	84790	6176	55062	9134	84962	79594	7029	3018	9575	6222	1019	6205	5690	5469	9588	829	4927	11224	523	55620	57122	474382	11258	10919	5687	10424	6923	6227	2137	3310	5595	5707	6161	10743	4800	10897	27338	23523	1288	9973	525	6204	2099	22955	22926	4862	1728	4512	8720	11331	10954	29074	26353	2288	2938	6117	2765	1950	5928	51726	7531	9531	5708	3005	1054	9883
Centrosome Maturation	3320	54801	7846	93323	10540	7532	984	80254	84131	8636	55722	80184	11116	11190	1453	55125	5566	7283	85378	27229	7840	79441	1069	10844	8655	55755	79959	22897	55142	10733	80321	5048	7277	95681	5108	29922	114791	9814	9662	10806	440145	27175	8481	80097	23354	4957	10121	9702	121441	10383	4751	10382	54820	10426	22981	653784	203068	1454	22994	983	54930	22995	11258	5347	1639	22919	23332	115106	728642	1781	1778	5518	11064	9738	5116	55559	9793	10142	7531	5577
ChREBP Activates Metabolic Gene Expression	32	5313	2194	6945	47	10554	31	51085
Chaperone Mediated Autophagy	3326	3320	123	1080	6233	1915	3043	7314	7431	11315	1068	8100	3312	200894	3920	5116	7316	2670	10013	10226	6035	7311
Chaperonin-mediated Protein Folding	7846	81027	1459	26190	94235	2629	898	7203	8786	26234	6774	26272	5204	2787	2784	2783	6000	55294	7411	84261	10528	10471	7280	10693	26270	10381	2767	11328	2785	9630	112714	2782	2791	347733	1460	7277	84617	8237	6499	51764	2790	1457	63971	7157	2792	908	8841	2793	8877	6950	9628	55135	10694	59345	84790	51807	10383	9134	79861	5202	10382	10517	60	10238	26330	80086	26224	2788	54331	5201	5082	2776	7278	54461	5203	2769	26985	55970	8787	2786	83752	10564	10574	10576	10376	6468	10575	22803	3801	22948	10681
Chemokine Receptors Bind Chemokines	1233	1236	2920	6346	6373	6387	6846	10563	6366	56477	7852	6347	2826	3576	51554	10663	10803	6370	643	9034	729230	2919	6375	57007	388372	2921	6354	1230	1234	6372	5196	5473	6374	6361	2829	1524	3627	10850	2833	6360	6348	6357	1238	1232	1237	1235	3579	6356	58191	6352	3577	4283	6376	6364	6363	6367
Chk1 Chk2(Cds1) Mediated Inactivation of Cyclin B Cdk1 Complex	10971	983	7533	7529	7532	2810	995	1111	7531	7534	891	7465	11200
Cholesterol Biosynthesis	6307	1595	2224	6309	64801	3422	4047	10654	7108	6721	4597	39	6720	1718	50814	1717	51478	3157	403313	3930	10682	91734	3156	4598	9453	6713	2222
Choline Catabolism	23446	635	55349	29958	1757	501
Chondroitin Sulfate Biosynthesis	9469	55501	1462	22856	83539	50515	10675	63827	56548	1464	51363	1463	55790	633	79586	55454	337876	166012	54480	1634
Chondroitin Sulfate Dermatan Sulfate Metabolism	9469	55501	1462	411	64132	11285	22856	3339	135152	92126	2817	83539	10090	50515	64131	6382	126792	10675	63827	221914	56548	1464	51363	3423	26229	2239	1463	55790	10082	2719	24142	6385	3074	2262	633	79586	27087	3425	113189	55454	337876	166012	6383	3373	29940	375790	54480	8372	1634	9672	3073
Chromatin Modifications During the Maternal to Zygotic Transition (MZT)	128312	57379	8334	3013	8348	7403	474382	8341	8349	23135	29128	55766	94239	8338	10765	8342	8345	8970	359787	7374	200424	3018	255626	8331	54145	124512	8340	3017	85236	5927
Chromatin Modifying Enzymes	6907	11240	10933	22992	3013	63976	55170	55870	23028	8349	55929	57325	7468	51317	6597	196528	27097	85235	57459	11091	58508	3717	51230	9869	51412	23338	84289	9611	84148	5926	55140	5931	8819	6187	317772	25855	8473	55193	10474	55818	23587	80853	4297	56979	54859	51147	10856	51780	10284	6880	23210	6599	8520	79685	56950	10445	128312	23569	8295	55729	8334	7403	5077	8089	2648	64754	6839	86	221656	83852	595	23067	55766	440689	26610	23774	84193	387893	7994	80854	84444	57504	5970	23326	5253	6604	8345	2874	339287	10499	117143	55250	6871	51562	23081	8726	6595	8331	8518	23522	11143	8648	23133	9913	7404	1788	8340	1810	9070	79084	2033	54014	23030	83933	29943	10498	8085	8348	54815	3054	6314	10524	10362	23135	1072	55689	8289	121536	8242	54556	2122	10902	8841	221613	1387	55869	84678	54904	23512	51111	3066	8342	1386	55693	8970	2146	8850	79813	6603	6605	3276	51742	284058	3018	64426	55578	26009	29072	60	79718	9575	9757	56943	4791	23186	1019	55352	64769	9682	53615	80314	10419	5927	54934	92815	3065	9643	79918	1108	9767	55167	474382	55257	57492	9612	8341	10196	10919	10629	79723	84159	9739	8284	1107	55683	94239	27154	8464	7862	64324	6881	84661	9112	8338	10765	8607	5978	79595	54496	6602	51702	10943	93624	57634	6883	112869	6601	9219	79960	255626	353238	5928	6598	3017	56970	85236	5929	84787	4790
Chromatin Organization	6907	11240	10933	22992	3013	63976	55170	55870	23028	8349	55929	57325	7468	51317	6597	196528	27097	85235	57459	11091	58508	3717	51230	9869	51412	23338	84289	9611	84148	5926	55140	5931	8819	6187	317772	25855	8473	55193	10474	55818	23587	80853	4297	56979	54859	51147	10856	51780	10284	6880	23210	6599	8520	79685	56950	10445	128312	23569	8295	55729	8334	7403	5077	8089	2648	64754	6839	86	221656	83852	595	23067	55766	440689	26610	23774	84193	387893	7994	80854	84444	57504	5970	23326	5253	6604	8345	2874	339287	10499	117143	55250	6871	51562	23081	8726	6595	8331	8518	23522	11143	8648	23133	9913	7404	1788	8340	1810	9070	79084	2033	54014	23030	83933	29943	10498	8085	8348	54815	3054	6314	10524	10362	23135	1072	55689	8289	121536	8242	54556	2122	10902	8841	221613	1387	55869	84678	54904	23512	51111	3066	8342	1386	55693	8970	2146	8850	79813	6603	6605	3276	51742	284058	3018	64426	55578	26009	29072	60	79718	9575	9757	56943	4791	23186	1019	55352	64769	9682	53615	80314	10419	5927	54934	92815	3065	9643	79918	1108	9767	55167	474382	55257	57492	9612	8341	10196	10919	10629	79723	84159	9739	8284	1107	55683	94239	27154	8464	7862	64324	6881	84661	9112	8338	10765	8607	5978	79595	54496	6602	51702	10943	93624	57634	6883	112869	6601	9219	79960	255626	353238	5928	6598	3017	56970	85236	5929	84787	4790
Chromosome Maintenance	3013	55320	5430	8349	5439	8900	1058	25913	55839	55291	5436	5982	7486	57804	5931	5431	5981	55164	546	55505	2237	54069	3978	5537	23421	10856	1616	1736	8290	128312	10714	7013	8334	26277	4869	79991	55651	387103	641	5425	80119	23243	1017	55766	8467	54433	890	64946	5985	5111	79172	6118	8345	5558	8331	8340	5983	5434	51773	79075	5437	79019	8348	1763	23649	5441	55166	5432	54386	57082	55135	6119	5438	80152	5557	11339	80169	8342	8970	55355	7015	51750	3018	79682	7014	54145	5440	5433	1060	474382	100134934	8341	5984	5435	94239	64105	2491	8338	8607	91687	401541	63922	5422	6117	255626	5928	65057	5424	3017	85236	54921
Chylomicron Assembly	4547	51128	5034	337	348	338	335	344	336	345
Chylomicron Clearance	3949	3990	348	26119	338
Chylomicron Remodeling	337	348	338328	338	335	116519	344	336	4023	345
Cilium Assembly	3320	57576	54801	55081	93323	7846	57560	10540	7532	81027	582	23322	80254	84131	8636	55763	55722	140735	80184	23265	7203	9657	92482	10640	54536	8729	90410	166379	403	28981	260334	11116	11190	11336	79598	1453	55764	55125	5566	51134	7283	200894	585	50807	9321	92104	6608	7840	129880	79441	1069	8655	55755	8195	7280	79959	6102	80173	347240	10381	79600	22897	55142	10733	57545	80321	112714	5310	5048	347733	583	27031	7277	84617	85302	5147	54806	10013	95681	5108	54585	22948	261734	26160	150737	11020	55212	56912	8766	9814	79659	6753	1258	9662	83657	10806	9727	57539	132320	3797	8481	57728	55112	64792	60412	23354	347688	79738	4957	10121	79969	9702	121441	6950	1262	10694	84790	51807	27241	8100	10383	4751	22832	79861	200132	26123	123016	10382	378	54903	117177	55770	54820	79809	255758	146057	83658	4735	22981	57787	4218	203068	26146	22994	1454	9371	6010	983	2847	23059	112752	26005	54930	22920	56623	22995	1260	11258	5347	1639	91147	80776	84747	7278	192668	5311	22919	23332	115106	1781	1778	9742	5518	11127	149371	6991	79867	11064	84100	51259	3842	9738	5116	10576	89891	10376	27077	55559	10575	84902	9793	10142	7531	51626	51098	5577	4867
Ciprofloxacin ADME	9429	6580	9376	213	6579
Circadian Clock	6907	5465	10498	1628	4208	23054	6095	6233	23411	200186	1374	1390	1407	80205	8553	25819	5936	5054	23373	10891	64784	8841	10743	4783	2155	1387	83401	5187	9611	493901	5499	1385	6720	7314	4209	7311	5501	28999	4862	1408	2908	6604	1453	1386	6256	10499	5500	3091	6500	85441	8204	1454	102724428	9572	8864	96764	8648	79718	9575	551	7316	8454	8945	10135	2033	5469	26224	79365
Citric Acid Cycle (TCA Cycle)	1743	57001	10131	3419	3421	81689	751071	23410	1738	122961	6392	6391	50	23479	8803	8802	9054	6389	8801	3418	644096	6390	4967	135154	3420	4191	38	23530	2271	57128	1431	2395	54949
Class A 1 (Rhodopsin-like Receptors)	283869	5995	1132	155	2865	94233	5733	5196	6374	10911	3354	623	6754	153	6363	4985	6368	7504	1236	148	2587	5729	140	2359	1903	5473	7201	2829	10874	147	2859	351	1268	6364	2693	3358	4987	1901	6373	5724	6750	3357	9038	7252	51554	301	6370	9034	2919	5660	2358	256933	101060233	2841	257313	5539	3579	29933	3827	4887	551	4159	8620	6010	10692	2863	9002	1233	4157	165140	6366	56477	8843	6375	6354	187	2833	84109	6752	64106	1902	23596	1232	6755	27202	57105	2832	54886	4829	886	887	1133	6346	2488	3361	7852	2492	347148	128674	339403	1234	1325	1241	727	51289	27334	6360	117579	3350	338557	2840	58191	6352	9290	134860	11255	1907	3356	1906	2867	3274	643	2925	134	8698	56670	4986	122876	183	2864	9170	4852	1235	6376	5368	1240	319100	6915	6846	6347	4158	163404	3062	729230	8477	2921	388372	6372	3627	10850	4543	53829	1814	57486	59340	680	51738	59350	1816	2150	8811	2828	3269	27199	3576	3351	8862	51083	5173	8484	6361	154	3814	6019	553	4544	10022	4161	5732	6348	1238	2862	2831	110599583	83551	2149	9934	3360	6870	170589	1131	10563	5029	7253	4295	1909	150	728	2357	719	611	3355	53637	4923	79948	1129	1908	5737	3060	624	9287	1128	84539	100996758	6288	5367	1910	6863	2151	8111	7200	2852	4886	1812	4889	1889	57121	3363	10316	134864	6869	151306	129521	10887	23566	10161	5731	1081	2834	5021	10886	2797	1880	1813	5032	2846	2147	9890	6865	5031	2861	2798	1237	84634	4283	2920	338442	10803	1815	64805	60675	1524	5028	151	122042	885	56923	146	3362	50865	5739	4935	10800	5956	6387	2922	5020	3972	6866	1230	2837	11251	2853	3640	552	554	9283	136	152	6753	84432	5443	2532	51052	221391	2826	594857	6751	27198	57007	4988	718	4828	185	3061	4160	5179	56413	4922	6367	387129	2847	64748	3352	10663	186	2796	221044	1269	3973	135	5734	9294	6357	23620	6356	3577	3792	5030	5697
Class B 2 (Secretin Family Receptors)	7479	796	8325	11211	94235	2692	2641	9340	8322	8326	7349	1604	2787	5727	6344	117	2784	6608	799	2783	7472	7476	116	1392	8643	7471	2691	54361	2740	1395	51384	7473	7474	7432	10267	7433	2785	2782	3549	2791	8321	89780	113091	2015	51764	2790	7484	1394	2778	5745	10268	7475	2792	2793	5744	5746	10203	59345	84658	1393	10266	8323	3375	80326	50846	2535	2695	79924	2642	2788	5741	7477	90226	797	6469	7483	7478	54331	6343	114131	7855	7434	7481	7976	55970	2696	2786	30817	133	7480	7482	976	8324	10681
Class C 3 (Metabotropic Glutamate Pheromone Receptors)	259293	9568	54429	80834	50834	259285	2916	259295	2915	259292	50837	259291	259287	50835	50838	50833	2914	338398	2912	83756	846	259296	50831	2918	259294	80835	2550	259289	259286	50839	222545	50840	2911	353164	50832	50836	2913	2917	5726	259290
Class I MHC Mediated Antigen Processing & Presentation	285231	23304	140739	10616	9871	2244	7704	22863	6921	8651	10422	7337	26259	79876	10393	55905	55336	84937	821	84676	55294	5719	54778	84085	7326	10324	5702	51619	2266	115290	144699	23194	4284	9354	64219	80196	8924	64410	6047	9861	51088	1520	9690	10075	5688	3133	10802	7319	8517	3107	9820	23376	23352	9021	5693	51128	50489	22888	7321	5701	7174	51433	5694	7317	135892	142678	255488	63893	54461	57531	9554	55182	79754	100302652	11146	51434	5684	11059	92369	7320	8773	5706	6049	22954	5685	3134	5691	26091	8065	140458	5682	64320	53339	5713	92912	948	26267	56658	3685	25897	3693	4734	6280	5695	2209	93611	140460	653361	7311	64718	9817	55521	25793	7979	55819	7323	84541	8881	26263	140456	246184	90293	154214	991	90678	51465	26232	10477	11275	57154	868	23014	4615	5689	3309	51752	4360	11065	5071	79176	54850	89122	10193	10273	8678	27252	5717	83737	10425	3146	7322	1515	8454	2923	80028	5683	51343	9320	899	90933	5700	7325	4689	8452	118424	7324	6478	10533	3106	9666	223082	5718	929	140691	22872	6468	89890	5692	80204	143279	7332	30849	811	51132	55658	9632	57520	29116	142686	54926	7328	26046	55008	51665	25847	6737	63891	26272	7096	695	1535	6502	10333	10134	3093	6279	5289	131405	55585	81559	9902	8673	126433	26249	996	23291	5686	64167	23608	51666	200845	10213	6271	8916	11047	4012	6233	80176	4688	90025	642	151636	64750	51320	283807	3105	25831	8925	6477	57630	9039	127544	7099	4591	9867	6892	8945	3551	122769	26224	84727	91694	197131	54620	8697	89910	51444	51676	57542	9520	2243	7318	5714	79654	7336	29927	146330	158506	5704	5709	29882	221687	9604	90135	8453	65264	55070	567	29945	55236	79791	23327	7327	140461	26190	7335	222235	51529	401036	55175	26234	3135	6500	6890	1536	127247	7316	114907	997	6396	84261	9040	27246	26118	390594	10427	9341	9978	26270	23643	64682	7064	140462	154881	23480	9246	10952	7334	142689	201456	6891	8139	9903	148581	7428	6810	25898	51725	114609	136371	84861	114088	1514	7314	5705	92591	10484	84078	26235	10293	23295	57674	10517	7097	5690	26268	84961	5930	5687	6923	55284	1147	55958	5707	9616	9870	84708	150726	27338	51191	4008	142685	10489	55176	84231	5708	140459
Class I Peroxisomal Membrane Protein Import	51024	5825	10478	5824	9409	5193	91452	225	11264	8799	5194	5827	84896	224	5828	54332	5195	8504	55670	215
Classical Antibody-Mediated Complement Activation	712	714	715	716	713	1401
Clathrin-mediated Endocytosis	71	255324	115548	273	11037	9026	7018	9146	409	3949	112574	8218	8533	9829	9892	10552	10093	23149	6453	8322	160	4738	10987	85021	50618	1129	274	7316	2069	6456	4074	30011	9856	4036	127833	7311	51138	90019	5286	915	156	10980	23048	11252	9341	10094	7474	29988	1601	1213	8673	950	10109	1212	26130	4952	10254	22848	1861	338	29978	554	1839	6457	8674	26119	2580	6455	917	1080	6233	867	25977	85439	6572	157	163	55738	58513	6869	920	1173	23208	29979	8027	6844	8976	84251	3092	7314	185	23396	161	8871	29763	7039	9318	1785	3312	3575	54874	382	1856	2060	60	3482	551	685	2873	1759	5869	1175	10096	29993	7037	6857	10618	10920	26052	1956	55707	374	5878	29924	27348	10092	9322	8867	50813	2885	2017	154	408	1211	143425	6845	22905	3267	9185	64708	1950	5868	51429	8301	10097
Cleavage of the Damaged Purine	128312	8348	8334	3013	7013	26277	474382	8341	8349	55247	25913	4595	55766	94239	54386	8338	4350	8342	8345	8970	3018	255626	4968	8331	54145	7014	8340	65057	3017	85236	8290
Cleavage of the Damaged Pyrimidine	128312	8930	8348	8334	3013	7013	26277	474382	4913	8341	8349	55247	25913	55766	94239	54386	252969	8338	79661	8342	8345	8970	6996	7374	3018	255626	4968	8331	54145	7014	8340	65057	23583	3017	85236	8290
Cobalamin (Cbl) Metabolism	4548	326625	4552	25974	166785	4594	27249
Cobalamin (Cbl, Vitamin B12) Transport and Metabolism	81693	2694	25974	26119	5646	6948	6947	326625	4552	1504	440387	166785	5644	4594	55788	8029	4548	4363	51293	4036	5826	27249
Coenzyme A Biosynthesis	79877	79646	80025	79717	53354	60490	80347
Cohesin Loading Onto Chromatin	10735	23244	23383	8243	10274	23063	25836	9126	23047	5885
Collagen Biosynthesis and Modifying Enzymes	1298	1306	649	1299	1308	131873	8985	283208	1282	340267	5479	50509	81578	1281	1301	1294	1290	10491	7373	255631	1297	1303	7092	1307	9509	64175	1288	1278	1292	10536	5118	871	1305	80781	1284	79709	23127	1291	1302	1295	1289	169044	1296	1300	84570	1285	5033	1293	5352	1310	136227	55214	5034	1287	1277	57642	9508	8974	7093	256076	140766	85301	1286	5351	26577	91522	1280
Collagen Chain Trimerization	1298	1306	1299	1308	131873	1282	340267	50509	81578	1281	1301	1294	1290	7373	255631	1297	1303	1307	1288	1278	1292	1305	80781	1284	1291	1302	1295	1289	169044	1296	1300	84570	1285	1293	1310	136227	1287	1277	57642	256076	85301	1286	91522	1280
Collagen Degradation	1298	4316	4320	1306	102	1299	1308	131873	4318	4317	1509	1282	4324	1991	50509	1281	1301	1294	1290	5645	7373	1297	1508	1303	1307	164656	1288	1278	1514	1292	4327	4314	1305	80781	1284	1291	1302	1295	1289	1296	8754	1300	1285	84570	4319	4321	9313	1293	4322	1310	136227	4313	6868	1287	1277	4323	1513	256076	1286	5045	85007	4312	91522	1280
Collagen Formation	3909	8985	1308	340267	81578	10491	255631	1303	1307	9509	1278	1292	80781	1284	169044	1296	84570	9313	4016	136227	57642	3918	8974	4017	1298	4316	131873	7092	64175	5118	1305	3655	1289	5033	1310	977	85301	26577	1280	1306	1299	4318	1520	5479	50509	1301	1297	3691	84695	3914	1514	4314	10536	79709	23127	1291	1295	1285	1293	84171	5034	1287	1277	9508	1515	7093	140766	1286	91522	5351	1300	4015	649	283208	1282	7837	1281	1294	1290	7373	1508	1288	871	667	1302	5352	4322	55214	256076	5339
Common Pathway of Fibrin Clot Formation	5270	2153	5627	2149	2165	5197	5657	2157	5104	2243	57126	2147	2244	2266	5196	2162	462	3053	2159	7056	5624	10544
Competing Endogenous RNAs (ceRNAs) Regulate PTEN Translation	4343	23112	246175	192670	26523	192669	27161	27327	57690	9218
Complement Cascade	712	966	78989	2220	3080	4153	5627	7448	1378	10584	1370	1401	1991	975	4179	716	2147	2219	3426	930	727	3004	710	718	714	720	729	10877	3078	728	730	719	81494	629	1675	735	5648	8547	10878	10747	1604	722	715	733	713	1361	3075	27202	5199	1191	731	1380	725	1369	732	717
Complex I Biogenesis	4704	4701	4696	4537	51079	55744	4695	4707	4714	25915	284184	28976	4720	4724	4711	374291	84233	4541	4726	4712	4698	5018	4706	54539	57226	4710	4717	4722	4702	91942	3313	4716	126328	4538	51295	4728	4725	4535	55471	4731	4718	80224	150274	4713	100996939	4729	51300	25880	4700	51103	4709	79133	4536	55863	4694	4715	119559	55572	29078	55967	4719	4723	4708	4705	4540	137682
Complex III Assembly	790955	55245	7381	1537	23479	9054	3313	617	27089	440957	728568	54902	150274	4519	3954	84300	10975	7386	7385	57128	90624	7388	29796	2395	7384
Complex IV Assembly	1351	389203	51204	1347	51241	341947	55744	1339	1349	55969	93058	90639	493753	1353	1350	10063	1329	84701	84987	152100	25994	100131801	80219	1355	285521	9997	1340	1327	6834	1346	4697	4512	25953	100303755	1345	29090	4514	28958	6341	4513	9167	116228	9377	192286	125965	1337	80775	79064
Condensation of Prometaphase Chromosomes	983	1460	10592	64151	9133	1457	1459	9918	23397	10051	891
Condensation of Prophase Chromosomes	983	128312	8348	8334	3013	474382	8341	29781	8349	79648	5347	6418	55766	94239	23310	54892	387893	891	8338	10592	8342	8345	8970	3018	255626	8331	54145	23133	5925	8340	3017	85236	10051	8290
Conjugation of Benzoate With Glycine	10249	389396	348158	92292	219970	116285
Conjugation of Carboxylic Acids	123876	10249	54988	341392	389396	348158	92292	219970	116285
Conjugation of Salicylate With Glycine	123876	10249	54988	341392	389396	348158	92292	219970
Constitutive Signaling by AKT1 E17K in Cancer	208	2475	4303	3164	2932	55615	1147	2309	253260	10000	5170	1026	1385	7249	572	84335	2931	79109	6199	4193	2308	64223	1027	207	100132074	842
Constitutive Signaling by Aberrant PI3K in Cancer	255324	942	2100	6714	2251	5880	118788	2246	4908	5154	2066	941	3815	5879	3932	2069	6035	2261	9965	2534	2549	627	10818	2260	8074	9542	940	5296	8822	6801	9365	29851	391	2263	5155	8823	50852	4915	2264	4909	10718	2249	2250	5291	1839	5293	2255	2323	5159	27006	145957	2248	3084	930	8660	152831	2253	5781	7039	2254	4916	685	8817	5156	3667	4233	2322	2247	5290	1956	374	2065	3082	7409	8503	2099	2064	2885	5295	9846	1950	4254	26281	2252
Constitutive Signaling by EGFRvIII	1956	2885	1950	5295	2549	3320	3845	6464	5335	11140	867	4893	3265	5290	6654
Constitutive Signaling by Ligand-Responsive EGFR Cancer Variants	2549	3320	6233	867	5290	1956	3845	7314	2885	5295	5335	11140	1950	6464	7316	4893	3265	7311	6654
Constitutive Signaling by NOTCH1 HD Domain Mutants	54567	6868	102	57534	142678	9148	4851	7316	6233	28514	3714	54492	7311	182	7314
Constitutive Signaling by NOTCH1 HD+PEST Domain Mutants	6907	83933	3065	55294	54567	102	388585	2648	142678	9612	6233	892	22938	23493	182	9759	23462	4851	9978	57534	8841	1387	55869	9611	3516	7314	51564	3066	84441	9794	83464	55534	9148	4609	79885	26508	8850	23385	6500	1024	3714	51107	3280	54492	10014	9734	55851	6868	79718	5664	7316	10013	5663	8454	28514	2033	10046	7311
Constitutive Signaling by NOTCH1 PEST Domain Mutants	6907	83933	3065	55294	54567	102	388585	2648	142678	9612	6233	892	22938	23493	182	9759	23462	4851	9978	57534	8841	1387	55869	9611	3516	7314	51564	3066	84441	9794	83464	55534	9148	4609	79885	26508	8850	23385	6500	1024	3714	51107	3280	54492	10014	9734	55851	6868	79718	5664	7316	10013	5663	8454	28514	2033	10046	7311
Constitutive Signaling by NOTCH1 t(7;9)(NOTCH1 M1580 K2555) Translocation Mutant	54567	6868	102	4851	28514	3714	182
Constitutive Signaling by Overexpressed ERBB2	2885	2064	6464	3320	3845	11140	5782	4893	3265	55914	6654
Conversion From APC C Cdc20 to APC C Cdh1 in Late Anaphase	25906	51343	8697	11065	27338	8881	7324	119504	51529	64682	51434	29882	246184	8556	996	7321	10393	991	51433	29945
Cooperation of PDCL (PhLP1) and TRiC CCT in G-protein Beta Folding	2788	1457	1459	54331	5082	2776	94235	10693	2792	908	2793	7203	6950	9628	2769	10694	55970	59345	8787	2767	8786	2786	2785	9630	2782	2791	1460	10574	10576	2787	2790	2784	10575	2783	22948	10681	6000	51764
Cooperation of Prefoldin and TriC CCT in Actin and Tubulin Folding	7411	7846	81027	10471	5201	7278	7280	10693	908	7203	6950	5203	10694	10381	84790	51807	10383	79861	112714	5202	10382	5204	347733	10574	7277	60	84617	10576	10376	10575	22948	80086
Costimulation by the CD28 Family	208	1445	2475	5528	5063	57761	7525	942	917	3120	5777	3127	29126	5133	3118	915	5527	4067	5290	55615	6714	3119	5529	920	3115	9020	940	117145	5516	253260	10000	5296	5170	7409	916	8503	5526	1493	80380	5518	2885	5295	29851	5062	998	3113	79109	5781	941	151888	64223	3122	5519	9402	3125	3932	5879	5525	5515	6035	207	1326	3117	3123	919	5058	8764	3126	23308	2534
Creatine Metabolism	6534	6538	2593	6535	1158	1152	2628	1160	6539
Creation of C4 and C2 Activators	712	78989	714	715	716	713	2220	8547	4153	2219	10584	5648	1401	10747
Cristae Formation	84833	4509	54927	139322	79135	509	55735	440574	10651	9556	9551	518	8834	515	4580	3313	506	25813	10989	27109	539	514	125988	513	10632	522	516	517	498	521	4508	84303	10476
Cross-presentation of Particulate Exogenous Antigens (Phagosomes)	1536	4688	3685	3693	4689	1535	948	653361
Cross-presentation of Soluble Exogenous Antigens (Endosomes)	5691	5683	5692	9861	5719	11047	5690	5687	5688	5700	5689	4360	5682	5714	7979	5702	5707	5713	5705	5693	9902	5684	5704	5709	50489	5717	5718	5701	5686	5706	5694	10213	5695	2209	5708	5685
Crosslinking of Collagen Fibrils	7837	4017	4015	84171	4016	1284	1287	649	1277	7092	7093	84695	1282	1286	1288	1278	1285	5118
Cyclin A B1 B2 Associated Events During G2 M Transition	51400	983	4331	2305	5347	8900	28227	1017	9088	5516	890	7514	995	891	7465	5518	9133	902	51451	5519	1022	994	5515	993	5520
Cyclin A Cdk2-associated Events at S Phase Entry	208	5691	5683	5692	1874	5719	9861	51343	4331	11047	7027	132660	6233	8900	5687	5688	4149	5700	5689	595	1017	91768	5682	5714	7979	1163	5702	55957	890	898	1869	10000	286826	5707	5713	1026	7465	91750	7314	7311	5705	5693	5934	5684	5709	5704	9134	4609	902	5717	6500	5718	5753	5701	7029	1875	5686	1022	5928	5925	7316	1027	994	5706	8454	207	1019	5694	10213	5695	5690	5708	6502	993	5685
Cyclin D Associated Events in G1	1021	1874	4331	1028	5933	25	7027	6233	4067	6714	28227	595	1032	1017	1870	1163	3717	5516	898	1869	1026	7314	5518	5934	1029	9134	1871	902	6500	5753	7029	896	5519	1875	1022	5925	1031	7316	1027	5515	8454	1019	1030	6502	894	7311	5520
Cyclin E Associated Events During G1 S Transition	208	5691	5683	5692	1874	5719	9861	4331	11047	7027	132660	6233	8900	5687	5688	4149	5700	5689	595	1017	91768	5682	5714	7979	1163	5702	55957	890	898	1869	10000	286826	5707	5713	1026	7465	91750	7314	7311	5705	5693	5934	5684	5709	5704	9134	4609	902	5717	6500	5718	5753	5701	7029	1875	5686	1022	5928	5925	7316	1027	5706	8454	207	1019	5694	10213	5695	5690	5708	6502	993	5685
Cytochrome P450 - Arranged by Substrate Type	113612	1595	9420	1594	6916	1553	2230	405	1557	5443	1583	285440	57491	1555	1562	8529	126410	1585	1549	9915	1592	51302	1581	1543	4051	1544	196	1589	1588	1593	1558	1571	29785	2232	64816	1579	1572	284541	11283	112812	1548	57834	6256	120227	1576	66002	1584	1565	100861540	10499	1582	54905	1545	340665	8648	1573	107987479	5740	5447	1591	10858	9971	1580	1577	1559	56603
Cytochrome C-Mediated Apoptotic Response	57099	331	5595	840	836	55075	56616	317	54205	5594	51074	22900	842
Cytokine Signaling in Immune System	3841	3320	11009	64109	2317	24138	9446	6597	3563	79792	6382	604	11274	5778	6935	1026	3313	50604	5775	598	85363	6921	2162	5062	116379	8651	3113	8740	50616	6778	3592	4128	3567	1432	9972	29949	1968	2335	10068	6363	821	5898	4985	80216	4582	5528	596	3553	5719	23586	115650	54472	3689	3636	595	5702	4904	3559	10381	3454	115362	27189	375	5600	2625	9466	6285	5519	351	6364	3589	1845	5291	1977	11097	2633	208	9861	1974	1901	4001	10913	2323	79671	8519	6095	8995	9173	5688	5609	129401	3133	5724	10437	8021	920	8517	6624	3845	23279	347688	2178	3107	301	6950	2919	6844	4793	84868	4314	10019	1896	466	9021	5693	8660	5336	26469	2634	1386	4609	79861	3929	5781	53832	51127	3091	6097	3312	7321	9306	5701	133396	28511	5306	6059	2208	4507	5515	5694	3600	55120	6175	3656	246330	983	3596	8742	7291	3684	1271	6772	4067	23165	9655	3572	3115	4599	5784	2309	3581	79902	5516	55706	3601	1436	8503	5780	5518	2885	64127	5295	5684	5618	3586	6845	3590	6647	3125	240	9683	386653	2889	5706	84867	4893	5903	4088	5685	3134	5604	5691	759	5803	841	25970	3603	8065	6714	3663	6775	6898	3119	6195	5682	10379	3965	5713	948	1278	8563	1234	960	3836	5897	4928	257397	3669	402569	5721	1848	5566	1399	1435	10410	4734	970	8575	3305	23511	8718	10454	6352	7706	6416	7006	2189	23225	2209	10581	27177	3459	5695	5606	7311	5598	6776	91543	8744	91442	2939	7525	84166	836	11141	4869	5657	4982	3118	2537	7979	3664	6804	3605	4843	4092	146433	7323	2185	9631	944	9684	7431	7422	51135	51447	8554	9097	3635	347733	3597	57161	818	1265	7175	1027	3440	3838	6657	3123	5495	6895	9470	84174	3659	117854	11213	3445	4208	7040	1958	3588	3458	3558	28512	3456	3593	27179	4615	7132	5689	3561	7157	23495	6347	815	10612	8877	3430	5451	729230	282617	388372	3162	3443	684	59067	9235	51807	8678	163702	5971	3627	6197	10383	5602	5717	7293	53840	3575	4938	3146	5894	9966	23650	7322	5034	3654	6655	4055	8454	2353	246	8764	80233	80086	5580	5683	9636	4478	3595	3667	9049	8792	3566	2247	5290	5700	7278	816	3576	3082	2887	8672	7409	10107	81603	7324	81929	3455	3106	2689	3660	6348	5718	608	3837	8771	56300	207	10475	3554	1398	4790	5692	201626	9775	7846	1441	3306	3560	3303	939	64806	58985	3609	3570	5743	4792	6627	1154	9987	260334	3556	1442	55128	834	2357	51561	330	356	6737	5601	1489	941	3976	5300	6622	26525	5771	58480	4313	6809	3452	4690	6288	1445	6283	3688	7124	53833	79923	9244	10392	4137	27178	3185	55801	7280	3557	5296	1660	3451	3725	5478	4049	128178	57162	8086	8480	6777	2175	282618	7189	23291	3437	5686	6464	84617	6868	3569	57697	10213	7292	3665	5896	54014	2002	7133	5610	7850	115361	11047	3716	7329	10673	6233	1511	3934	5611	5292	53371	3687	3662	112744	3726	2690	149233	3444	6616	55540	282616	3587	3105	23529	90865	9039	817	57506	10382	3565	60401	8741	8835	6885	7412	4684	9688	8945	3551	958	4312	11074	1849	302	9830	1982	3578	3446	79097	7318	59307	9020	5714	3439	10000	1973	3839	6648	4502	332	2188	3574	1385	8808	7184	6672	5608	5704	5709	5770	7867	8894	6041	3449	200081	10538	23765	10762	9402	567	3181	7726	3661	10376	5782	5795	7534	6888	6654	3434	8807	942	81027	27	5777	2920	5594	6196	121457	3552	6850	1965	3717	23321	8809	7335	4170	80263	29760	9261	55223	3135	6774	6500	1440	9252	92610	3932	7316	51330	4282	3433	3117	246778	8638	2534	7341	80128	6396	3055	9040	3120	3840	199990	5055	9978	51231	8600	7186	54920	4692	1230	9818	5970	3594	998	23118	112714	29110	139716	10148	1439	9246	23636	3977	3442	6773	7277	317649	103	2635	2176	5525	2316	7334	3718	4940	2187	26095	177	85480	943	5617	5293	3568	5599	348995	1846	3606	4318	163351	4205	867	8878	6810	5443	1072	79023	3562	27250	4261	55746	79155	6503	5783	4939	329	50615	7314	4988	3598	5705	54739	84790	3460	5008	5335	25930	4050	3122	4281	4791	10018	5690	8784	1270	6367	3126	3265	3936	3429	829	84639	2688	4927	959	57122	7076	3608	3911	2322	5687	3127	6923	10346	23087	5595	1147	5707	9616	3448	388646	84818	25939	25820	7297	51191	5371	7187	4600	6813	9846	3441	2308	8767	1438	1052	3604	5908	4215	6356	3383	9180	5696	1326	3394	1981	132014	5708	9883
Cytoprotection by HMOX1	1351	6907	644	10498	5465	81502	55620	1347	23054	9612	341947	1339	25942	213	1349	613227	645	1350	80205	1329	84701	8841	23309	3043	1387	54205	9611	3163	3162	1340	1327	6604	4780	1346	4697	6256	4512	10628	10499	6774	1345	85441	4514	7975	5753	4513	9167	96764	8648	4363	79718	571	2168	9377	125965	1337	5469	114548
Cytosolic Iron-Sulfur Cluster Assembly	2068	9391	64428	27158	64210	51750	10101	5424	51647	4682	83990	57019	22
Cytosolic Sensors of Pathogen-Associated DNA	147945	9447	661	81844	6233	28512	5591	4615	5441	4361	84265	7520	8517	5435	1147	10623	4792	1387	1660	2547	4793	5437	11128	51082	170506	10622	171568	23220	5970	11277	7314	197358	115004	1499	8737	6737	29110	27297	55703	6778	11035	340061	51428	28511	3661	55718	148022	7316	4791	9533	5440	81030	51728	5434	2033	7098	3551	3665	22954	3428	7311	4790	9208	10621
Cytosolic Sulfonation of Small Molecules	10380	27233	50512	54928	6799	445329	6819	1836	8459	6783	8460	51000	9060	27284	84836	6817	9061	6820	347734	391365	6822	25830	10861
Cytosolic tRNA Aminoacylation	7965	51520	6897	3035	6301	9521	2617	8565	3376	3735	5917	4677	16	7453	5859	2193	7407	5464	833	9255	2058	4141	10056	1615
DAG and IP3 Signaling	10768	115	114	3709	5581	5575	5580	5136	5573	26960	5137	5153	112	156	5582	5576	5568	111	816	815	84254	109	1385	5567	3710	108	5335	814	196883	5566	817	801	10645	3708	818	3838	5613	113	5578	107	5577
DAP12 Interactions	3937	7410	7305	124599	3133	54209	5290	22914	3813	6850	3845	27040	3107	5296	3809	342510	2885	5295	9436	5336	3824	3106	5335	100049587	284266	100132285	10451	3806	3822	695	9402	567	6464	5879	3932	6654	54210	6035	23601	3810	5291	4893	3265	10326	2534
DAP12 Signaling	3937	7410	7305	3133	54209	5290	22914	6850	3845	27040	5296	2885	5295	5336	3824	5335	10451	3822	695	9402	567	6464	5879	3932	6654	6035	5291	4893	3265	2534
DARPP-32 Events	5528	5532	5575	5144	5573	1020	5534	5141	5533	84152	5576	5568	5516	5530	5499	5567	5518	5142	5566	801	5519	5515	5143	5577
DCC Mediated Attractive Signaling	9423	998	5879	6035	8976	5747	4690	22885	7204	3983	1630	84448	6714	1793	2534
DDX58 IFIH1-mediated Induction of Interferon-Alpha Beta	3320	841	4792	79132	64135	80143	8887	8737	9641	5300	7706	3452	7316	6288	7311	6283	84166	3093	26007	23586	84282	7323	7186	3451	5970	29110	7189	6285	9140	9246	3442	351	3440	9474	2033	177	3665	3326	3445	79671	6233	28512	3456	8517	54941	1387	89122	4214	4793	3444	7314	3443	7128	10010	57506	83737	7321	3146	28511	7322	55593	4791	3551	9636	8772	9868	3446	7318	1147	3439	3448	843	5094	54476	1540	51191	7187	3449	3441	3661	4790
DEx H-box Helicases Activate Type I IFN and Inflammatory Cytokines Production	5970	4791	1660	3665	4790	4615	170506
DNA Damage Bypass	10714	9636	55666	11201	6233	5984	25898	5425	7318	51426	7398	54107	56852	9978	5985	5111	6119	83932	1642	5982	9100	7314	7415	124739	57804	57599	51455	6118	5429	5427	9768	5981	7320	5426	9246	6117	7353	8451	51514	5980	7706	7316	5983	56655	5424	10459	7311	8450
DNA Damage Recognition in GG-NER	10445	1069	54617	51138	6233	86	7508	10920	7528	10980	8533	9978	54891	5887	10038	1642	7314	7311	50813	93973	8607	4798	10987	9318	64708	5886	142	60	8451	283899	7316	79913	2873	83444	29844	1643	8450	125476
DNA Damage Reversal	84164	221120	79068	4255	54890	121642	10973	51008
DNA Damage Telomere Stress Induced Senescence	128312	8348	8334	3013	472	4001	7013	474382	10524	26277	8341	8349	8900	3007	7290	25842	4683	4361	25913	7157	1017	8091	55766	94239	890	898	3006	54386	29855	23523	1026	3024	8338	8342	8345	9134	8970	57634	3159	3018	3009	255626	7014	8331	54145	10111	5925	1027	8340	65057	3008	3017	85236	3005	8290
DNA Double Strand Break Response	7341	128312	5599	8348	472	51720	10524	25	7329	8341	8349	6233	29086	7468	4683	5536	4361	9025	2139	7157	8467	79184	2070	165918	2140	8314	7158	51588	322	7336	7314	7311	672	9031	9656	8342	580	8345	8970	11200	51035	3018	255626	7334	54145	2138	10111	7316	8340	3838	9682	8924	3017	85236	23030	8290
DNA Double-Strand Break Repair	545	54962	5884	8349	5892	10635	8900	5591	7468	197342	51567	8314	7515	51588	5982	322	83990	7486	57804	3364	672	83695	9031	3980	9656	5981	2237	11200	23514	116028	7316	55775	27434	56655	7311	8290	7341	128312	10714	25	5888	3981	5889	5531	4361	641	5425	2139	1017	51426	7520	7979	8467	675	79184	2070	890	5883	2140	7156	1111	5111	10038	5985	2547	7517	6118	580	8345	27343	10721	151987	142	51548	7334	2138	8340	3838	5983	8924	6047	23030	84464	5599	8348	1763	472	51720	10524	7329	6233	4683	5536	9025	7157	54107	5890	79728	22976	6119	80198	5893	7314	55183	6613	8342	9156	8970	55732	51750	51035	3018	54145	10111	9682	79840	80010	63967	8341	29086	5984	146956	5810	7518	165918	84126	7158	5932	7336	2072	5429	5427	63979	5426	11073	348654	6117	255626	2067	8914	7516	144715	64421	5424	3017	85236
DNA Repair	545	54962	3013	5884	6917	11201	5430	8349	5892	10635	5439	8900	55247	7468	5591	197342	1161	25913	51567	79068	8533	7398	54890	8314	7515	252969	5436	51588	5982	322	51008	83990	7486	57804	3364	57599	672	84164	9031	4350	3980	83695	9656	5431	5981	902	22909	10987	64858	2237	11200	55215	8505	5886	5395	116028	23514	4968	3978	6612	10973	7706	7316	55775	23583	2189	27434	2074	56655	7311	8290	7341	4437	10445	128312	2073	10714	91442	8334	1069	7013	4331	2968	51138	25	26277	5888	3981	54778	86	2956	5889	7508	7528	199990	5531	4361	641	5425	2139	1017	10980	55766	51426	7979	8467	675	79184	2070	890	5883	2140	9978	7156	5887	1111	5111	10038	5985	83932	2547	1642	7415	51455	6118	7517	2175	580	8345	27343	7874	10721	8554	9246	151987	142	51548	8331	5980	51514	2138	2966	2176	7334	7353	8340	3838	5983	57697	2187	8924	5434	11284	5437	91603	10459	6047	23030	125476	84464	7507	5599	4436	8930	8348	1763	55666	472	54617	10450	121642	10524	7329	29089	85015	6233	51720	25898	9937	4683	9716	5536	5441	9025	7157	5432	54107	2178	4255	5890	54386	54891	79728	57654	7520	22976	9557	6119	80198	5438	124739	54936	5893	7314	93973	55183	79661	6613	404672	8342	9156	8970	8178	9768	56949	9318	6996	55732	51750	353497	51035	3018	1022	7014	60	8451	54145	4292	2177	10111	79913	2873	29844	5440	9682	80233	5433	2965	1643	5423	55120	283899	79840	80010	9636	2967	474382	4913	63967	8341	29086	5984	10920	146956	5810	2068	7318	7518	2071	4595	5435	221120	94239	56852	165918	84126	7158	328	2188	9100	5932	7336	50813	8338	8607	2072	27339	4798	5429	5427	7320	63979	7374	5426	100534599	11073	64708	348654	255626	2067	6117	8914	7516	83444	144715	65057	64421	5424	3017	85236	8450	10401
DNA Replication	5691	5692	55388	3013	8349	51659	8900	81620	4173	5682	898	5713	5982	51529	57804	3836	5981	6500	4999	10393	2237	990	3978	8318	7316	51053	5695	56655	6502	7311	25906	128312	84296	10714	5719	8334	4172	23595	5425	1017	55766	7979	29935	5702	9978	890	23633	5111	5985	8881	64682	6118	246184	8345	996	5558	5686	8331	8340	5983	10213	8317	9837	9861	8348	1763	11047	6233	5688	23649	5689	11065	4174	54107	4171	4998	6119	119504	10926	5557	7314	5705	5693	8342	5000	9134	8970	5717	7321	5701	3018	51433	54145	8454	5694	5690	5683	51343	474382	8697	8341	23594	5687	5984	5700	5714	94239	5707	64785	27338	7324	8338	51434	5684	5709	5704	29882	5427	5422	4175	5718	5426	4176	3837	6117	255626	29945	84515	5706	5424	3017	85236	5708	5685	5001
DNA Replication Pre-Initiation	5691	5692	55388	3013	8349	81620	4173	5682	5713	51529	3836	4999	10393	990	8318	7316	51053	5695	56655	7311	25906	128312	5719	8334	4172	23595	1017	55766	7979	29935	5702	23633	8881	64682	6118	246184	8345	996	5558	5686	8331	8340	10213	8317	9861	8348	11047	6233	5688	23649	5689	11065	4174	54107	4171	4998	6119	119504	10926	5557	7314	5705	5693	8342	5000	8970	5717	7321	5701	3018	51433	54145	5694	5690	5683	51343	474382	8697	8341	23594	5687	5700	5714	94239	5707	27338	7324	8338	51434	5684	5709	5704	29882	5427	5422	4175	5718	5426	4176	3837	6117	255626	29945	84515	5706	3017	85236	5708	5685	5001
DNA Methylation	128312	8348	8334	3013	474382	8341	8349	29128	55766	94239	8338	8342	8345	8970	1789	1786	3018	255626	29947	8331	54145	1788	8340	3017	85236
DNA Replication Initiation	54107	5427	5422	5426	56655	23649	5558	5557
DNA Strand Elongation	84296	9837	10714	1763	4172	51659	5984	23649	5425	4173	4174	4171	5985	5111	64785	6119	5982	5557	57804	6118	5981	5422	4175	2237	5558	4176	6117	3978	8318	84515	5983	5424
Deactivation of the Beta-Catenin Transactivating Complex	208	3065	8085	7090	7089	51176	6233	64321	7088	57680	25776	6662	6934	6659	56998	607	7514	26108	55553	1487	7314	4221	6932	9580	1499	83595	6736	83439	331	283149	90780	324	7316	6657	207	8945	9070	6658	7091	7534	5929	7311
Deadenylation of mRNA	246175	9125	1974	9775	5073	1975	85456	1973	4848	23019	57472	4850	10605	4849	9337	26986	55571	29883	255967	25904	79670	1981	9924	1977
Deadenylation-dependent mRNA Decay	1656	80153	23658	246175	9125	51010	1974	9775	5073	55802	51013	11157	27258	51690	219988	1975	167227	54512	85456	1973	5393	23404	115024	4848	23019	196513	11340	57472	57819	80349	54464	4850	10605	4849	9337	25804	26986	22894	55571	56915	29883	10767	255967	25904	118460	6499	23644	9652	79670	23016	1981	28960	9924	27257	1977
Death Receptor Signaling	57449	26084	841	7332	396	387	2245	23365	26230	221472	10616	84888	4792	6610	128272	8874	8887	9261	6453	11108	257397	8439	330	8997	356	8737	29	9641	9825	64857	445328	5584	65078	8793	10454	5879	23421	7316	9639	6035	7311	57580	7124	836	23229	8743	9500	9826	89846	7186	4974	7323	25791	5970	835	10399	23118	10672	23370	4168	29110	7189	7984	6868	5664	10133	5663	8797	4803	5599	55701	1894	8878	6233	55160	11214	9530	100271715	4615	7132	8517	84904	7185	90268	8841	8408	329	10273	121512	7314	7204	572	3066	7128	84894	83464	81858	23385	10451	51107	27237	7321	355	7322	56957	6885	3654	220213	9459	6655	9099	10018	22899	50649	26574	3551	50650	8717	55512	3065	7410	142678	27018	8772	4099	22986	4804	1147	9138	389337	843	7409	1540	56928	5924	23263	10276	54848	27005	7375	55072	8837	8767	7074	331	8567	55851	57142	9181	9828	7531	84033	8795	4790	25999	6654
Dectin-1 Mediated Noncanonical NF-kB Signaling	5691	5683	5692	9861	5719	11047	9040	6233	5687	5688	5700	5689	5682	9020	5714	1147	7979	5702	5707	5713	7314	5970	5705	5693	5684	6361	5704	5709	5971	9039	5717	6500	5718	23291	5701	5686	7316	5706	4791	8454	5694	8945	10213	5695	5690	5708	6367	7311	5685
Dectin-2 Family	4582	10462	94025	118430	2207	4586	200958	4067	143662	56667	4585	4584	727897	6850	4589	394263	283463	4588	50856	93978	4583	5336	26253	140453	338339	170482	10071	2534
Defective B3GALT6 Causes EDSP2 and SEMDJL1	1462	3339	2817	6382	126792	10675	63827	221914	1464	2239	1463	10082	2719	6385	2262	633	6383	375790	1634	9672
Defective B3GALTL Causes PpS	81794	80070	9719	57188	170689	9507	54437	55901	170691	221981	7057	92949	9510	11096	7058	9509	10417	9037	80731	170690	79875	10418	171019	145173	54507	11095	11093	5199	339366	9508	170692	11174	140766	11173	157869	56999	81792
Defective B3GAT3 Causes JDSSDHD	1462	3339	2817	6382	10675	63827	221914	1464	26229	2239	1463	10082	2719	6385	2262	633	6383	375790	1634	9672
Defective B4GALT1 Causes B4GALT1-CDG (CDG-2d)	2331	4958	2683	4060	4969	176	11081	5549
Defective B4GALT7 Causes EDS, Progeroid Type	1462	11285	3339	2817	6382	10675	63827	221914	1464	2239	1463	10082	2719	6385	2262	633	6383	375790	1634	9672
Defective C1GALT1C1 Causes TNPS	4582	94025	29071	118430	4586	200958	143662	56667	4585	4584	727897	4589	394263	283463	4588	56913	4583	140453	10071
Defective CFTR Causes Cystic Fibrosis	5691	6048	5683	5692	9861	5719	51009	10956	11047	1080	6233	5687	5688	11160	91445	5700	5689	5682	5714	7979	91319	5702	5707	5713	7314	7415	5705	10613	5693	5684	5709	5704	6400	5717	27248	5718	5701	5686	79139	7316	5706	5694	10213	5695	5690	5708	7311	5685
Defective CHST14 Causes EDS, Musculocontractural Type	1462	1463	113189	10675	63827	633	1634	1464
Defective CHST3 Causes SEDCJD	9469	1462	1463	10675	63827	633	1634	1464
Defective CHST6 Causes MCDC1	2331	4958	4166	4060	4969	176	11081	5549
Defective CHSY1 Causes TPBS	1462	1463	22856	10675	63827	633	1634	1464
Defective CSF2RA Causes SMDP4	6439	653509	6441	6440	729238	1439	1438
Defective CSF2RB Causes SMDP5	6439	653509	6441	6440	729238	1439	1438
Defective EXT1 Causes Exostoses 1, TRPS2 and CHDS	2239	6382	2131	10082	2719	6385	6383	2132	2262	2817	375790	221914	3339	9672
Defective EXT2 Causes Exostoses 2	2239	6382	2131	10082	2719	6385	6383	2132	2262	2817	375790	221914	3339	9672
Defective F9 Activation	2158	2812	2814	2811	2815	2160
Defective GALNT12 Causes CRCS1	4582	140453	4584	4585	4583	727897	79695	94025	118430	4589	394263	283463	4586	200958	10071	4588	143662	56667
Defective GALNT3 Causes HFTC	4582	2591	140453	4584	4583	4585	727897	94025	118430	4589	394263	283463	4586	200958	10071	4588	143662	56667
Defective HDR Through Homologous Recombination Repair Due to PALB2 Loss of BRCA1 Binding Function	80010	1763	472	10524	5888	5892	10635	5889	4683	4361	641	7979	5890	675	7156	79728	83990	5932	7486	672	9156	580	7516	116028	10111
Defective HDR Through Homologous Recomb Repair Due to PALB2 Loss of BRCA2 RAD51 RAD51C Binding Fnc	80010	1763	472	10524	5888	5892	10635	5889	4683	4361	641	7979	5890	675	7156	79728	83990	5932	7486	672	9156	580	7516	116028	10111
Defective HLCS Causes Multiple Carboxylase Deficiency	56922	5091	3141	5096	5095	31	64087
Defective Intrinsic Pathway for Apoptosis	4001	84290	824	8851	1020	823	7157	2309	708	995	6648	3725	5052	826	2801	4000	1029	356	7001	831	351	994	10018	7531	993
Defective LFNG Causes SCDO3	4853	4851	4854	4855	3955
Defective RIPK1-mediated Regulated Necrosis	197259	841	8772	8737	7186	8717	11035
Defective ST3GAL3 Causes MCT12 and EIEE15	2331	4958	4060	4969	176	11081	6487	5549
Defective TPR May Confer Susceptibility Towards Thyroid Papillary Carcinoma (TPC)	6396	348995	4927	57122	129401	79023	23165	8021	2646	55746	23279	79902	55706	53371	9631	81929	9818	8086	4928	8480	23636	23511	10762	9972	7175	9688	23225	5903	2645	11097	9883
Defective Binding of RB1 Mutants to E2F1,(E2F2, E2F3)	1021	595	1017	1870	5925	1028	7027	1027	898	1869	9134	1019	1871	1026	894	7029	896
Defective Binding of VWF Variant to GPIb IX V	1277	2812	7450	2814	2811	1278	2815
Defective Factor IX Causes Hemophilia B	2158	2159	2812	2677	2814	2811	2157	2815	2160
Defective Factor VIII Causes Hemophilia A	2158	2147	2159	7450	8460	2157	8459
Defective Homologous Recombination Repair (HRR) Due to BRCA1 Loss of Function	80010	1763	472	10524	5888	5892	10635	5889	4683	4361	641	7979	5890	675	7156	79728	83990	5932	7486	672	9156	580	7516	116028	10111
Defective Homologous Recombination Repair (HRR) Due to BRCA2 Loss of Function	80010	545	1763	5884	472	10524	5888	5892	10635	5889	5984	4683	5810	4361	641	7979	5890	675	5883	7156	79728	84126	5985	6119	5982	83990	5932	7486	3364	672	83695	6118	9156	580	11073	7516	6117	116028	10111	144715	5983
Defective Homologous Recombination Repair (HRR) Due to PALB2 Loss of Function	80010	1763	472	10524	5888	5892	10635	5889	4683	4361	641	7979	5890	675	7156	79728	83990	5932	7486	672	9156	580	7516	116028	10111
Defective Pyroptosis	128312	8348	8334	3013	474382	8341	8349	1687	23649	55766	94239	5557	23512	5931	8338	8342	8345	8970	2146	5422	1789	1786	5558	3018	255626	8726	8331	54145	5928	1788	8340	3017	85236
Defects in Biotin (Btn) Metabolism	56922	5091	3141	5096	5095	686	31	64087
Defects in Cobalamin (B12) Metabolism	4548	81693	326625	4552	2694	25974	166785	4594	55788	51293	8029	6948	5826	27249
Defects in Vitamin and Cofactor Metabolism	81693	2694	25974	64087	6948	326625	4552	5096	5095	686	31	166785	4594	55788	8029	56922	4548	3141	5091	51293	5826	27249
Defects of Contact Activation System (CAS) and Kallikrein Kinin System (KKS)	710	3818	2158	2147	2159	2812	7450	2677	8460	2814	2811	2157	2161	2160	2815	8459
Defects of Platelet Adhesion to Exposed Collagen	1278	1277	2812	7450	2814	2811	11093	2815
Defensins	245936	245938	140850	245927	245932	5646	1669	245928	920	400830	5645	245911	1668	1671	729230	1672	245937	245934	245929	613210	613211	245915	417	7096	1235	245930	1670	140881	245939	613209	117285	7097	81623	641517	100133267	245913
Degradation of AXIN	5691	5683	5692	9861	5719	8658	11047	6233	5687	5688	80351	5700	5689	5682	5714	7979	5702	5707	5713	64750	81847	7314	5705	5693	5684	5709	5704	5717	8312	5718	5701	5686	8313	7316	5706	5694	10213	5695	5690	5708	7311	5685
Degradation of DVL	5691	5683	5692	9861	5719	11047	6233	5687	5688	5700	5689	5682	5714	23072	7979	5702	59349	5707	9978	5713	8452	51339	7314	5705	5693	5684	5709	5704	5717	5718	5701	1856	5686	1855	7316	5706	1857	5694	10213	5695	5690	5708	7311	5685
Degradation of GLI1 by the Proteasome	5691	5683	5692	9861	5719	11047	6233	5687	5688	51684	5700	5689	5682	5714	5568	7979	5702	5707	9978	5713	8650	5567	7314	2735	5705	5693	5684	5709	5704	5566	5717	6500	5718	83737	5701	5686	7316	5706	8454	5694	8945	10213	5695	5690	5708	7311	5685
Degradation of GLI2 by the Proteasome	5691	5683	5692	9861	5719	2932	11047	6233	5687	5688	51684	5700	5689	5682	5714	5568	7979	5702	5707	9978	5713	5567	7314	5705	5693	5684	5709	5704	5566	5717	6500	5718	5701	5686	7316	5706	8454	5694	8945	1452	10213	5695	5690	5708	7311	5685	2736
Degradation of Beta-Catenin by the Destruction Complex	5691	5683	3065	5528	5692	5719	9861	7089	7090	2932	51176	11047	1488	6233	54764	5687	5688	7088	5527	5700	5689	6934	5529	5682	5714	7979	5702	5707	5516	9978	5713	5526	1487	7314	5518	5705	5693	6932	5684	5709	5704	139285	1499	4609	5717	8312	6500	5718	83439	5701	5519	5686	8313	23401	166	324	5525	5706	7316	10023	8454	5515	8945	1452	5694	10213	5695	5690	5708	7091	7311	5685
Degradation of Cysteine and Homocysteine	51380	25828	6821	1036	100131187	2806	1491	4357	339896	2326	23474	7263	1468	84890
Degradation of the Extracellular Matrix	3909	2201	102	1308	6696	3339	92291	1303	1307	222663	50859	1278	1292	4327	960	80781	1284	1215	101	11095	1296	8754	84570	831	9313	136227	5654	4313	2200	2335	3918	176	170692	56999	5650	1298	4316	4320	836	131873	682	80274	84467	10893	9510	7092	164656	63827	8751	23473	1305	4325	1289	6650	11131	825	4321	10753	1310	6868	7077	5663	4811	2006	85007	1280	1306	1299	9507	4318	1520	84290	1511	1509	4324	1991	50509	3912	3915	1301	5645	1297	440387	3914	1514	440854	4314	999	170690	3818	1291	1295	23385	1285	4319	827	7177	1293	64386	5340	1287	1277	1515	7093	1286	5045	4312	91522	1300	388743	7076	649	3911	4326	4317	824	1282	26254	823	1281	147968	1290	1294	7373	11096	1508	1504	2	1288	11132	826	1302	5644	4322	3817	4323	1513	256076	726	1634
Depolymerization of the Nuclear Lamina	983	255919	221496	2010	5579	23399	4001	23175	23592	4000	9663	7112	64900	5578	891
Deposition of New CENPA-containing Nucleosomes at the Centromere	79019	128312	8348	8334	3013	474382	55320	8341	8349	4869	387103	1058	55839	55166	55766	8467	94239	64946	57082	64105	80152	2491	11339	79172	5931	8338	8607	91687	401541	8342	8345	8970	55355	54069	3018	255626	79682	8331	54145	5928	23421	8340	3017	85236	51773	1060
Depurination	128312	8348	8334	3013	7013	26277	474382	8341	8349	55247	25913	4595	55766	94239	54386	8338	4350	8342	8345	8970	3018	255626	4968	8331	54145	7014	8340	65057	3017	85236	8290
Depyrimidination	128312	8930	8348	8334	3013	7013	26277	474382	4913	8341	8349	55247	25913	55766	94239	54386	252969	8338	79661	8342	8345	8970	6996	7374	3018	255626	4968	8331	54145	7014	8340	65057	23583	3017	85236	8290
Deregulated CDK5 Triggers Multiple Neurodegenerative Pathways in Alzheimer's Disease Models	4001	84290	824	8851	1020	823	2309	995	6648	3725	5052	826	2801	4000	356	7001	831	351	994	10018	7531	993
Dermatan Sulfate Biosynthesis	1462	1463	113189	10675	63827	92126	29940	633	1634	1464	10090
Detoxification of Reactive Oxygen Species	25828	10587	2950	7296	2878	2882	538	7295	257202	343	4688	9588	493869	6648	54205	4689	2936	6649	9973	10935	50507	5052	2880	79400	318	2877	7001	847	30001	1536	6647	5034	2876	1535	475	653361
Deubiquitination	5691	100287238	4287	5692	8078	3013	78990	5728	8349	392188	171023	8900	8724	9146	387	91833	80351	84196	409	5682	85235	11274	4792	64135	8314	5713	84749	80124	57599	4089	672	7417	330	645402	317772	8737	4738	8473	4193	63891	10474	728386	7347	5886	10454	7706	51616	7316	7048	5695	6502	8975	7311	4194	8295	10445	128312	9817	8334	55611	5719	2648	23586	86	7528	57559	100287205	10392	84282	84101	221656	100287478	29761	57695	7979	5702	79184	440689	890	5887	4092	7186	100288520	10318	7415	9101	7416	84132	126119	23326	7419	580	8345	2625	114803	100287404	7189	55432	10254	7874	9097	991	5686	7345	8331	7353	57646	8340	8237	2033	10213	125476	4087	9861	8348	100287144	3054	6314	54617	11047	79589	7040	51720	1080	6233	5688	219333	645836	5689	10600	7157	8517	5071	55031	10869	79155	221613	54891	9929	10617	6881	89122	8027	64750	329	9804	7314	5705	93973	5693	23358	7128	8678	8342	100287441	8970	90865	8850	4609	5717	100287513	3091	57506	79594	7321	8239	5701	3018	64426	60	55593	56957	6885	324	83844	79913	29844	9099	5694	100287364	114785	5690	100287327	283899	3416	1643	5423	993	114548	983	92815	5683	25862	3607	55252	4303	8658	123228	23770	9868	63967	8341	29086	5687	161725	9960	5700	367	23032	5714	23252	5707	51377	55777	9100	92552	27430	1540	2099	81847	6478	8338	64127	8607	5684	5709	154	4798	5704	7046	10868	100287178	408	4086	55288	93624	79931	7187	27005	8312	9736	5718	51651	8767	221937	377630	401447	255626	8313	9738	83444	5706	9986	7375	54764	3017	85236	5708	4088	5685
Developmental Biology	728224	3013	2050	7223	284656	6142	24137	116931	9275	9611	3872	3670	2315	4644	9370	2045	337977	1969	865	5914	1432	4155	3232	527	6188	1821	2648	6712	6194	23411	6217	595	5702	6837	2313	7051	533	2625	26986	219699	8633	342900	5291	132243	1977	7965	54815	5063	2296	3912	3915	6705	10154	27022	8976	84246	6926	8970	7402	23767	10096	2303	85293	9282	1041	4067	6235	1107	2309	605	79727	2885	7546	1211	6324	6711	386683	5706	130399	5788	4088	145873	1459	387	83896	5649	5682	3175	5436	6932	51121	92	7094	7030	9439	6701	23708	256297	8106	2294	57522	6173	10637	26523	7942	6706	663	2674	2596	4185	7022	4686	25791	6218	51003	9241	3857	23112	8331	3848	10298	5058	1942	3207	7040	6135	892	6234	1387	161	5717	23122	6760	100271849	9723	10413	386680	6655	1759	3849	5683	83881	8341	3170	6469	2247	5700	84448	6478	6152	6091	9441	9296	207	9119	3852	268	55897	337978	5692	6191	23054	5087	634	22916	7545	2657	8997	3211	1908	10664	387332	3672	124512	9550	7403	5318	7124	25	7471	131873	4211	100132476	57211	3725	6323	1213	25937	84891	1793	7490	387264	5663	5015	59277	1457	6233	8463	4628	7290	196374	9521	6928	782	23512	84441	5364	6329	1785	337976	90390	337882	6495	28514	597	3850	353135	57492	1281	5714	6732	1149	528	10000	2051	26585	5623	332	6699	9112	55203	10765	3680	9337	7783	8453	116832	23053	6129	22794	6196	7222	2049	3094	23405	1051	1830	4821	1600	4935	3955	100132386	51316	3881	100288323	353141	2044	5317	3674	3735	9967	6223	147183	643418	353332	3921	9421	1212	8648	1823	3326	4318	4205	25942	5588	7436	50509	168544	7408	404203	337974	1869	3192	440051	84790	6167	6176	2886	4160	84962	8828	3018	9043	6222	3231	6205	5690	5469	57379	4303	11224	523	474382	51592	5687	1282	6923	5707	23332	7224	6204	257	3214	6602	1045	57472	6707	3887	6700	3868	9846	386672	6093	5361	90249	4254	2672	5493	153572	1981	5708	26239	2047	1944	9045	6138	8874	5062	10974	10683	6703	29883	2637	85441	1796	25904	6383	596	10025	5719	284827	80205	784	1017	10507	891	9855	81857	8986	54766	137970	151871	3908	7903	4359	28964	10524	2107	201516	386674	5453	347688	9464	134701	337970	85289	999	5693	353133	8660	84498	3312	22936	5701	6092	11280	1828	7062	27289	2817	6514	26052	9968	200916	64096	1290	94239	5313	337979	126638	8650	56896	1825	2064	65110	8338	10627	440023	8022	1499	3891	6601	7074	7480	63925	6598	100507608	3851	6143	6170	4893	5929	3884	5691	5604	5621	3855	1053	7852	6910	948	3861	6130	529	503835	1400	8110	2676	337971	3978	337959	5879	653240	6035	6206	375790	1948	85290	8913	7525	6224	3376	3213	57504	8345	1289	162605	10406	8516	1460	84667	6147	23097	3838	3892	6709	6230	23030	10498	1299	23135	730755	7157	51807	51350	8342	6899	6328	4736	6208	7015	1946	9211	254950	1742	79966	386682	3065	1175	5652	22943	5290	8515	6586	144501	1741	83401	84661	4209	343930	23521	6124	96764	7026	4440	2645	9775	3678	3866	5620	2042	288	2048	57144	93649	6656	9901	2649	6256	728279	10095	6698	779	4690	54843	43849	100505724	4756	79923	27086	9423	51606	5859	6386	3549	7299	10048	284217	6464	84617	121391	8687	1832	7547	7027	51586	3846	2705	2122	7514	23396	6477	1734	4602	6193	6605	1293	64641	10921	3888	1761	51065	6189	6209	220164	9477	79447	7481	2312	140258	5709	55816	6125	342574	4637	55851	10376	5105	338785	6654	5376	71	63976	7849	23365	3212	6721	5365	8218	43847	10552	337967	8992	7703	6774	145258	3815	5578	83895	728255	337973	10818	6387	7021	199834	9978	427	448835	6171	91584	89780	9333	9070	9353	4902	652	6156	64321	7350	5046	1072	8289	5362	6585	5432	3975	6165	22976	5438	3174	83464	6886	23385	5460	10451	7029	29079	2627	7391	3265	1002	389	51520	4023	4099	106821730	140807	643394	337880	6161	353144	4850	4086	11313	4629	56956	5928	353333	6909	27332	1630	6688	3890	5439	6327	6663	1947	22938	6597	3169	2242	775	11091	58508	4664	386685	6708	1292	7430	7044	4297	3880	6456	387266	22885	3690	5915	353288	221656	254910	10094	130497	5080	5600	1943	6299	26085	10109	3651	1959	6595	971	2766	6900	9125	8193	6331	285643	5441	3845	2046	1749	1729	57716	53358	4609	8850	5781	79861	5306	728318	5440	84616	6175	5532	1108	353137	4157	8829	148738	10570	23032	50937	5435	337966	79192	64065	8503	826	79784	1463	387273	9440	440050	6136	3198	100288687	3984	10368	5685	337969	6168	8851	4651	6662	54790	6195	57459	6704	4116	337975	535	3227	3786	6453	5931	3685	9314	4849	5566	5346	10589	192670	23129	55800	5598	5266	4656	1020	3889	5730	9839	4286	10891	7979	4897	3897	6804	5567	10605	668	347733	4825	8861	503627	7003	6591	6192	214	6927	163	6228	23090	3853	9048	3854	6929	2197	147409	83439	91	287	5433	6144	80086	4478	655	3856	1956	64506	7278	135935	388	1829	6210	81851	353323	4161	5747	65109	5873	6332	1808	10097	3017	337963	387267	102	1441	1641	5576	6336	6925	6122	1272	10369	10093	23019	55558	9349	100033411	386676	4838	50674	10046	11005	8848	2494	1298	8334	3688	643812	23414	25924	5977	1945	112950	3630	5296	81871	7225	9935	6720	53616	9412	4665	51382	64218	5216	5686	2249	8340	2033	1495	526	3233	353143	6934	9939	79444	125115	390245	3662	203190	2146	83900	285704	51107	5921	2675	54145	5045	1475	4308	7410	6232	5316	5605	2626	23462	4851	79083	1385	3885	1029	7306	3280	8482	255626	6326	8745	3201	3985	5076	386679	2935	27	5594	7305	9862	8202	400569	3516	54797	6330	64221	284355	5431	222546	27092	9252	5619	1595	128312	4618	3713	353142	7528	63036	6160	6202	776	3172	9794	1024	3156	83897	9443	5293	8912	6128	80306	5443	85280	6158	1013	344022	390792	7204	6231	55211	200424	861	133522	1019	53615	1286	9046	386678	142910	3952	5347	23114	5595	2624	386681	3859	57113	285220	678	6710	2308	7374	100131902	1950	6155	55997	3320	3200	255743	57690	6335	1026	85291	785	6921	199699	10487	10486	23389	11202	30011	83902	2549	3203	5077	374454	86	3171	6237	54361	5979	29128	23581	9355	10381	27255	59283	6164	643414	9255	2138	27330	1280	208	23254	5465	9861	1974	8348	6938	5217	10752	5688	3642	439915	81870	1949	9037	3785	1496	5694	4159	23493	353139	386677	337960	10736	5295	5684	84648	57526	2043	64283	353238	11187	2058	85236	5786	246175	112802	1000	140032	6714	6300	5713	85285	4089	353132	4654	4343	643803	149018	5695	63978	7311	57830	6722	2260	1906	9274	150572	6166	116986	10371	55534	10361	51129	57556	83901	5664	3237	6657	5434	319101	26039	7484	2255	4208	8440	386684	8911	9475	6123	5689	6132	9063	26019	27327	6768	192666	6159	57057	1291	6197	10383	6203	6603	80031	6229	219541	25873	3375	286887	60	390874	353134	3087	1739	5927	55110	6201	22797	9612	93	100533177	823	9260	10092	2887	4650	8128	353145	57453	55090	5454	5718	3221	5078	9219	688	256076	4760	4790	3882	6907	9442	85358	7846	1824	6169	8349	3570	4753	5568	85456	5962	1366	10001	260334	3860	1050	4313	140801	81850	386675	1910	10159	64344	337879	9826	55766	7280	728299	83899	2909	8689	10499	3983	6139	23081	8726	112755	10213	5437	3883	4014	8085	10398	2932	11047	8841	91653	2041	5917	7220	2668	3066	389692	1482	2167	100505753	3400	155066	10382	2254	4917	286	8506	57698	25925	55715	783	79718	7004	4684	6137	27161	390748	89884	51176	6141	4233	51332	5081	3886	25984	6862	1973	3875	8928	440021	6146	5608	5704	100133941	1346	6334	6157	2125	4617	4487	6154	340654	1615	55588	51466	5430	81027	56963	182	3397	9350	6207	103910	84059	5455	1284	6181	160	6187	1638	9969	57731	3673	7316	6599	2534	3858	25818	2902	54474	54209	4848	5970	57167	998	55740	6604	112714	192669	55571	359787	6134	100506658	896	7277	7913	4087	6133	8502	5468	1173	1297	1879	51247	388818	6490	7314	5705	23380	2253	5335	2018	6736	4627	1285	1605	5916	1287	1809	50846	4141	3199	8688	6517	6227	1975	8320	337972	353140	7020	2904	6615	5371	129563	1826	6911	163175	5909	1052	2516	80728	79670	9495	3728	353131
Digestion	248	5408	27159	3938	119548	2984	280	6476	11181	8513	8972	279	1118	2980	8544	2981	5406	1056	1208	276	5407
Digestion and Absorption	248	5408	27159	3938	119548	2984	280	6476	6514	11181	8513	8972	279	1118	2980	8544	29881	2981	6518	6248	6523	5406	1056	1208	276	5407
Digestion of Dietary Carbohydrate	279	1118	27159	3938	280	6476	276	11181	8972
Digestion of Dietary Lipid	5407	5408	119548	5406	1056	1208	8513
Dimerization of Procaspase-8	355	841	8772	356	8737	8743	8797	7186	8837	8717	8795
Disassembly of the Destruction Complex and Recruitment of AXIN to the Membrane	5528	7479	2932	7471	5527	4041	7478	1455	5529	5516	7855	5526	5518	139285	857	1499	8312	1856	5519	1855	23401	8321	324	5525	2535	4040	1857	10023	5515	1452	89780
Disease	55741	3013	10956	5172	2245	6142	5987	9611	6487	22863	50507	83695	4644	50616	2237	80853	10155	54894	340665	1432	9972	3799	2069	23367	2799	6188	593	2648	1780	6194	8074	6217	84282	6948	4361	595	7520	2646	675	6837	57534	5702	6634	9365	50852	6199	4691	5519	9227	10559	5291	1839	11097	54815	472	2323	291	353	4296	2161	8021	953	8976	84246	710	26762	8970	8460	27243	128866	2060	1022	9908	197259	551	51530	894	3656	27044	118429	10096	9282	6772	5984	4067	6235	9150	1107	5878	2309	55970	5052	2885	7533	1211	9060	3714	6711	9061	5706	57105	369	7098	4088	94025	841	23028	118430	124056	1459	22808	22987	3251	5054	5682	7058	80143	5436	10417	5982	8908	57599	51121	1603	1848	546	7094	9439	116028	2787	11174	23225	2209	3459	8106	81030	115	114	6173	26523	10675	4686	147179	92579	27072	471	6218	51003	5558	8331	7175	10013	3440	2926	4641	3445	7040	2770	6916	6135	7296	917	892	5133	145957	4158	6234	815	8818	1387	3676	161	5717	10207	5894	6482	203068	8717	23191	54956	5683	4854	8341	1025	4860	6469	81793	2247	5700	6633	816	84126	64220	3767	3455	6152	3106	6385	7172	27121	26508	55690	7535	56606	833	155382	22872	9441	3614	207	3554	5692	6191	2100	7555	143662	9789	5880	111	26154	4792	221914	22916	3364	5601	65082	203859	26275	3002	100132074	55750	1535	6502	1628	1798	55109	4060	25	905	6279	10392	5883	54518	5985	293	3725	5170	2771	2547	4588	1213	391	1871	801	7189	996	38	3159	1793	60559	2687	10479	2966	6872	55845	5663	3373	10458	2002	5610	7251	1457	3716	6233	1511	126410	6632	55048	161742	5349	112744	5499	51185	23512	84441	3587	3105	9156	8178	10628	11320	3276	90390	238	1855	729238	140766	28514	3551	23339	597	2683	2967	5573	1738	4041	5714	6732	3439	54716	10000	3839	1781	9112	5476	9900	79760	23765	10762	116832	567	5782	7534	10768	11311	1021	411	6129	11285	5892	3339	5777	6875	28972	10728	6850	3717	7450	54960	4170	1051	80824	1850	8322	8905	317772	8737	11267	6500	6878	653509	140453	7048	8936	3955	79685	6396	6636	3674	10427	6223	79643	23643	2538	27436	8087	3921	2961	4909	3442	6628	1452	145226	3326	3606	25942	55746	2792	1869	4939	119504	6167	84790	3460	6176	11198	2958	1789	3098	3018	53828	6222	4791	10018	27035	7097	6205	919	5690	5469	29801	4303	11224	57122	9719	474382	8813	1488	5687	6923	25920	1811	7082	2071	5707	84818	1588	1593	6204	166785	2542	4008	9846	8767	6093	6882	54457	4254	10142	5708	9051	5577	5551	10635	10060	4907	91782	6476	9045	126792	2244	6138	2246	11254	5062	6400	4193	9641	55914	6249	2335	6383	11221	10284	56999	113	821	4437	3553	10025	5719	4331	23169	81031	1017	2214	63827	6578	891	5950	4245	81857	6873	6483	8823	5648	10014	351	9197	83933	10524	57188	6455	5159	64087	25978	326625	347688	23279	221613	3703	2959	999	5693	8660	6531	8731	7039	3312	5701	7469	10152	292	64601	3164	25974	2230	143	2817	6514	23443	9968	116150	200916	5313	94239	79902	5516	89853	10020	80731	5518	2064	8338	64127	7046	91662	408	1499	11093	100526767	6143	6170	10071	4893	5826	5691	5604	79796	7532	2997	2157	11160	55247	7057	6898	7852	64135	948	1278	23478	3190	8844	6130	4928	257397	10332	402569	54344	4968	3978	5879	6280	79868	6035	6206	8036	375790	10999	5606	4853	7525	9817	6224	7355	2212	8647	613	4204	57504	1487	7415	11044	9360	338440	51135	8345	2785	3708	1545	1460	6147	2159	8815	23097	3838	6230	221981	7157	11065	6484	2811	2232	684	79875	51807	8342	7171	4736	6208	11151	50636	4969	8454	2677	2965	9672	5053	3065	6513	1175	51343	79872	824	22943	170691	5290	2068	6528	348932	7409	53826	1778	57085	222236	6667	23521	6124	11140	481	5902	246213	10817	2645	2990	480	3071	3303	30849	51317	811	54845	51284	283463	6557	4351	834	51224	356	29929	1786	9321	695	6421	253832	10095	10951	176	6440	2783	4690	29954	10333	9208	285195	1687	27090	7750	7456	5289	2937	9397	11136	57448	51606	6118	11168	2263	2874	3549	10254	83860	7414	9648	93343	6464	84617	478	399687	92421	9444	7113	29071	7027	2305	51586	7329	6874	5901	7514	3726	1892	79412	6616	6193	1856	64426	4292	5959	685	5245	51293	6507	483	51065	6189	6209	5527	3446	9477	7841	56913	112812	5709	196883	2720	3449	23189	1783	2804	6125	2582	6017	5868	85365	3661	55851	29945	10376	5524	1634	6888	81792	22866	6654	545	71	255324	6566	904	112	152926	10058	91319	10552	4583	1524	55788	6774	3815	3932	79087	2773	4210	7341	2339	10818	3981	3843	5956	6524	57719	440689	9978	9818	1852	23118	3178	5155	6171	6773	7334	2803	89780	3718	6569	6156	1462	8148	7428	29082	28234	79023	114609	5432	2793	6165	5438	718	83464	23385	10451	51271	164	7029	29079	22934	1277	23186	4758	3265	8658	26999	4913	6733	6161	11096	6881	1629	3441	10747	2588	9111	5928	64240	5906	26281	957	9372	1586	215	121601	3841	5439	10811	22938	409	92949	140735	6530	9871	598	633	10393	3425	6456	6880	10971	5528	26007	23586	3690	4669	2266	10094	3795	54658	26503	56965	9152	10109	2591	2548	10718	9734	5925	54567	6520	9507	335	84290	129401	3133	23649	5441	10802	920	3845	10599	3107	253260	55869	3084	6119	7284	3092	7170	51128	5336	139285	340024	4609	8850	5781	79861	7321	6184	59272	51742	51433	113189	56052	5515	9215	5613	51125	5440	2328	6175	92815	7291	80070	1108	8829	51510	23165	54331	5435	2530	8503	51434	826	1463	2908	4000	9440	1584	11064	378884	6136	486	994	8324	5903	30061	5685	6048	229	83999	6168	8065	8851	4651	91445	1185	1915	57459	2632	9843	83990	7486	3836	5931	4958	1937	4166	3074	902	5566	11095	7001	55823	5395	10454	192670	7706	6416	170692	6776	1616	2592	5889	1020	6635	6521	63982	7979	9542	11218	7156	6804	7474	3605	4843	55129	8881	9631	5567	5501	9056	2719	857	246184	79885	2791	91869	347733	818	6637	339366	1027	11081	5495	51311	80304	55733	368	6192	549	23193	7295	163	4615	6228	5890	79728	89122	3443	170690	3818	2801	60489	120227	2197	5507	3146	56922	324	928	5433	6144	80086	114548	80010	9636	4478	51517	26127	1639	1956	162	7518	7278	10280	3082	5096	5095	6210	7100	5932	81929	482	53822	51564	10418	10533	2786	6523	6924	5747	10769	11073	929	5091	5199	1857	5025	1244	10097	2814	3017	1398	1594	10787	102	10256	2992	80351	55107	9899	2730	1870	5576	6122	26276	10093	10898	84335	2066	4855	719	2931	941	7096	9349	3452	10046	10134	974	8334	3688	627	3831	6877	81631	56667	283455	112950	926	3480	5296	5478	9412	8086	8480	11282	4594	6908	2262	5686	5236	148022	2249	3569	8340	2033	7879	6457	283652	84875	1080	10362	10195	5611	6934	5292	1794	2812	3662	1836	572	6829	79661	404672	2146	817	57506	7099	51107	54145	50628	8817	9688	24	5045	1854	993	8546	7410	6232	51181	5605	100529261	2243	727897	23462	4851	109	6648	1385	3423	29882	1029	2160	3280	255626	79139	144715	27249	23327	942	388585	53335	5594	55901	9862	10610	1174	3791	686	400569	5549	1464	3516	29760	51529	54797	1104	5431	2280	1737	157869	10800	128312	1655	7991	51411	2956	200958	6480	55615	8655	26873	137492	11041	6160	6202	6441	7186	10163	6801	594	1589	10613	79695	9794	27248	1439	1024	4915	138474	9246	3141	5525	1788	5983	4247	3417	200734	552	85437	554	673	9443	25929	5293	136	5599	348995	6128	170689	116085	80306	191	8878	867	5443	23479	5529	11253	6833	1500	55630	6158	394263	25834	59345	5557	6231	64174	10484	27183	9134	861	1019	53615	4927	1028	8772	11052	9868	6857	90701	5595	4552	1147	57617	27338	25820	5027	644150	51191	5978	9148	79109	6883	2308	5908	6117	1950	2960	9715	196527	7531	6155	2252	56603	19	3320	6238	1523	153201	10053	9146	6185	57690	79792	6382	85235	9509	55624	1026	4057	5926	672	6921	4908	5154	814	5947	8029	64223	4128	54625	51114	23389	2784	30011	81608	2957	8459	4582	55294	2549	22856	57101	1583	92359	9510	4589	8822	10381	3454	3710	64241	375	83666	580	10295	6164	4284	7454	7936	440138	208	8732	9861	8348	9420	1901	4001	5575	5688	5609	9530	8517	2963	6844	101060233	9037	152831	51028	2729	4131	57670	9526	8826	4763	10111	2810	5694	7957	5869	8315	5373	142678	23493	374	2065	55706	2697	995	5295	5684	79644	973	3586	54492	22906	64840	85236	3134	81693	6917	140032	6575	54106	6714	8325	4620	130340	94235	898	5713	1234	4089	11116	256435	10082	8819	27123	23511	4343	4040	8496	5695	127833	7311	113612	5888	4869	2260	79720	4140	682	5119	6005	641	21	10342	123041	6166	7249	29851	9451	7422	4124	55534	2264	7405	5664	55315	5434	4436	2255	79947	79833	8907	3456	9475	4683	27006	5479	6123	5689	9759	4360	6132	2248	9990	8027	8671	5230	3162	1938	6159	8678	8323	10383	6606	6203	83737	6229	10910	219541	1650	11035	25873	60	3654	84168	5156	54657	2788	6201	3667	9612	5037	8487	8805	823	5810	4595	10092	4650	7855	8452	7324	5526	84447	8812	171019	55090	1800	6884	553	2781	8312	5718	9219	3837	2158	10681	4790	6907	9442	5884	7846	2673	6169	8349	3570	10810	2251	9632	5568	55343	10146	10001	79849	260334	476	4891	54507	611	25855	6584	3615	138050	2331	2962	11173	140801	81622	107	22845	1445	25906	51009	54437	4585	55766	7280	4482	4836	11123	3451	2815	6777	9332	23476	6139	4249	51143	6749	8726	6868	2250	112755	10213	5437	3665	51764	340061	9469	6271	2475	1312	1763	2778	2932	11047	5589	6879	8841	53371	6448	2998	3444	3066	2589	4780	10382	2254	4916	79718	6885	8945	6137	27161	3073	1849	51534	6141	8697	4233	3712	6843	4584	60482	2147	84061	5094	399473	6146	5608	5704	9844	5422	2268	6157	79668	7516	9187	95	6154	51304	55588	81794	3709	5728	4143	4586	5430	81027	79651	3552	182	63916	118788	84313	30835	7335	6207	6505	10827	9525	5244	6181	160	6187	3135	831	9969	6827	2131	56829	7316	51616	2261	9965	2534	2968	3055	25921	5348	3840	6559	1585	940	31	5970	64682	108	998	10015	112714	192669	2782	6134	29110	896	23636	4548	23164	142	7277	2790	4087	51201	4153	6133	3938	2132	10585	2120	1173	708	10465	1514	7314	930	5705	2239	2253	2678	5335	7276	5500	4627	1605	6439	6519	57674	100	10568	2023	50846	9508	51497	842	346562	2694	2984	2322	79844	6227	51160	5905	3448	477	1356	2099	79053	26229	10006	7297	199857	5371	145173	7529	142680	7187	1438	1052	2288	2584	1591	29108	9883
Diseases Associated With N-glycosylation of Proteins	2683	1798	79796	10195	7841	11253	79053	5476	199857	2720	29929	91869	9526	85365	79087	56052	79868	4247	4758	440138
Diseases Associated With O-glycosylation of Proteins	4582	81794	4853	80070	29071	94025	9719	118430	57188	170689	9507	4586	4854	200958	54437	55901	10585	170691	143662	221981	11041	56667	4585	4584	727897	92949	7057	9510	4851	4589	11096	394263	283463	7058	9509	55624	10417	4588	9037	56913	80731	170690	4583	10418	171019	79695	79875	145173	54507	4855	11095	11093	1605	2591	140453	157869	5199	339366	9508	170692	11174	140766	11173	9215	56999	29954	10071	81792	3955
Diseases Associated With Glycosaminoglycan Metabolism	9469	1462	2683	4060	11285	22856	2132	3339	2817	6382	126792	10675	63827	221914	6487	5549	1836	1464	26229	2239	4958	1463	10082	4166	2719	6385	3074	2262	633	9060	2331	113189	2131	4969	6383	176	11081	375790	1634	9672	3073
Diseases Associated With Glycosylation Precursor Biosynthesis	116150	5236	4351	2584	2582	2592	5373	79947	8813	8818	2673	79644	54344	10020	22845
Diseases Associated With Surfactant Metabolism	6439	653509	21	10568	6441	6440	729238	1439	1438
Diseases Associated With the TLR Signaling Cascade	6271	6279	81793	4615	2243	114609	8517	1147	51284	4792	2244	2266	948	7100	23643	5970	51135	7187	10333	7099	3146	929	695	7096	4284	6280	148022	4791	7097	7098	3551	81622	4790
Diseases Associated With Visual Transduction	6017	5950	9227	5959	7276	611	5947	24	145226	222236	101060233	5956	64220
Diseases of Base Excision Repair	4968	4595	79661	4913	55247
Diseases of DNA Double-Strand Break Repair	80010	545	1763	5884	472	10524	5888	5892	10635	5889	5984	4683	5810	4361	641	7979	5890	675	5883	7156	79728	84126	5985	6119	5982	83990	5932	7486	3364	672	83695	6118	9156	580	11073	7516	6117	116028	10111	144715	5983
Diseases of DNA Repair	4437	545	4436	80010	1763	5884	472	10524	4913	5888	5892	10635	2956	5889	5984	55247	4683	5810	4361	641	4595	7979	5890	675	5883	7156	79728	84126	5985	6119	5982	83990	5932	7486	3364	672	83695	6118	79661	9156	580	11073	7516	5395	6117	116028	4968	4292	10111	144715	5983
Diseases of Immune System	6271	6279	81793	4615	2243	114609	8517	1147	51284	4792	2244	2266	948	7100	23643	5970	51135	7187	10333	7099	3146	929	695	7096	4284	6280	148022	4791	7097	7098	3551	81622	4790
Diseases of Mismatch Repair (MMR)	4437	5395	4436	4292	2956
Diseases of Branched-Chain Amino Acid Catabolism	56922	3712	1629	593	26275	10295	549	1738	1892	594	38	64087	152926
Diseases of Carbohydrate Metabolism	411	229	51181	3938	6233	2997	2992	6476	4669	2632	7957	3795	92579	2998	8908	6448	3423	2538	7314	2720	2542	378884	5507	138050	2548	2588	3425	22934	7316	3373	6888	2799	7311	2990
Diseases of Glycosylation	81794	94025	118430	79796	11285	2673	4586	3339	55901	143662	7057	6382	92949	126792	283463	7058	9509	221914	55624	6487	5549	10417	1464	4958	4583	4351	10082	4166	54507	4855	3074	29929	54344	11095	633	2331	140453	2131	79087	6383	176	79868	170692	11174	157869	11173	375790	56999	29954	3955	22845	4582	4853	1798	2592	4060	22856	200958	54437	11041	56667	4585	9510	4589	10675	63827	4588	79695	2719	2262	2591	91869	5236	339366	11081	4247	440138	9469	1462	29071	57188	170689	9507	79947	2132	10585	10195	221981	11253	394263	8818	1836	9037	170690	2239	79875	1605	9526	113189	4969	9508	56052	9215	140766	4758	9672	3073	2683	80070	5373	9719	4854	8813	2817	170691	727897	7841	4584	116150	4851	11096	10020	56913	80731	79053	26229	5476	10418	199857	171019	1463	145173	6385	79644	2720	9060	11093	2582	85365	2584	5199	1634	10071	81792
Diseases of Hemostasis	2157	2161	2147	2812	7450	2811	1278	2815	710	3818	8460	11093	2160	2158	1277	2159	2677	2814	8459
Diseases of Metabolism	81794	81693	411	94025	1594	118430	79796	11285	229	2673	4143	4586	2997	3339	2992	6476	55901	143662	7057	152926	2730	6382	92949	3251	2632	126792	283463	7058	9509	686	221914	55624	5549	6487	1464	8908	10417	5826	4958	4583	4351	10082	4166	54507	4855	3074	29929	54344	8029	11095	55788	633	4128	138050	2331	140453	340665	3425	6383	653509	2131	79087	7316	26275	176	79868	6440	170692	11174	157869	11173	375790	56999	29954	2799	3955	7311	22845	113612	4582	4853	1798	593	2592	4060	22856	23169	200958	54437	1583	26873	6948	11041	56667	4585	1585	21	4669	2937	9510	4589	6441	3795	10675	63827	54658	31	594	1589	92579	4588	2538	79695	2719	10295	4594	2262	1439	1545	38	2591	3141	2548	4548	5236	91869	339366	11081	4247	3373	3417	440138	9469	1462	9420	29071	80731	6916	57188	170689	353	9507	79947	2132	3938	549	6233	191	5443	10585	64087	10195	221981	126410	11253	326625	4158	10071	394263	8818	1892	1836	6448	2998	9037	7314	2232	170690	2239	79875	2678	120227	2729	1605	5507	56922	6439	9526	100	113189	10568	22934	4969	9508	56052	729238	9215	140766	51293	4758	2328	7957	9672	3073	5053	54657	2683	80070	2694	5373	9719	25974	4854	51181	8813	2230	4860	2817	1738	3712	170691	727897	7841	4584	116150	4552	4851	11096	5096	5095	1588	1593	10020	56913	112812	3423	79053	26229	5476	10418	199857	171019	1463	1629	145173	6385	79644	2720	7172	166785	2542	1584	378884	9060	11093	1438	2582	5091	2588	85365	2584	95	5199	1591	1634	6888	1586	81792	56603	2990	27249
Diseases of Mitotic Cell Cycle	1021	25906	51343	1028	7027	8697	595	1017	1870	11065	898	1869	27338	1026	8881	7324	119504	51529	64682	51434	29882	246184	9134	1871	546	996	7321	10393	7029	896	51433	5925	29945	1027	1019	6502	894	1616
Diseases of Programmed Cell Death	128312	8348	8334	3013	4001	841	8772	474382	8341	8349	84290	824	8851	1020	1687	23649	823	7157	55766	94239	2309	708	995	7186	6648	3725	5557	5052	23512	5931	8338	826	2801	8342	4000	1029	8345	2146	8970	5422	8737	356	1789	1786	7001	831	5558	11035	3018	255626	8726	8331	54145	5928	351	197259	994	1788	8340	10018	3017	7531	85236	8717	993
Diseases of Signal Transduction by Growth Factor Receptors and Second Messengers	3320	10956	5551	6238	1523	5439	22938	57690	409	2244	2246	9611	1026	598	50507	4908	6400	5154	4193	50616	64223	55914	80853	54894	6249	3799	2335	2069	11221	81608	5528	55294	2549	5719	2648	6194	8074	3690	5702	57534	2266	8822	891	9365	50852	8823	6199	5519	10014	10718	9734	5925	5291	1839	208	83933	9861	54567	2323	5159	5688	4296	9530	5441	2963	3845	253260	55869	3084	3092	5693	8660	152831	7170	139285	4609	8850	5781	7039	5701	57670	8826	4763	5515	5694	5440	51530	27044	8315	7291	3164	142678	6772	4067	23493	374	5435	2065	2309	5516	8503	5518	2064	2885	5295	5684	7046	4000	408	1499	11064	3586	3714	54492	6711	9061	22906	5706	64840	369	4893	5903	4088	5685	5691	5604	83999	11160	6714	8325	22808	1185	5682	5713	5436	8844	57599	4089	11116	1937	1848	7094	27123	4343	5879	192670	4040	6035	8496	8036	5695	6776	7311	7525	4869	2260	26523	4140	7979	9542	10342	4686	613	4204	1487	7415	7249	5501	471	11044	29851	9451	55534	79885	2264	818	7175	5664	1027	10013	5434	5495	80304	2255	7040	55733	892	27006	145957	5689	9759	7157	815	2248	1387	8323	5717	7171	5894	60	324	8454	5156	5433	5683	3065	4478	3667	9612	5037	6469	22943	26127	1639	2247	5290	5700	1956	8805	816	3082	7855	7409	57085	5526	51564	84447	10533	11140	27121	26508	8312	5718	7535	833	22872	10817	207	6907	5692	2100	102	10256	80351	2251	54845	5880	22916	84335	2066	2931	5601	1786	941	9321	2962	3002	100132074	55750	10046	9208	1445	51009	55109	627	3831	7750	283455	54518	5296	5170	3725	57448	1213	6777	391	2263	801	3549	7414	9648	5686	6464	6868	2249	2250	5663	2033	399687	10213	5437	9444	2475	2932	11047	2305	6233	6934	5292	161742	8841	3662	3726	79412	572	3066	84441	3587	817	51107	2254	4916	238	79718	685	5245	8817	28514	27161	597	8546	1849	4233	5573	5605	5527	4041	2243	5714	23462	4851	10000	1385	399473	5709	5704	23189	3280	2804	55851	5782	22866	6654	71	255324	942	388585	5728	5430	53335	5777	5594	182	118788	3717	7450	3791	4170	1051	80824	10827	3516	1850	8322	5431	2280	6774	6500	3815	3932	56829	7316	7048	2261	9965	2534	51411	10818	55615	3674	940	9978	6801	1852	27436	8087	9794	5155	192669	27248	4915	1024	4909	23164	2803	5525	89780	1452	200734	673	5293	5599	4087	8878	867	5529	2120	5432	5438	7314	930	5705	2253	5335	83464	23385	5500	4627	57674	50846	10018	5690	3265	842	4303	8658	11052	1488	2322	5687	5595	1147	5707	2099	7297	7529	9148	4008	79109	9846	2308	5908	1950	9715	4254	5906	26281	9372	10142	5708	2252
Diseases of the Neuronal System	6017	5950	9227	5959	7276	611	5947	24	145226	222236	101060233	5956	64220
Disinhibition of SNARE Formation	6814	5582	5579	6810	5578
Disorders of Developmental Biology	6907	3065	79718	627	814	8841	9612	2874	5566	25942	801	9611	4204
Disorders of Nervous System Development	6907	3065	79718	627	814	8841	9612	2874	5566	25942	801	9611	4204
Disorders of Transmembrane Transporters	5691	6048	5692	19	10956	6566	5172	153201	6575	10060	11160	91445	10058	5682	91319	6530	55343	26154	5713	6557	9843	6505	11254	4928	6400	4891	5244	55788	6584	23511	9972	7316	5903	23225	5695	10999	7311	30061	6396	5719	285195	51009	7355	81031	682	6521	6005	6559	6524	2646	21	7979	5702	11136	123041	8647	6578	9631	7415	9818	10613	8086	8480	64241	9056	26503	9152	27248	23636	5686	10479	7175	55315	10559	6569	552	10213	554	11097	9197	9861	283652	348995	368	6520	11047	116085	1080	335	6233	5688	28234	129401	79023	8021	5689	55630	6833	55746	23279	10599	53371	9990	1836	8671	7314	5705	5693	340024	6531	5717	3098	5701	6519	10568	551	5694	9688	6507	5690	5683	6513	4927	57122	5687	6514	23165	1811	5700	23443	6528	5714	5707	60482	79902	55706	54716	348932	1356	3767	81929	5684	5709	5704	553	142680	6523	5718	56606	10762	79139	9187	64240	5706	246213	1244	5708	215	2645	5826	5685	9883
Displacement of DNA Glycosylase by APEX1	8930	4595	4350	4968	4913	23583	328	6996	7374
Dissolution of Fibrin Clot	5055	5054	302	5329	5271	5270	5340	3273	5345	6281	5269	5328	5327
Dopamine Neurotransmitter Release Cycle	22999	8500	9256	6857	8573	6812	6571	10497	6853	6804	5864	8499	64130	6844	6616	8224	6854	8541	320	55327	8497	10815	8825
Dopamine Receptors	1816	1814	1815	1813	1812
Downregulation of ERBB2 Signaling	208	3320	6233	8065	1956	145957	2065	9542	10000	3084	10193	10273	7314	7311	9101	2064	26469	11140	2066	55914	10718	1950	4145	7316	685	2069	5782	207	1839
Downregulation of ERBB2 ERBB3 Signaling	208	9101	2064	2065	9542	7316	10000	207	6233	3084	10193	7311	7314
Downregulation of ERBB4 Signaling	7316	11059	2066	6714	6233	83737	7311	4734	7314
Downregulation of SMAD2 3 SMAD4 Transcriptional Activity	3065	4087	9612	51592	54778	6233	6772	5594	22938	23439	5054	5595	7050	4092	7323	9611	64750	7314	4089	5494	25937	6498	7321	8239	142	7316	6497	60436	7311	4088	23327
Downregulation of TGF-beta Receptor Signaling	4087	9110	7040	6233	57154	29761	56937	7514	51377	25805	4092	64750	10273	5499	7314	5501	7046	5500	23645	7316	9372	11171	7048	7311	4088	23327
Downstream TCR Signaling	5691	5692	5728	3119	5682	4792	5713	7335	3113	6500	3932	7316	3117	5695	7311	997	5719	3120	10892	3118	915	7979	5702	5296	5170	5970	23118	50852	7189	23291	5686	3635	7334	3123	10213	5291	9861	11047	917	6233	5588	5688	5689	920	8517	916	7314	84433	5705	5693	5717	7321	3122	8915	5701	7322	6885	8454	5694	8945	919	5690	3551	3126	5683	5687	3127	5290	5700	3115	5714	1147	5707	5295	5684	5709	5704	5718	8767	3125	5706	5708	4790	5685
Downstream Signal Transduction	8440	6772	5159	6714	5290	3845	5296	2885	5295	1398	6777	5154	5335	9564	2886	5155	5781	6774	1399	6778	5921	2889	6776	4690	5156	5291	4893	3265	6654
Downstream Signaling Events of B Cell Receptor (BCR)	5691	5683	4773	5692	5532	5579	5719	4794	9861	11047	5690	6233	5687	10892	5688	5534	5708	5966	5700	5689	4772	8517	5682	5714	1147	3845	5702	5707	4792	7979	5713	5478	5530	4793	7314	5970	84433	5705	5693	5684	5709	4775	5704	2280	25780	5717	801	6500	5718	3265	23291	8915	5701	5686	6885	7316	5706	8454	5694	8945	10125	5695	3551	4893	10213	7311	4790	5685
Downstream Signaling of Activated FGFR1	2255	23768	2549	10818	2260	8074	2247	27006	2251	5290	3845	2248	23769	2246	8822	9365	2885	5295	2253	5335	5781	2254	23767	6464	2249	26281	2250	10817	4893	3265	6654
Downstream Signaling of Activated FGFR2	2255	2549	10818	8074	2247	27006	2251	5290	3845	2248	2246	8822	2885	5295	2253	5335	2263	5781	8823	2254	6464	2249	26281	2250	8817	10817	4893	3265	2252	6654
Downstream Signaling of Activated FGFR3	2549	10818	8074	2247	5290	3845	2246	8822	2885	5295	2253	5335	5781	8823	2254	6464	2249	26281	2250	8817	10817	2261	4893	3265	6654
Downstream Signaling of Activated FGFR4	2549	10818	8074	2247	2251	5290	3845	2246	8822	2885	5295	152831	2253	5335	5781	8823	2264	2254	6464	2249	26281	10817	8817	4893	3265	9965	6654
Drug ADME	2950	54600	6566	3251	10720	8824	6582	445329	6579	1576	11309	54576	3615	55270	54659	9	5879	866	341392	6035	6581	7365	1559	2952	7367	2939	5446	389396	54575	92292	682	10	55748	54578	7498	6580	4830	3290	54658	2944	1558	1571	2030	4831	6783	9153	7364	348158	2687	5444	123876	10249	9376	55315	133688	132	219970	124	5243	3704	27233	1645	213	28234	22978	10599	54579	3177	54577	2678	64078	10451	124975	8833	1066	100	4363	590	10257	3291	54657	7410	167127	4860	10057	7363	7366	2686	9429	54490	10864	7409	79799	7172	54988	1565	6817	8714	2938	2987	95	107987479	3614	10941	6822	1244	1557	5105
Drug-mediated Inhibition of CDK4 CDK6 Activity	1021	595	1019	894	896
Dual Incision in GG-NER	7507	2968	2073	10714	2967	6233	5984	2068	5425	2071	51426	54107	9978	5985	5111	10038	9557	6119	2965	1642	5982	7314	7311	57804	2072	6118	404672	5427	5981	5426	6117	2067	142	2966	8451	7316	5983	5424	56655	1643	8450
Dual Incision in TC-NER	7507	2968	2073	10714	10450	2967	4331	6917	5430	5439	6233	5984	9716	5441	1161	2068	5425	2071	51426	5435	5432	54107	9978	5985	5111	57654	5436	6119	5438	2965	1642	5982	7314	57804	2072	6118	27339	5431	404672	5427	5981	902	56949	7874	5426	100534599	6117	2067	1022	2966	8451	7316	5983	5440	91603	5434	5424	2074	5437	5433	56655	7311	8450
E2F Mediated Regulation of DNA Replication	983	7027	23594	23595	23649	28227	5516	1869	4998	891	5557	5518	5000	5422	4999	5558	7029	5519	5925	84515	5515	5001
E2F-enabled Inhibition of Pre-Replication Complex Formation	983	84515	4998	5000	23594	23595	4999	891	5001
E3 Ubiquitin Ligases Ubiquitinate Target Proteins	54623	8348	23168	8341	6233	7332	5591	5830	5193	123169	7319	51322	56852	7323	5111	5194	79577	118424	55829	7324	7336	7314	257218	7415	9781	5828	80349	3106	3105	8342	8345	8970	7320	7321	5192	220441	8915	6596	3018	255626	79139	7322	7334	10670	7316	56254	9646	8340	5195	3017	85236	51255	92305	7311	9810
ECM Proteoglycans	3909	1298	1462	5802	7043	3688	7040	1834	4060	3679	1299	3911	131873	7448	3339	1282	3690	7143	3674	4148	50509	3912	3915	1281	5054	1290	3381	1297	3694	4593	3687	7148	63827	1404	1288	1278	6678	7042	1292	1758	3680	1284	1463	1291	1311	3685	1289	3693	633	1285	54829	1605	3371	2331	1293	8516	284217	3910	3913	4038	3673	351	1287	1277	2335	176	4684	256076	63923	375790	1286	3908	8785	1634	4146	1280
EGFR Transactivation by Gastrin	1956	2885	3845	4893	5578	3265	1839	4314	6654
EGFR Downregulation	6457	255324	10253	5796	6455	6233	867	9146	58513	1956	374	29924	5774	8874	8027	7314	2885	998	7039	10254	2060	1950	7316	685	2069	5782	6456	1839	30011	7311	10252
EGFR Interacts With Phospholipase C-gamma	1956	1950	255324	374	5335	685	2069	7039	1839
EGR2 and SOX10-mediated Initiation of Schwann Cell Myelination	5376	1595	7003	1821	6663	4099	6597	3912	3915	2705	6721	5453	4664	57211	84059	57716	4665	3066	25937	5454	7402	1605	1959	10413	4155	3156	3908	79966	4359
EML4 and NUDC in Mitotic Spindle Formation	9735	57405	7846	81027	1058	151648	55839	140735	260334	4928	6249	23421	10403	3796	9212	25936	1063	5528	6396	1062	1780	9183	147841	8655	7280	81930	64946	10726	54908	10381	79172	5501	27436	83540	9184	112714	55920	11130	51143	991	5519	5048	347733	7277	84617	5525	79003	10783	79019	348995	4085	25909	91754	3619	79023	5529	55166	347688	55746	23279	7514	57082	79980	81565	80152	11004	84790	51807	10383	699	79861	10382	23122	54820	55143	79682	5515	55055	84643	1060	80086	54821	6232	57122	701	8379	5347	5527	140609	80776	7278	5905	79902	5516	22919	23332	332	1781	1778	64105	5526	348235	2491	81929	5518	100527963	91687	401541	151246	1783	10376	9793	57551	220134	5903
EPH-Ephrin Signaling	71	2050	102	1947	284656	387	2047	6714	1944	2042	2049	8218	2048	8874	10552	10093	103910	6453	5062	160	8997	2045	1969	4313	10095	5879	6383	6035	1948	2902	2534	7525	2044	1945	10094	25791	1213	998	1943	10109	6386	1212	5664	5663	5058	1942	28964	10398	5063	8440	4318	4628	1072	9475	163	1173	2041	2046	1949	8976	161	83464	23385	4627	10451	51107	5921	60	1946	1759	3265	7410	1175	10096	4067	10092	2051	2904	285220	79784	10627	1211	5747	2043	4629	6093	7074	64283	3984	4637	55851	10097	3985
EPH-ephrin Mediated Repulsion of Cells	7410	71	1175	7525	2050	102	4318	1947	284656	2047	2044	4067	163	6714	1945	1944	2042	2049	1173	8218	2041	2048	2051	2046	1949	285220	1213	161	160	83464	1943	1211	23385	1212	2045	2043	10451	51107	1969	7074	60	1946	4313	55851	5879	5664	5663	6035	1759	1942	1948	2534
EPHA-mediated Growth Cone Collapse	10398	7525	4628	284656	387	4067	2044	9475	6714	1945	1944	2042	2041	2046	103910	285220	25791	79784	1943	2045	4627	4629	2043	6093	1969	4637	1946	1942	2534
EPHB-mediated Forward Signaling	71	7525	2050	10096	1947	387	2047	1072	4067	9475	6714	2049	3985	10092	10094	2048	2051	10552	1949	10093	8976	2904	6453	998	8997	10109	5747	6093	7074	64283	5921	3984	60	10095	5879	6383	2902	6035	10097	5058	3265	1948	2534
ER Quality Control Compartment (ERQC)	6048	55741	51009	10956	6233	80267	11236	91445	11253	10206	7314	84447	6400	7844	267	9695	56886	7316	55757	7311	10299
ER to Golgi Anterograde Transport	23423	966	7846	81562	81027	10540	4905	2157	2890	5861	54732	25839	140735	9632	55291	9871	288	126003	381	26958	9570	8729	6708	9117	1522	832	10466	260334	1453	27095	11316	84364	1604	55860	57731	377	81876	5537	372	22818	6396	1315	93661	6712	1780	90411	10671	8655	10175	23243	64689	11196	7280	10427	2348	3630	10342	84342	51226	128637	3998	10381	55014	375	254263	375056	112714	1314	5265	51143	51693	347733	51399	7277	84617	26286	83548	51272	6709	58485	10972	10282	51014	1075	79090	9527	2153	830	10652	26984	55738	10802	11015	8775	347688	10121	4253	8774	23256	122553	9919	11070	84790	51128	10484	51807	91949	2801	10383	79861	7039	10382	378	286	287	6399	57511	10959	10945	6811	80086	829	10960	83696	11258	9382	51332	1639	22820	51164	22796	374	1294	7278	9554	1781	1778	25956	10113	7109	22870	63908	6710	79748	11014	1783	2804	6711	8615	22872	10376	84516	9276	89866	149111
ER-Phagosome Pathway	3134	5691	5692	811	5682	2244	5713	948	3135	6890	7096	695	6280	7316	5695	7311	10333	5719	6279	7979	9341	5702	2266	23643	8673	23480	10952	5686	4284	6891	10213	6271	9861	11047	6233	5688	6810	3133	4615	5689	114609	8517	3107	7314	5705	5693	3105	5717	7099	5701	3146	5694	7097	6892	5690	3551	2923	5683	5687	5700	2243	5714	1147	5707	9554	29927	5684	5709	5704	3106	5718	929	567	8773	55176	5706	5708	5685
ERBB2 Activates PTK6 Signaling	1956	10718	2064	145957	1950	2065	9542	685	2066	2069	3084	5753	1839
ERBB2 Regulates Cell Motility	1956	10718	2064	145957	1950	2065	9542	51072	685	2066	2069	3084	387	1839	1729
ERCC6 (CSB) and EHMT2 (G9a) Positively Regulate rRNA Expression	7270	128312	3065	54815	8348	8334	3013	1108	474382	8341	8349	10919	1107	55766	94239	57459	57504	9112	5931	8338	3066	8342	11335	8345	8970	9219	3018	255626	8331	54145	5928	8340	53615	3017	2074	85236
ERK MAPK Targets	1849	5528	4208	1846	4205	5594	6196	6195	5595	5516	51231	5518	5600	6197	1848	9252	5519	1432	5515	1845	2002	5598
ERKs Are Inactivated	5519	1849	5518	5528	5595	1846	5516	5515	51231	1848	1845	5594	5598
ESR-mediated Signaling	255324	858	3320	3013	5241	2100	23028	5430	8349	5439	904	5594	2354	3169	6714	57690	10728	94235	8202	5436	4435	7764	5431	2066	57678	1105	3281	8204	865	4343	2787	4313	192670	2069	2784	2783	2962	2773	2957	2494	128312	6722	596	1655	8334	4316	26523	7528	6387	5885	595	55766	3480	5296	5170	3725	1903	6801	2771	7031	857	8345	2785	2625	6908	192669	801	2782	10499	2791	5481	51523	23112	6464	8331	8648	1027	8340	3838	200845	5434	2033	5437	1839	51764	2790	2002	208	23030	10498	3326	8348	7090	10274	2770	10524	4318	1509	5536	5441	2963	5590	3845	5432	2792	7514	2793	8877	5451	1387	5438	4846	27327	4314	59345	2958	8342	1386	8970	8850	4602	4609	7039	3276	2289	3018	861	7391	54145	685	2353	5440	27161	5433	5469	3265	127933	10735	2788	346562	3065	474382	55625	8341	1025	340481	54331	5290	1956	374	5595	5435	94239	2309	3727	10000	8503	9166	1385	55970	6667	2099	8338	5295	8243	2786	9687	8312	5747	23189	9126	2288	7392	255626	1950	7033	207	3017	85236	4893	10681
Early Phase of HIV Life Cycle	3836	920	7852	7518	3978	7520	11168	8815	3981	3159	5478	2547	1234	2237
Early SARS-CoV-2 Infection Events	7113	1655	7428	8829	29082	2817	91782	3339	30849	81631	5289	25978	23479	6382	221914	1514	79643	7415	2239	26762	10082	8678	2719	6385	2262	100526767	27243	59272	128866	7405	5925	6383	85437	375790	5045	9672	92421
Effects of PIP2 Hydrolysis	160851	26090	8527	3709	5581	1606	221955	8525	5583	10235	5588	11343	9162	7222	8526	7225	57113	1607	3710	57406	1608	3708	1609	747	139189	10125	5580
Eicosanoid Ligand-Binding Receptors	5737	2840	56413	11251	5734	5729	5733	5739	6915	5732	57105	5731	165140	1241	10800
Eicosanoids	126410	11283	1579	57834	5740	6916	66002	1580	4051	1582	284541	8529
Elastic Fibre Formation	4017	4015	8076	7043	3688	2201	7040	655	3678	7448	90187	3690	84467	2202	3694	84695	3696	4239	7042	8425	4238	84034	8200	3685	3693	650	4053	4052	8516	84171	4016	27302	2199	652	4054	2200	30008	2335	11117	4237	5045	10516	2006	2192
Electric Transmission Across Gap Junctions	24145	84694	57369	10052	56666
Elevation of Cytosolic Ca2+ Levels	5024	5027	3710	6786	7222	3709	9127	84876	80228	5025	5026	5023	7225	22953	57113	3708
Endogenous Sterols	1595	9420	2230	405	5443	285440	1583	57491	1585	9915	51302	1581	196	1589	1588	1593	2232	112812	6256	1584	10499	1582	1545	8648	10858	9971
Endosomal Sorting Complex Required For Transport (ESCRT)	51534	7251	6233	29082	91782	79720	9146	51160	51510	137492	25978	55048	84313	89853	8027	7314	79643	51028	9525	27183	11267	10254	51271	100526767	27243	128866	155382	93343	7316	7311	92421
Endosomal Vacuolar Pathway	3134	567	3106	3107	3105	1515	4012	1520	3135	3133	1514
Energy Dependent Regulation of mTOR by LKB1-AMPK	6009	5571	2475	28956	389541	6794	81617	10325	8649	58528	10542	55004	64121	5563	7249	5564	5494	153129	53632	51719	64223	7248	51422	92335	5562	57521	10670	5565	55437
Enhanced Binding of GP1BA Variant to VWF Multimer Collagen	1277	2812	7450	2814	2811	1278	2815
Entry of Influenza Virion Into Host Cell via Endocytosis	1211	1213
Ephrin Signaling	28964	5063	2050	8440	1947	2047	6714	2049	2048	2051	8874	1949	10627	5062	6386	5879	6035	5058	1948	2534
Epigenetic Regulation by WDR5-containing Histone Modifying Complexes	6907	9442	3013	123	23054	8349	57325	9862	8202	58508	51230	11091	9611	948	84148	29915	10001	6256	9370	57678	30827	8473	10474	5346	9439	9969	1050	4297	10445	128312	729359	10025	2180	8334	7403	25	2648	8800	23411	22822	1020	23067	55766	10891	80335	6319	51003	57104	11168	8345	2874	91272	10499	79611	5166	8031	1024	6871	51562	51129	51105	8331	8648	5925	1810	8340	9070	2033	60481	9443	10555	7069	8085	8348	3054	63924	55617	892	5468	55689	26993	11343	8841	1387	22976	84246	8342	8970	2167	8850	84962	90390	284058	3018	29079	26009	54145	79718	9757	133522	79966	5469	54934	474382	9282	8341	9612	4023	9739	84649	9477	9968	55683	94239	79447	84661	4221	8338	9440	3991	112869	255626	23175	3017	85236	5929	259282
Epigenetic Regulation of Adipogenesis Genes by MLL3 and MLL4 Complexes	6907	9442	3013	123	23054	8349	9862	8202	58508	11091	9611	948	10001	6256	9370	57678	5346	9439	9969	1050	128312	729359	10025	2180	8334	7403	25	8800	23411	22822	1020	55766	10891	6319	51003	57104	8345	2874	10499	79611	5166	8031	1024	51129	8331	8648	5925	8340	9070	2033	60481	9443	10555	7069	8085	8348	63924	892	5468	11343	8841	1387	22976	84246	8342	8970	2167	84962	90390	3018	29079	54145	79718	133522	79966	5469	474382	9282	8341	9612	4023	84649	9477	9968	94239	79447	84661	8338	9440	3991	255626	23175	3017	85236	5929
Epigenetic Regulation of Gene Expression	6907	9442	64425	3013	123	23054	8349	25799	80312	57325	147686	6597	9862	54790	113835	57459	8202	58508	51230	9869	9275	11091	84911	90075	7767	9611	948	84148	29915	5931	10001	9031	8819	9188	9370	57678	8110	6256	902	30827	7700	8473	1786	10474	5346	9439	9969	10155	1050	4297	221830	9533	10284	22823	2074	6599	79685	7270	10445	128312	10514	729359	55729	2180	8334	7403	4331	10025	2968	25	2648	6839	79101	5977	8800	86	23411	22822	1020	29128	10849	197320	81931	162963	91661	23067	55766	8932	10891	3720	8467	25885	9274	9015	80335	65251	6319	57504	10179	51003	57104	6604	11168	8345	6908	2874	285676	91272	10499	79611	5166	8031	1024	6871	155054	51562	51129	6595	8726	29947	8331	8648	51105	7913	5925	84172	23378	2966	1788	8340	1810	9070	5434	2033	143689	30834	5437	60481	9443	162655	10555	79862	4641	26039	284306	7069	8085	8348	54815	23468	3054	63924	8193	2932	7329	7581	25942	892	55617	5468	55689	147646	26147	8289	121536	26993	23517	5252	11343	5441	29115	9422	22880	8841	55422	1387	7695	22976	9013	23451	84246	23512	3066	6613	404672	125893	8342	11335	8970	2146	2167	8850	79813	90853	1789	6605	6603	6996	84962	6760	90390	200424	51742	284058	3018	29079	64426	6399	1022	26009	60	54145	79718	7343	9757	133522	5440	53615	11176	54737	79966	5469	2965	54934	3065	2967	1108	474382	57492	9282	8341	9612	57693	4023	10919	9739	84649	2068	9477	9968	2071	5435	1107	55683	94239	6940	605	23309	79447	340252	147658	7576	84661	9112	51082	4221	8338	6602	79595	7562	9440	3991	162967	112869	6601	9014	9219	255626	23175	5928	55596	6598	51535	3017	85236	5929	259282	10793
Epigenetic Regulation of Gene Expression by MLL3 and MLL4 Complexes	6907	9442	3013	123	23054	8349	9862	8202	58508	11091	9611	948	10001	6256	9370	57678	5346	9439	9969	1050	128312	729359	10025	2180	8334	7403	25	8800	23411	22822	1020	55766	10891	6319	51003	57104	8345	2874	10499	79611	5166	8031	1024	51129	8331	8648	5925	8340	9070	2033	60481	9443	10555	7069	8085	8348	63924	892	5468	11343	8841	1387	22976	84246	8342	8970	2167	84962	90390	3018	29079	54145	79718	133522	79966	5469	474382	9282	8341	9612	4023	84649	9477	9968	94239	79447	84661	8338	9440	3991	255626	23175	3017	85236	5929
Epithelial-Mesenchymal Transition (EMT) During Gastrulation	8320	6615	6862	2260	1366	100506658	999
Erythrocytes Take up Carbon Dioxide and Release Oxygen	358	759	762	51706	51167	3043	51700	606495	760	6521	6005
Erythrocytes Take up Oxygen and Release Carbon Dioxide	358	759	762	3043	760	6521	6005
Erythropoietin Activates Phosphoinositide-3-kinase (PI3K)	5295	8660	2549	3717	2057	23533	2056	5291	5294	4067	5290	5293
Erythropoietin Activates Phospholipase C Gamma (PLCG)	8660	5336	3717	5335	2057	2056	4067
Erythropoietin Activates RAS	2885	8660	6464	3845	2889	3717	2057	2056	7409	1399	4893	3265	4067	6654
Erythropoietin Activates STAT5	8660	6777	3717	2057	2056	6776	4067
Establishment of Sister Chromatid Cohesion	5885	10735	23244	157570	10274	8243	23063	113130	9126	23047	114799
Estrogen Biosynthesis	3294	3292	441282	51171	51170	1588
Estrogen-dependent Gene Expression	3320	3013	5241	23028	5430	8349	5439	904	2354	3169	57690	10728	8202	5436	4435	7764	5431	2066	57678	1105	8204	865	4343	192670	2962	2957	2494	128312	596	1655	8334	26523	7528	6387	5885	595	55766	3725	7031	8345	6908	2625	192669	10499	51523	23112	8331	8648	8340	3838	200845	5434	2033	5437	23030	10498	3326	8348	7090	10274	10524	1509	5441	2963	5432	5451	1387	5438	27327	2958	8342	1386	4609	8970	8850	4602	7039	3276	3018	861	7391	54145	2353	5440	27161	5433	5469	10735	3065	474382	8341	1025	5435	94239	3727	9166	6667	2099	8338	8243	9687	8312	23189	9126	2288	7392	255626	7033	3017	85236
Estrogen-dependent Nuclear Events Downstream of ESR-membrane Signaling	208	6722	596	255324	5594	1956	595	374	5595	127933	2309	7514	10000	1385	7039	5747	1950	685	1027	2069	2353	207	1839	2002
Estrogen-stimulated Signaling Through PRKCZ	5590	3845	5170	5594	4893	3265
Ethanol Oxidation	124	128	55902	216	130	84532	219	131	217	126	127	125
Eukaryotic Translation Elongation	6191	6129	6169	140032	6168	6142	1915	6122	9045	6138	6207	6130	1937	51121	6181	6187	9349	6206	140801	7311	6188	6173	6224	6194	6217	6160	6202	6223	6166	6218	1933	3921	6171	6134	6164	6139	6147	6230	6156	6128	6133	6135	6192	6233	6123	6228	6132	6234	6158	6165	6231	6167	1938	6159	6176	2197	6193	6203	6229	4736	6208	25873	6222	6205	6137	6144	6175	11224	6232	51065	6201	6141	6189	6209	6227	6235	200916	1936	6161	6210	6204	6146	6152	23521	6124	6136	6157	6125	116832	1917	6143	6154	6170	6155
Eukaryotic Translation Initiation	6191	6129	8667	6169	140032	6168	6142	1965	8891	6122	9045	6138	8892	6207	6130	51121	6181	6187	9349	8666	1968	6206	8665	140801	8664	7311	1967	6188	1964	6173	6224	6194	6217	1978	27335	10480	6160	6202	6223	6166	6218	8661	3921	8669	26986	6171	6134	6164	6139	6147	8668	6230	1977	51386	6156	8662	1974	7458	6128	6133	8663	6135	6192	6233	3646	6123	6228	6132	6234	6158	6165	1983	6231	6167	6159	6176	2197	6193	6203	6229	4736	6208	25873	6222	6205	6137	6144	6175	11224	6232	51065	6201	6141	6189	6209	6227	1975	6235	200916	6161	1973	6210	8890	6204	6146	6152	23521	6124	8894	9669	6136	6157	6125	116832	8893	6143	6154	6170	1981	6155
Eukaryotic Translation Termination	327	6191	6129	2935	6169	140032	6168	6142	6122	9045	6138	6207	6130	51121	6181	6187	51504	9349	23708	6206	140801	7311	6188	6173	6224	6194	6217	6160	6202	6223	6166	6218	3921	6171	6134	6164	6139	6147	6230	6156	6128	6133	6135	6192	2107	6233	6123	6228	6132	6234	6158	6165	6231	6167	6159	6176	2197	6193	6203	6229	4736	6208	25873	6222	6205	6137	6144	6175	11224	6232	51065	6201	6141	6189	6209	6227	6235	200916	6161	6210	6204	6146	6152	23521	6124	6136	6157	6125	116832	6143	6154	6170	6155
Evasion by RSV of Host Interferon Responses	5610	3445	3716	23586	6233	8065	6923	3456	3446	3439	9978	3448	64135	1387	3451	3454	3444	7314	3443	3455	7297	6921	3449	3441	57506	6773	3442	3661	7706	3452	7316	3440	2033	7311
Export of Viral Ribonucleoproteins From Nucleus	6396	348995	4927	57122	3303	5901	129401	79023	23165	8021	55746	23279	79902	7514	55706	53371	9631	81929	9818	8086	4928	8480	23636	23511	10762	9972	7175	9688	23225	5903	11097	9883
Expression and Translocation of Olfactory Receptors	219477	390093	390142	26693	79334	219417	390072	390190	219493	390431	26659	120787	8388	138805	81328	219436	390445	392138	338674	403253	391194	7932	127068	119749	119772	219982	390144	79482	26493	390197	283159	390261	81309	219875	390082	9355	26737	120066	390151	391112	343170	219958	219968	392376	26494	403239	401667	347169	403257	392392	441639	392309	125963	138803	401666	391107	8387	127066	256144	390201	390154	26248	390081	132112	130075	158131	79290	390441	81318	119678	81099	81466	219438	26533	8386	282770	26595	26539	441608	79296	403277	441669	138882	26476	126370	26497	143503	284532	442191	390059	121129	392391	219865	390433	120065	219986	390260	390075	219981	390174	442184	283365	219983	122740	128366	390437	56656	344892	219479	390429	390882	390538	390113	442361	26211	119692	283093	254973	4992	283694	122748	390079	284383	286362	338675	124538	127623	504190	26529	8383	254879	219453	343173	120775	219870	219469	390162	256148	26707	10798	26496	150681	390649	162998	26188	138883	26664	79501	127077	8861	81442	219874	8590	138802	23538	26341	119695	81797	81282	26531	219464	341276	390265	390148	81168	26735	390038	390432	390061	390084	26338	26245	26648	26534	135924	403273	441670	343172	26189	79310	286365	127062	79317	26689	391211	81392	403244	390883	388761	26246	390064	401665	219858	387748	391195	138799	79549	144124	219956	81327	119765	127059	26658	390037	403278	81469	219437	338751	219431	135948	4995	120796	26212	390157	390152	283617	390892	219873	390054	26686	128360	26538	390442	283162	343406	403284	121275	393046	391191	219960	390327	4994	128372	79346	135946	390323	390191	390155	219484	134083	341799	119679	26333	343171	121130	254786	65055	401992	127608	128367	391190	219957	283189	254783	81472	338755	392390	390078	144125	219473	219447	128368	79324	219965	79541	343563	391196	390195	347468	391192	26339	390077	126541	343169	390321	390439	4991	347168	119764	442194	81300	119687	79490	26696	219432	390199	122742	390058	441308	26532	26716	127385	81696	119694	219428	341416	283111	125958	390436	196335	391121	81050	26740	390063	81341	8390	81127	504191	390036	390181	8392	119682	79339	391114	135941	128371	390275	79544	284433	390648	26692	283092	390271	283160	282763	338662	391109	138881	81697	340980	401994	403274	81470	127069	390167	219954	402135	282775	79345	127064	125962	1879	143502	401427	401993	26219	219487	284521	442186	219429	120776	219952	346525	441933	285659	81448	390067	341152	219959	346517	120586	391189	79473	442185	81061	389090	119774	390066	256892	26687	390083	127074	219869	341568	255725	390264	4993	403282	219482	81285	283297	121364	138804	390168	504189	79295	341418	390326	120793
Extension of Telomeres	10714	7013	1763	26277	100134934	79991	8900	5984	55651	23649	641	5425	80119	23243	1017	25913	55291	54433	890	54386	5985	5111	55135	6119	5982	7486	5557	57804	8607	6118	63922	80169	5981	55164	5422	55505	2237	5558	51750	7015	6117	7014	3978	5537	5983	65057	10856	5424	79075	54921	1736
Extra-nuclear Estrogen Signaling	208	6722	2788	346562	596	858	255324	3320	4316	2100	2770	4318	55625	340481	5594	6714	54331	5290	1956	595	374	5590	94235	5595	2309	2792	4893	3845	127933	2793	3480	10000	5296	8877	7514	5170	1903	4846	2771	8503	6801	1385	4314	55970	59345	2099	5295	857	2786	2785	2782	801	7039	5747	51764	3276	3281	2791	1950	6464	2787	4313	2790	685	1027	2069	2353	207	2783	2784	2773	3265	10681	1839	2002
Extracellular Matrix Organization	3909	2201	102	1834	3679	3678	1308	8985	6696	3339	90187	92291	340267	5175	7057	81578	6382	9378	5054	10491	255631	1303	2244	7450	1307	634	222663	3791	50859	9509	780	3696	1278	1292	4327	960	80781	1284	84034	1215	5154	1311	3685	58494	169044	4921	3693	101	11095	1296	8754	84570	633	831	2331	9313	50848	4016	6383	3913	136227	5654	3384	3673	3672	57642	2200	2335	3918	4054	170692	22795	8974	176	375790	56999	5650	5578	4017	63923	1298	8076	5802	4316	3688	4320	836	4060	131873	3690	682	3674	3689	4148	84467	80274	10893	3695	9510	87	3381	7092	3694	2266	164656	63827	64175	8751	23473	5118	1305	1758	3655	8425	8728	4325	1289	6650	5155	5033	11131	825	4321	3910	8516	284217	10753	4038	1310	51399	351	6868	2199	7077	977	1088	5663	85301	4811	3908	2006	85007	26577	652	2192	1280	1462	59277	1306	7040	1299	9507	4318	1520	84290	1511	1509	8573	4324	7143	1991	5479	50509	3912	8038	3915	1301	3681	5645	1297	3691	4593	3687	84695	440387	8174	3676	4239	3914	7042	1514	440854	4314	999	10536	170690	3818	3682	79709	23127	1291	1295	22801	7276	4053	23385	4052	961	1285	4319	1605	827	7177	1293	3386	84171	64386	5034	5340	1287	1277	7087	9508	1515	4684	7093	11117	140766	4237	1286	5045	10516	7412	9672	4312	91522	4146	5351	1300	4015	388743	7043	3684	7076	649	655	3911	4326	7448	4317	283208	824	1282	2247	26254	823	4680	7837	2243	2202	1281	8515	147968	1290	1294	1756	3683	7373	11096	1508	1504	7148	2	1404	1288	3385	6678	11132	871	3680	826	4238	1463	667	8200	6385	1302	5644	650	54829	3371	5352	4322	55214	3675	27302	3383	3817	4313	4323	30008	1513	256076	5339	9644	726	83700	8785	1634	10319
Extrinsic Pathway of Fibrin Clot Formation	2158	7035	2159	2155	7018
FASTK Family Proteins Regulate Processing and Stability of Mitochondrial RNAs	4509	4535	9238	22868	4519	60493	4537	4539	10922	4512	4508	4536	4540	4541	4514	4538	4513
FBXL7 Down-Regulates AURKA During Mitotic Entry and in Early Mitosis	5691	5683	5692	9861	5719	11047	6233	80028	5687	5688	5700	5689	5682	6790	5714	7979	5702	5707	9978	5713	7314	5705	5693	5684	5709	5704	5717	6500	5718	5701	23194	5686	7316	5706	8454	5694	10213	5695	5690	5708	7311	5685
FBXW7 Mutants and NOTCH1 in Cancer	55294	4851	9978	8454	6500
FCERI Mediated Ca+2 Mobilization	4773	3937	5532	3709	7410	2207	5534	4067	4772	2206	6850	27040	2205	7294	7409	5530	2885	3710	4775	5336	5335	3702	801	10451	3708	695	9402	6464	7006	10768	6654
FCERI Mediated MAPK Activation	5599	3937	7410	2207	5609	5594	4067	2206	6850	5595	3845	27040	2205	7409	3725	4214	2885	5062	5336	5335	5602	5601	10451	9402	6464	5879	6416	2353	6035	5058	4893	3265	6654
FCERI Mediated NF-kB Activation	5691	5683	997	5692	9861	5719	11047	2207	5690	6233	10235	5588	10892	5687	5688	5708	4067	5700	5689	2206	8517	5682	5714	1147	115727	5702	5707	4792	2205	7979	5713	7335	5170	7314	5970	84433	5705	5693	5684	5709	5704	23118	257397	5717	7189	6500	5718	23291	7321	8915	5701	5686	10454	7322	7334	6885	7316	5706	8454	5694	8945	10125	5695	3551	10213	7311	4790	5685
FCGR Activation	6850	3055	7525	917	2214	2268	919	2212	2209	4067	6714	2534
FCGR3A-mediated IL10 Synthesis	10768	115	114	3055	3709	7525	5575	917	5573	113	4067	6714	112	6850	5576	5568	111	2214	109	2212	1385	5567	3710	108	5336	5335	196883	5566	2268	801	3586	3708	5613	919	2209	107	5577	2534
FCGR3A-mediated Phagocytosis	3071	7410	71	3055	7525	26999	10787	10096	25	917	51517	4641	5594	4067	4651	6714	10810	63916	7456	4620	6850	5595	10092	10094	2214	4650	7409	10552	10163	147179	10093	8976	2885	644150	10006	998	9844	4644	10109	2268	5747	4627	10451	1793	10152	695	60	10095	55845	5879	6035	7454	4690	10097	10458	919	8936	1398	23191	2534
FGFR1 Ligand Binding and Activation	9365	2255	2253	7049	2249	26281	2248	2250	2260	10755	8074	2246	8822	2254	2247	27006	2251	3730
FGFR1 Mutant Receptor Activation	1523	11052	2260	6772	8074	11160	9530	26127	2247	7750	2251	5290	8805	2246	8822	613	2885	11116	5295	6777	2253	11064	9846	6774	2254	2249	26281	2250	399687	6776	9208
FGFR1b Ligand Binding and Activation	2255	7049	2248	2260	10755	2246	2247	27006
FGFR1c Ligand Binding and Activation	2253	7049	2249	26281	2250	2260	10755	8074	2246	8822	2254	2247	2251	3730
FGFR2 Alternative Splicing	5430	7072	5439	80004	5441	3185	54845	5435	5432	2963	4686	5436	5438	22916	4670	7073	5431	3178	3187	23543	5725	2962	5440	5434	5437	5433
FGFR2 Ligand Binding and Activation	2255	8074	2247	9982	27006	2251	143282	83888	2248	2246	8822	2253	2263	8823	2254	2249	26281	2250	8817	2252
FGFR2 Mutant Receptor Activation	2255	5430	5439	8074	2247	27006	2251	5441	5435	2963	5432	2248	4686	2246	5436	8822	22916	5438	5431	2253	2263	8823	2254	2249	26281	2250	8817	5440	2962	5434	5437	5433	2252
FGFR2b Ligand Binding and Activation	9982	143282	2255	83888	2248	2263	2246	2252	2247	27006
FGFR2c Ligand Binding and Activation	2253	2249	26281	2250	8817	2263	8823	8074	2246	8822	2254	2247	2251
FGFR3 Ligand Binding and Activation	2591	2253	2249	26281	2250	8817	8823	8074	2261	2246	8822	2254	2247
FGFR3 Mutant Receptor Activation	2253	2249	26281	2250	8817	8823	8074	2261	2246	8822	2254	2247
FGFR3b Ligand Binding and Activation	2253	26281	8817	2261	2246	8822	2254
FGFR3c Ligand Binding and Activation	2591	2253	2249	26281	2250	8817	8823	8074	2261	2246	8822	2254	2247
FGFR4 Ligand Binding and Activation	152831	2253	2264	2249	26281	8817	8823	8074	2246	2251	8822	2254	2247	9965
FGFRL1 Modulation of FGFR1 Signaling	53834	2255	2253	161742	2249	2248	2250	8817	200734	8074	8822	2247	27006
FLT3 Signaling	208	1445	3055	2323	27	6233	867	2322	5290	6850	3845	2309	6503	10000	2887	10019	7314	2885	5295	6777	5781	9846	9306	9402	8835	3932	6654	6776	1027	5795	7316	10018	207	4893	3265	7311	84174	2534
FLT3 Signaling by CBL Mutants	2323	7316	6233	867	2322	7311	7314
FLT3 Signaling in Disease	2323	6233	867	2322	7750	5290	2120	5292	3845	1026	7314	598	50507	2885	5295	6777	5781	9846	2804	6711	9321	7316	6776	399687	4893	3265	7311	6654
FLT3 Signaling Through SRC Family Kinases	6850	3055	3932	2323	2322	2534
FOXO-mediated Transcription	10971	208	4287	3065	3484	4087	4303	6794	7532	25942	23411	181	23410	5443	7295	23460	10891	604	2309	3630	4800	10000	65018	1387	6648	1026	6720	2538	3066	5934	4089	2908	857	9314	7529	56729	356	8850	1647	1649	2290	5105	10628	2308	57060	847	4802	27113	4852	91584	694	1027	2810	207	10018	2660	4801	2033	7534	901	84676	114907	10370	100132074	2645	4088
FOXO-mediated Transcription of Cell Cycle Genes	5934	4087	4089	4303	2309	857	9314	1027	694	57060	2660	1647	2290	901	2308	1026	4088
FOXO-mediated Transcription of Cell Death Genes	4303	6794	604	2309	4800	356	10018	4801	65018	1387	1649	2033	2308	10370	4802	27113
FOXO-mediated Transcription of Oxidative Stress, Metabolic and Neuronal Genes	4287	3065	3484	4087	4303	25942	181	23410	5443	23460	10891	2309	3630	6648	6720	2538	3066	4089	2908	56729	2308	847	4852	91584	84676	100132074	114907	5105	2645	4088
FRS-mediated FGFR1 Signaling	2255	10818	2260	8074	2247	27006	2251	3845	2248	2246	8822	9365	2885	2253	5781	2254	2249	26281	2250	10817	4893	3265	6654
FRS-mediated FGFR2 Signaling	2255	10818	8074	2247	27006	2251	3845	2248	2246	8822	2885	2253	2263	5781	8823	2254	2249	26281	2250	8817	10817	4893	3265	2252	6654
FRS-mediated FGFR3 Signaling	10818	8074	2247	3845	2246	8822	2885	2253	5781	8823	2254	2249	26281	2250	8817	10817	2261	4893	3265	6654
FRS-mediated FGFR4 Signaling	10818	8074	2247	2251	3845	2246	8822	2885	152831	2253	5781	8823	2264	2254	2249	26281	10817	8817	4893	3265	9965	6654
Factors Involved in Megakaryocyte Development and Platelet Production	23046	139818	7846	23028	89953	25970	81027	55669	51317	24137	90990	91768	8165	5576	5568	3717	55614	3833	9493	161882	30845	832	260334	3834	26153	55619	5566	3835	57572	23764	64147	5879	55083	3452	3796	3799	3046	23348	6035	3045	25	1062	50808	23414	3831	5889	1020	3798	1017	7280	81930	3800	3451	10381	29127	5567	10603	3047	30846	998	2625	112714	64837	55605	9585	1793	347733	3442	7277	84617	221458	3440	9927	85440	140628	3705	147700	10112	221037	3659	3445	23468	5575	830	25942	10362	81928	10938	3456	285643	3048	3797	7157	124602	347688	5890	1794	3043	3444	10019	9732	3443	3066	11004	84790	51807	11216	10383	79861	4602	10382	2627	547	60	2623	146909	4097	23186	84643	23095	56992	64780	80086	9371	829	3065	22920	5573	80005	64145	3446	2626	7278	2624	81704	3439	3448	3832	23303	7465	10749	11127	55604	3660	3449	3441	7975	113220	4778	55582	1795	5868	10376	11311	5577
Fanconi Anemia Pathway	545	91442	29089	6233	9937	197342	146956	199990	7398	2178	84126	6119	2188	80198	7314	7311	57599	2072	6118	2175	22909	64858	55215	353497	6117	2067	2177	2176	7316	57697	2187	2189	80233	55120	84464
FasL CD95L Signaling	355	841	8772	356	843
Fatty Acids Bound to GPR40 (FFAR1) Regulate Insulin Secretion	23236	2776	2767	2864	9630	2769	5330	5331
Fatty Acid Metabolism	788	7923	55825	9415	2181	3032	9200	23305	10728	5743	284486	1384	80724	81616	4056	30	4051	1622	284541	23600	33	79777	9261	224	79993	6256	11000	127281	390916	4048	1582	6584	55301	873	8309	1375	134526	35	3030	23417	145482	6296	3248	47	1559	8310	10455	51179	113612	23597	2180	5446	158584	5467	376497	1666	84129	5730	91452	8529	11332	51703	51495	117145	10005	3033	2166	1544	1376	31	6319	2182	1558	59344	3047	64834	2879	11001	4594	26061	2877	1545	5264	2687	32	5444	2876	27306	2194	1580	60481	7069	6916	10478	1374	22949	1962	126410	122970	51	22880	5742	641371	1543	1892	5563	34	1579	1632	84869	11283	10449	64174	57834	2678	401494	5538	8644	55856	51144	26063	54677	5321	5445	10965	3295	3293	241	201562	247	9524	26027	1573	4363	27349	242	79071	80142	246	79966	5565	239	9536	6342	58526	9374	197322	4706	6785	80221	84693	5096	5095	83401	2053	54898	142827	1800	11102	58488	166785	55289	283927	51422	3992	253017	84320	414149	158833	240	5740	51102	1557	215	37
Fatty Acids	8529	126410	1572	11283	57834	1549	1573	107987479	1553	66002	1565	1580	4051	284541	1555	1579
Fatty acyl-CoA Biosynthesis	7923	2180	9374	2181	197322	9200	23305	51703	6785	51495	22880	81616	83401	31	6319	2182	54898	3047	84869	5538	401494	79993	64834	11102	11001	11000	51144	55301	3293	201562	253017	9524	79071	2194	47	79966	60481
Fc Epsilon Receptor (FCERI) Signaling	5691	4773	5692	3709	5594	5534	6850	5682	4792	7294	5713	7335	5062	4775	257397	5601	6500	695	10454	5879	7316	6416	6035	7006	10125	5695	7311	2534	997	5719	10892	4772	7979	27040	5702	5296	5170	3725	5970	3710	23118	801	7189	3708	23291	5686	6464	7334	7462	10213	5058	5291	5599	9861	11047	6233	10235	5588	5609	5688	5708	5689	8517	3845	2205	4214	5530	7314	84433	5705	5693	5336	5335	5602	3702	5717	10451	7321	8915	5701	7322	6885	8454	2353	8945	5694	5690	3551	3265	5683	3937	5532	7410	2207	5687	4067	5290	5700	2206	5595	5714	1147	115727	5707	7409	2885	5295	5684	5709	5704	9846	5718	9402	5706	10768	4893	4790	5685	6654
Fcgamma Receptor (FCGR) Dependent Phagocytosis	3071	71	3320	3709	10787	5594	4651	10810	6714	63916	4620	6850	196051	10552	10093	4644	695	10095	5879	6035	4690	8936	2209	2534	8398	3055	7525	25	7456	10094	2214	5296	10163	2212	147179	3710	998	10109	3708	1793	55845	5338	7454	10458	5058	5291	4641	3326	5581	917	1072	84513	8976	5336	5335	122618	5337	4627	10451	10152	60	919	4771	5580	23191	7410	26999	23646	10096	51517	4067	5290	5595	10092	4650	7409	2885	644150	10006	5295	9844	2268	5747	3984	10097	10768	1398
Fertilization	2515	2683	117144	347732	113177	57828	11085	126123	100129669	378807	5016	117155	257062	8748	22917	49	8747	7783	84329	7784	284359	6677	928	157855	79820	57829
Fibronectin Matrix Formation	4680	3688	2335	1088	3678	634
Ficolins Bind to Repetitive Carbohydrate Structures on the Target Cell Surface	2220	2219	5648	8547	10747
Folding of Actin by CCT TriC	10574	10576	60	10693	908	10575	7203	6950	10694	22948
Formation of ATP by Chemiosmotic Coupling	84833	4509	509	9556	9551	518	515	506	27109	539	514	513	10632	522	516	517	498	521	4508	10476
Formation of Fibrin Clot (Clotting Cascade)	5270	2153	5627	2149	2165	5197	5657	7018	2157	2161	5104	2243	57126	2147	2812	2244	708	2266	2155	2	7450	2811	2815	5196	710	3818	2162	462	3053	2160	3827	2158	7035	2159	7056	2814	5624	10544	5547
Formation of HIV Elongation Complex in the Absence of HIV Tat	2968	2967	4331	6917	5430	1025	905	904	5439	6923	25920	5441	2068	9150	2071	5435	2963	5432	4686	5436	5438	22916	5437	6921	8812	5431	6829	404672	11198	51224	8178	902	6924	7469	6749	1022	6827	2966	2962	5440	51497	5434	7936	5433	2965
Formation of HIV-1 Elongation Complex Containing HIV-1 Tat	2968	2967	4331	6917	5430	1025	5439	904	25920	6923	5441	6898	9150	2068	2071	5435	2963	5432	4686	5436	5438	22916	5437	6921	6829	5431	404672	11198	51224	8178	902	6924	7469	6749	1022	6827	2966	2962	5440	51497	5434	7936	5433	2965
Formation of Incision Complex in GG-NER	7341	7507	2968	2073	2967	1069	4331	7329	85015	54778	6233	7508	2068	2071	9978	5887	10038	9557	6119	1642	7336	7314	7311	2072	6118	6613	404672	902	8554	5886	6117	2067	1022	142	8451	6612	2966	7334	7316	2965	1643	8450	10401
Formation of RNA Pol II Elongation Complex	55677	2968	27125	54623	2967	23168	4331	6917	5430	1025	905	904	5439	6830	6923	25920	123169	5441	2068	9150	2071	5435	2963	5432	85403	4686	79577	5436	5438	22916	5437	6921	8812	5431	80349	6829	11198	404672	51224	8178	902	6924	4298	7469	6749	55840	1022	6827	2966	2962	9646	4300	5440	51497	5434	7936	5433	2965
Formation of Senescence-Associated Heterochromatin Foci (SAHF)	3009	7157	8091	7290	4001	5925	29855	3006	3008	57634	23523	1026	3005	25842	3159	3007	3024
Formation of TC-NER Pre-Incision Complex	7507	2968	10450	2967	4331	6917	51138	5430	5439	6233	10920	9716	5441	1161	2068	10980	2071	5435	5432	8533	9978	57654	5436	5438	1642	7314	50813	27339	5431	404672	56949	902	10987	9318	7874	100534599	64708	1022	2966	8451	7316	2873	5440	91603	5434	2074	5437	5433	2965	7311	8450
Formation of WDR5-containing Histone-Modifying Complexes	10445	8085	7403	3054	2648	23054	55617	57325	55689	26993	9739	23067	55683	11091	58508	51230	80335	79447	22976	84148	84661	29915	4221	11168	8850	91272	30827	8473	10474	112869	6871	51562	284058	26009	4297	51105	9757	1810	9070	5929	259282	54934
Formation of a Pool of Free 40S Subunits	6191	6129	8667	6169	140032	6168	6142	6122	9045	6138	6207	6130	51121	6181	6187	9349	8666	6206	8665	140801	8664	7311	6188	1964	6173	6224	6194	6217	27335	10480	6160	6202	6223	6166	6218	8661	3921	8669	6171	6134	6164	6139	6147	8668	6230	51386	6156	8662	6128	6133	8663	6135	6192	6233	3646	6123	6228	6132	6234	6158	6165	6231	6167	6159	6176	2197	6193	6203	6229	4736	6208	25873	6222	6205	6137	6144	6175	11224	6232	51065	6201	6141	6189	6209	6227	6235	200916	6161	6210	6204	6146	6152	23521	6124	6136	6157	6125	116832	6143	6154	6170	6155
Formation of Annular Gap Junctions	1601	71	1213	60	1173	8218	1211	2697	1212	1785	1759
Formation of Apoptosome	57099	331	5595	55075	56616	317	54205	5594	51074	22900	842
Formation of Axial Mesoderm	4087	6932	10413	6862	51176	7004	1499	8463	3170	6469	344022	3169	8928	4088
Formation of Definitive Endoderm	145258	8320	6934	7852	2626	2627	83881	4087	4089	6862	1499	64321	3170	4088	999
Formation of Intermediate Mesoderm	3975	7849	2303	130497	2296	2247	652	5076
Formation of Lateral Plate Mesoderm	2626	652	6469	3549	2294
Formation of Paraxial Mesoderm	5691	5683	5692	145873	5719	9861	51176	11047	2648	2260	5687	5688	5708	22938	5700	5689	5682	5714	7979	4851	5702	5707	6862	134701	5713	1387	3516	343930	5705	5693	5684	84441	9241	5704	5709	9794	55534	1499	6911	8850	5717	10683	5718	2043	5701	5686	84667	5706	89780	5694	28514	2033	5695	5690	10046	10213	3955	652	5685
Formation of the Early Elongation Complex	2968	2967	4331	5430	5439	25920	5441	2068	9150	2071	5435	2963	5432	4686	5436	5438	22916	5437	6829	5431	404672	902	7469	1022	6827	2966	2962	5440	51497	5434	7936	5433	2965
Formation of the Editosome	339	100913187	29974	200315	27350	164668	403314	10930	9582
Formation of the HIV-1 Early Elongation Complex	2968	2967	4331	5430	5439	25920	5441	2068	9150	2071	5435	2963	5432	4686	5436	5438	22916	5437	6829	5431	404672	902	7469	1022	6827	2966	2962	5440	51497	5434	7936	5433	2965
Formation of the Active Cofactor, UDP-glucuronate	80146	7358	23169	11046	7360
Formation of the Anterior Neural Plate	5453	7546	6656	6657	79923	5015	2637	9839	5080	25925
Formation of the Beta-Catenin TCF Transactivating Complex	8295	128312	3065	8085	8348	8334	3013	7089	7090	51176	474382	10524	8341	8349	7088	6597	123169	6934	55766	94239	6925	607	26108	1387	79577	4221	8338	8607	6932	8342	1499	8345	8970	4609	83439	7015	283149	3018	255626	864	8313	8331	54145	90780	8340	9070	7091	2033	3017	85236	5929	8290
Formation of the Cornified Envelope	3882	26239	1824	112802	3855	3890	3866	43847	6704	1830	3872	3861	353132	6703	3860	6701	3880	6698	11202	149018	11005	25818	3858	5266	3713	3881	5318	54474	43849	374454	353142	353141	3889	5317	6706	23581	353288	63036	254910	199834	7051	147183	448835	643418	340654	26085	8689	162605	3857	643414	3848	1823	121391	3892	8687	9333	3883	319101	23254	4014	1832	8502	5046	196374	353143	6705	404203	125115	3853	390792	3854	6768	192666	353133	51350	147409	286887	353134	3888	1828	5045	3849	142910	7062	1475	3850	8688	353135	353137	3856	1041	5652	140807	823	3886	643394	126638	25984	144501	353139	353144	1829	3859	353140	64065	6699	3875	353145	1825	2312	826	3885	6707	3887	6700	3868	84648	3891	2125	342574	11187	3851	5493	9119	3852	3728	353131	338785	3884
Formation of the Nephric Duct	2122	51316	10406	3203	2018	3975	5076	7849	1499	255743	2625	57526	3400	130497	5979	2247	652	3214
Formation of the Posterior Neural Plate	5453	2253	6656	89780	6657	6911	5015	2637	9839	25925
Formation of the Ternary Complex, and Subsequently, the 43S Complex	6188	8662	6201	1964	51065	6232	6191	8663	6192	8667	6189	6224	6233	140032	6217	6194	3646	6209	27335	6227	6235	6228	10480	1965	6234	6202	6210	6223	6207	6204	6231	6218	8661	3921	6187	8669	8894	2197	6193	6203	6229	6208	8666	8668	1968	6222	6206	8665	6205	6230	8664	51386
Formation of the Ureteric Bud	3688	2303	255743	5979	2296	2674	26585	2668	10736	3227	7481	6299	8516	2138	6092	3237	6495	9353	3207	652	5076
Formation of Tubulin Folding Intermediates by CCT TriC	7846	81027	7278	7280	10693	908	7203	6950	10694	10381	84790	51807	10383	79861	112714	10382	347733	10574	7277	84617	10576	10376	10575	22948	80086
Formation of Xylulose-5-Phosphate	9942	51181	51084	10327	6652
Formyl Peptide Receptors Bind Formyl Peptides and Many Other Ligands	6368	50865	351	2357	301	2359	6288	2358
Free Fatty Acid Receptors	2867	2853	2864	2865	338557
Free Fatty Acids Regulate Insulin Secretion	2769	23236	2776	2767	5330	2864	9630	5331	948	2181	2182
Frs2-mediated Activation	4803	5604	5595	4914	2889	7529	5906	10818	5605	5594	1399	673
Fructose Catabolism	132158	216	26007	229	3795
Fructose Metabolism	132158	216	231	229	3795	26007	6652
Fusion and Uncoating of the Influenza Virion	
Fusion of the Influenza Virion to the Host Cell Endosome	
G Alpha (12 13) Signalling Events	57449	26084	387	2245	23365	26230	221472	94235	128272	8874	6453	8997	29	146	2768	64857	445328	695	2787	9639	2784	2783	57580	23229	9826	148	89846	25791	10672	23370	2785	2782	4168	147	7984	2791	51764	2790	55701	1894	6915	55160	11214	9475	100271715	84904	2792	2793	121512	59345	7204	5364	10451	27237	9459	6655	22899	50649	50650	2788	389	7410	54331	388	9138	389337	7409	55970	5924	23263	10276	2786	54848	6093	7074	9181	9828	84033	10681	6654
G Alpha (I) Signalling Events	283869	50834	5995	1132	10636	50835	5733	5196	6374	814	3354	623	5998	6754	2784	113	6363	4985	5528	6368	1236	5533	2587	156	84152	10287	5582	140	2359	1903	50838	26166	259296	5473	3710	2767	10874	259289	5519	351	1268	6364	4987	5575	6373	6750	29899	301	6370	2919	338398	5660	2358	256933	101060233	2841	63940	5539	3579	3827	4887	5515	5613	64407	6010	6004	10692	5532	1233	165140	5141	54331	6366	56477	8843	5516	2769	55970	5518	187	2833	6752	1902	23596	1232	6755	5143	50836	2832	259293	5136	26960	6346	6003	3361	6714	7852	94235	339403	1234	1325	846	727	23236	51289	5566	6360	117579	50839	2840	2787	58191	6352	9290	2917	6000	115	114	6001	54429	80834	5144	8490	1020	50837	643	134	8698	5567	56670	4986	2550	183	2785	10645	3708	9170	2791	4852	1235	818	6376	3838	5368	9568	2770	259292	815	729230	2921	50833	388372	5530	2912	6372	50831	126006	3627	10850	4543	53829	259286	1814	59340	6002	5580	2788	8811	5137	5153	2776	816	3576	27199	3351	8787	8862	51083	5173	259294	8484	2786	2781	4544	10022	2831	5999	10681	431704	9934	5534	10563	5576	5568	111	259287	83756	150	8786	728	2357	719	611	3355	53637	1129	624	353164	2783	84539	100996758	5726	6288	107	5367	2916	5330	2771	80835	2852	801	4886	4889	57121	50840	50832	51764	26575	2778	10316	2774	129521	9628	5499	2779	23566	817	5331	259290	5996	1880	259285	5573	353299	109	1385	196883	2861	1237	4283	10768	3709	5332	2920	5594	112	338442	10803	1815	2914	64805	1524	151	56923	50865	2913	2773	5578	2780	259295	5956	6387	1230	108	9630	2782	11251	2853	2790	9283	152	6753	5443	85397	221391	2826	2792	6751	27198	2793	57007	59345	4988	718	2918	5321	5179	26086	84254	346562	2847	3352	259291	10663	186	1269	8601	5142	9294	6357	3577	5030	5697	5577
G Alpha (Q) Signalling Events	160851	431704	3709	8525	4829	5332	2149	886	887	5997	1133	5594	6870	6003	6196	2865	1131	6195	7222	94235	5029	347148	128674	2641	4295	94233	1241	1607	1909	846	23236	60675	10911	5028	8997	27334	885	56923	623	146	4923	1908	338557	695	624	222545	2840	3060	5737	2787	5998	2784	115557	2783	10125	1128	84539	4935	5578	6288	5367	1910	10800	5598	8527	6368	1907	3356	6863	8490	2915	5330	148	156	1906	2922	2151	2867	8111	5020	10287	5296	7225	2925	7200	6866	3710	2767	57406	7201	2829	2837	10874	183	2864	2785	9630	2782	3708	147	9170	2791	57121	351	552	1839	51764	2790	2520	2693	26575	3358	5581	5583	1606	221955	2869	10316	6915	84432	10235	5588	5724	3357	6846	11343	6869	129521	3845	594857	2792	8526	2793	301	3062	8477	2358	4314	10887	59345	7204	4828	185	257313	23566	1608	6197	3061	10161	5731	5331	139189	747	56413	29933	3827	4922	551	64407	3265	680	51738	5580	387129	8620	2642	6004	26090	2788	2863	2847	5021	9002	10886	2150	5996	2797	5032	2828	2846	54331	5290	1956	9162	3269	2776	5595	353299	2147	6375	2769	8503	57113	1385	2796	55970	221044	2885	5295	3814	553	2786	6865	84109	64106	5031	1902	23620	1609	2798	2862	84634	2911	5999	57105	4893	10681	6654
G Alpha (S) Signalling Events	2838	3678	5136	3360	796	2488	170589	155	6714	112	409	5576	94235	111	2492	2692	5568	2641	2854	7253	2843	9340	122042	5566	117579	11245	27115	3362	2787	5139	5739	6344	2335	2784	117	799	153	2783	9287	134860	113	2773	107	115	114	116	3688	1392	2870	5144	2691	2740	5140	11250	285601	156	3274	5729	3972	1395	2848	2771	10267	7432	5567	7433	108	2852	122876	2785	2782	1812	2791	2850	6464	10888	3640	113091	554	51764	2790	319100	136	1394	3363	5138	2778	2770	2869	5575	5443	157	134864	9038	151306	5745	4158	594857	2792	10268	7252	2793	5744	5150	5746	10203	59345	5151	10266	4160	1081	3375	8622	551	2695	4159	79924	59350	387129	2642	1816	2788	346562	2863	50940	5741	5032	797	4157	5573	53831	5141	5153	54331	10846	6343	109	7434	55970	2696	3973	135	154	5734	6019	2786	196883	2781	408	5732	133	4161	83551	57105	5143	10681	5577
G Alpha (Z) Signalling Events	6004	2788	115	114	346562	5579	5581	5583	2778	152	2770	5588	112	54331	10287	5582	94235	111	2792	353299	2793	109	2771	55970	59345	150	108	10681	8601	2786	151	196883	2781	5578	2785	2782	51764	2791	2787	5999	2784	2783	26575	113	2773	107	2790	5580
G Beta Gamma Signalling Through BTK	695	2791	2788	2787	94235	2792	54331	2786	2784	2793	2783	2785	2782	51764	10681	2790	55970	59345
G Beta Gamma Signalling Through CDC42	2788	54331	94235	2792	2793	55970	59345	998	2786	2785	2782	2791	2787	2790	9459	2784	2783	5058	10681	51764
G Beta Gamma Signalling Through PI3Kgamma	208	2788	387	54331	94235	2792	2793	10000	23533	5170	55970	59345	146850	2786	2785	2782	5294	2791	2787	2790	2784	2783	207	10681	51764
G Beta Gamma Signalling Through PLC Beta	2788	5330	54331	94235	2792	2793	55970	59345	23236	2786	2785	2782	5331	2791	2787	2790	2784	2783	10681	51764
G Protein Gated Potassium Channels	3763	2788	9568	3765	3759	54331	3773	3768	94235	2792	2793	55970	59345	2786	2550	2785	2782	3762	2791	3772	3761	3766	2787	2790	3760	2784	2783	10681	51764
G-protein Activation	2788	5443	54331	2776	94235	2792	2793	2769	55970	59345	4988	5173	2767	2786	2785	9630	2782	2791	2787	2790	2784	2783	10681	51764
G-protein Beta Gamma Signalling	208	2788	387	5330	54331	94235	2792	2793	10000	23533	5170	55970	59345	146850	23236	998	2786	2785	2782	5294	5331	695	2791	2787	2790	9459	2784	2783	207	5058	10681	51764
G-protein Mediated Events	346562	115	114	3709	10768	2770	5332	5575	5580	5136	5573	26960	5594	5137	5330	5153	112	2774	156	5582	2776	5576	111	5568	816	815	84254	109	2769	2771	1385	5567	3710	23236	108	2767	814	196883	5578	9630	5566	817	801	10645	5321	3708	5331	818	3838	5613	113	2773	107	5577
G0 and Early G1	983	3065	1874	5933	7027	132660	8900	1859	4149	1017	55957	890	898	1869	286826	5111	91750	5934	4605	7153	9134	4609	990	7029	1875	5928	993
G1 Phase	1021	1874	4331	1028	5933	25	7027	6233	4067	6714	28227	595	1032	1017	1870	1163	3717	5516	898	1869	1026	7314	5518	5934	1029	9134	1871	902	6500	5753	7029	896	5519	1875	1022	5925	1031	7316	1027	5515	8454	1019	1030	6502	894	7311	5520
G1 S DNA Damage Checkpoints	4194	5691	5683	5692	9861	5719	472	11047	6233	64326	8900	5687	5688	5700	5689	7157	1017	5682	5714	7979	51230	5702	5707	890	898	25946	5713	1111	1026	7314	7311	5705	5693	5684	5709	5704	1029	9134	5717	4193	5718	57060	11200	5701	5686	7316	1027	5706	5694	10213	5695	5690	5708	993	5685
G1 S Transition	5691	5692	55388	8900	4149	81620	4173	91768	5682	1163	898	5713	1026	5934	902	6500	4999	5753	6241	990	8318	7316	51053	5695	56655	6502	7311	5719	4331	4172	7083	23595	28227	595	1017	7979	29935	5702	55957	890	5111	891	6118	5558	5519	5686	5925	1027	10213	208	8317	9861	1874	11047	7027	132660	6233	5688	23649	5689	4174	54107	4171	286826	1869	4998	6119	7314	10926	5557	5705	5693	5000	9134	1876	4609	5717	1719	5701	7029	1022	5515	8454	1019	5694	5690	993	983	3065	5683	5933	23594	5687	5700	5714	5707	26271	5516	7298	10000	7465	91750	5518	5684	5709	5704	5427	5422	4175	5718	5426	4176	1875	6117	5928	84515	5706	207	5708	5685	5001
G1 S-Specific Transcription	983	3065	1874	5933	7027	132660	8900	7083	81620	26271	55957	898	1869	286826	4998	7298	5111	91750	5934	1876	5422	1719	6241	990	7029	1875	5928	8318	993
G2 Phase	1017	890	1869	1871	8900
G2 M Checkpoints	5691	545	5692	55388	5884	7532	8349	7468	4173	5682	5713	51588	5982	83990	7486	3364	672	83695	9133	9656	4999	990	11200	116028	8318	7316	5695	7311	8290	10971	128312	5719	4172	23595	4361	641	1017	7979	5702	79184	5883	7156	1111	5985	891	6118	580	8345	51512	5686	7334	8340	5983	8924	10213	8317	9861	8348	1763	472	51720	11047	10524	6233	5688	5708	4683	5689	9025	7157	4174	4171	4998	6119	7314	10926	5705	5693	8342	9156	5000	8970	5717	5701	3018	54145	10111	2810	5694	5690	993	80010	983	5683	63967	8341	23594	29086	5687	5984	5700	5810	9088	5714	5707	165918	995	84126	7158	7465	5932	7336	5684	7533	5704	5709	7529	4175	5718	11073	4176	6117	255626	84515	5706	144715	3017	7531	7534	85236	5685	5001
G2 M DNA Damage Checkpoint	10971	80010	545	983	128312	8348	1763	5884	472	51720	10524	7532	8341	8349	29086	5984	7468	4683	5810	4361	641	9025	7157	79184	5883	165918	7156	995	84126	1111	5985	7158	6119	51588	891	5982	83990	5932	7336	7465	7486	3364	672	83695	6118	7533	9656	7529	9156	580	8345	8970	8342	11200	11073	3018	6117	255626	116028	7334	54145	10111	8340	2810	144715	5983	8924	3017	7531	7534	85236	8290
G2 M DNA Replication Checkpoint	983	9088	9133	891	7465
G2 M Transition	5691	5692	3320	54801	7846	93323	81027	10540	7532	984	8900	80254	79866	84131	8636	55722	5682	80184	5713	1026	260334	11116	11190	9133	1453	55125	902	5566	6500	7283	85378	7316	27229	7840	5695	7311	1063	5520	79441	5719	1069	4331	10844	22822	8655	55755	28227	1017	7979	7280	79959	5702	9978	55957	890	10381	891	22897	55142	10733	80321	112714	51512	23291	5519	23194	5048	5686	347733	7277	84617	10133	4659	95681	5108	2033	10213	29922	114791	9861	3326	9814	11047	2305	9662	132660	6233	10806	440145	5688	22974	3161	27175	5689	8481	7157	80097	347688	23354	4957	286826	10121	9702	121441	7514	7314	5705	5693	84790	51807	4605	10383	4751	79861	5500	5717	10382	84962	51451	54820	5701	1022	10426	5515	8454	5694	8945	22981	653784	5690	4218	80086	993	22994	80028	1454	51400	203068	983	5683	5685	54930	22995	11258	5347	5687	1639	5700	6790	63943	9088	5714	5707	7278	5516	22919	995	23332	115106	728642	1781	1778	91750	7465	5518	5684	5709	5704	11064	4660	5718	9738	5116	5928	10376	994	55559	5706	9793	10142	7531	5708	5577
GAB1 Signalosome	1956	1445	2885	1950	374	255324	2549	5295	685	2069	5781	7039	55824	5829	1839	6714	5290
GABA B Receptor Activation	3763	2788	115	114	346562	9568	2770	3765	3759	112	54331	2774	3773	3768	94235	111	2792	2793	109	2771	55970	59345	108	10681	2786	196883	2550	2785	2782	51764	3762	2791	3772	3761	3766	2787	3760	2784	2783	113	2773	107	2790
GABA Receptor Activation	3763	2788	115	114	346562	9568	2770	3765	23229	2569	3759	112	54331	55879	2774	3773	2558	2560	3768	94235	111	27020	2792	2793	109	2567	2559	200959	2771	55970	59345	2566	2555	2562	108	10681	2786	196883	2550	2785	2554	2561	2557	2782	51764	3762	2791	3772	3761	3766	2787	3760	2784	2783	2570	113	2773	107	2556	2790
GABA Synthesis, Release, Reuptake and Degradation	22999	6857	6812	6538	10815	80331	18	6804	5864	6844	6540	2572	6616	2571	6529	3312	7915	6539	140679
GDP-fucose Biosynthesis	7264	282969	55343	2762	8790	197258
GLI Proteins Bind Promoters of Hh Responsive Genes to Promote Transcription	2737	5727	8643	91653	64399	2735	2736
GLI3 Is Processed to GLI3R by the Proteasome	5691	5683	5692	9861	5719	2932	11047	6233	5687	5688	51684	5700	5689	2737	5682	5714	5568	7979	5702	5707	9978	5713	5567	7314	5705	5693	5684	5709	5704	5566	5717	6500	5718	5701	5686	7316	5706	8454	5694	8945	1452	10213	5695	5690	5708	7311	5685
GP1b-IX-V Activation Signalling	5894	5295	2316	1277	2812	7450	2814	2811	7534	1278	6714	2815
GPCR Downstream Signalling	283869	26084	8525	50834	5995	1132	2245	155	2865	409	221472	10636	50835	2854	8874	94233	5733	5196	6374	10911	814	3354	623	11245	5998	6754	5139	6344	2335	2784	115557	117	153	113	6363	4985	5528	6368	1392	1236	5533	148	11250	2587	156	84152	10287	5582	5729	140	2359	2848	1903	50838	26166	7432	259296	5473	3710	2767	7201	2829	10874	259289	147	5519	7984	2850	351	1268	10888	6364	1839	208	2693	3358	4987	2869	1894	5575	11214	6373	5724	6750	3357	100271715	11343	9038	29899	7252	3845	301	6370	2919	338398	5660	2358	256933	101060233	4314	2841	63940	10266	257313	5539	747	3579	29933	3827	4887	551	9459	2695	5515	5613	4159	79924	64407	8620	6010	10692	6004	2863	5532	9002	1233	4157	165140	5141	54331	6366	56477	9162	10846	8843	5516	6375	389337	6343	2769	8503	55970	5518	2885	187	5295	23263	54848	408	2833	84109	6752	64106	1902	23596	1609	7074	1232	6755	57105	5143	9828	50836	2832	4893	160851	259293	4829	2838	886	887	5136	1133	26960	6346	796	2488	3361	6003	387	6714	7852	6195	94235	2492	2692	347148	128272	128674	2641	339403	2843	9340	1234	1325	1241	846	727	6453	23236	51289	5566	27334	6360	2768	117579	338557	64857	50839	222545	2840	2787	58191	6352	9639	9290	799	134860	2917	6000	5598	115	114	1907	6001	54429	80834	3356	5144	8490	1020	2740	5140	50837	1906	2867	3274	89846	643	2925	134	8698	5567	56670	4986	25791	122876	2550	183	2864	2785	4168	10645	3708	9170	2791	4852	1235	818	6376	3838	5368	5058	319100	5583	9568	221955	2770	6915	10235	259292	157	9475	6846	4158	815	3062	729230	8477	2921	388372	5530	5744	2912	50833	6372	10203	50831	126006	3627	6197	10850	4543	139189	3375	53829	259286	1814	6655	22899	59340	6002	50650	680	51738	59350	5580	1816	26090	2788	2150	8811	2828	5137	5153	5290	1956	3269	2776	816	3576	27199	388	7409	3351	7434	8787	8862	51083	5173	259294	8484	3814	154	5924	6019	2786	553	2781	4544	133	10022	4161	5732	2862	2831	2911	5999	83551	207	9181	10681	431704	3678	2149	9934	5997	3360	5534	6870	170589	26230	1131	10563	5576	5568	111	5029	259287	7253	4295	1607	1909	83756	150	8786	728	2357	8997	719	611	3355	29	53637	4923	1129	1908	5737	695	624	3060	27115	353164	2783	9287	10125	1128	84539	100996758	6288	5726	107	1910	5367	8527	57580	3688	2870	23229	6863	2916	2915	5330	9826	2151	8111	1395	5296	5170	7225	7200	2771	7433	80835	2852	10672	23370	801	4886	1812	4889	6464	57121	50840	50832	51764	1394	26575	3363	5581	5138	55701	2778	10316	134864	6869	2774	151306	129521	10268	84904	9628	5150	5499	10887	2779	5364	23566	10161	817	5731	5294	27237	5331	1081	50649	259290	2642	7410	5021	10886	5996	2797	1880	5032	797	2846	5573	259285	53831	353299	2147	9138	10000	109	1385	2696	10276	196883	6865	5031	2861	2798	1237	84634	4283	10768	6654	57449	3709	5332	2920	5594	23365	6196	112	7222	338442	10803	1815	2914	146850	64805	60675	1524	5028	151	122042	885	56923	146	445328	3362	50865	5739	2913	2773	4935	5578	10800	5579	116	2780	2691	259295	5956	6387	285601	2922	5020	3972	10267	1230	6866	108	57406	998	2837	9630	2782	11251	2853	3640	113091	552	554	2790	9283	2520	136	1606	152	6753	84432	55160	5588	5443	85397	221391	5745	2826	594857	2792	6751	27198	8526	2793	57007	121512	5746	59345	4988	7204	718	2918	4828	185	5151	1608	3061	4160	5321	10451	5179	26086	56413	8622	4922	3265	84254	387129	346562	50940	2847	389	5741	3352	259291	5595	10663	23533	57113	186	2796	221044	1269	3973	135	5734	8601	5142	9294	6093	6357	23620	3577	5030	84033	5697	5577
GPCR Ligand Binding	283869	50834	5995	1132	155	2865	50835	94233	5733	5196	6374	10911	3354	623	1604	6754	5727	6344	117	2784	153	7472	6363	4985	6368	7504	1392	1236	54361	148	2587	5729	140	2359	1903	50838	7432	259296	5473	7201	2829	10874	259289	147	2859	351	1268	6364	2015	2693	3358	4987	1901	6373	5724	6750	3357	9038	7252	51554	301	6370	9034	2919	338398	5660	2358	101060233	256933	2841	10266	257313	5539	3579	29933	3827	4887	551	2695	4159	79924	8620	6010	10692	2863	9002	7477	1233	4157	165140	7478	54331	6366	56477	8843	6375	6343	6354	55970	187	2833	84109	6752	64106	1902	23596	7480	1232	7482	6755	27202	8324	57105	50836	2832	54886	259293	4829	886	887	1133	6346	796	2488	3361	8325	7852	94235	2492	2692	347148	128674	2641	339403	9340	1234	1325	1241	846	727	51289	27334	6360	7349	117579	3350	338557	50839	222545	2840	2787	58191	6352	9290	799	134860	2917	11255	1907	54429	80834	3356	2740	50837	1906	2867	3274	643	7474	2925	134	8698	56670	4986	122876	2550	183	2864	2785	9170	2791	4852	1235	8321	6376	5368	1240	319100	7484	9568	6915	259292	6846	6347	4158	7475	163404	3062	729230	8477	2921	388372	5744	50833	2912	6372	10203	50831	1393	8323	3627	10850	4543	3375	53829	259286	1814	57486	59340	680	51738	59350	1816	2788	2150	8811	2828	6469	7483	3269	27199	3576	114131	7855	3351	7434	7976	8862	51083	5173	259294	8484	6361	154	3814	6019	2786	553	4544	133	10022	4161	5732	6348	1238	2862	2831	110599583	2911	83551	10681	7479	2149	9934	3360	6870	170589	1131	10563	11211	5029	259287	7253	4295	83756	1909	150	728	2357	8326	719	611	3355	53637	4923	79948	1129	1908	5737	3060	624	353164	6608	2783	9287	1128	84539	100996758	6288	5726	5367	1910	7476	7471	6863	2916	2915	2151	8111	1395	51384	7473	7200	7433	80835	2852	3549	4886	1812	4889	1889	57121	50840	50832	51764	1394	3363	2778	10316	134864	6869	151306	129521	10268	10887	23566	10161	5731	1081	259290	2834	2642	5021	10886	2797	1880	1813	797	5032	90226	2846	259285	2147	7481	2696	9890	6865	5031	2861	2798	1237	84634	4283	976	2920	338442	10803	1815	2914	8322	64805	60675	1524	5028	151	122042	885	56923	146	3362	50865	5739	2913	4935	10800	116	8643	2691	259295	5956	6387	2922	5020	3972	10267	1230	6866	2837	2782	11251	2853	89780	3640	113091	552	554	2790	9283	136	152	6753	84432	5443	2532	51052	221391	5745	2826	594857	2792	6751	27198	2793	57007	5746	59345	84658	4988	718	2918	4828	185	3061	4160	5179	56413	80326	4922	50846	2535	6367	387129	2847	5741	64748	3352	259291	10663	186	2796	221044	1269	3973	135	5734	30817	9294	6357	23620	6356	3577	3792	5030	5697
GPER1 Signaling	2788	115	114	346562	3688	2778	2770	3678	5575	5573	6714	112	54331	5576	94235	111	5568	2792	2793	109	2771	5567	55970	59345	108	10681	2852	2786	196883	2781	2785	5566	2782	51764	2791	6464	2787	2335	2784	2783	113	2773	107	2790	5577
GPVI-mediated Activation Cascade	3937	7410	10630	2207	5777	51206	387	4067	5290	6850	5590	5880	27040	388	5296	23533	5170	7409	8503	1278	146850	5295	998	5336	391	5781	5294	10451	5879	3932	1277	6035	5291	51266	2534
GRB2 Events in EGFR Signaling	1956	2885	1950	255324	374	3845	685	2069	7039	4893	3265	1839	6654
GRB2 Events in ERBB2 Signaling	1956	10718	2064	2885	1950	145957	3845	9542	2066	685	2069	3084	4893	3265	1839	6654
GRB2 SOS Provides Linkage to MAPK Signaling for Integrins	2243	2885	5908	7094	2335	2244	2266	54518	5906	7450	5747	3690	6714	3674	6654
GRB7 Events in ERBB2 Signaling	2064	2065	9542	2886	3084
GSK3B and BTRC CUL1-mediated-degradation of NFE2L2	5691	5683	5692	9861	5719	2932	11047	6233	5687	5688	5700	5689	5682	5714	7979	5702	5707	9978	5713	7314	5705	5693	5684	5709	5704	4780	5717	6500	5718	5701	5686	7316	5706	8454	5694	8945	10213	5695	5690	5708	7311	5685
GTP Hydrolysis and Joining of the 60S Ribosomal Subunit	6191	6129	8667	6169	140032	6168	6142	1965	6122	9045	6138	6207	6130	51121	6181	6187	9349	8666	1968	6206	8665	140801	8664	7311	6188	1964	6173	6224	6194	6217	27335	10480	6160	6202	6223	6166	6218	8661	3921	8669	6171	6134	6164	6139	6147	8668	6230	1977	51386	6156	8662	1974	7458	6128	6133	8663	6135	6192	6233	3646	6123	6228	6132	6234	6158	6165	1983	6231	6167	6159	6176	2197	6193	6203	6229	4736	6208	25873	6222	6205	6137	6144	6175	11224	6232	51065	6201	6141	6189	6209	6227	1975	6235	200916	6161	1973	6210	6204	6146	6152	23521	6124	8894	9669	6136	6157	6125	116832	6143	6154	6170	1981	6155
Gain-of-function MRAS Complexes Activate RAF Signaling	5894	22808	5501	7529	5500	8036	369	673
Gamma Carboxylation, Hypusinylation, Hydroxylation, and Arylsulfatase Activation	411	55239	153642	83475	5627	55854	2107	6194	285362	412	120526	8858	2157	23463	2677	6228	91433	340075	51611	285381	79831	100137047	6132	2147	51389	4733	632	2155	444	25870	1819	410	2621	1802	92715	8459	1938	414	8460	5624	79672	6157	56648	2158	2159	347527	416	22901	79642	1725	1801	415	64122	5045	11338	23210	1984	89978	65094
Gamma-carboxylation of Protein Precursors	2158	2147	2159	5627	632	2155	2677	8858	5624	2621
Gamma-carboxylation, Transport, and Amino-Terminal Cleavage of Proteins	2158	2147	2159	5627	632	2155	2677	5045	8858	5624	2621
Gap Junction Assembly	7846	81027	2705	7278	7280	347688	81025	2706	2697	10052	84694	2701	10381	260334	2709	84790	51807	2700	2703	10383	127534	112714	2707	79861	57369	10382	10804	57165	219770	375519	347733	7277	84617	10376	2702	80086	125111
Gap Junction Degradation	1601	71	1213	60	4646	1173	8218	1211	2697	1212	1785	1759
Gap Junction Trafficking	71	7846	81027	2705	7278	7280	347688	1173	8218	81025	2706	2697	84694	10052	2701	10381	260334	2709	1601	1213	4646	84790	51807	2700	2703	10383	1211	127534	112714	2707	79861	57369	1212	1785	10382	10804	219770	57165	375519	347733	7277	60	84617	10376	2702	1759	80086	125111
Gap Junction Trafficking and Regulation	71	7846	81027	6714	2705	7082	7278	7280	347688	1173	8218	81025	2706	2697	84694	10052	2701	10381	260334	2709	1601	1213	4646	84790	51807	2700	2703	10383	1211	127534	112714	2707	79861	57369	1212	1785	10382	10804	219770	57165	375519	347733	7277	60	84617	10376	2702	1759	80086	125111
Gap-filling DNA Repair Synthesis and Ligation in GG-NER	10714	6233	5984	5425	51426	54107	7515	5985	5111	6119	5982	7314	57804	6118	3980	5427	5981	5426	6117	3978	7316	5983	5424	56655	7311
Gap-filling DNA Repair Synthesis and Ligation in TC-NER	2968	10450	10714	2967	4331	6917	5430	5439	6233	5984	9716	5441	1161	2068	5425	2071	51426	5435	5432	54107	9978	7515	5985	5111	57654	5436	6119	5438	2965	1642	5982	7314	57804	6118	27339	3980	5431	404672	5427	5981	902	56949	7874	5426	100534599	6117	1022	3978	8451	2966	7316	5983	5440	91603	5434	5424	2074	5437	5433	56655	7311	8450
Gastrin-CREB Signalling Pathway via PKC and MAPK	1956	2520	2885	6195	5595	3845	4893	6197	887	1839	5594	5578	3265	6196	1385	4314	5598	6654
Gastrulation	5691	5692	145873	7849	22938	3169	7852	5682	5713	1366	3516	7545	4089	6932	6656	10683	2637	145258	387332	5695	10046	3955	2294	5719	5077	2648	2260	79923	9839	7021	7979	5702	7022	130497	5080	9241	9794	55534	3549	100506658	5686	84667	2249	89780	6657	5015	2033	10213	652	4087	9861	11047	64321	8463	5688	2296	5689	6934	5453	3975	134701	1387	344022	1749	999	5705	5693	84441	2253	8850	4602	5717	83439	5701	25925	2627	10413	7004	5694	28514	5690	5683	83881	51176	2303	51592	3170	5687	6469	2247	5081	5700	8320	2626	5714	4851	5707	6862	7020	8928	343930	7546	6615	5684	5709	5704	1499	6911	5718	2043	4487	5706	5708	4088	5685	5076
Gene Silencing by RNA	3320	3013	5430	8349	5439	221400	57690	11022	54514	23405	5436	4928	5431	7257	122402	8575	23511	9972	192670	29102	23225	91646	113802	283	128312	6396	8334	26523	4603	55766	9631	9818	8086	8480	8345	192669	23636	60528	23112	8331	7175	8340	54456	5434	143689	5437	8468	6895	11097	8348	348995	5901	129401	79023	8021	5441	9271	5432	55746	23279	57510	54487	53371	55124	5438	27327	8342	8970	7247	3018	54145	9688	144233	5440	27161	5433	4927	57122	474382	136991	8341	23165	5435	94239	79902	55706	10526	81929	84944	8338	56165	10762	255626	3017	85236	5903	201164	9883
Gene and Protein Expression by JAK-STAT Signaling After Interleukin-12 Stimulation	829	2939	302	759	6175	4001	4478	9446	9049	3458	1072	6775	5055	3185	27250	6627	6950	6648	5478	3313	9987	5062	998	375	5721	3586	5908	6647	3181	5306	1265	4282	4507	6888	5898	3936
Gene Expression (Transcription)	3013	9540	8900	7101	7769	26097	79733	8550	23314	9275	9611	29915	51058	2571	83695	9656	9370	122402	8473	10155	865	5914	1432	9972	55339	83744	349075	84676	57711	4194	1911	84108	1392	2648	6839	23411	84671	4361	595	134353	5702	6634	4904	84333	1327	2625	6871	5519	23378	579	30834	79862	11097	7161	7069	171392	54815	7638	472	284252	8427	6750	8021	7702	84246	1386	8970	4298	9572	7768	1022	7711	894	148213	54934	983	9282	6772	5984	7587	221785	9150	1107	55683	2309	605	1912	10526	133746	8794	4774	5052	7533	7068	26149	51422	84527	23175	388569	6428	5706	91875	4088	126068	1459	1339	23410	84248	10325	51499	442319	84701	5054	5682	51230	5436	5982	4435	79088	6932	9439	8575	116028	22823	23225	91646	8106	91120	283	9984	26523	9500	7627	7022	23269	4686	80108	7692	51003	835	53632	8031	51105	23112	8331	84172	51741	7175	90827	10013	8468	1478	4641	7040	7296	9358	892	57154	7019	7978	9422	815	1387	10432	3676	58492	5442	10794	5717	28984	7626	6996	6429	6760	342132	10413	6621	80317	266743	5683	4854	8341	1025	162972	9329	339327	90333	84649	5700	2101	6790	816	84126	23379	90589	1345	5457	80778	51385	7594	9441	51535	207	259282	8795	6015	5692	5241	2100	7748	23054	57615	8445	90649	9869	55004	148103	22916	3364	6446	342926	10848	388567	7697	100132074	6502	29959	10445	7403	25	905	81931	162963	4004	9015	5883	65018	5985	5170	3725	25937	162239	317	801	55703	996	60528	2966	6872	901	170959	26048	10795	1457	6233	8463	146542	5875	57541	55422	2669	23512	440073	84441	9156	8178	10628	3276	90390	7343	28514	84265	5571	7025	2967	147687	57492	341947	58484	124446	367	6940	5714	54989	340252	10000	54925	332	9112	285267	4221	10765	3329	9337	353355	84874	10762	7556	7534	2736	1021	55677	10793	2971	440077	5892	22794	6875	1350	7222	90075	126382	7767	23405	1051	6500	6878	3930	694	8493	79685	6396	6636	84733	613227	3674	2976	65251	5111	2538	2961	847	3977	8648	6628	163227	284306	10914	25942	5588	4488	55746	79759	54487	1869	84436	119504	204851	11198	2958	121340	1789	84962	147837	3018	864	10018	5690	5469	4303	57122	474382	51592	10919	5687	6923	25920	23439	7082	2071	5707	4800	147694	55786	22955	57472	6602	57336	219749	6882	54457	92105	7884	5708	27300	10520	115196	117581	4005	83741	55657	58500	53981	121274	4193	29883	637	25904	3958	10284	2074	54541	168417	113802	10025	5719	4331	51692	7738	1017	64121	891	81857	92285	6873	5166	126231	163050	10014	80196	90317	1030	83933	10524	6619	10224	1378	6257	11343	23460	8013	9271	23279	9464	2959	5693	55888	1340	4605	1649	8731	6045	7039	57547	22936	7469	5701	147741	2623	144233	27153	199704	27125	3164	7832	285971	5816	9968	94239	79902	5516	374900	55814	147658	5518	2064	8338	11059	1499	7625	84524	5366	6601	83667	4322	6598	5929	4782	5691	5079	123	91975	7532	143686	7559	55240	7057	6910	339559	25946	948	1278	860	639	4928	8110	55215	148156	29102	1998	7566	4853	28956	7525	348	25799	7755	6431	4204	1997	57504	255403	4986	57104	8345	201514	92283	1460	9668	7652	60436	84924	7376	10498	133383	3054	283337	55689	5452	10168	93474	26993	7157	11065	163732	146198	5451	2811	90594	51276	8342	148254	22835	400720	284058	8431	7247	6399	190	1515	8454	64769	2353	79966	2965	8738	3065	51343	8621	163051	2068	7733	54205	728957	84661	6667	54811	51333	388536	6258	2972	55596	1513	11338	10370	2645	30832	9775	79175	84765	3678	661	57325	10542	84289	834	2649	9891	57678	51224	6256	356	1786	220992	221830	100131980	23660	10621	7270	100129842	729359	170960	8932	8467	7050	4839	5305	199746	10179	6118	11168	4697	2874	3549	83860	619279	8797	284443	92595	6009	388566	23468	7027	7329	51586	6874	5901	353274	148268	79047	7699	1082	7514	7695	3726	10622	23619	79744	6613	1490	125893	1876	4602	6605	64426	57521	57677	4292	10921	80314	80237	1643	117584	136051	5527	4094	9477	3683	79447	10172	7421	51082	79898	286075	5709	4929	4513	29945	100532731	5105	545	1347	904	221400	84775	4149	11022	4306	5564	7703	2821	9188	10212	26512	10650	8793	3815	9212	79370	7341	27165	22822	7021	9978	632	7710	9818	51585	341359	91584	29947	2176	9070	125965	143689	8148	57187	339488	8289	79023	6426	5432	79755	100131827	112858	22976	5438	5563	23451	3174	147657	6886	7029	29079	26009	2177	1277	7574	10419	54700	146434	6096	4023	181	26974	665	83746	4091	29894	100287226	6881	140612	4850	4086	65123	5928	6688	4287	5439	7159	55634	22938	6597	6432	11091	604	58508	84911	7762	5775	5196	23466	84449	55193	84626	10393	4297	2103	4336	26155	6880	10971	2063	8800	29117	5915	7753	3559	55197	5600	7874	155054	6595	9734	5925	7919	7561	1810	84271	57332	10555	9125	8193	7581	7122	23248	129401	80032	5441	5252	10127	3845	253260	55656	55869	6119	1749	8683	1493	9021	57343	4609	8850	5781	6097	7321	51593	51742	51433	5515	5440	353088	1351	7291	1108	5933	23165	51123	5435	23309	1436	64065	2903	79027	51434	1477	51755	2908	57508	9440	55367	7248	1875	163071	80145	79837	9646	4801	5903	5685	8851	6662	7694	54790	253639	113835	9328	57459	51412	4116	8563	83990	7486	5931	7257	9314	26053	4849	147686	730291	902	5566	7001	6498	5346	55778	5395	51362	22869	9785	192670	100526737	640	7773	728927	1616	199692	1020	6635	10891	7979	7156	4092	7323	8881	9631	7766	374655	857	246184	79885	91272	57060	2877	4852	441234	818	6637	1027	54456	8861	7003	1874	63924	3458	7552	3558	147646	7295	90874	27166	55124	2539	81856	6929	158399	56729	83439	4514	8239	80095	55663	9757	219578	5433	58491	10250	80010	50943	1956	57209	10782	5932	81929	51564	7539	7562	388561	650	6924	10769	65109	11073	148266	4300	3017	3622	201164	79228	5325	93134	112495	6696	3064	54514	9915	51808	79577	10898	23019	79035	4855	84967	57103	79664	10046	27287	2494	10514	8334	627	79101	5977	6877	2104	112950	9970	25885	3630	7549	387893	6720	8086	8480	6908	285676	50484	387032	51562	5686	3569	8340	7712	2033	6046	29101	6934	9939	57510	117608	84838	9013	10308	6829	404672	2146	817	27297	84124	10189	355	54145	9688	5045	55900	8535	158431	2626	63934	23462	4851	843	6648	1385	29882	5770	1029	144455	3280	4778	27113	5308	7745	255626	144715	23327	80312	5594	9862	8202	3516	84321	51529	54971	5431	730087	94039	7700	79788	7633	2744	4802	100289635	8409	10135	57117	128312	55729	2180	163049	5467	55615	7528	197320	54715	1820	144348	147949	10397	6319	80110	3172	7757	9794	1024	138474	5275	9310	10569	1788	5983	9443	8317	348995	54807	5443	22974	23517	29115	100129543	79230	2737	7181	5494	9134	26013	84883	200424	861	84914	133522	1019	53615	11176	8396	9588	440519	4927	11052	5595	2624	80818	8856	27338	7576	5978	79595	79109	4512	1750	6427	2308	6883	94241	6117	2960	7728	7531	9295	91661	64425	3320	57690	80789	196528	1329	85403	1026	672	6921	814	64223	4781	11200	7586	9533	10062	27244	1337	81608	2957	10138	5458	54778	86	5979	29128	3486	55659	7994	7182	9997	23429	284309	11051	580	8189	56242	65988	9167	25888	162966	1479	6617	7936	208	8732	5465	9861	9330	8348	6938	23168	6095	5688	6830	8649	64216	2963	6618	7621	80349	1647	51213	169270	10111	25896	55718	2810	5694	9377	5565	79891	389541	7760	55756	163255	10302	23493	9739	57335	55706	995	7862	5684	3991	9014	581	6515	85236	26173	246175	344787	6794	6917	55170	9534	6714	79818	152687	898	5713	59269	285268	5934	4089	114787	155061	8819	2593	6241	79943	23511	4343	5876	65243	63970	5695	7311	6722	1121	839	57693	5888	4869	1349	10849	90576	123169	339500	641	6741	3720	9274	147929	1111	654254	7249	163081	7422	55534	148206	79611	51129	57474	6657	5434	60481	6895	26039	4436	4208	55617	4683	7678	58528	5689	23368	9759	127396	79869	7565	10273	27327	7005	29028	11335	126070	6603	10780	83737	2289	60	3654	28996	90233	9099	9975	9971	80012	374928	10978	1263	55110	9612	8626	5810	126375	27154	7324	84944	8812	6884	153129	84324	8312	162967	5718	112869	9219	90338	57573	6497	7551	4790	56165	6907	4773	9442	54623	5884	348327	55174	8349	2891	9877	85456	7067	390927	10001	10474	5300	30818	1050	26152	125919	7571	2962	2660	440515	23283	56950	25906	8089	284370	163059	4603	23067	55766	124411	80335	900	10499	6749	5562	8726	58490	200845	10213	5437	162655	2475	8085	10398	1763	168374	2932	11047	26147	6879	11105	10623	8841	53371	64750	171568	3066	1482	55713	2167	79813	463	1081	25925	284307	55840	64859	7988	7582	79718	7004	27161	7673	146540	51176	8697	4233	4784	79871	285349	2975	29982	11128	2572	5608	5704	1346	389114	80139	55290	7761	5728	5430	7568	374879	182	7567	84870	7307	84148	163087	161882	7592	9031	30827	7596	9969	79973	6827	169841	7316	51616	51728	114907	6599	282890	2968	3484	163223	5579	122809	890	23774	148203	2936	10781	55762	4848	5970	64682	6604	2290	192669	55571	7752	7770	100506658	896	23636	142	256051	10670	7913	7771	59348	4878	4087	405	340385	5468	121536	3562	6430	90592	22880	1514	7314	4988	5705	90853	129685	10002	5916	147923	51497	54737	8784	7743	114026	136991	80264	115509	147948	7020	2904	221044	2099	5371	146713	7529	2516	199777	9883
Generation of Second Messenger Molecules	3937	51466	5063	917	3120	3127	3118	915	3119	920	3115	7408	27040	916	9398	5062	5336	55740	5335	3113	3702	7535	3122	9402	3125	3932	7454	4690	3117	3123	919	5058	3126
Generic Transcription Pathway	10520	4287	115196	117581	3013	9540	4005	5439	171392	8900	7159	55634	7101	22938	6597	7769	57690	83741	196528	55657	1329	79733	8550	23314	11091	604	58508	84911	7762	9611	58500	1026	5775	5196	51058	23466	121274	672	6921	2571	83695	9656	814	84449	4193	55193	29883	84626	64223	10393	11200	865	10155	7586	637	25904	4297	3958	1432	5914	2103	83744	10062	349075	4336	26155	1337	27244	6880	84676	54541	10971	4194	57711	2063	1911	10138	10025	84108	1392	5719	4331	2648	5458	54778	23411	86	84671	5979	29117	5915	4361	3486	595	7738	1017	7753	55659	5702	64121	4904	3559	7994	891	84333	7182	9997	23429	284309	1327	5600	81857	92285	580	6873	2625	56242	65988	126231	7874	163050	155054	9167	5519	10014	25888	6595	9734	5925	579	7561	162966	80196	90317	7936	1030	79862	57332	208	83933	7161	5465	9125	8348	6938	54815	472	9861	7638	10524	6095	7122	7581	10224	284252	1378	5688	6257	8427	6750	80032	8649	5441	10127	23460	2963	8013	3845	9464	253260	55869	6119	1749	1493	84246	9021	57343	5693	55888	7621	1340	4605	1386	8970	8850	1647	1649	4609	5781	6045	6097	7039	7321	57547	7469	5701	147741	9572	7768	1022	51433	2623	10111	169270	5515	2810	5694	5440	9377	27153	7711	5565	199704	894	79891	148213	353088	1351	983	389541	7291	3164	1108	7760	7832	5933	163255	9282	6772	5984	285971	51123	23493	9739	7587	5816	9150	9968	57335	442319	5435	1107	221785	94239	2309	5516	374900	23309	1436	995	1912	64065	133746	7862	8794	2903	5052	79027	5518	2064	8338	51434	5684	7533	51755	2908	11059	9440	1499	7068	26149	7625	55367	5366	51422	6601	7248	84527	1875	163071	83667	581	6515	4322	79837	6598	388569	5706	4801	91875	85236	168417	5929	4088	5685	126068	5691	246175	5079	344787	6794	6917	55170	91975	7532	1459	1339	143686	23410	8851	7559	9534	55240	6662	6714	10325	51499	7057	7694	79818	152687	253639	84701	5054	5682	57459	113835	6910	51230	339559	25946	51412	898	5713	5436	860	1278	59269	5982	83990	4435	7486	285268	639	5931	5934	114787	4089	6932	79088	155061	2593	26053	4849	9314	147686	730291	902	5566	7001	6241	6498	79943	55215	9439	55778	4343	5395	5876	116028	65243	22869	192670	148156	100526737	1998	640	63970	7773	7566	5695	728927	7311	1616	6722	4853	1121	28956	7525	91120	839	348	25799	57693	5888	199692	4869	26523	1349	9500	1020	90576	339500	641	7755	10891	7979	147929	7156	7022	7627	4092	1111	23269	7323	8881	1997	4204	80108	7766	374655	4986	7249	255403	654254	7692	51003	835	163081	857	7422	55534	8345	246184	79885	201514	148206	53632	92283	57060	2877	4852	1460	23112	9668	8331	818	57474	441234	51741	90827	7652	1027	10013	6657	5434	60436	8861	90233	84924	7376	7003	4436	10498	1874	133383	4208	7040	7296	9358	892	3458	7552	3558	10168	57154	7295	93474	4683	7678	58528	283337	5689	23368	9759	7157	11065	9422	127396	163732	90874	815	146198	27166	1387	7565	10432	2811	3676	58492	10273	2539	27327	81856	90594	51276	6929	7005	158399	29028	8342	11335	56729	126070	10794	148254	22835	5717	28984	6603	10780	7626	83439	83737	4514	8239	400720	2289	8431	80095	6399	55663	342132	10413	3654	9757	28996	1515	190	2353	8454	64769	9975	9971	80012	9099	219578	5433	2965	80317	374928	8738	58491	266743	80010	5683	3065	1263	51343	4854	9612	8341	1025	8621	162972	163051	50943	8626	339327	90333	5700	1956	2068	2101	5810	7733	57209	6790	816	126375	27154	10782	84126	54205	728957	7324	5932	84661	6667	51564	7539	8812	6884	54811	90589	7562	153129	388561	51333	6258	650	388536	8312	6924	1345	5718	162967	5457	10769	51385	11073	9219	80778	7594	90338	57573	9441	148266	1513	207	6497	3017	3622	7551	10370	2645	4790	5325	6015	8795	6907	93134	4773	9442	5692	30832	5241	5884	2100	7748	79175	348327	3678	84765	8349	6696	57615	3064	8445	10542	2891	90649	9915	85456	7067	55004	84289	148103	390927	23019	3364	10001	6446	834	2649	9891	57678	51224	4855	6256	356	342926	5300	30818	10848	388567	220992	26152	125919	7571	57103	100131980	2962	2660	23660	7697	100132074	440515	10046	6502	29959	56950	25906	2494	27287	100129842	8334	8089	284370	163059	627	25	905	6877	2104	170960	162963	4004	23067	55766	112950	9970	3630	124411	5883	7050	65018	5985	4839	3725	5170	387893	5305	7549	6720	6118	25937	900	4697	6908	2874	162239	285676	317	801	3549	50484	996	83860	387032	6749	5562	5686	619279	8726	2966	6872	3569	8340	7712	200845	8797	284443	2033	901	10213	5437	170959	92595	162655	6046	6009	388566	26048	2475	8085	10398	1763	23468	168374	2932	10795	11047	1457	51586	7027	7329	6233	8463	6874	146542	353274	148268	6879	5875	79047	11105	6934	57541	7699	117608	1082	8841	7514	55422	7695	84838	64750	3726	2669	23619	10308	79744	23512	3066	440073	84441	1490	6829	404672	1482	55713	9156	1876	8178	2146	79813	817	4602	6605	10628	84124	3276	90390	463	1081	25925	284307	7988	355	57521	57677	54145	4292	79718	7582	7004	28514	27161	5045	80314	55900	1643	7673	5571	7025	2967	146540	117584	51176	147687	57492	8697	341947	8535	4233	58484	124446	158431	136051	5527	4094	285349	9477	367	2626	6940	5714	23462	3683	63934	4851	54989	340252	10000	54925	843	6648	332	29982	7421	10172	1385	2572	285267	4221	10765	79898	286075	5608	5704	5709	3329	29882	9337	1029	1346	5770	389114	353355	84874	80139	144455	3280	4778	4929	27113	4513	5308	7745	255626	7556	29945	144715	100532731	7534	5105	7761	23327	2736	1021	10793	545	440077	5728	1347	5430	7568	5892	904	374879	5594	6875	1350	182	4149	9862	84775	7567	4306	7222	90075	126382	84870	7767	1051	163087	161882	3516	51529	54971	5564	7592	5431	730087	7703	94039	2821	7700	79788	6500	7596	7633	6878	2744	4802	9969	79973	10650	6827	8793	3815	3930	169841	7316	51616	694	8409	8493	100289635	9212	10135	114907	6599	79370	7341	282890	128312	3484	2968	5579	163223	27165	122809	163049	84733	5467	613227	55615	7528	197320	3674	54715	7021	9978	890	65251	632	23774	1820	5111	147949	10397	144348	2936	148203	10781	55762	4848	7710	2538	5970	64682	80110	3172	7757	6604	9794	2290	192669	55571	7752	7770	1024	100506658	847	341359	896	138474	91584	5275	3977	142	9310	256051	10670	7913	2176	7771	5983	9070	125965	163227	9443	59348	4878	284306	8317	4087	8148	405	25942	5588	4488	5468	5443	22974	340385	339488	8289	54807	100129543	3562	79230	2737	90592	5432	79759	54487	7181	1869	79755	100131827	112858	5438	1514	5563	84436	119504	7314	4988	3174	5705	204851	147657	5494	11198	6886	9134	121340	26013	84883	10002	147837	7029	3018	29079	5916	861	864	147923	2177	1277	133522	84914	10018	1019	51497	53615	7574	10419	5690	5469	8784	8396	9588	7743	146434	440519	114026	4303	474382	51592	6096	80264	181	10919	5687	115509	6923	25920	147948	23439	26974	7082	665	2071	83746	5595	2624	5707	4091	80818	4800	100287226	8856	27338	147694	55786	7020	2904	6881	221044	2099	140612	7576	22955	57472	6602	5371	5978	57336	146713	219749	4850	7529	4086	79109	4512	1750	6883	2308	6882	2516	54457	94241	6117	7728	199777	5928	7531	5708	27300	6688
Germ Layer Formation at Gastrulation	145258	8320	4088	4087	4089	6932	83881	387332	6862	51176	1499	6657	51592	79923	8928	652
Global Genome Nucleotide Excision Repair (GG-NER)	8533	7515	5982	57804	3980	5981	902	10987	5886	6612	3978	7316	56655	7311	7341	10445	2968	2073	10714	1069	4331	51138	54778	86	7508	7528	5425	10980	51426	9978	5887	5985	5111	10038	1642	6118	8554	142	2966	7334	5983	125476	7507	54617	7329	85015	6233	54107	54891	9557	6119	7314	93973	6613	404672	9318	1022	60	8451	79913	2873	29844	2965	283899	1643	2967	5984	10920	2068	2071	7336	50813	2072	8607	4798	5427	5426	64708	6117	2067	83444	5424	8450	10401
Glucagon Signaling in Metabolic Regulation	2642	2788	115	114	2778	5575	5573	54331	112	5576	94235	111	5568	2641	109	5567	55970	59345	108	2786	196883	2785	5566	2782	51764	2791	2787	2784	2783	113	107	2790	5577
Glucagon-like Peptide-1 (GLP1) Regulates Insulin Secretion	2788	114	3709	3747	10411	2778	5575	3790	5573	2740	54331	112	5576	94235	111	5568	2792	2793	2641	5567	55970	59345	3710	2786	2785	5566	2782	26251	51764	3708	11069	2791	8826	3745	2787	5906	2784	2783	9495	10681	2790	5577
Glucagon-type Ligand Receptors	2642	2788	116	2778	2691	2740	54331	94235	2792	2692	2793	6343	2641	9340	7434	7432	55970	2696	59345	7433	2786	2785	2782	2791	2787	6344	2790	2695	2784	117	2783	10681	51764
Glucocorticoid Biosynthesis	1585	3283	1589	866	1584	3290	5443	1586	3284	3291
Gluconeogenesis	229	219855	7167	226	5223	8789	54020	5232	2597	2026	2203	92579	230	5224	5230	2538	5106	2821	2542	5091	2023	57818	2027	387712	26330	5105
Glucose Metabolism	229	5207	226	669	5568	80201	4928	5106	2821	5209	5213	5566	23511	9972	57818	10007	2027	23225	5528	6396	5315	132789	7167	3099	5223	5210	2646	8789	9631	92579	5567	5224	9818	2538	8086	8480	5214	283871	23636	5519	83440	7175	11097	348995	129401	79023	8021	3101	54020	55746	23279	53371	2597	2026	2203	5230	3098	2023	5515	283209	9688	26330	4927	57122	219855	23165	5211	5313	5232	79902	5516	55706	230	81929	5518	5208	2542	10762	5091	387712	5903	5105	2645	9883
Glucuronidation	7367	54657	54600	167127	23169	7363	7366	10720	54578	54579	54490	54658	7360	54577	79799	7358	7364	54576	54659	80146	10941	7365	55347	11046	133688	54575
Glutamate Neurotransmitter Release Cycle	22999	6512	8500	27165	9256	6857	6812	10497	54407	6804	5864	8499	6844	6505	6616	57030	2744	8541	6506	10550	8497	6507	10815	6511
Glutamate and Glutamine Metabolism	883	4942	5832	2806	27165	57494	29920	284716	2752	2744	2746	5831	2747
Glutamate Binding, Activation of AMPA Receptors and Synaptic Plasticity	1175	5579	2892	4905	2890	9463	163	2891	5582	816	1173	815	2893	10369	4646	23426	161	160	27092	817	4193	59283	7102	80852	818	9495	1739	1742	2036	5578	10368
Glutathione Conjugation	2948	4258	2939	2950	4257	2953	9446	26873	2686	373156	2730	2940	2937	55748	4259	2098	2944	2941	221357	2678	653689	2729	124975	494143	2946	2938	2687	2954	2949	79017	2947	79094	27306	10327	119391	2952
Glutathione Synthesis and Recycling	2730	2687	2686	79017	2678	2937	55748	2729	79094	26873	124975	494143
Glycerophospholipid Biosynthesis	84895	50640	248	8443	57605	1459	23659	64850	83394	151056	85465	3032	80339	2820	374986	10809	84879	100137049	5130	26279	10162	51365	57153	123745	8895	5320	79888	57678	54979	5833	8605	3030	55500	55326	23760	55750	9489	57110	8398	5322	10400	9926	81579	54935	158835	55224	54947	23259	255189	30814	43	56895	57104	1120	1119	114882	23761	5920	1040	8694	1460	114884	8399	255043	54675	5338	2819	10423	10555	80736	81490	129642	79143	1457	9468	11343	64600	56994	10554	56261	122618	137964	5337	23171	5321	56894	162466	9600	50487	8760	9362	590	254531	9791	114879	10390	154141	201164	23646	150763	204962	11145	27132	84649	6901	56910	84803	200879	9663	79887	8904	23446	51205	126969	80821	58488	253558	64900	117245	1103	22925	63874	171586	23175	283748	347516	149998	5319
Glycerophospholipid Catabolism	284161	10908	51573	133121	375775	81544	79153
Glycine Degradation	1743	4967	2731	2653	1738	275
Glycogen Breakdown (Glycogenolysis)	2548	5236	5257	5260	5261	178	5256	5255	5837	5836	2992	801	5834	8908
Glycogen Metabolism	5256	6233	2997	2992	5834	5257	2632	5837	7360	8908	2998	7314	5255	801	378884	5507	2548	5236	5260	5261	178	7316	5836	7957	7311
Glycogen Storage Diseases	7311	2538	2548	5507	2632	7316	2542	6233	2997	7314	2992	378884	7957	92579	2998	8908
Glycogen Synthesis	7311	5236	5507	2632	7316	6233	2997	2992	378884	7360	7957	8908	2998	7314
Glycolysis	5528	6396	348995	5315	4927	57122	229	132789	7167	5207	3099	129401	79023	23165	8021	226	3101	5223	669	5210	2646	5211	5568	5313	55746	23279	5232	79902	5516	55706	53371	80201	2597	2026	9631	230	5567	5224	5230	9818	81929	5518	5208	8086	4928	8480	5214	2821	5209	5213	5566	283871	3098	23636	5519	23511	10762	83440	9972	7175	2023	5903	5515	283209	9688	10007	2027	23225	387712	26330	2645	11097	9883
Glycoprotein Hormones	3625	7252	3972	1082	3626	2488	3623	83729	3624	1081
Glycosaminoglycan Metabolism	411	266722	11285	9955	3339	10678	8509	6382	126792	221914	6487	5549	93010	11261	9334	1464	960	4958	90161	9956	10082	4166	89944	3074	9394	633	3038	138050	2331	27087	112937	3425	2131	347734	6383	176	9348	375790	54480	8702	2799	4060	22856	3037	135152	9957	64131	11041	10894	4669	10675	63827	56548	3036	2719	9331	6483	2262	60495	8703	80146	55454	166012	11081	3373	29940	23563	10861	9469	55501	1462	222537	6548	2132	92126	10090	9653	50515	3161	8534	26035	6484	3340	10402	8692	1836	6448	2239	8704	79586	57214	113189	6482	4969	337876	9951	11046	79369	9672	3073	2683	64132	2817	10057	83539	9953	10855	79411	9435	10331	51363	3423	26229	64579	1463	55790	24142	6385	2720	51000	9060	2588	9061	64711	1634	8372	55576	2990
Glycosphingolipid Biosynthesis	7368	7357	2583	8869	2523	29906	9514	64781	6487	81849	9334	9331	6483	53947	2524	8706	84002	30815	8705
Glycosphingolipid Catabolism	411	153642	10825	285362	412	4074	6609	55627	340075	55512	2629	79411	6610	129807	25870	427	5660	410	4759	5476	2581	57733	414	2720	89944	57704	3074	2760	339221	112937	347527	416	22901	2717	79642	415	56624	4758	3073
Glycosphingolipid Metabolism	7368	411	153642	10825	285362	412	7357	4074	6609	55627	2583	8869	2523	29906	340075	55512	2629	9514	79411	6610	129807	25870	64781	6487	427	5660	410	9334	81849	4759	5476	2581	57733	414	2720	89944	57704	9331	3074	6483	2760	53947	2524	339221	112937	8706	84002	30815	8705	347527	416	22901	2717	79642	415	56624	4758	3073
Glycosphingolipid Transport	1201	51228	375	57488	83850	84725	23344	80772
Glyoxylate Metabolism and Glycine Degradation	27232	112817	1743	1610	9380	2806	8528	64902	2731	2653	4967	58510	54363	1738	5827	189	275	8659
Golgi Associated Vesicle Biogenesis	8546	152503	7037	2580	9026	2512	10053	10618	5286	25977	6643	64746	54885	8907	84062	162	130340	7164	286451	1174	5878	8775	1176	2495	9829	9685	23431	6272	6844	26258	1213	388552	375	8673	8905	408	7163	1211	4952	55330	1785	3312	164	6845	2804	9698	23557	81567	1362	3482	10717	6456	8301	51429	27131	2647
Golgi Cisternae Pericentriolar Stack Reorganization	8615	983	64689	26003	5595	9133	81876	2801	5862	5347	5594	5861	891	8548
Golgi-to-ER Retrograde Transport	23046	23423	22930	7846	89953	81027	10540	4905	5861	54732	24137	90990	140735	53407	55614	381	55850	26958	3833	8729	9493	832	260334	3834	26153	3835	11316	84364	55860	64147	377	81876	55083	3796	3799	51594	372	22818	8398	1315	93661	1062	1780	3831	9183	10671	8655	3798	25782	7280	81930	3800	2590	51226	10381	29127	375	112714	64837	55605	1314	9585	51143	5048	347733	7277	84617	26286	221458	147700	10972	10112	51014	830	285643	55738	3797	11015	124602	8775	347688	10121	8774	11004	84790	51807	2589	10383	79861	60561	5321	10382	378	56894	51560	5870	547	146909	10959	84643	23095	56992	23299	10945	80086	9371	829	22920	11258	1639	5049	22820	51164	7278	22931	9554	3832	1781	1778	23303	10749	11127	5050	63908	11014	662	1783	113220	55582	6836	636	10376	84516	9276
Growth Hormone Receptor Signaling	2688	25970	3667	6772	5777	5594	4067	5595	3717	2690	1154	9021	8660	6777	1442	8651	5618	5770	2689	6774	8835	6868	6776	5617
H139Hfs13* PPM1K Causes a Mild Variant of MSUD	1629	593	1738	594	152926
HATs Acetylate Histones	10933	3013	8349	55929	57325	27097	85235	11091	51230	23338	84289	84148	55140	5931	317772	8473	10474	23587	54859	51147	10856	6880	8520	8295	10445	128312	8334	8089	5077	2648	86	440689	26610	23774	7994	23326	8345	339287	10499	117143	55250	6871	51562	8331	8518	23522	11143	8648	9913	1810	8340	2033	8348	3054	6314	10524	55689	1072	54556	10902	221613	1387	8342	1386	8970	8850	284058	3018	55578	26009	60	9575	56943	64769	80314	54934	92815	9643	9767	55167	55257	8341	10629	55683	27154	8464	7862	6881	8338	8607	79595	10943	93624	57634	6883	112869	79960	255626	3017	56970	85236
HCMV Early Events	6907	3013	7846	81027	8349	140735	85235	9611	5931	260334	4928	317772	10155	23511	9972	10951	23225	1616	128312	6396	1628	8334	3688	1780	8655	7280	440689	10381	9631	9818	8086	8480	8345	2874	112714	51143	23636	347733	8726	8331	7277	84617	7175	8340	2002	11097	8348	348995	129401	79023	8021	347688	55746	23279	8841	53371	221613	23512	84790	51807	8342	10383	8970	2146	79861	10382	3018	79718	9688	80086	1854	92815	4927	57122	3667	9612	8341	23165	1956	7278	79902	55706	1781	1778	1385	81929	8338	5371	1783	10762	255626	5928	10376	3017	85236	5903	4790	9883
HCMV Infection	6907	3013	7846	81027	8349	91782	140735	85235	84313	9611	3190	5931	260334	4928	317772	11267	10155	23511	9972	10951	23225	1616	128312	6396	1628	8334	3688	1780	79720	8655	5119	137492	7280	440689	10381	9631	79643	9818	8086	8480	8345	2874	112714	51143	23636	347733	93343	8726	8331	7277	84617	7175	8340	2002	11097	92421	8348	348995	7251	29082	129401	79023	8021	25978	347688	55048	55746	23279	8841	53371	221613	23512	84790	51807	51028	8342	10383	27183	8970	2146	79861	10382	51271	27243	128866	3018	79718	9688	80086	1854	92815	4927	57122	3667	9612	8341	51160	23165	1956	7278	79902	55706	89853	1781	1778	1385	81929	8338	5371	1783	100526767	1052	10762	155382	255626	5928	10376	3017	85236	5903	4790	9883
HCMV Late Events	92815	128312	6396	1628	8334	3013	8348	348995	57122	4927	3667	7251	8341	8349	29082	91782	79720	129401	51160	79023	23165	8021	5119	137492	25978	85235	55048	55746	23279	440689	79902	55706	221613	53371	84313	89853	9631	3190	81929	79643	9818	8338	8086	4928	8480	51028	8342	27183	317772	8345	8970	11267	51271	100526767	1052	27243	128866	3018	23511	255626	93343	10762	8331	9972	23636	155382	7175	8340	9688	3017	85236	23225	5903	9883	11097	92421
HDACs Deacetylate Histones	79685	6907	92815	128312	83933	3065	8348	8334	3013	1108	54815	23028	9612	8341	8349	10362	51317	1107	85235	57459	440689	8841	221613	55869	9611	57504	5926	9112	5931	8338	3066	5978	8819	8342	317772	8345	2874	8970	25855	51742	9219	3018	64426	255626	8331	5928	79718	8340	23186	53615	10284	3017	85236
HDL Assembly	29801	19	5568	649	2	335	5566	5567
HDL Clearance	81693	3069	949	335	8029
HDL Remodeling	9388	5360	348	9619	335	344	213	1071	3931	345
HDMs Demethylate Histones	22992	7403	23028	23135	84159	8242	8284	221656	23210	84678	10765	5253	55693	55818	80853	23081	23133	7404	9682	51780	5927	23030
HDR Through Homologous Recombination (HRR)	80010	545	10714	1763	5884	472	10524	5888	5892	6233	10635	5889	5984	197342	146956	4683	5810	4361	641	5425	51426	7979	54107	675	5890	5883	7156	79728	84126	1111	5111	5985	6119	80198	5982	83990	5932	7314	7486	57804	3364	672	83695	6118	7517	5429	9156	580	5427	5981	63979	5426	55732	51750	11073	23514	348654	6117	116028	7516	10111	7316	144715	5983	5424	56655	7311	84464
HDR Through Homologous Recombination (HRR) or Single Strand Annealing (SSA)	545	54962	5884	8349	5892	10635	8900	7468	197342	51588	5982	83990	7486	57804	3364	672	83695	9656	5981	23514	116028	7316	56655	7311	8290	128312	10714	25	5888	5889	5531	4361	641	5425	1017	51426	7979	675	79184	890	5883	7156	1111	5111	5985	7517	6118	580	8345	151987	51548	7334	8340	5983	8924	6047	84464	8348	1763	472	51720	10524	7329	6233	4683	9025	54107	5890	79728	6119	80198	5893	7314	6613	8342	9156	8970	55732	51750	3018	54145	10111	80010	63967	8341	29086	5984	146956	5810	165918	84126	7158	5932	7336	2072	5429	5427	63979	5426	11073	348654	6117	255626	2067	8914	7516	144715	5424	3017	85236
HDR Through MMEJ (alt-NHEJ)	4361	142	4683	3980	10111	675	2237	7515	10038	10721	5932	5893
HDR Through Single Strand Annealing (SSA)	80010	545	1763	5884	472	10524	25	5888	5984	4683	5810	4361	641	5883	7156	84126	5985	6119	5982	83990	5932	5893	7486	3364	2072	672	83695	6118	9156	580	11073	6117	116028	2067	10111	144715	5983
HIV Infection	5691	5692	6917	5430	10053	5439	904	8065	91782	6875	6898	130340	7852	5682	1174	5713	5436	22916	1234	1104	3836	6921	4928	5062	5431	9525	8905	160	51224	902	6500	6878	2237	23511	6827	3978	9972	5879	3932	7316	51616	2962	6035	23225	5695	6880	2957	7311	2534	2968	6396	3055	5719	4331	3981	4869	905	6877	79720	137492	7520	926	7979	940	9397	5702	4836	9978	4686	293	5478	2547	9631	79643	9818	8086	51606	8480	375	11168	10015	6873	6908	83860	2961	3159	6749	23636	138474	5686	93343	2966	6872	7175	8815	5434	10213	7936	5437	11097	92421	8732	9861	348995	8148	7251	11047	291	6233	29082	5688	6874	5901	8907	129401	79023	163	8021	5441	6879	5689	25978	920	2963	5432	55746	1173	23279	1794	55048	7514	53371	2959	5438	7314	5705	5693	6829	404672	11198	161	3105	60489	2958	27183	8178	8731	5717	51271	164	27243	7469	128866	5701	1022	5694	9688	8945	51497	5440	919	5045	5690	5433	2965	292	5683	51534	1175	4927	5685	2967	57122	1025	5687	6923	25920	51160	51510	23165	5700	2068	9150	162	7518	2071	5435	5714	5905	5707	79902	55706	89853	6881	81929	8812	5684	5704	5709	6884	9844	5902	55690	6924	5718	6883	100526767	6882	54457	10762	3837	155382	2960	567	5706	5708	5903	23327	9883
HIV Life Cycle	6917	5430	5439	904	91782	6875	6898	7852	5436	22916	1234	1104	3836	6921	4928	5431	9525	51224	902	6878	2237	23511	6827	3978	9972	7316	51616	2962	23225	6880	2957	7311	2968	6396	4331	3981	905	6877	79720	137492	7520	9397	4836	4686	5478	2547	9631	79643	9818	8086	8480	11168	10015	6873	6908	83860	2961	3159	6749	23636	138474	93343	2966	6872	7175	8815	5434	7936	5437	11097	92421	8732	348995	8148	7251	6233	29082	6874	5901	129401	79023	6879	8021	5441	25978	920	2963	5432	55746	23279	55048	7514	53371	2959	5438	7314	6829	404672	11198	2958	27183	8178	8731	51271	27243	7469	128866	1022	9688	51497	5440	5045	5433	2965	51534	4927	2967	57122	1025	6923	25920	51160	51510	23165	2068	9150	7518	2071	5435	5905	79902	55706	89853	6881	81929	8812	6884	5902	6924	6883	100526767	6882	54457	10762	155382	2960	5903	23327	9883
HIV Transcription Elongation	2968	2967	4331	6917	5430	1025	5439	904	25920	6923	5441	6898	9150	2068	2071	5435	2963	5432	4686	5436	5438	22916	5437	6921	6829	5431	404672	11198	51224	8178	902	6924	7469	6749	1022	6827	2966	2962	5440	51497	5434	7936	5433	2965
HIV Transcription Initiation	2968	8148	2967	4331	5430	5439	6877	6874	6875	6879	5441	2068	2071	5435	2963	5432	2959	5436	5438	6881	5431	6884	404672	2958	6873	6908	902	6883	83860	2961	6878	6882	138474	54457	2960	1022	2966	6872	51616	2962	5440	5434	6880	5437	5433	2965	2957
HIV Elongation Arrest and Recovery	6917	5430	1025	905	904	5439	25920	6923	7936	5441	9150	5435	2963	5432	5436	5438	6921	8812	5431	6829	11198	51224	8178	6924	7469	6749	6827	2962	5440	51497	5434	5437	5433
HS-GAG Biosynthesis	266722	222537	2132	9955	2817	9957	3339	9653	8509	9953	6382	26035	3340	221914	2239	90161	9956	64579	10082	2719	6385	2262	9394	2131	64711	6383	9348	9951	11046	375790	9672
HS-GAG Degradation	3339	2817	10855	6382	4669	79411	221914	6448	3423	2239	10082	2719	6385	2720	89944	2262	60495	138050	112937	3425	6383	375790	9672	2990
HSF1 Activation	10808	3326	3320	10049	3303	3310	10728	1915	162989	1413	1288	6119	7314	3297	871	7415	6013	6118	29074	3281	27242	2288	3305	6117	2765	10013	7531	3337
HSF1-dependent Transactivation	10808	2475	3326	3320	10049	3306	1410	3303	3310	10728	816	162989	815	1413	1387	1288	7314	3297	871	6013	84335	817	29074	3312	3281	26353	64223	27242	2288	3305	2765	57521	818	2033	3337
HSP90 Chaperone Cycle for Steroid Hormone Receptors (SHR) in the Presence of Ligand	829	80086	3326	3320	5241	7846	93661	81027	1780	830	10540	11258	10294	3306	3303	10671	8655	1639	367	51164	10963	10728	140735	4306	7278	7280	347688	10121	1781	1778	55466	10381	832	260334	84790	51807	2908	10383	79861	112714	3312	10382	1783	51143	55860	2288	2289	3305	347733	7277	84617	10376	84516	3301	3337
Hedgehog 'Off' State	5691	5692	7846	55081	81027	51684	23322	112	5682	5576	5568	111	5713	5577	80199	55764	5566	6500	5727	7316	6608	5695	113	107	7311	115	114	5719	7289	7979	7280	5702	9978	23432	10381	5567	108	5686	347733	7277	84617	1452	10213	26160	9861	79659	2778	2932	11047	5575	6233	5688	57539	5689	8481	57728	2737	7314	2735	5705	5693	84790	8100	10383	5717	10382	54903	83737	5701	79809	8454	5694	8945	27152	5690	5683	374654	5573	5687	5700	5714	7278	5707	109	55811	8650	9742	11127	5684	5704	5709	196883	5718	10376	5706	5708	51098	5685	2736
Hedgehog 'On' State	5691	5683	5692	9861	5719	22873	374654	11047	8643	6233	6469	5687	5688	51684	57154	339745	409	23288	5700	5689	156	2737	50937	132884	5682	5714	7979	5702	5707	2622	9978	91653	23432	5713	79577	8650	8452	64750	8405	7314	2735	5705	5693	11127	5684	5704	5709	2121	408	64399	5717	2619	3549	5718	83737	84455	5701	25989	5686	5727	7316	50846	5706	6608	5694	1452	10213	5695	5690	5708	7311	5685	2736
Hedgehog Ligand Biogenesis	5691	5683	5692	9861	5719	57758	51009	55733	10956	11047	6233	6469	5687	5688	5700	5689	5682	5714	7979	5702	5707	5713	147111	85455	7314	7415	5705	5693	84447	5684	5709	5704	6400	2262	5717	27248	3549	5718	5701	5686	5034	6868	7316	50846	5706	5694	10213	5695	5690	5708	7311	5685
Heme Biosynthesis	9429	1371	212	2235	28982	3145	210	7389	213	7390	211	1352	5498	1355
Heme Degradation	9429	2938	3162	644	3163	54657	4363	10599	11309	2168	1244	213	28234	54658	645	2990
Heme Signaling	6907	5465	10498	4208	23054	6095	335	23411	10424	200186	80205	23373	10891	64784	8841	10743	3043	7514	1387	9611	493901	1385	23643	3162	4209	4862	6604	4780	1386	6256	10499	7099	85441	8204	7975	113235	9572	96764	8648	79718	9575	571	338	2033	5469	51266
Hemostasis	4352	139818	5329	8525	80228	7018	5328	409	5175	24137	90990	6382	55614	2244	5196	9948	2162	6547	5154	5670	9564	10487	7044	57572	64147	1432	5271	3799	2335	2784	6383	5672	3045	6402	51266	6403	139322	5528	22927	5270	10630	2165	3690	3798	5104	9463	3689	5680	1017	5582	81930	3800	2266	5023	10381	29127	5473	3710	2767	2625	55605	5265	5519	351	7056	29789	5291	5547	6520	5575	6546	7273	335	308	5152	2161	10938	285643	11343	347688	3845	3043	135228	7042	4846	5660	54676	10019	710	5336	3543	462	5781	79861	747	3827	2623	146909	5340	5515	10257	78991	7043	9749	9002	3684	2817	83692	4067	54331	10846	9162	6717	5516	23539	3832	2769	8503	55970	5267	5518	2885	5295	11127	51706	408	6401	5004	11093	1609	6647	8832	4893	51571	1525	160851	10461	23028	89953	25970	5136	55669	2157	387	6714	7057	57126	5054	9127	94235	14	2734	55423	10184	3833	948	1278	10490	960	374354	3834	3273	3685	26153	5566	489	7094	350	2768	23764	50848	2787	5879	3796	5676	6035	88	10447	7525	197	5889	5657	1020	5341	682	2995	55664	27040	6404	3897	813	4843	5005	5567	30846	9056	857	27345	7422	2785	3708	2791	3635	347733	6694	221458	7035	2159	1088	3440	85440	140628	10112	3659	5583	3445	221955	7040	2770	6915	120425	3512	10235	3456	22953	94121	3309	7157	972	5890	7804	2811	3676	9732	3443	3818	11004	51807	10383	81	139189	5894	3920	60	4097	928	9672	1048	10544	80086	5580	7441	26090	2788	3065	3937	3959	22920	7424	5153	64145	5290	3778	8515	2776	7278	388	27154	3082	7409	23303	5526	10749	482	491	2786	6385	3660	481	5747	5678	7975	11069	3675	2158	54210	5025	207	2814	1398	10681	6693	8795	23046	7846	9057	3678	2149	51206	6414	51317	7010	8165	5576	5568	5880	7078	634	1607	150	5768	832	260334	58494	3835	5919	4072	2888	23052	3452	3672	2783	23348	3046	5026	334	10125	3481	1445	8527	3688	10411	25	50808	23414	3831	2151	7280	1893	11136	54518	5296	2994	2155	3451	5170	7225	5478	2815	2771	5593	2621	29802	3655	6786	4842	10672	5216	391	801	7414	54863	9585	1793	7102	6464	84617	5874	8797	3705	147700	51764	221037	7423	23657	5138	5581	23468	2778	51744	51368	1521	5197	213	10362	10916	3048	3797	5327	3699	56301	124602	5590	1794	2812	7873	487	3687	284	7066	3444	3066	11216	962	4602	961	8654	5294	10382	547	64780	5269	483	2977	4312	54495	7410	302	3700	5627	12	2207	7123	5573	51378	80005	5527	3446	3779	2243	2626	3683	3439	2147	51097	285	7465	83953	440533	5770	5669	2268	3449	3053	2160	4778	113220	5024	55582	4267	5868	10376	29106	5051	1191	140885	7534	83700	66005	11311	6654	3709	6566	81027	5777	5594	226	6850	91768	6814	7222	3717	7450	9493	90952	30845	161882	146850	5671	64805	8140	5028	151	55619	1675	22915	8793	3673	55083	3932	5739	4282	2773	5578	5624	2534	5579	1062	2277	3674	5055	492	87	10603	3047	57406	998	9630	5155	64837	2782	112714	1084	9123	488	3442	7277	5525	2316	23759	338	5099	9927	493	2790	1606	152	2153	84876	830	25942	10242	5588	6810	6281	81928	1072	5529	259215	83706	2792	490	8526	708	2793	8407	3671	59345	84790	6543	5335	1608	2886	5345	5321	3479	10451	2627	1277	23186	84643	23095	56992	5673	9046	3265	9371	829	346562	50940	967	5675	7076	4973	10335	27094	4099	4680	5595	2624	81704	2993	3448	23533	2	23428	6678	57113	965	5552	5027	7114	6813	5592	55604	3441	914	5908	1950	1795	1	5906	5577
Heparan Sulfate Heparin (HS-GAG) Metabolism	1462	266722	222537	64132	11285	2132	9955	135152	2817	9957	3339	9653	8509	9953	64131	10855	6382	4669	79411	26035	126792	10675	3340	63827	221914	1464	6448	3423	26229	2239	90161	9956	1463	10082	64579	2719	6385	2720	89944	2262	60495	9394	633	138050	27087	112937	3425	2131	64711	6383	9348	9951	11046	375790	1634	9672	2990
Hh Mutants Abrogate Ligand Secretion	5691	5683	5692	9861	5719	51009	55733	10956	11047	6233	6469	5687	5688	5700	5689	5682	5714	7979	5702	5707	5713	7314	7415	5705	5693	84447	5684	5709	5704	6400	5717	27248	3549	5718	5701	5686	7316	50846	5706	5694	10213	5695	5690	5708	7311	5685
Hh Mutants Are Degraded by ERAD	5691	5683	5692	9861	5719	51009	10956	11047	6233	6469	5687	5688	5700	5689	5682	5714	7979	5702	5707	5713	7314	7415	5705	5693	84447	5684	5709	5704	6400	5717	27248	5718	5701	5686	7316	5706	5694	10213	5695	5690	5708	7311	5685
High Laminar Flow Shear Stress Activates Signaling by PIEZO1 and PECAM1 CDH5 KDR in Endothelial Cell	2788	115	114	2475	2778	1003	5575	84290	5573	824	55615	112	54331	5175	5290	2776	94235	111	5576	2792	5568	5029	59341	2793	253260	5296	3791	5293	109	5170	4846	5567	10203	59345	55970	24145	826	108	2767	10681	9780	10266	2786	196883	1499	133	2785	5566	5586	2782	801	79109	7094	7414	51764	64223	2324	2791	2787	4323	2784	2783	207	5291	113	107	2790	5577	2534
Highly Calcium Permeable Nicotinic Acetylcholine Receptors	1137	1141	1142	1134	1138	1143	1136	1135	8973
Highly Calcium Permeable Postsynaptic Nicotinic Acetylcholine Receptors	1137	1139	1141	1142	55584	1134	1138	1143	1136	1135	8973
Highly Sodium Permeable Postsynaptic Acetylcholine Nicotinic Receptors	1137	1144	1141	1145	1146	1143	1136
Histidine Catabolism	3034	3067	138199	144193	131669	3176	57571	10841
Homologous DNA Pairing and Strand Exchange	80010	545	1763	5884	472	10524	5888	5892	10635	5889	5984	4683	5810	4361	641	7979	5890	675	5883	7156	79728	84126	1111	5985	6119	5982	83990	5932	7486	3364	672	83695	6118	7517	9156	580	11073	7516	6117	116028	10111	144715	5983
Homology Directed Repair	545	54962	5884	8349	5892	10635	8900	7468	197342	7515	51588	5982	83990	7486	57804	3364	672	83695	3980	9656	5981	2237	23514	116028	7316	56655	7311	8290	128312	10714	25	5888	5889	5531	4361	641	5425	1017	51426	7979	675	79184	890	5883	7156	1111	5111	10038	5985	7517	6118	580	8345	10721	151987	142	51548	7334	8340	5983	8924	6047	84464	8348	1763	472	51720	10524	7329	6233	4683	9025	54107	5890	79728	6119	80198	5893	7314	6613	8342	9156	8970	55732	51750	3018	54145	10111	80010	63967	8341	29086	5984	146956	5810	165918	84126	7158	5932	7336	2072	5429	5427	63979	5426	11073	348654	6117	255626	2067	8914	7516	144715	5424	3017	85236
Hormone Ligand-Binding Receptors	3973	7252	2492	122876	3972	2797	7253	2488	2796	2798	170589	1081
Host Interactions of HIV Factors	5691	5692	10053	904	8065	6898	130340	5682	1174	5713	1104	3836	6921	4928	5062	8905	160	6500	23511	9972	5879	3932	7316	6035	23225	5695	7311	2534	6396	3055	5719	4869	926	7979	940	5702	9978	293	5478	9631	9818	8086	51606	8480	375	11168	3159	23636	5686	7175	8815	10213	11097	9861	348995	11047	291	6233	5688	5901	8907	129401	79023	163	8021	5689	920	55746	1173	23279	1794	7514	53371	7314	5705	5693	161	3105	60489	5717	164	5701	5694	9688	8945	919	5690	292	5683	1175	4927	57122	1025	5687	6923	23165	5700	162	5714	5905	5707	79902	55706	81929	5684	5709	5704	9844	5902	55690	5718	10762	3837	567	5706	5708	5903	5685	9883
HuR (ELAVL1) Binds and Stabilizes mRNA	9052	8741	5168	6418	7514	1994	5578	8125	8021	5580
Hyaluronan Biosynthesis and Export	3036	3037	10057	3038	57214
Hyaluronan Metabolism	960	10894	3036	24142	3074	6548	3373	3037	55576	10057	8372	8692	3038	11261	3161	3073	2990	57214
Hyaluronan Uptake and Degradation	960	10894	24142	3074	6548	3373	55576	8372	8692	11261	3161	3073	2990
Hydrolysis of LPC	123745	8605	283748	23659	79887	100137049	5321	56261	255189
IFNG Signaling Activates MAPKs	5894	5595	3460	3717	3716	3458	5594	3459
IGF1R Signaling Cascade	208	57761	2255	2549	2323	3667	10818	2260	2322	8074	54106	30849	5140	2247	27006	2251	5290	8471	5289	3845	117145	2248	3480	5296	5170	2246	8822	9365	2885	5295	8660	152831	2253	2263	5781	8823	9846	2264	3479	2254	6464	2249	26281	2250	8817	2261	5291	3481	4893	3265	2252	9965	6654
IKK Complex Recruitment Mediated by RIP1	6233	8517	1147	7323	7335	329	7314	23643	23098	330	8737	7189	7099	7321	11035	929	7322	7334	148022	100302736	7316	3551	7311
IL-6-type Cytokine Receptor Ligand Interactions	3590	3572	133396	3977	7297	5008	3717	386653	3716	9180	23529	1271	3589	1489	9244	1270	3976
IRAK1 Recruits IKK Complex	246330	8517	57161	7334	1147	3654	7316	7314	6233	7335	7189	3551	7311	57162
IRAK1 Recruits IKK Complex Upon TLR7 8 or 9 Stimulation	246330	8517	57161	7334	1147	3654	7316	7314	6233	7335	7189	3551	7311	57162
IRAK2 Mediated Activation of TAK1 Complex	3656	10454	23118	257397	6885	7316	6233	7189	7311	7314
IRAK2 Mediated Activation of TAK1 Complex Upon TLR7 8 or 9 Stimulation	929	3656	10454	23118	257397	6885	148022	100302736	7316	6233	7189	7099	7311	7314	23643
IRAK4 Deficiency (TLR2 4)	6271	6279	4615	2243	114609	2244	2266	948	23643	51135	7099	7096	929	695	3146	4284	6280	7097	10333
IRAK4 Deficiency (TLR5)	7100	51135	4615	81793
IRE1alpha Activates Chaperones	116138	2081	6745	2673	9797	1663	1639	55738	2137	3309	5611	11015	1200	64061	7494	7466	58477	10897	9820	445329	2135	100137049	2134	9570	118	5526	10113	84447	4189	55062	10525	3068	2931	4000	7709	30827	9695	10954	27230	7094	6734	10130	6464	22872	51726	10106	37
IRF3 Mediated Activation of Type 1 IFN	23220	147945	3661	29110	81030
IRF3-mediated Induction of Type I IFN	4361	23220	7520	51428	147945	3661	197358	29110	11277	5591	2547	3428	340061
IRS Activation	8660	3643	3630	3667	2887
IRS-mediated Signalling	208	57761	2255	2549	2323	3667	10818	2260	2322	8074	54106	30849	5140	2247	27006	2251	5290	5289	3845	117145	2248	5296	5170	2246	8822	9365	2885	5295	8660	152831	2253	2263	5781	8823	9846	2264	2254	2249	26281	2250	8817	2261	5291	4893	3265	2252	9965	6654
IRS-related Events Triggered by IGF1R	208	57761	2255	2549	2323	3667	10818	2260	2322	8074	54106	30849	5140	2247	27006	2251	5290	8471	5289	3845	117145	2248	3480	5296	5170	2246	8822	9365	2885	5295	8660	152831	2253	2263	5781	8823	9846	2264	3479	2254	2249	26281	2250	8817	2261	5291	3481	4893	3265	2252	9965	6654
ISG15 Antiviral Mechanism	5610	3434	1974	3841	9636	348995	9775	4927	2317	57122	3716	1982	23586	6233	6772	3840	129401	79023	23165	8021	7318	4599	5595	55746	23279	11274	79902	55706	53371	8672	1973	3839	9631	7324	81929	7314	9818	25820	3836	8086	51191	4928	8480	8678	402569	5335	6396	4600	4734	5300	23636	23511	3837	10762	9246	7334	9972	317649	3661	7175	7706	5903	7316	3838	9688	23225	1981	11097	5495	7311	1977	9470	9883
IkBA Variant Leads to EDA-ID	5970	8517	1147	4792	4791	3551	4790
Immune System	2950	5329	147945	80231	245972	9446	538	24137	4179	140739	5778	196051	7294	6935	22863	1522	2162	4644	7337	50616	6778	79908	79876	1604	1432	9972	3799	2799	4985	84676	201294	10493	527	6712	1780	3798	54472	84282	4361	595	7520	5702	820	4904	144699	5473	533	2625	9466	50852	6285	5519	10870	6364	8924	1116	5291	6047	1977	11097	5063	2323	353	8519	1520	8995	56244	8021	7319	2178	126014	10121	6950	23376	8976	342510	710	26469	1386	5337	51127	133396	10562	3656	983	135892	10096	149954	6772	4067	29121	5878	2309	1508	3601	57531	55182	911	100302652	2885	11127	1211	6845	151888	6647	9725	5706	84867	22954	7098	5788	4088	1525	94025	5803	841	118430	25970	3603	387	11118	5682	388697	53339	3965	80143	727	960	10312	81494	1848	4048	7226	23218	8575	715	3796	23225	2209	3459	27177	10326	81030	140460	653361	64718	4345	836	1519	55521	3118	11024	25793	2537	400830	2185	147179	944	26263	245937	79895	835	3820	10990	3848	7077	7175	1088	51465	3440	58485	3123	5058	84174	4641	117854	3445	7040	120425	917	28512	11275	5133	57154	27179	7132	972	51752	6347	23108	815	3430	1387	729230	8174	388372	3676	9235	84433	245929	5971	163702	161	5799	5717	5894	5870	5034	6655	4055	8804	1759	203068	23191	80028	5683	22920	4860	899	81793	25797	90933	2247	5700	7325	816	3916	4689	230	3455	6478	10877	3106	4069	25780	10890	7535	932	8771	140691	56300	22872	9296	3614	207	3554	23308	5692	201626	7332	939	143662	5743	5880	4792	6627	3812	634	55004	29116	9987	8895	9398	1654	374395	25847	5601	26272	1535	6502	1370	6283	9550	5315	7124	25	11119	6279	10392	3813	3185	3803	27071	534	5170	3725	131405	2547	4049	4588	128178	57162	55585	6406	81559	1213	8673	2175	290	4842	282618	391	317	801	55703	7189	996	3437	1793	84443	55845	5663	10458	6494	2002	7133	5610	8916	3716	6233	1511	3797	3934	4688	151636	112744	26191	10694	2690	127829	282616	3587	3105	10628	1785	127124	60401	114132	8993	4125	245939	9867	7412	729238	57119	3551	4312	23547	84265	11074	2683	245936	91694	58484	89910	4317	1113	3578	57542	79097	245928	2206	1281	7318	5714	79654	528	3439	10000	3839	4502	26	332	1781	8808	170506	7184	5476	221687	8894	6041	9604	200081	23765	8453	10762	65264	567	10576	5782	976	7534	10768	3428	411	327	8807	8514	51806	140461	5777	3802	6196	121457	226	6850	3717	100131439	1671	6278	4170	285852	222235	3163	8887	9218	5320	8905	388698	26234	55175	8737	6500	1440	6890	653509	140453	383	713	29952	2171	8936	246778	80128	51316	6396	997	9040	5317	390594	10427	8600	54920	23643	7064	10148	847	10952	3977	3442	1823	2316	6891	170482	4940	10384	943	717	56888	3326	3606	4318	4205	5588	7408	136371	55746	2219	4939	84861	916	114088	29099	84790	3460	25930	122618	5068	3482	2213	4791	10018	7097	919	5690	1270	3108	3936	523	7076	57122	3911	11258	5687	6923	10346	55284	5707	9616	84818	25939	525	374403	3805	8987	4008	9846	8767	6093	10489	55276	10549	5493	1981	5708	9051	712	285231	4257	23304	4277	5328	146894	160364	2244	85363	5062	197358	8740	272	441864	9641	3822	55905	3567	3958	57115	29949	2335	10068	84937	47	821	8398	6039	51646	596	3553	5719	6993	84085	56954	3689	3695	3800	2665	10120	2214	115290	11010	115362	27189	5648	114771	351	10133	80196	1845	54509	10075	1378	5646	10437	347688	23279	23352	4793	999	24145	5693	8660	7128	3078	933	11027	50489	3702	3312	5701	10152	3579	28511	566	80142	1828	3596	63893	26052	9655	3115	10788	79902	5516	53916	338324	3426	1774	5518	64127	11059	92369	1499	7320	6836	81567	3125	240	386653	3112	92747	10071	4893	9545	909	5691	5604	6775	6898	64135	948	1278	4928	257397	3669	402569	326624	25897	131450	1727	529	2934	1399	4734	3305	5879	6280	6352	7006	6035	93611	5606	175	91442	2939	9817	28956	7525	197	2444	915	6286	4772	975	3664	2212	3809	7415	140456	729	51135	11001	90293	245915	3708	9097	991	1460	3838	6036	11126	6709	10477	9470	3659	11213	2220	3588	3347	9961	1991	23014	7157	11065	5071	10612	5451	79176	5530	684	11004	925	51807	27252	5641	53840	178	1515	8454	2353	912	8764	80233	89790	1175	51343	23646	8621	8792	3566	64145	9437	5290	55832	7409	118424	1778	245934	6361	5912	6348	1513	2990	3071	89890	80204	9775	661	3306	3303	30849	128859	811	1669	51284	79132	283463	7328	3556	51665	834	728	51561	696	356	3835	3806	140683	695	26525	3821	11025	10095	27180	10225	4690	10125	4126	6288	10333	9208	10621	81619	222487	116844	79923	1687	29126	7456	27178	5289	57826	3557	10385	1118	153579	1660	54918	51606	613210	23098	6386	7414	245973	6037	6464	84617	64167	23608	147700	78989	1832	7850	115361	7329	23197	10673	90423	196500	90025	642	3726	56253	10622	51320	6616	283807	26253	23529	8925	90865	6477	9039	64114	8915	26224	910	197131	5627	54620	140850	51676	5527	5049	3446	10855	130120	3683	51082	5709	2720	89858	978	3449	1783	3181	7726	3661	10376	29945	55236	1191	140885	6888	10875	6654	966	71	3434	2920	5591	26190	5834	8972	1965	23321	23200	10552	23250	9493	80263	83716	4583	401036	8992	2821	1675	6774	55754	3932	22918	4210	7341	1315	27246	26118	5055	9978	427	4692	9818	23220	140462	23118	10970	6773	7334	1471	2176	3718	2187	177	79168	148581	5617	57554	10450	1846	9447	7428	2512	830	1072	79023	3101	114609	79155	6503	50615	84658	718	92591	23385	4050	10451	10293	164	1277	84643	4758	89777	3126	6367	3265	9371	2688	26999	967	3608	4973	124599	5036	23087	4680	51071	115727	3385	6813	3441	27036	10747	2588	4215	1361	9180	5906	81623	3394	10394	8722	2896	3841	11009	64109	2317	24138	6597	3563	140735	10616	604	9871	11274	245911	7704	30	11322	50604	5775	25798	598	116379	3824	6282	3113	10393	3592	1968	6456	55336	27181	387921	6363	5528	28988	26007	23586	23545	115650	3636	10324	2266	10094	1668	5284	3559	5600	10109	4332	9140	5265	2548	9354	7462	8836	64410	10555	55600	57761	10913	51088	9690	1509	129401	3133	5724	285643	5441	10695	10802	920	3845	3107	3043	79980	253260	2919	410	84868	4314	10019	1493	466	1729	9021	51128	5336	3904	2634	4609	79861	3929	5781	3091	6097	7321	9306	1512	51433	6059	55593	5306	5515	374383	5440	51125	3346	7317	4771	51248	55120	6175	246330	5532	7291	5273	255488	1271	81844	23165	3804	4599	5784	5435	3581	1436	8503	79754	11146	51434	5004	56654	3984	245930	9683	2889	27202	6049	84516	5903	5685	4068	8065	4651	3663	3119	6195	29990	1915	14	10379	92912	535	8563	4353	3836	387263	1476	6556	26267	56658	3685	26153	4025	613211	3074	3693	5566	5721	2352	7130	10454	7706	6416	640	2189	6776	5598	5266	93661	11141	5657	10584	245932	4982	7979	27040	6804	3605	4843	4092	146433	7323	84541	8881	2519	9631	5567	9684	4831	7431	246184	154214	51447	347733	1235	968	57161	818	1265	3111	1027	79930	5495	10112	51311	9761	1958	340205	10235	3458	3558	7295	868	163	4615	3309	3561	23495	94103	5645	210	51297	8877	84513	54850	89122	10193	5787	3443	6518	56729	100132285	5602	4938	10425	3146	3386	23650	25852	6317	246	80086	114548	5580	57823	9636	4478	3595	51517	1639	199675	162	7278	22931	3082	8672	10107	7100	81603	1672	81929	1540	10533	9666	3660	223082	5747	608	51348	929	158747	5873	5199	6468	10097	55313	1398	10871	11240	135250	3080	10787	102	1441	10540	3902	143279	2992	3609	51132	55658	57520	10093	54926	5768	26046	55128	719	84329	1489	941	8547	3976	6622	7096	83858	3452	83547	84659	5836	245913	945	10134	974	3688	3093	245938	3831	53833	56667	150372	55801	926	7498	5296	5478	6786	51382	8086	714	8480	6590	26249	417	671	23291	9145	5686	5236	148022	3569	2033	7292	7879	5896	9450	526	5611	5292	54941	1794	3662	114770	114836	55540	114790	25831	57630	817	27297	961	51719	57506	7099	8835	10288	338339	4591	7087	9688	6892	5269	958	2517	84727	7410	5817	3109	9830	12	53831	727897	2243	59307	843	6648	3574	1385	80380	6672	154664	29927	158506	29882	5770	7867	10666	90135	55070	9402	4267	79791	84418	732	23327	942	27	5594	7305	1174	29760	51529	9261	55223	4775	2280	9252	1536	92610	3433	3117	3903	51411	3811	1062	3120	200958	55615	8655	6947	117145	9341	6441	2204	7186	10163	946	1230	10321	3594	79465	115004	154881	8635	139716	1439	1084	23480	9246	8694	103	80301	201456	5525	338	9474	3810	3417	9903	85480	5293	1075	5599	348995	8878	867	6810	5443	51725	5529	27250	4261	716	2495	394263	5783	5864	11277	3598	54739	10484	5008	84078	10010	722	10517	56992	9588	3429	84639	84961	84766	4927	5930	959	8772	9868	23406	3127	55	11006	23114	5595	1147	388646	10219	84708	150726	27338	10857	965	25820	5027	644150	51191	339390	79109	9798	4600	5592	735	2308	142685	5908	3075	3383	1	121260	196527	1380	132014	100133267	140459	3320	80228	10053	5175	79792	6382	80184	1026	3313	4057	57153	6921	8651	10422	101	353189	10487	26259	64223	4128	9533	6793	6402	725	30011	5898	80216	4582	55294	54778	7326	5223	100507436	81930	4589	51619	5023	10381	29127	3454	3710	3240	720	375	730	258010	947	124583	23194	8288	84514	64333	4284	64219	7454	3589	11314	9342	5547	1280	208	2633	9861	1974	1901	4001	79671	8560	6095	9173	5688	5609	93100	8649	8517	6624	301	9820	4846	5660	2358	6844	1896	629	53832	22888	29992	23593	7174	6614	64386	8826	5806	2208	55718	4507	5694	2717	4311	3600	5869	8742	10462	3684	142678	51164	3572	5603	54461	55706	9554	3832	116842	54476	5780	5295	5684	5618	973	3586	10043	3590	6515	8773	100302736	117159	3134	759	89953	26091	54106	140458	6714	4620	130340	57126	64320	57020	6300	5713	1234	5897	4718	80341	79888	10859	1435	10410	117157	8718	970	23511	3384	6727	5553	5695	10581	7311	8744	91543	84166	4869	55819	51209	2040	5005	50617	29851	7422	8554	3635	90678	51428	3597	6657	5434	26232	6895	4208	22861	353514	8907	3456	1401	3593	5689	4360	282617	4214	10273	683	3162	59067	1992	1938	8678	25801	3627	6197	10383	7293	2760	3575	83737	10910	1650	11035	3920	9966	9535	7322	60	3654	22875	2923	3937	3667	9049	9320	823	8566	3576	10092	2887	4650	8452	7324	5526	284266	146722	2689	5718	11069	3837	1670	4033	54210	10475	475	4790	4773	7846	3560	5534	58985	64806	3570	10810	9632	5568	142686	1154	832	260334	1442	55008	2357	330	6737	63891	3615	5300	138050	401258	5771	58480	4313	6809	81622	1369	10159	1445	10411	837	9244	4137	22914	4585	5819	7280	80331	3451	963	9902	6777	126433	79865	51143	114876	733	6868	51666	613209	731	57697	200845	10213	5437	3665	10578	54014	340061	6271	2475	1510	5581	11047	4012	5589	80176	8411	10623	53371	7220	3687	64750	149233	3444	171568	259197	127544	155066	10382	3565	8741	6885	4684	8945	122769	93978	1849	302	2207	23526	8697	1982	5966	51444	9520	10577	4584	81035	5211	9020	2147	84061	1973	5094	11333	2188	8904	11128	79169	7336	3004	146330	5608	5704	9844	2268	10538	64581	2215	140881	5795	23601	7327	51466	3709	5728	4586	1308	81027	245927	3552	63916	118788	9976	30835	8809	7335	8876	23071	160	3135	10878	55860	127247	7316	51330	4282	8778	51728	55824	114907	8638	2534	3055	5579	4794	84261	25840	10892	10671	3840	199990	54209	10396	940	51231	26270	50856	5970	64682	998	100049587	55740	112714	64837	29110	4064	23636	7277	80329	317649	2635	142689	26578	5338	8139	117285	51552	641517	26095	53917	3568	4153	84876	163351	25898	3562	1173	2205	221	1143	329	1514	51295	930	4988	7314	5705	64170	9436	5335	26235	7276	4627	3122	4281	23295	57674	8784	842	23317	829	26268	7448	9522	2322	3310	122665	55958	23412	3448	9870	7297	10006	11026	5371	7529	7187	1438	5909	1052	3604	6356	3577	55176	84231	5696	1326	11120	3728	11031	29108	9883
Immunoregulatory Interactions Between a Lymphoid and a non-Lymphoid Cell	3134	1525	135250	4068	1308	4277	7305	146894	3802	29990	9976	100131439	3812	285852	1278	3824	131450	3135	10859	117157	3806	3821	11025	3384	27180	10225	8778	27181	6402	2209	945	3903	4345	3688	3811	915	11024	3689	54209	22914	975	5819	3803	926	3695	100507436	6441	2214	946	3820	79465	10990	79865	947	10870	80329	11126	11314	79168	1280	340205	8519	917	120425	196500	353514	3133	3107	126014	8174	3676	916	114836	56253	342510	999	930	718	9436	925	259197	3904	3105	933	100132285	11027	29992	114132	6614	3386	10288	1277	7087	2213	7412	374383	912	919	958	89790	23547	910	57823	5817	959	124599	11006	29121	9437	3804	1281	81035	3683	10219	3385	911	3805	11026	339390	3106	146722	89858	10666	27036	51348	56654	567	4267	3383	54210	909	10871
Impaired BRCA2 Binding to PALB2	80010	1763	472	10524	5888	5892	10635	5889	4683	4361	641	5890	675	7156	79728	83990	5932	7486	672	9156	580	7516	116028	10111
Impaired BRCA2 Binding to RAD51	80010	545	1763	5884	472	10524	5888	5984	4683	5810	4361	641	7979	675	5883	7156	84126	5985	6119	5982	83990	5932	7486	3364	672	83695	6118	9156	580	11073	6117	116028	10111	144715	5983
Inactivation of APC C via Direct Inhibition of the APC C Complex	25906	8697	701	4085	11065	27338	8881	7324	119504	51529	64682	51434	29882	9184	246184	996	7321	10393	991	51433	29945
Inactivation of CDC42 and RAC1	57522	80728	23380	9901	998	5879	6091	6035	9353
Inactivation of CSF3 (G-CSF) Signaling	3055	1441	3716	6233	6772	8065	6923	4067	6850	3717	9616	7323	7314	9021	7297	6921	6777	8651	6774	1440	7321	7322	7316	6776	7311
Inactivation, Recovery and Regulation of the Phototransduction Cascade	6010	118142757	2339	2986	1258	5588	5475	100529261	5148	5145	9397	2792	9626	4836	6295	10988	5957	2779	8787	6011	5578	131890	79823	2868	2782	801	1259	2979	5158	23173	388531	3000	10681
Incretin Synthesis, Secretion, and Inactivation	5122	346562	3952	90701	28972	6934	2626	2922	9789	2641	23478	221044	5080	3670	1045	1499	2864	2782	338557	60559	139760	2695	2784	51764	1803
Induction of Cell-Cell Fusion	121601	7113	63982	57719	50636	203859	338440	196527	55129	5045	57101	55107	59272
Infection With Mycobacterium Tuberculosis	6233	1511	5594	9146	2245	5987	4360	5595	4482	4843	26276	80824	5230	4057	7314	3836	51606	2931	11151	3837	57674	6421	567	5868	7316	2023	1737	5524	7097	7879	7311
Infectious Disease	121601	55741	3841	3320	3013	10053	5439	10811	4907	91782	9146	2245	6142	6185	5987	79792	6382	140735	85235	9871	9045	6138	9611	6487	22863	4057	5926	598	6921	5062	4644	9641	2237	10155	51114	54625	1432	9972	23389	6383	2784	6456	23367	10284	6880	113	821	30011	2957	10971	6188	3553	10025	5719	4331	26007	1780	23586	6194	6217	57101	92359	84282	7520	5702	6837	10094	2214	6634	10381	3454	3710	4245	375	81857	83666	56965	6873	10109	6483	5648	6164	4691	351	5925	7454	7936	1839	11097	208	8732	9861	54815	8348	1901	5575	291	6455	5688	5609	129401	3133	8021	5441	10802	25978	920	8517	2963	347688	23279	953	3107	221613	3703	2959	6844	8976	7284	999	84246	5693	26762	51128	51028	5336	8970	79861	5781	8731	4131	3312	6184	27243	59272	10152	51742	128866	2060	7469	1022	5701	9908	2810	5613	5694	51125	5440	5869	6175	3656	292	118429	92815	64601	1108	10096	9282	143	8829	6772	2817	84790	4067	51510	23165	54331	6235	9150	9968	200916	5435	1107	5313	5878	79902	55706	2697	2530	89853	55970	2885	8338	64127	5684	7533	91662	2908	9440	1499	1211	973	3586	6136	486	100526767	5706	8324	57105	6143	6170	85236	7098	5903	4088	5685	3134	5604	5691	6917	23028	124056	7532	1459	6168	140032	8065	54106	4651	6714	6898	4620	130340	7852	5054	1915	94235	57459	5682	22987	64135	5713	80143	5436	23478	1234	3190	3836	5931	4089	6130	4928	256435	10082	8819	51121	10332	402569	257397	1603	902	5566	9439	23511	55823	10454	3978	2787	5879	7706	6416	6035	6206	375790	23225	2209	3459	8106	5695	127833	5606	1616	7311	81030	115	114	9817	7525	6173	4869	6224	79720	6635	5119	63982	7979	11218	6804	7474	3605	4686	55129	2212	4843	147179	57504	9631	5567	6166	7415	27072	5501	6218	51003	9360	2719	857	338440	4124	7422	8345	2785	3708	2791	347733	1460	6147	8331	7405	6637	7175	3440	8815	23097	3838	2926	5434	6230	51311	4641	3445	7040	2770	6135	6192	7296	917	892	79833	8907	23193	3456	163	5133	5479	6123	5689	9475	6228	7295	4360	6132	6234	6484	1387	89122	8027	3676	5230	3162	3443	684	1938	6159	51807	8678	161	60489	8342	10383	2197	5717	6606	6203	10207	83737	6229	4736	219541	1650	11035	25873	11151	6208	10910	60	50636	6482	3654	84168	928	5433	9672	6144	80086	114548	23191	54956	203068	2965	5683	2788	3065	9636	1175	6201	3667	9612	8341	1025	79872	51517	8487	5700	1956	2068	162	7518	6633	7278	10280	10092	4650	7409	6210	8452	53826	1778	81929	482	53822	3455	6667	6152	8812	6884	55090	1800	3106	2786	23521	2781	6124	6385	481	55690	6924	5747	5718	5902	10769	9219	929	3837	155382	9441	3614	1857	5025	207	10097	3017	3554	1398	10681	4790	480	3071	6907	9442	5692	6191	10787	7846	6169	8349	7555	3303	30849	3570	51317	811	55107	10810	9899	5576	5568	111	9632	9789	51284	4792	6122	26276	221914	22916	10093	10146	10898	10001	79849	260334	476	834	719	51224	2931	25855	65082	3615	7096	695	9349	6421	253832	10095	203859	3452	10951	2962	2783	4690	1535	140801	107	10333	10134	974	1628	8334	3688	25	905	6877	27090	10392	7456	81631	5289	112950	926	7280	9397	4482	4836	3480	11123	293	3451	3725	5170	5478	2771	2547	9412	8086	51606	1213	8480	9332	11168	11282	2874	6908	2262	801	7189	83860	10254	23476	3159	1793	51143	4249	6139	5686	60559	2687	8726	93343	6749	6872	55845	84617	6868	478	3569	2966	8340	112755	10458	2033	10213	5437	3665	7879	2002	51764	92421	340061	5610	6457	7113	1312	84875	2778	2932	11047	1457	3716	51586	7251	6233	5589	1511	7329	6874	5901	10362	5708	6879	5611	6632	55048	1794	5349	8841	53371	7514	112744	5499	3444	6616	51185	23512	3066	6829	404672	3105	2589	4780	8178	2146	10628	11320	57506	6193	10382	3276	7099	90390	1856	64426	1855	79718	6885	50628	9688	8945	6137	5045	3551	483	1854	23339	51534	7410	2967	6232	51065	6141	6189	4233	5573	5605	6209	3446	9477	100529261	7841	6843	5714	6732	3439	10000	84061	3839	109	5094	1781	1385	9112	6146	5608	5704	5709	196883	9844	9900	2268	3449	79760	23765	1783	6157	6125	10762	79668	116832	255626	567	5868	3661	10376	5524	6154	7534	10768	11311	51304	55588	23327	6654	71	3709	6129	5430	81027	3339	904	79651	5777	5594	6875	3552	112	63916	9862	10610	28972	10728	6850	1174	3717	84313	30835	54960	7335	10552	400569	80824	6207	29760	54797	1104	5431	9525	1524	8905	160	2280	317772	8737	6181	6187	3135	11267	6500	6878	9969	6827	3932	7316	51616	1737	8936	2773	4210	10800	2534	79685	7341	128312	6396	1655	2339	3055	6636	2968	7991	25921	3981	5348	3843	6480	3840	8655	137492	57719	6160	6202	940	10427	440689	9978	6441	10163	6223	79643	23643	9818	5970	108	23118	998	3921	3178	10015	112714	6171	2782	6134	29110	1024	2961	138474	23636	9246	142	3442	6773	7277	7334	6628	3718	4247	1452	85437	9443	2790	25929	6156	136	5599	51201	3326	348995	8148	6128	4153	6133	7428	3606	80306	867	29082	79023	23479	11253	1500	5432	55746	1173	2792	6158	2793	6165	10465	4939	5438	25834	1514	7314	59345	5705	2239	718	6167	64174	3460	2678	6176	5335	6231	10484	11198	2958	27183	5500	4627	51271	10451	164	3018	29079	57674	861	53828	2023	6222	4791	23186	27035	51497	53615	6205	919	7097	5690	5469	346562	29801	4927	11224	26999	57122	9868	6857	2984	5687	6733	79844	6923	25920	6227	51160	90701	7082	2071	5595	5905	1147	5707	6161	3448	84818	57617	477	6881	6204	25820	5027	7297	10006	51191	5371	5978	644150	7529	7187	3441	6883	8767	6093	10747	1052	6882	2288	54457	9111	2960	5928	196527	957	7531	6155	29108	9051	5577	9883
Inflammasomes	596	3326	9447	58484	22861	7295	598	3162	24145	5027	5970	834	4790	10628	10910	351	4791	29108	9051	4210	114548
Influenza Infection	3841	3320	6191	6129	5430	6169	140032	5439	6168	3303	6142	811	6122	9045	6138	5436	6207	10898	3836	6130	4928	5431	51121	402569	6181	6187	23511	9349	9972	2962	6206	23225	140801	821	8106	7311	6188	6396	6173	6224	3843	6194	6217	3840	6160	6202	293	6223	9631	6166	9818	8086	6218	1213	8480	3921	6171	6134	6164	6139	23636	142	6147	7175	3838	2926	5434	6230	5437	11097	6156	5610	348995	6128	7040	6133	6135	6192	6233	5901	129401	79023	8021	6123	5441	6228	5611	2963	5432	55746	23279	6132	6234	6158	7514	53371	6165	5438	6231	6167	6159	6176	2197	6193	6203	6229	4736	6208	25873	6222	9688	5440	6205	6137	5433	6144	6175	9636	4927	11224	6232	51065	6201	57122	6141	6189	6209	6227	23165	6235	200916	5435	6161	79902	55706	3839	6210	6204	81929	6146	6152	23521	6124	1211	6136	6157	6125	10762	3837	116832	6143	6154	6170	6155	5903	9883
Influenza Viral RNA Transcription and Replication	3320	6191	6129	5430	6169	140032	5439	6168	6142	6122	9045	6138	5436	6207	6130	4928	5431	51121	6181	6187	23511	9349	9972	2962	6206	23225	140801	7311	6188	6396	6173	6224	3843	6194	6217	6160	6202	6223	9631	6166	9818	8086	6218	8480	3921	6171	6134	6164	6139	23636	142	6147	7175	2926	5434	6230	5437	11097	6156	348995	6128	6133	6135	6192	6233	129401	79023	8021	6123	5441	6228	5611	2963	5432	55746	23279	6132	6234	6158	53371	6165	5438	6231	6167	6159	6176	2197	6193	6203	6229	4736	6208	25873	6222	9688	5440	6205	6137	5433	6144	6175	4927	11224	6232	51065	6201	57122	6141	6189	6209	6227	23165	6235	200916	5435	6161	79902	55706	6210	6204	81929	6146	6152	23521	6124	6136	6157	6125	10762	116832	6143	6154	6170	6155	5903	9883
Inhibition of Voltage Gated Ca2+ Channels via Gbeta Gamma Subunits	3763	2788	9568	3765	3759	54331	3773	3768	94235	2792	2793	55970	59345	2786	2550	2785	2782	3762	2791	3772	3761	3766	2787	2790	3760	2784	2783	10681	51764
Inhibition of DNA Recombination at Telomere	128312	8348	8334	3013	7013	26277	474382	5430	8341	8349	5439	5441	25913	5435	55766	5432	94239	54386	5436	5438	8338	5431	8342	8345	8970	546	3018	255626	7014	8331	54145	8340	65057	5440	5434	3017	85236	5437	5433	1616	8290
Inhibition of Signaling by Overexpressed EGFR	1956	1950	255324	374	685	2069	7039	1839
Inhibition of Replication Initiation of Damaged DNA by RB1 E2F1	5519	28227	5518	5925	5516	7027	1869	5515	5422	23649	5558	7029	5557
Inhib of Proteolytic Activity of APC C Required for Onset of Anaphase by Mitotic Spindle Checkpoint	25906	8697	701	4085	11065	27338	8881	7324	119504	51529	64682	51434	29882	9184	246184	996	7321	10393	991	51433	29945
Initial Triggering of Complement	712	78989	2220	4153	10584	1401	716	2219	3004	718	714	720	629	1675	5648	8547	10747	715	713	5199	717
Initiation of Nuclear Envelope (NE) Reformation	983	23141	2010	4001	7112	22933	23592	7443	891	5518	221496	9133	4000	3837	7444	3930	5515	8815	5520
InlA-mediated Entry of Listeria Monocytogenes Into Host Cells	1500	7316	1499	79872	6233	7311	6714	7314	999
InlB-mediated Entry of Listeria Monocytogenes Into Host Cell	2060	2885	6457	30011	7316	6455	6456	4233	6233	867	8027	9146	10254	7311	7314
Innate Immune System	2896	712	2950	3320	147945	5329	4257	80231	245972	5328	538	5175	79792	160364	4179	80184	11274	2244	196051	245911	7294	30	11322	5775	25798	4057	598	57153	1522	5062	6282	3824	8651	4644	197358	101	272	353189	10487	441864	9641	6778	3822	1604	3958	1432	57115	9533	6793	47	6402	725	387921	2799	201294	10493	80216	4582	8398	527	6039	5528	596	28988	3553	5719	51646	6993	26007	23586	23545	56954	54472	84282	3689	4361	5223	7520	5702	4589	820	2266	10120	10094	1668	2214	2665	5023	5284	5473	11010	3710	3240	720	5600	730	533	258010	10109	4332	5648	6285	9140	5265	124583	5519	2548	84514	8288	114771	64333	351	4284	10133	7454	7462	11314	1116	1845	5291	8836	9342	54509	10555	55600	5547	9861	5063	79671	353	8560	1520	10075	1509	1378	5609	93100	5688	3133	5724	5646	8649	5441	10695	920	8517	3845	3107	126014	3043	79980	2919	4846	5660	410	2358	4793	23352	342510	1729	466	24145	710	5693	8976	7128	5336	3078	1386	5337	629	3929	3702	5781	121260	3312	7321	23593	5701	1512	10152	3579	64386	8826	5806	28511	55593	55718	566	80142	5515	5694	5440	2717	1828	51125	3346	4311	4771	10562	51248	5869	3656	246330	10462	5532	5273	3684	10096	149954	81844	4067	26052	5603	5435	5878	10788	5516	1508	53916	338324	116842	54476	3426	1774	5518	2885	64127	5295	5684	1499	5004	10043	29108	9725	6836	3984	245930	6515	81567	8773	240	9683	100302736	27202	5706	92747	22954	7098	117159	10071	4893	9545	5788	5685	5691	5604	94025	841	118430	54106	387	4651	6714	3663	4620	57126	6195	5682	1915	388697	14	64135	6300	5713	80143	57020	535	948	4353	727	960	387263	1476	10312	4718	6556	257397	80341	79888	326624	3685	1727	4025	613211	3074	81494	1848	2934	5566	4048	7226	2352	23218	7130	10454	715	3384	5879	6280	7706	6416	6035	6727	7006	5553	5695	2209	81030	10326	5606	175	5598	653361	7311	5266	28956	7525	84166	197	2444	5657	10584	245932	6286	4772	975	400830	7979	27040	51209	2040	4843	7323	2212	3809	5005	147179	2519	5567	7415	9684	245937	79895	4831	50617	835	729	51135	11001	245915	3708	9097	1235	968	1460	51428	3848	57161	1265	7077	1088	79930	3440	6709	6036	58485	5434	5058	51311	9761	4641	11213	3445	4208	2220	917	3347	9961	10235	22861	28512	8907	3456	1401	1991	7295	4615	5689	7157	94103	5645	210	51297	84513	1387	729230	4214	89122	5530	5787	683	3162	3443	684	84433	6518	245929	1938	1992	5971	5641	161	25801	6197	56729	10383	100132285	5602	5799	5717	2760	83737	10910	1650	3146	5894	11035	3920	25852	9535	5870	60	178	7322	6317	3654	1515	8804	8454	2353	22875	1759	203068	114548	23191	5580	5683	3937	9636	23646	4860	8621	51517	81793	25797	199675	64145	5290	823	5700	8566	22931	55832	3916	10092	4650	7409	4689	1778	7100	230	1672	1540	245934	10533	6361	10877	3106	4069	5912	284266	5747	5718	10890	932	929	3837	158747	1670	9296	5873	3614	4033	5199	54210	1513	10097	55313	1398	475	2990	4790	3071	4773	11240	5692	3080	10787	102	661	2992	3303	30849	128859	5534	10810	143662	1669	5568	5880	51284	4792	79132	283463	634	55004	10093	8895	5768	1654	834	728	2357	330	719	374395	84329	5601	6737	8547	3615	140683	138050	3806	695	5300	401258	83858	7096	11025	10095	3452	27180	84659	4690	5836	10125	1535	4126	6288	245913	1369	81622	10159	945	1370	9208	10621	10333	6283	81619	9550	5315	3093	222487	25	245938	116844	837	1687	6279	10392	7456	56667	3813	4585	22914	5289	150372	57826	1118	80331	534	5296	1660	3451	54918	3725	5170	5478	2547	4588	57162	6406	963	51382	714	51606	6590	8673	613210	290	4842	391	23098	417	6386	317	671	801	55703	7189	245973	6037	23291	1793	51143	9145	7414	5686	84443	5236	6464	733	55845	148022	613209	5663	731	10458	2033	10213	5437	3665	7879	10578	2002	7133	340061	6271	78989	1832	5581	9450	11047	23197	90423	6233	5589	1511	526	5708	8411	3934	5611	4688	54941	10623	1794	3687	114770	10694	10622	3444	6616	114790	171568	127829	26253	10628	9039	27297	961	51719	1785	64114	57506	7099	155066	8915	127124	8993	4125	10288	338339	6885	245939	729238	57119	8945	5269	3551	93978	84265	1849	2517	7410	2683	302	245936	5627	12	2207	140850	23526	58484	4317	1113	53831	5049	10577	3446	10855	727897	245928	2206	2243	4584	9020	5211	3683	3439	5714	130120	59307	2147	528	84061	843	5094	11333	26	8904	11128	1385	79169	51082	170506	7184	3004	529	5476	154664	5608	5704	5709	9844	2720	7867	2268	978	3449	64581	9402	567	10576	3661	2215	140881	5795	976	1191	23601	84418	140885	10768	3428	732	10875	6654	411	71	327	966	3709	8514	4586	51806	245927	5777	5594	7305	5591	5834	6196	121457	63916	226	8972	6850	30835	1671	23200	6278	7335	10552	8876	23250	3163	8887	9218	9261	83716	23071	4583	5320	4775	8992	388698	2821	8737	1675	6500	9252	55754	10878	55860	1536	140453	653509	92610	383	713	3932	7316	4282	29952	2171	51728	8778	8936	22918	4210	2534	3903	51316	997	1315	3055	51411	9040	25840	200958	10892	8655	5317	54209	6947	10396	6441	2204	51231	7186	10163	427	50856	23643	10321	23220	5970	23118	998	100049587	115004	10970	29110	8635	1084	847	4064	9246	8694	3442	7334	1823	1471	26578	80301	5338	51552	170482	338	9474	117285	3417	3810	641517	177	53917	717	57554	1075	5599	56888	3326	10450	1846	9447	4153	2512	830	4318	4205	5588	1072	3101	114609	716	2495	2205	2219	394263	221	79155	5864	1143	329	1514	51295	930	84658	11277	5705	64170	718	29099	9436	7314	5335	122618	10010	7276	23385	4627	7318	10451	722	5068	3482	4791	7097	919	4758	5690	89777	3265	6367	9588	842	23317	829	84766	523	26999	967	8772	3608	4973	9868	7448	9522	5687	23406	55	124599	5036	4680	3310	23114	122665	5595	51071	115727	1147	5707	23412	3448	3385	10857	965	525	374403	5027	8987	10006	51191	11026	644150	7187	9798	735	9846	3441	8767	6093	10747	5908	2588	1361	3075	1	3577	55276	10549	196527	5906	1326	1380	81623	10394	3728	11031	100133267	9051
Inositol Phosphate Metabolism	5333	3631	23007	9677	55190	3706	5332	5728	11165	23262	55586	5330	253430	3636	51196	84812	9108	3707	64768	66036	11163	8867	170685	8821	23236	3633	5336	5335	122618	27124	51447	117283	801	3612	4952	51477	113026	5331	9807	3632	3613	3635	9562	89869	3705	9651	80271	3628
Insertion of Tail-Anchored Proteins Into the Endoplasmic Reticulum Membrane	51608	2010	8266	9381	5621	6804	118424	6844	9218	3162	7485	224	1528	27230	7917	23480	10952	439	6449	351	819	6811
Insulin Processing	5122	5126	25924	3798	1363	55763	60412	23265	3630	3800	64924	6804	10640	57393	54536	6844	149371	11336	4644	169026	55770	5034	5873	3799	56605
Insulin Receptor Recycling	527	9550	523	3643	90423	245972	526	23545	1509	528	537	3630	534	535	525	51382	10312	51606	50617	529	8992	5770	533	155066	127124	245973	9296	5792	3416
Insulin Receptor Signalling Cascade	208	57761	2255	2549	3643	2323	3667	10818	2260	2322	8074	54106	5594	30849	5140	2247	27006	2251	5290	5289	5595	3845	117145	3630	2248	2887	5296	5170	2246	8822	9365	2885	5295	8660	152831	2253	2263	5781	8823	9846	2264	2254	6464	2249	26281	2250	8817	2261	5291	4893	3265	2252	9965	6654
Insulin-like Growth Factor-2 mRNA Binding Proteins (IGF2BPs IMPs VICKZs) Bind RNA	960	60	4609	10643	10644	10642	3481
Integration of Energy Metabolism	3709	3747	6794	5207	6812	2181	112	1131	775	94235	111	5576	5568	2641	948	150	23236	9370	5566	2787	2784	2783	47	113	5578	107	5528	114	115	10411	2740	5330	784	3630	6804	31	2771	2182	5567	776	3710	108	2767	2785	2864	9630	2782	3708	5519	2791	32	777	2194	51764	2790	7086	6861	2778	152	2770	5575	3790	51085	51094	6833	2792	2793	4082	10554	6844	5563	6616	59345	6888	26251	5331	79602	8826	783	5515	5565	2642	2788	6513	773	9254	5573	6514	54331	2776	5313	5516	6945	109	2769	55970	3767	5518	2786	196883	51422	11069	3745	5906	9495	10768	10681	5577
Integration of Provirus	3836	7518	7520	11168	8815	3981	5478	2547	3159
Integration of Viral DNA Into Host Genomic DNA	8815	3159	11168
Integrin Cell Surface Interactions	3679	3678	6696	3339	5175	7057	2244	7450	1307	3791	3696	1278	1292	960	80781	1284	1311	3685	58494	3693	1296	50848	3384	3673	3672	2200	2335	375790	1298	3688	4060	131873	3690	682	3674	3689	3695	3381	3694	2266	1305	3655	1289	8516	1280	1299	50509	3681	1297	3687	8174	3676	999	3682	1291	1295	22801	961	1285	1293	3386	1287	1277	7087	7412	1286	91522	1300	3684	7448	1282	2243	1281	8515	1294	1290	3683	1288	3385	3680	3371	3675	3383	256076	83700
Integrin Signaling	1445	10411	10235	3690	6714	3674	2243	6850	2244	54518	2266	7450	5170	2885	9564	5770	5747	7094	11069	5908	6464	2335	5906	207	10125	1398	6654
Interaction With Cumulus Cells And The Zona Pellucida	2515	22917	11085	2683	5016	8747	7783	6677	7784	8748	57829
Interaction Between L1 and Ankyrins	71	6712	6327	51332	6331	23114	4897	6335	6336	3897	288	6708	6323	3786	6330	3785	6710	6329	6334	6328	286	6324	6711	287	57731	6326	60	6332	11280	6709	55800
Interactions of Rev With Host Cellular Proteins	6396	348995	4927	57122	4869	5901	129401	79023	23165	8021	5905	55746	23279	79902	7514	55706	53371	9631	81929	1104	9818	8086	4928	8480	5902	23636	23511	3837	10762	9972	7175	9688	23225	5903	11097	9883
Interactions of Vpr With Host Cellular Proteins	292	6396	348995	4927	57122	291	129401	79023	23165	8021	55746	23279	79902	55706	53371	293	9631	81929	9818	3836	8086	4928	8480	11168	3159	23636	23511	10762	9972	7175	8815	9688	23225	5903	11097	9883
Interconversion of Nucleotide Di- and Triphosphates	221264	204	203	7296	2745	7295	4832	79077	6240	122481	4830	7298	56474	2936	1503	1635	4831	26289	25961	50484	51727	6241	4833	158067	2987	102157402	1841	205	1854
Interferon Signaling	3134	3434	3841	201626	9775	7846	2317	24138	81027	3306	3303	5594	3609	5777	3663	6898	3119	1965	3717	11274	10379	23321	80263	960	3836	55223	260334	85363	4928	55128	3669	402569	8651	3113	6737	3135	6774	10410	4734	5300	8575	3305	23511	6622	5771	9972	7706	1968	3452	3433	7316	4690	3117	2189	23225	2209	10581	3459	8638	7311	91543	7341	80128	6396	91442	3120	4869	23586	3840	3118	199990	4137	2537	7280	3664	4092	1660	3451	54920	4904	10381	9631	3454	9818	8086	8480	115362	2175	112714	51447	3437	8554	23636	5519	9246	347733	6773	3442	7277	818	317649	103	2635	2176	5525	2316	84617	3440	3838	7175	57697	2187	3123	4940	7334	3665	5495	6895	1977	9470	2633	11097	5610	3659	117854	1974	348995	3445	115361	1958	3716	7329	8519	163351	6233	3458	3456	3133	129401	79023	10437	8021	5724	5611	7157	8517	4261	347688	55746	23279	2178	3107	815	10612	53371	8877	3430	3662	4939	3444	9021	3443	7314	684	54739	84790	51807	3460	8678	5335	3105	2634	10383	79861	5781	817	51127	57506	3312	10382	53840	4938	3122	4281	5894	23650	6059	5515	4684	9688	7412	3551	80233	3126	80086	55120	3429	5580	11074	983	9636	4927	57122	9830	3608	1982	6772	3127	23165	3446	10346	23087	79097	7318	3115	4599	5595	816	1147	3439	7278	79902	5516	3448	55706	388646	8672	1973	3839	25939	4502	2188	10107	81603	7324	81929	3455	25820	5518	6672	51191	7297	5371	5608	3106	5770	8894	4600	3660	6041	3449	3441	10762	3837	567	3125	3383	3661	10376	7726	5696	3394	1981	10475	5903	9883
Interferon Alpha Beta Signaling	3134	5610	3659	91543	3434	9636	3445	1958	24138	3716	8519	6233	6772	5777	3456	3133	3446	3663	2537	4599	3664	3439	3107	11274	10379	3448	3430	25939	3662	4939	3451	3454	3444	9021	3443	3836	684	3455	7297	7314	54739	3669	3106	8651	3105	2634	5770	4600	5781	3135	51447	3449	3441	3660	6041	10410	3437	4938	3837	6773	3442	6059	103	3661	7316	3452	3433	3440	5696	4940	3394	10581	3665	8638	7311	3429
Interferon Gamma Signaling	3134	5777	5594	3663	3119	3717	10379	23321	80263	960	55223	85363	55128	8651	3113	6737	3135	5771	7706	3117	2209	3459	8638	7341	80128	3120	3118	3664	4092	4904	115362	8554	818	2635	4940	3123	3665	2633	3659	117854	115361	3716	163351	3458	3133	5724	10437	4261	3107	815	10612	3662	4939	9021	3460	3105	2634	5781	817	51127	53840	4938	3122	4281	5894	23650	7412	4684	3126	5580	11074	9830	6772	3127	10346	23087	79097	3115	5595	816	388646	4502	10107	81603	6672	5371	3106	5770	3660	567	3125	3383	3661	7726	3394	10475
Interleukin Receptor SHC Signaling	3568	3716	3560	5777	3558	5290	3562	3563	3636	3561	3717	5296	8503	3559	2885	5295	9846	1439	1438	3567	3635	6464	6654	3718	5291	5293
Interleukin-1 Family Signaling	5691	5604	5692	8807	841	5777	121457	3552	79792	5682	11274	4792	5778	8809	5713	7335	5775	3556	257397	834	6774	6500	26525	92610	5771	10454	7316	6416	10068	5695	27177	6288	7311	80216	6283	3553	5719	84166	11141	54472	10392	27178	7979	3557	5702	9978	7186	57162	9684	5970	23118	51135	29110	7189	23291	6285	9097	5686	57161	7334	351	10213	26095	177	4088	5599	9861	11213	7850	11047	79671	3606	8878	6233	1511	9173	5688	28512	27179	4615	5689	7157	8517	79155	5783	4793	7314	5705	5693	26469	25930	90865	5781	5717	3565	5701	3146	28511	6885	3654	4791	8454	5694	8945	3551	5690	3656	246330	84639	3596	5683	5687	5700	5784	59307	5714	1147	5707	8808	5780	64127	5684	5608	5704	5709	5718	8767	56300	4215	240	9683	5706	5782	84867	1326	3554	5708	4790	5685
Interleukin-1 Processing	79792	5970	3553	834	4791	3606	1511	3552	4790
Interleukin-1 Signaling	5691	5604	5692	841	3552	121457	5682	11274	4792	5713	7335	3556	257397	6500	92610	10454	7316	6416	5695	6288	7311	80216	6283	3553	5719	84166	54472	10392	7979	3557	5702	9978	7186	57162	9684	5970	23118	51135	7189	23291	6285	9097	5686	57161	7334	351	10213	177	9861	11213	7850	11047	79671	8878	6233	5688	28512	4615	5689	7157	8517	79155	4793	7314	5705	5693	5717	5701	3146	28511	6885	3654	4791	8454	5694	8945	5690	3551	3656	246330	5683	5687	5700	5714	1147	5707	64127	5684	5608	5704	5709	5718	8767	4215	9683	5706	1326	3554	5708	4790	5685
Interleukin-10 Signaling	3553	942	7850	7076	7124	3588	3716	3606	2920	3593	5724	3552	7132	5743	6347	3576	3557	729230	2919	388372	1234	1230	7297	3587	2357	3627	6774	3586	1435	1440	6348	941	3592	3976	2208	3383	6352	3569	6364	3554	6363	6367	7133
Interleukin-12 Family Signaling	829	2939	302	759	6175	4001	4478	3595	3716	6772	9446	9049	3458	9244	1072	3593	6775	5055	3185	3572	27250	3717	6627	6950	6648	5478	3313	149233	9987	7297	3594	998	5062	375	51561	5721	9466	6774	3586	10148	6845	3592	5908	6647	3181	5034	5306	1265	4282	4507	246778	6888	821	5898	3936
Interleukin-12 Signaling	829	2939	302	759	6175	4001	4478	3595	3716	9446	9049	3458	1072	3593	6775	5055	3185	27250	3717	6627	6950	6648	5478	3313	9987	7297	3594	998	5062	375	5721	3586	6845	3592	5908	6647	3181	5034	5306	1265	4282	4507	6888	5898	3936
Interleukin-15 Signaling	2885	3561	6464	6777	3716	6655	3601	3718	3560	9846	6774	6776	3600	6654
Interleukin-17 Signaling	1849	3656	5604	5599	5528	4208	1846	6233	4205	5609	5594	64806	6196	10392	6195	8517	5595	1147	5516	79155	51231	84818	3605	112744	7335	3725	1385	7314	466	55540	5518	9261	64127	7311	5608	23118	27189	5600	257397	6197	1386	7867	5602	4790	1848	5601	7189	6500	23765	9252	8767	23291	5519	1432	10454	7334	6885	3654	7316	6416	8454	2353	8945	1326	5515	1845	132014	5606	2002	5598	3551
Interleukin-18 Signaling	27178	3596	8807	240	3606	10068	8809	3565
Interleukin-2 Family Signaling	3568	3716	6772	3560	5777	3558	3578	6775	5290	3562	3563	3636	3561	6850	3581	3717	3601	5296	3965	3559	2185	50615	8503	84868	59067	2885	5295	6777	9846	6774	1439	1438	3567	3635	6464	3932	6654	6655	3718	5291	6776	3600	5293
Interleukin-2 Signaling	3561	6850	6464	6777	3932	6776	3716	3718	3560	3558	3559	2185
Interleukin-20 Family Signaling	11009	3588	3716	6772	53833	58985	6775	55801	3717	282617	50604	9021	7297	6777	282616	116379	163702	282618	5781	53832	6774	50616	6773	29949	3718	6776
Interleukin-21 Signaling	59067	3561	6777	3716	3718	6772	6774	6776	50615	6775
Interleukin-23 Signaling	7297	3594	5034	3717	51561	6774	3593	149233	6775
Interleukin-27 Signaling	3572	7297	3717	3716	9466	6772	6774	246778	10148	821	9244
Interleukin-3, Interleukin-5 and GM-CSF Signaling	3568	3055	7525	3716	6233	867	3560	5777	3558	4067	5290	3562	3563	3636	3561	6850	3717	5296	5293	7409	3559	8503	7314	29760	2885	5295	6777	5566	5781	9846	1439	1399	1438	3567	3635	6464	2889	6654	6776	7316	7006	3718	7534	5291	1398	7311	2534
Interleukin-35 Signalling	3572	7297	3717	3595	3716	9466	6772	6774	10148	821	3592	6775
Interleukin-36 Pathway	26525	84639	3556	56300	27177	27179	8808
Interleukin-37 Signaling	5777	27178	5784	59307	5778	8809	5783	5775	5780	26469	834	25930	5781	29110	6774	5771	5782	10068	84867	26095	4088
Interleukin-4 and Interleukin-13 Signaling	3320	3570	3552	5743	604	3717	4170	948	1278	1026	6935	598	2162	51561	8651	356	6774	6778	3592	3976	4128	58480	4313	2335	6288	4985	4582	596	3553	3688	7124	79923	3689	595	3605	4843	4692	7431	7422	2625	3597	3569	3718	6657	7133	1901	7040	3716	6095	3606	4318	5443	3593	3934	3561	7157	5292	6624	6347	301	3687	3662	112744	5451	3726	149233	4314	9021	3162	4988	3598	5008	4609	3929	3091	6097	3312	3565	2208	7412	2353	246	6367	4312	3596	7291	3684	7076	3911	6772	3566	2247	9655	3576	2309	3082	332	7184	7297	5295	3586	10538	2308	1052	6356	3383	240	207
Interleukin-6 Family Signaling	3716	1271	6772	867	9244	3570	3572	3717	9021	7297	5008	23529	5781	1489	6774	3976	3590	133396	3977	386653	3569	9180	3589	1270
Interleukin-6 Signaling	3572	7297	3717	3569	3716	5781	867	6772	6774	3570	9021
Interleukin-7 Signaling	64109	3667	3716	6597	3561	3082	5296	8503	1154	3574	5897	5295	8660	6777	8651	6774	3575	8835	3718	6776	5896	85480	54014
Interleukin-9 Signaling	3561	6777	3581	3716	3718	6772	6774	3578	6776
Intestinal Absorption	6518	6248	29881	6523	6514
Intra-Golgi and Retrograde Golgi-to-ER Traffic	23046	9609	23423	22930	347517	7846	1523	89953	81027	10540	4905	339122	5861	54732	25839	24137	90990	140735	53407	55614	381	55850	9712	26958	3833	9570	8729	9493	832	10466	260334	3834	90196	26153	3835	11316	84364	55860	83452	64147	9321	377	57134	81876	55083	3796	3799	51594	60592	27314	372	22818	4074	122830	8398	1315	9827	250	10228	93661	1062	1780	57589	3831	9183	10671	8655	3798	25782	7280	9341	81930	3800	51209	2590	143187	9367	84342	51226	79571	29127	10381	375	4124	51542	112714	64837	55605	1314	9585	51143	9648	5048	347733	7277	84617	26286	221458	83548	2803	60560	51272	147700	10972	9342	10112	51014	10139	400	9527	8674	27333	830	9265	10652	285643	23647	55738	3797	4121	11015	124602	8775	8675	347688	10905	10121	8774	11004	84790	51807	91949	2589	10383	8677	60561	79861	5321	10382	378	56894	51560	5870	547	146909	57511	9267	3482	22836	10226	84643	10959	23095	56992	23299	10945	6811	80086	9266	9371	829	54734	738	22920	10244	10618	11258	9382	1639	27128	5049	22820	4122	51164	22796	7278	22931	9554	3832	55275	1781	1778	23303	10749	2800	11127	5050	63908	11014	662	1783	9950	113220	55582	6836	84316	636	10376	7110	84516	9276	11311	6293
Intra-Golgi Traffic	9609	54734	9827	9527	250	10228	347517	27333	1523	57589	4905	9265	9382	10652	27128	25839	4122	4121	22796	8775	8675	10905	143187	84342	8774	9570	10466	375	91949	63908	4124	9950	9321	83452	57134	57511	9267	83548	51272	27314	11311	9342	9266	6811
Intracellular Signaling by Second Messengers	5691	5692	246175	255324	3709	942	2100	23028	5728	1459	5136	8870	26960	5594	7101	6714	112	2251	10325	80351	10542	57690	50852	5987	5682	5576	5568	111	118788	57459	5880	55004	5713	2246	1026	9218	23466	5931	3556	6446	4908	5154	814	84335	2066	2931	5566	4193	941	64223	4734	4343	3815	8395	192670	3932	5879	7316	1822	2069	6035	100132074	2261	5695	113	5578	8975	107	7311	9965	2534	5528	114	115	2549	28956	1911	5719	627	10818	84733	2260	26523	8074	2444	8394	55615	156	5582	7979	9542	940	5702	117145	3630	5296	5170	3725	64121	8822	5305	6801	57504	5567	9365	7249	3710	57167	108	29851	6591	51135	391	2263	5155	8823	192669	801	6199	2264	10645	3708	4915	7189	7874	4909	5519	10014	10718	1460	8726	5686	23112	818	10670	23608	11060	2249	5525	1027	2250	3838	10213	5291	57332	1839	5293	208	6009	2475	9861	54815	2255	5581	57761	2932	2323	11047	1457	1958	5575	84232	6233	22955	9173	5159	5688	23035	5468	6015	27006	8649	4615	145957	2122	5689	5529	7157	58528	815	8841	2248	253260	3084	10273	27327	7314	930	23512	572	3066	5705	8660	152831	5693	2253	23396	5335	1386	2146	90865	817	5717	5781	6045	7039	2254	4916	5701	57521	3654	5714	685	5515	8817	5613	5156	53615	80012	27161	80243	5690	5694	23186	8396	842	84254	5580	5683	3065	389541	4303	5685	3164	1108	3643	8658	3667	4233	8535	2322	5573	5687	5137	5527	2247	5153	5290	5700	1956	23239	374	1107	816	2065	2309	1147	5595	23252	5516	3082	5707	10000	1912	109	7409	8503	5526	1385	9112	81847	2099	5518	2064	2885	51564	5295	5371	5704	5684	5709	5978	196883	6615	153129	79109	9846	5718	2308	331	9219	1950	5928	4254	79837	5706	26281	100532731	207	10768	5708	2252	5577
Intraflagellar Transport	23059	112752	79659	57576	7846	55081	57560	22920	81027	83657	57539	8655	3797	57728	55112	140735	64792	7278	7280	80173	10381	90410	9742	28981	84790	11127	26146	8100	6991	55764	10383	200132	10382	3842	9321	79809	347733	255758	7277	84617	89891	92104	83658	10376	9371	26160	150737	11020	51626	51098	56912
Intrinsic Pathway for Apoptosis	10971	208	7161	5599	596	840	836	841	7027	7532	7159	1687	5534	5594	8655	8626	5533	23368	79792	7157	140735	5595	4836	56616	1869	708	10000	54205	22900	598	578	57099	572	7533	55075	7529	1029	317	6774	5366	90427	7029	27113	331	637	581	2810	207	10018	3002	7531	7534	51074	842
Intrinsic Pathway of Fibrin Clot Formation	5270	5627	2157	2161	5104	2147	2812	7450	708	2	2811	2815	710	3818	462	3053	2160	3827	2158	2159	2814	5624	5547
Inwardly Rectifying K+ Channels	3763	2788	9568	3758	3765	10060	3759	54331	3773	6833	3768	94235	2792	2793	55970	59345	3767	2786	2550	2785	2782	3770	3762	3764	2791	3772	3761	3766	2787	2790	3760	2784	2783	10681	51764
Ion Channel Transport	121601	162514	80727	27032	245972	80036	7223	65125	538	55107	9914	1185	1180	7222	65268	1181	219931	23120	51393	23200	51076	535	844	23250	65267	10312	1182	476	6446	8992	529	8737	8989	489	7226	286410	23400	6263	161003	203859	7316	23678	57198	55515	7311	144453	527	6338	9550	54831	10110	54822	1183	57194	5348	23545	10786	57101	266675	492	10396	495	63982	57719	537	2040	79054	534	444	55129	7225	29850	1186	79895	51382	284525	51606	50617	65266	338440	148229	533	5205	26133	801	245973	488	5350	479	818	6337	478	6588	54795	493	7442	90423	6233	526	285175	55503	6340	1184	57578	2281	496	59341	5349	815	490	7220	487	1179	57192	1187	57205	6261	7314	140803	56302	817	55283	155066	127124	1831	11035	5894	22802	53373	53828	50636	41	344905	197259	540	259232	483	51248	1188	10345	4308	523	9311	150159	57130	94015	84239	285335	23327	9635	374868	51761	816	6717	528	6339	7809	40	477	845	53826	7224	57113	525	482	491	53822	57348	11059	481	486	10079	9296	133308	196527	28962	1193	255231	6262	51802	480	7439
Ion Homeostasis	10345	3709	84876	6546	80228	5348	10060	7137	492	816	2281	5349	815	490	6717	7220	487	444	844	477	845	53826	6261	3767	482	491	53822	6786	3710	6543	476	6547	4842	5566	817	481	489	801	3708	486	488	5350	6263	53828	818	478	6588	1760	1193	10768	483	493	6262	480
Ion Transport by P-type ATPases	27032	57194	57130	5348	538	9914	492	10396	84239	495	816	374868	51761	496	5349	815	490	6717	23120	487	23200	51076	477	57205	23250	53826	482	491	53822	79895	476	148229	5205	817	481	489	801	286410	486	10079	488	23400	5350	479	53828	818	344905	478	6588	540	51248	483	493	57198	480
Ionotropic Activity of Kainate Receptors	1741	2898	2901	2899	1739	1742	801	2900	83988	2897
Iron Uptake and Transport	527	9550	523	7037	2512	90423	6233	245972	526	23545	7018	55240	9429	3934	528	55832	2495	210	537	534	57192	535	9843	1356	3163	7314	525	3162	7311	51382	10312	51606	50617	529	4891	8992	26234	3077	533	4738	6500	155066	127124	245973	10539	113235	94033	9296	28982	79689	7316	7036	51310	8454	48	79901	3658	30061
JNK (c-Jun Kinases) Phosphorylation and Activation Mediated by Activated Human TAK1	3656	5599	6233	5609	10392	8517	7335	7314	64127	23118	257397	5602	5601	7189	8767	10454	7334	6885	3654	7316	6416	7311
Josephin Domain DUBs	5886	4287	126119	5071	7316	9929	6233	5887	7311	92552	7314	7415
KEAP1-NFE2L2 Pathway	5691	5692	1459	2730	5682	4199	5713	1026	598	672	5154	6737	6500	64839	5584	7316	571	27244	5695	468	6502	7311	596	9817	5719	10072	7456	81631	7979	5702	9978	2936	7415	5970	9451	5686	1460	7353	3417	2033	10213	208	23657	9861	55666	7086	2932	11047	1457	7296	8878	6233	5688	7295	5689	5226	2940	6347	79728	1387	2539	5563	7314	3162	5705	5693	139285	4780	2729	4609	5717	79594	10061	5701	4363	4097	8454	5694	8945	5690	5580	5683	5687	5700	9429	374	5714	4851	5707	10000	8452	6649	6667	5052	5684	5709	5704	1728	1029	5718	7975	8714	2938	83667	1950	5706	207	140809	6888	5708	4790	5685
KSRP (KHSRP) Binds and Destabilizes mRNA	167227	11340	54512	1432	51010	5600	118460	5073	51013	207	22894	8570	56915	7534	23016	23404	5393
Keratan Sulfate Biosynthesis	2683	4060	10678	8534	11041	6484	6487	10402	5549	93010	9435	9334	10331	4958	4166	9331	6483	8704	8703	2331	6482	4969	176	11081	11046	23563	8702	79369
Keratan Sulfate Degradation	2331	2588	112937	4958	79411	4060	2720	89944	3074	11081	4969	176	5549	2799	3073
Keratan Sulfate Keratin Metabolism	2683	4060	10678	8534	11041	79411	6484	6487	10402	5549	93010	9435	9334	10331	4958	4166	2720	89944	3074	9331	6483	8704	8703	2331	2588	112937	2799	6482	4969	176	11081	11046	23563	8702	79369	3073
Keratinization	337969	3882	337978	728224	386679	337963	387267	26239	1824	112802	3855	3890	3866	83896	43847	6704	386685	1830	337975	3872	337967	85291	85285	3861	353132	337971	6703	337977	728279	3860	6701	643803	386676	337959	3880	653240	6698	11202	149018	387266	81850	386675	11005	83895	25818	3858	83902	85290	5266	728255	100132386	3713	57830	3881	5318	100288323	54474	337973	43849	374454	643812	100505724	353142	337879	353141	3889	5317	284827	6706	23581	353288	63036	254910	199834	728299	100132476	83899	81871	7051	147183	448835	643418	353332	340654	26085	8689	162605	3857	643414	3848	1823	83901	121391	387264	3892	8687	83897	9333	3883	319101	23254	4014	1832	386684	3846	8502	5046	730755	196374	386674	353143	6705	85280	439915	404203	337974	125115	3853	337970	81870	85289	388818	390792	3854	6768	440051	192666	353133	51350	100505753	83900	147409	337976	337882	286887	728318	353134	386680	254950	3888	1828	84616	5045	386682	3849	386678	142910	1475	7062	3850	8688	353135	353137	3856	85293	1041	5652	140807	100533177	823	3886	643394	337880	337972	25984	144501	337979	126638	337966	386681	353139	386677	1829	3859	337960	81851	353140	353144	3875	353145	1825	353323	64065	2312	140258	440021	826	6699	3885	6707	387273	440023	3887	6700	3868	440050	84648	386672	3891	2125	100131902	342574	386683	353333	100507608	11187	3851	5493	9119	3852	3728	353131	338785	3884
Ketone Body Metabolism	5019	38	64064	622	54511	3158	79611	65985	3155	56898
Kidney Development	7484	51316	3203	3688	7849	2303	255743	54361	5979	2296	2247	182	6928	2122	2674	3975	79192	26585	2668	130497	10736	3227	7481	3214	5455	3172	2018	1499	6299	2625	57526	3400	10406	8516	7490	2138	6092	3237	153572	28514	6495	9353	3955	3207	652	5076
Killing Mechanisms	5599	1855	5879	124056	1857	8324	27035	10811	6035	7474	3725	1535	1856
Kinesins	23046	7846	89953	1062	22920	81027	3831	3798	285643	3797	24137	90990	124602	7278	7280	347688	55614	81930	3800	3832	3833	23303	29127	9493	10749	10381	260334	11004	84790	11127	51807	3834	26153	10383	79861	112714	3835	55605	64837	10382	9585	113220	64147	55582	347733	547	146909	7277	55083	221458	10376	3796	3799	84617	84643	23095	56992	147700	80086	10112	9371
L13a-mediated Translational Silencing of Ceruloplasmin Expression	6191	6129	8667	6169	140032	6168	6142	1965	6122	9045	6138	6207	6130	51121	6181	6187	9349	8666	1968	6206	8665	140801	8664	7311	6188	1964	6173	6224	6194	6217	27335	10480	6160	6202	6223	6166	6218	8661	3921	8669	26986	6171	6134	6164	6139	6147	8668	6230	1977	51386	6156	8662	1974	7458	6128	6133	8663	6135	6192	6233	3646	6123	6228	6132	6234	6158	6165	6231	6167	6159	6176	2197	6193	6203	6229	4736	6208	25873	6222	6205	6137	6144	6175	11224	6232	51065	6201	6141	6189	6209	6227	1975	6235	200916	6161	1973	6210	6204	6146	6152	23521	6124	8894	6136	6157	6125	116832	6143	6154	6170	1981	6155
L1CAM Interactions	5604	71	7846	3678	81027	1459	6327	5594	6196	6714	1641	24137	6195	6335	6336	288	2048	1272	5962	6708	3786	260334	6330	3685	160	7430	9252	57731	3673	5879	3672	6456	6035	55800	3688	6712	2260	3690	3674	7280	4897	3897	2596	10381	6323	1213	27255	8986	112714	6386	10048	347733	1460	284217	7277	84617	6709	5058	27330	6900	10752	1457	214	6331	163	285643	3912	3915	347688	1173	3785	84790	51807	161	6329	6197	10383	79861	1785	3312	10382	8828	8506	286	6328	57698	287	60	11280	4684	1739	1742	1759	80086	7410	1175	4478	8829	5605	51332	26052	1956	23114	8515	5595	7278	1741	8650	3680	1463	6710	100133941	1211	6334	11313	6324	6711	6326	6332	10376	1808
LDL Clearance	1175	4864	26119	255738	10577	163	3949	1173	6646	8435	1213	161	160	1211	3988	338	23491	51599	57552
LDL Remodeling	4547	5034	1071	338	4018	319
LGI-ADAM Interactions	53616	55203	27092	8745	4185	9211	6804	1742	10369	163175	112755	59283	203190	10368
LRR FLII-interacting Protein 1 (LRRFIP1) Activates Type I IFN Production	3661	1499	1387	2033	9208
LTC4-CYSLTR Mediated IL4 Production	2687	64174	2678	1800	57105	10800
Lagging Strand Synthesis	10714	1763	5984	23649	5425	5985	5111	6119	5982	5557	57804	6118	5981	5422	5558	2237	6117	3978	5983	5424
Laminin Interactions	3909	3688	3679	3911	3339	1282	3912	3915	1294	3691	1288	3914	3655	80781	1284	3685	1285	3910	284217	3913	3675	3673	1287	3672	3918	22795	4811	1286	3908	10319
Late Phase of HIV Life Cycle	6917	5430	5439	904	91782	6875	6898	5436	22916	1104	6921	4928	5431	9525	51224	902	6878	23511	6827	9972	7316	51616	2962	23225	6880	2957	7311	2968	6396	4331	905	6877	79720	137492	9397	4836	4686	5478	9631	79643	9818	8086	8480	10015	6873	6908	83860	2961	6749	23636	138474	93343	2966	6872	7175	5434	5437	7936	11097	92421	8732	348995	8148	7251	6233	29082	6874	5901	129401	79023	6879	8021	5441	25978	2963	5432	55746	23279	55048	7514	53371	2959	5438	7314	6829	404672	11198	2958	27183	8178	8731	51271	27243	7469	128866	1022	9688	51497	5440	5045	5433	2965	51534	4927	2967	57122	1025	6923	25920	51160	51510	23165	2068	9150	2071	5435	5905	79902	55706	89853	6881	81929	8812	6884	5902	6924	6883	100526767	6882	54457	10762	155382	2960	5903	23327	9883
Late SARS-CoV-2 Infection Events	7341	121601	55741	7113	7991	84875	51201	29801	2932	25921	7329	143	5589	6233	6733	6480	79844	57101	23193	27090	55107	6185	10610	7841	11253	63982	57719	6732	2530	84061	6484	3703	55129	6487	25834	7314	256435	4245	338440	2589	1603	2931	4124	11282	56965	83666	6483	11320	3276	4249	1650	59272	54625	79668	6184	253832	51114	50636	6482	203859	7316	196527	4247	1452	51125	5045	821	51304	7311	54956
Late Endosomal Microautophagy	123	7251	1080	6233	29082	91782	79720	51160	137492	25978	55048	3043	89853	7314	79643	7431	11315	1068	8100	3312	51271	100526767	200894	27243	128866	155382	93343	5116	7316	10013	10226	6035	7311	92421
Latent Infection - Other Responses of Mtb to Phagocytosis	2245	4482	4057	1737
Leading Strand Synthesis	57804	5425	10714	5983	5981	5422	5111	5424	5984	5985	5982	23649	5558	5557
Lectin Pathway of Complement Activation	78989	2220	4153	2219	10584	5648	8547	10747
Leishmania Infection	3071	71	3709	10787	124056	10811	79651	4907	5594	4651	10810	3552	112	63916	6714	4620	79792	6850	5576	94235	111	5568	10552	10093	834	4644	719	5566	695	1432	2787	10095	5879	2784	2783	6035	4690	8936	1535	2209	113	2773	107	4210	10800	2534	115	114	3055	3553	7525	25	7456	10094	2214	7474	10163	2212	3725	2771	147179	5567	5970	3710	108	998	9332	2785	10109	2782	801	3708	1793	2791	2687	55845	351	6868	3569	7454	10458	51764	2790	4641	136	5599	3326	2778	2770	5575	3606	917	1511	7295	2792	953	2793	8976	59345	3162	718	64174	2678	5336	5335	10628	4627	10451	10910	1856	10152	1855	60	4791	5613	27035	919	5045	114548	23191	2788	346562	7410	26999	10096	51517	5573	4067	54331	5595	10092	4650	109	7409	1385	55970	2885	5027	10006	644150	1800	2786	196883	9844	2781	2268	3586	5747	29108	10769	1857	957	57105	8324	10097	5025	10768	1398	9051	10681	4790	5577
Leishmania Parasite Growth and Survival	136	2788	115	114	346562	3055	3709	10768	2778	2770	7525	5575	917	79651	5573	4067	6714	112	54331	6850	5576	94235	111	5568	2792	2793	2214	109	2212	5577	2771	1385	5567	55970	59345	3710	108	64174	2678	1800	10681	2786	196883	9332	2781	5335	2785	5336	5566	2268	801	2782	3586	4627	51764	3708	10769	2791	2687	1432	2209	2787	6868	3569	2784	2783	57105	5613	919	5045	113	2773	107	2790	10800	2534
Leishmania Phagocytosis	3071	7410	71	3055	7525	26999	10787	10096	25	917	51517	4641	5594	4067	4651	6714	10810	63916	7456	4620	6850	5595	10092	10094	2214	4650	7409	10552	10163	147179	10093	8976	2885	644150	10006	998	9844	4644	10109	2268	5747	4627	10451	1793	10152	695	60	10095	55845	5879	6035	7454	4690	10097	10458	919	8936	1398	23191	2534
Leukotriene Receptors	2840	56413	57105	1241	10800
Lewis Blood Group Biosynthesis	2525	8708	10690	2527	2529	84750	124872	30815	8705	10317	170384	8707	6484	6487	10402	2526	2528	2524
Ligand-receptor Interactions	50937	5727	50846	91653	64399	6469	2619	3549
Linoleic Acid (LA) Metabolism	54898	3992	2180	64834	83401	60481	215	9415
Lipid Particle Organization	345275	1149	63924	29923	128486	161247
Lipophagy	5571	5564	123	10226	53632	3312	5565	5563	51422
Listeria Monocytogenes Entry Into Host Cells	6457	6455	79872	4233	6233	867	9146	6714	1500	8027	7314	999	2885	1499	10254	2060	7316	6456	30011	7311
Long-term Potentiation	4747	2906	2890	6714	2891	816	1741	815	2905	3084	2904	2903	2066	817	4900	801	818	1739	1742	88	1740	57554	2902
Loss of Function of FBXW7 in Cancer and NOTCH1 Signaling	55294	4851	9978	8454	6500
Loss of Function of SMAD2 3 in Cancer	4089	4087	7046	7040	9372	7048	4088
Loss of Function of TGFBR1 in Cancer	4087	7046	7040	2280	9372	7048	4088
Loss of MECP2 Binding Ability to the NCoR SMRT Complex	6907	79718	8841	9612	2874	9611	4204
Loss of Nlp From Mitotic Centrosomes	983	79441	3320	9814	1069	54801	54930	93323	7846	10540	7532	9662	22995	11258	5347	10806	8655	1639	55755	80254	84131	8636	8481	55722	23354	79959	80184	4957	10121	9702	22919	121441	23332	115106	1781	1778	22897	5518	55142	11116	11190	10733	80321	1453	10383	55125	4751	11064	5566	10382	7283	1454	54820	5048	9738	5116	7277	55559	95681	5108	9793	10142	7531	7840	22981	203068	22994	5577
Loss of Function of MECP2 in Rett Syndrome	6907	3065	79718	627	814	8841	9612	2874	5566	25942	801	9611	4204
Loss of Proteins Required for Interphase Microtubule Organization From the Centrosome	983	79441	3320	9814	1069	54801	54930	93323	7846	10540	7532	9662	22995	11258	5347	10806	8655	1639	55755	80254	84131	8636	8481	55722	23354	79959	80184	4957	10121	9702	22919	121441	23332	115106	1781	1778	22897	5518	55142	11116	11190	10733	80321	1453	10383	55125	4751	11064	5566	10382	7283	1454	54820	5048	9738	5116	7277	55559	95681	5108	9793	10142	7531	7840	22981	203068	22994	5577
Lysine Catabolism	1743	2639	51268	51166	10157	55526	89874	123688	1738	85007	1428	501
Lysosome Vesicle Biogenesis	10053	9146	8907	157807	162	130340	1174	134829	9829	23431	11154	6844	9179	1522	1213	8673	375	8905	408	1211	1212	1785	8906	3312	164	6845	27243	81567	351	10717	1777	6456	4074	2799	2647
Lysosphingolipid and LPA Receptors	54886	9890	57121	1901	23566	163404	9294	53637	1903	1902	64748	79948	8698	9170
M Phase	3320	3013	91782	140735	80184	7283	10393	6249	85378	9972	23421	1063	5520	5528	5719	23399	1780	9183	9232	5702	81930	64946	10381	891	83540	11130	5519	5925	11097	9861	8348	10274	4001	5862	9662	5688	129401	8021	25978	347688	23279	4957	10121	23310	79980	57082	55869	5693	23063	8970	4751	79861	7321	27243	54820	128866	5701	51433	10426	5515	5694	653784	10735	983	701	7112	23165	94239	26271	79902	55706	5516	9663	348235	2491	5518	8338	51434	5684	91687	151246	4000	11064	84930	100526767	23175	5706	55559	9793	85236	57551	5903	55844	5685	5691	57405	7532	1459	151648	5682	5713	11116	4928	9133	1453	5566	23511	3796	23225	5695	7311	1069	79648	7979	8881	9631	22897	5501	55142	10733	9184	246184	8345	991	347733	1460	8331	7175	8815	5108	10112	29922	10806	440145	27175	5689	8481	11065	80152	23047	11004	51807	2801	8342	10383	5717	23122	55732	203068	80086	5683	23141	8341	1639	8548	5700	23244	7278	115106	1778	7324	5526	81929	100527963	401541	5718	6683	9126	3837	9738	3017	9735	5692	54801	7846	10540	8349	5861	84131	8636	55839	260334	11190	7444	27229	10051	7840	25906	8334	5885	55766	7280	79959	387893	79172	8086	8480	113130	55920	996	51143	5048	5686	23133	84617	8340	10213	92421	114791	9814	11047	1457	7329	4085	6233	5901	3619	23354	7514	53371	81565	255919	699	4926	10382	54145	55055	9688	1454	54821	6232	8697	8379	22995	5527	140609	80776	5714	22919	7443	332	1781	10592	5709	5704	29882	1783	3842	10762	8615	255626	10376	29945	220134	2010	93323	81027	5594	80254	1058	55722	9493	1104	51529	64151	55125	81876	3930	10403	7316	9212	5578	25936	8290	7341	128312	79441	6396	5579	10844	1062	9918	147841	6418	8655	55755	64689	22933	10726	54908	79643	9818	64682	27436	80321	112714	23397	23636	7277	5525	79003	10783	95681	25836	79019	348995	29082	10776	25909	91754	79023	5529	55166	80097	55746	9702	2029	121441	119504	7314	5705	221496	84790	26003	200014	27183	55143	3018	79682	84643	22981	5690	1060	9700	22994	4927	54930	474382	57122	29781	11258	5347	5687	5595	5905	5707	23592	54892	27338	23332	64105	8243	9798	64900	5116	23383	10142	7531	5708	5577	9883
M-decay Degradation of Maternal mRNAs by Maternally Stored Factors	246175	9125	1974	9775	1975	221656	54790	64506	116931	135935	85456	23405	1973	51247	332	4848	23019	10765	57472	6921	23030	678	2253	4850	10605	10383	4849	9337	6187	7783	26986	55571	29883	54766	22936	9969	25904	23081	353238	3838	27161	1981	5433	5927	390748	1977
MAP Kinase Activation	1849	3656	5604	5599	5528	4208	1846	6233	4205	5609	5594	6196	10392	6195	8517	5595	1147	5516	79155	51231	7335	3725	1385	7314	466	9261	5518	64127	7311	5608	23118	5600	257397	6197	1386	7867	5602	4790	1848	5601	7189	6500	9252	8767	23291	5519	1432	10454	7334	6885	3654	7316	6416	8454	2353	8945	1326	5515	1845	3551	5606	2002	5598
MAP2K and MAPK Activation	1445	5604	84292	71	28956	10256	5037	5605	5594	3690	4140	6714	3674	409	8649	2243	283455	5595	3845	4893	2244	54518	2266	7450	8844	7529	408	54756	7094	7414	5894	5908	8826	60	2335	5906	369	673	3265	22866
MAP3K8 (TPL2)-dependent MAPK1 3 Activation	5604	8517	1147	7316	79155	6416	8454	1326	8945	6233	6500	3551	23291	7311	4790	7314
MAPK Family Signaling Cascades	57690	409	3563	8550	5778	2244	2246	6708	598	5062	5154	51114	3567	402	2335	2069	11221	5900	5528	5719	6712	8074	5979	3690	5702	2266	10602	8822	3559	64926	9365	8823	1847	5519	10718	5147	5291	1839	3337	9861	5063	2323	5159	5688	8682	4296	8649	3845	3084	53358	5693	8660	152831	4609	5781	7039	5701	8826	4763	5515	5694	51125	983	8315	5923	10642	23463	3572	374	64096	2065	2309	5516	5922	5518	2064	2885	5295	5684	408	377630	6711	1843	5706	369	4893	5685	5691	5604	5786	148170	6714	22808	5682	51104	6300	5713	8844	5897	57139	1848	2676	5566	81926	7094	4343	5879	192670	5596	6035	8036	5695	88	7311	28956	2260	26523	4140	8555	2674	7979	9542	27040	5567	5501	54756	2264	23112	818	6709	5058	221002	2255	3558	27006	145957	5689	3561	815	2248	9048	27327	8437	5717	9462	5894	152559	60	5156	1739	1742	1740	5683	3667	5037	2247	5290	5700	1956	816	1741	3082	8452	5526	5924	25780	5747	5718	10817	10156	5692	4747	10256	3560	3570	7010	2251	5568	23179	153090	2066	8997	2118	4313	10125	1445	283455	54518	5296	3725	5593	10434	2263	801	7414	10048	5686	6464	2249	3569	2250	10213	5896	11047	3716	58489	6233	5536	161742	7514	284	2668	817	2254	4319	5921	2675	685	5245	8817	4684	27161	1849	84292	8831	4233	5605	51332	5527	100529261	2243	5714	5774	5623	399473	9693	5709	5704	6654	22866	71	255324	5594	8202	3717	7450	80824	1850	3281	57731	3815	1844	7316	2261	5863	9965	2534	2902	2339	10818	2906	3674	9978	25759	1852	998	5155	192669	1439	896	5525	3718	200734	673	4902	57554	3568	1846	5588	3562	5529	989	7314	5705	2253	84078	8556	5500	22821	5690	3265	2322	5687	5595	115727	5707	2904	7297	6710	7529	10435	2308	1438	5908	1950	4254	5906	26281	9986	5708	2252
MAPK Targets Nuclear Events Mediated by MAP Kinases	1849	5599	5528	4208	1846	4205	5594	6196	6195	5595	5516	51231	3725	1385	466	9261	5518	5600	6197	1386	5602	1848	5601	9252	5519	1432	5515	2353	1845	2002	5598
MAPK1 (ERK2) Activation	3572	7297	3717	3569	3716	5781	5605	5594	3570
MAPK1 MAPK3 Signaling	5691	5604	5786	5692	71	255324	4747	10256	3560	5594	3570	6714	7010	409	2251	3563	22808	5682	51104	23179	3717	5778	2244	7450	6300	5713	2246	80824	153090	6708	8844	598	1850	57139	5154	2066	1848	2676	81926	7094	51114	3567	57731	3815	402	1844	7316	2335	2069	11221	8036	2261	10125	5695	88	5863	7311	9965	2534	5900	1445	2902	5528	28956	2339	5719	6712	10818	2260	8074	5979	3690	4140	2906	3674	283455	2674	7979	9542	27040	5702	9978	54518	2266	5296	8822	3559	5593	10434	64926	9365	25759	1852	5501	7297	2263	5155	8823	801	54756	2264	1439	7414	1847	10048	5519	10718	5686	6464	818	2249	5525	3569	5147	2250	3718	6709	200734	10213	5291	673	4902	221002	1839	57554	3568	9861	2255	1846	2323	11047	3716	58489	6233	5159	5588	8682	5688	3558	4296	5708	27006	8649	3562	145957	5536	5689	5529	3561	3845	161742	815	2248	284	3084	2668	9048	8437	53358	7314	5705	5693	8660	152831	2253	84078	5781	817	5500	5717	7039	2254	9462	5701	5921	5894	8826	4763	2675	60	152559	6654	685	5245	5515	8817	4684	5156	1739	1742	51125	5694	5690	22821	3265	1740	1849	983	5683	8315	8831	84292	3667	5923	4233	5037	2322	5605	5687	23463	51332	5527	2247	5290	5700	1956	100529261	2243	3572	374	64096	816	2065	115727	1741	5595	5516	5707	3082	5714	5774	5623	8452	5526	2904	399473	5922	5518	2064	2885	5295	5684	5709	5704	5924	9693	6710	7529	408	25780	5747	5718	377630	1438	10156	6711	5908	1950	4254	1843	5706	26281	9986	10817	5906	369	4893	2252	5685	22866
MAPK3 (ERK1) Activation	5604	3572	983	7297	5595	3717	3569	3716	5781	3570
MAPK6 MAPK4 Signaling	5691	148170	5692	57690	8550	5682	5568	8202	5713	5897	5062	8997	5566	3281	2118	4343	4313	5879	192670	5596	7316	6035	5695	7311	5719	26523	8555	7979	5702	3725	10602	5567	998	192669	896	5686	23112	10213	5058	5896	3337	9861	5063	11047	6233	5688	5689	989	7514	27327	7314	5705	5693	8556	4609	5717	4319	5701	5694	27161	5690	983	5683	5687	10642	5700	5714	2309	5707	5684	5709	5704	10435	5718	2308	5706	5708	5685
MASTL Facilitates Mitotic Progression	5519	5518	983	5516	2029	5515	10776	84930	55844	891
MECP2 Regulates Neuronal Receptors and Channels	2289	4986	2891	3065	3066	6515	114787	4988	7222	4851	5770	4233	25942	5775	4204	1385	2904	2903
MECP2 Regulates Transcription Factors	54715	4208	5468	4204	1385
MECP2 Regulates Transcription of Neuronal Ligands	3065	1392	627	25942	28514	4204	6750	1385
MET Receptor Activation	3083	3082	6692	4233	3249	10653
MET Activates PI3K AKT Signaling	2885	5295	2549	3082	4233	5290
MET Activates PTK2 Signaling	3909	3688	3911	4233	6714	50509	3912	3915	1281	1301	1290	255631	3082	1278	3914	1302	1289	5747	3910	284217	3913	3675	3673	1277	2335	3918	85301	3908	10319	1280
MET Activates PTPN11	2885	2549	3082	4233	5781
MET Activates RAP1 and RAC1	2885	5908	2549	5879	2889	5906	3082	6035	4233	85440	1399	1398
MET Activates RAS Signaling	2885	6464	3845	57610	3082	4233	200958	4893	3265	10048	6654
MET Interacts With TNS Proteins	64759	3688	3082	4233	84951
MET Promotes Cell Motility	3909	2549	3688	3911	4233	6714	64759	50509	3912	3915	1281	1301	1290	255631	3082	1278	3914	84951	2885	1302	1289	5747	1399	3910	5908	284217	3913	3675	3673	5879	2889	1277	2335	3918	5906	6035	85301	85440	3908	1398	10319	1280
MET Receptor Recycling	2885	5867	2549	3082	53916	23163	4233	1399	1398	382
MHC Class II Antigen Presentation	7846	89953	81027	10540	10053	3902	3119	130340	24137	140735	1174	9632	9871	9493	832	260334	8905	160	26153	3113	3835	55860	3796	3799	6456	83547	3117	821	6396	93661	1519	1062	1780	3120	6712	3831	10671	8655	3118	3798	7280	10427	81930	3800	10120	10381	29127	1213	375	112714	64837	51143	347733	114876	7277	84617	3111	3123	147700	7879	10112	1075	1510	830	1520	1509	8907	163	10437	3797	285643	10802	972	347688	1173	10121	1514	11004	84790	51128	10484	51807	5641	161	10383	79861	1785	10382	164	3122	1512	1515	84643	56992	1759	3126	3108	80086	9371	829	1175	3109	22920	11258	3127	1639	26052	51164	162	3115	7278	1508	3832	1781	1778	5476	11127	1211	1783	22872	3125	10376	3112	1513	84516	8722
MITF-M-dependent Gene Expression	6663	6597	57690	3094	9275	634	23405	535	1026	6932	529	2315	8992	4644	8110	1638	4343	1432	3978	192670	4935	6599	54843	10159	527	596	9550	25924	5977	86	26523	23411	4286	595	1017	10891	9274	427	891	51382	51606	6604	533	192669	7299	6595	23112	2766	208	26039	8193	25942	526	8289	6934	79444	3662	6490	27327	1729	6603	6605	155066	83439	6760	7015	7391	60	27161	597	3065	4308	523	51176	57492	4233	5347	528	605	79083	7020	1385	6602	5454	1029	1499	7306	6601	9296	5873	6598	6909
MITF-M-regulated Melanocyte Development	6663	5594	6597	6662	57690	6195	3094	9275	3397	634	23405	535	1026	7545	6932	529	2315	8992	4644	8110	1638	7030	1908	4343	1432	3978	3815	192670	4935	6599	1910	10159	54843	527	596	9550	5077	25924	5977	86	26523	23411	7942	4286	3376	3735	595	1906	1017	10891	9274	427	891	51382	51606	6604	5859	533	192669	7299	6595	23112	9255	2766	89780	6657	208	26039	7965	2932	8193	6591	25942	526	5443	8289	9521	6934	79444	7514	5917	3662	1387	27022	6490	27327	999	1729	6926	4160	6605	6603	83439	155066	6760	7015	7391	60	4141	27161	4159	597	3065	4308	51520	22797	523	51176	57492	4233	4157	5347	5595	528	605	10000	79083	7020	1385	257	6602	5454	1029	1499	4161	7306	6601	9296	4254	5873	6598	2058	6909	1615
MLL4 and MLL3 Complexes Regulate Expression of PPARG Targets in Adipogenesis and Hepatic Steatosis	6907	9442	3013	123	23054	8349	9862	8202	58508	11091	9611	948	10001	6256	9370	57678	5346	9439	9969	1050	128312	729359	10025	2180	8334	7403	25	8800	23411	22822	1020	55766	10891	6319	51003	57104	8345	2874	10499	79611	5166	8031	1024	51129	8331	8648	5925	8340	9070	2033	60481	9443	10555	7069	8085	8348	63924	892	5468	11343	8841	1387	22976	84246	8342	8970	2167	84962	90390	3018	29079	54145	79718	133522	79966	5469	474382	9282	8341	9612	4023	84649	9477	9968	94239	79447	84661	8338	9440	3991	255626	23175	3017	85236	5929
MTOR Signalling	208	5571	6009	2475	28956	389541	6794	6194	81617	1978	1975	10325	8649	58528	10542	55004	64121	5563	7249	5564	29904	5494	84335	7529	2280	153129	53632	51719	64223	7248	51422	92335	5562	57521	10670	207	6198	1981	5565	1977	55437
Macroautophagy	3320	123	7846	81027	1459	7332	91782	55669	30849	440738	6714	10325	84557	10542	140735	4077	84938	55004	7335	401505	22863	84749	55054	3297	5564	260334	56993	7417	1068	64223	200894	192111	79065	7316	7311	23192	28956	11152	1780	8655	81631	5289	7280	65018	9821	7323	64121	10381	79643	7415	7249	139341	7416	7431	7419	23710	112714	53632	29110	9776	9140	54543	51143	5562	347733	1460	7277	84617	83734	10670	7334	7405	11345	10013	10133	9474	9927	92421	6009	2475	472	1457	8878	8897	1080	6233	29082	100188893	8649	58528	25978	347688	5071	8408	9804	5563	7314	84790	51807	8678	55062	8100	10383	79861	3312	10382	27243	128866	26100	57521	7322	10226	5565	80086	5571	389541	9868	51001	55626	115201	5830	7278	10452	1781	1778	64419	10533	11315	153129	60673	11337	1783	7248	100526767	51422	5116	10376	64422	84971	285973	56270
Major Pathway of rRNA Processing in the Nucleolus and Cytosol	79159	22984	84946	6191	57647	6129	51013	6169	140032	6168	6142	81875	54913	79707	6122	9045	10969	6138	84128	8602	81887	6207	10607	23160	11340	6130	51096	51121	6181	9188	1453	6187	134430	22894	51077	9349	6206	10200	23016	26354	140801	79897	11056	54555	7311	51202	6188	88745	27042	6173	6224	10528	6194	6217	57050	10885	54512	11103	6160	6202	55781	6223	6166	8568	6218	3921	55131	6171	65083	6134	27340	6164	6139	4691	79050	92856	6147	10557	10438	6230	51602	6156	10556	6128	6133	6135	6192	6233	55720	9277	23517	6123	6228	55759	8780	6132	9790	6234	6158	28987	27043	6165	10799	5393	117246	23404	10199	10813	6231	6167	6159	6176	2197	56915	6193	6203	6229	4736	6208	25873	2091	705	6222	6205	6137	23246	10436	54881	6144	1454	5394	6175	26168	51010	11224	6232	51065	6201	6141	6189	9724	23481	6209	6227	25879	6235	200916	51118	25926	56902	6161	6210	84916	84135	90459	6204	6146	6152	55272	23521	6124	11102	55813	57418	6136	6157	9136	6125	83732	116832	4809	55127	27341	118460	10171	6143	6154	6170	6155	22803	5822	51388
Malate-aspartate Shuttle	8604	83733	2806	8402	4190	79751	2805	10165	4191
Maple Syrup Urine Disease	1629	593	1738	594	152926
Maternal to Zygotic Transition (MZT)	246175	3013	9775	8349	5620	54790	116931	85456	23405	23019	284355	6921	503835	4849	6187	29883	5619	9969	25904	100033411	124512	8106	128312	8334	7403	29128	221656	55766	4848	10605	8345	10361	26986	55571	359787	54766	23081	151871	8331	342900	8340	3838	2033	132243	23030	1977	503627	9125	8348	1974	23135	201516	7290	7157	390245	51247	1387	2253	55211	8342	10383	8970	22936	200424	3018	54145	10413	7004	27161	5433	5927	390748	57379	474382	8341	1975	64506	6732	94239	135935	1973	332	8338	57472	10765	678	4850	9337	129563	7783	7374	100288687	255626	353238	79670	3017	85236	1981
Maturation of TCA Enzymes and Regulation of TCA Cycle	57001	81689	751071	23410	122961	6392	6391	50	23479	9054	6389	3418	644096	6390	135154	38	57128	1431	2395	54949
Maturation of hRSV A Proteins	3837	5501	1460	60559	9789	1457	7514	1459	5500	5045	23478	5499	90701	28972
Maturation of Nucleoprotein 9683610	54625	79668	7341	84875	2932	7329	83666	2931	56965	143	54956
Maturation of Nucleoprotein 9694631	54625	79668	7341	84875	6732	2932	7329	83666	2931	56965	143	1452	6733	3276	54956
Maturation of Protein 3A 9683673	256435	6482	2589	6484	6483	6480	6487	27090	10610
Maturation of Protein 3A 9694719	256435	6482	2589	6484	6483	6480	6487	27090	10610
Maturation of Protein E 9683683	6233	7316	7311	7314
Maturation of Protein E 9694493	6233	7316	7311	7314
Maturation of Spike Protein 9683686	7841	4245	5589	821	23193
Maturation of Spike Protein 9694548	55741	7991	51201	29801	25921	5589	6480	79844	27090	23193	6185	10610	7841	11253	2530	84061	6484	3703	6487	25834	256435	4245	4124	1603	11282	6483	11320	1650	6184	4249	51114	253832	6482	4247	51125	821	51304
Meiosis	644186	545	3013	8349	3306	25913	84057	672	27030	29893	56979	11144	56154	8290	128312	7013	8334	26277	5888	5889	5885	4361	641	1017	55766	675	7156	23345	6118	8345	8331	8340	8468	93426	27127	8348	10274	472	4001	7329	11083	23353	10388	4683	54386	6119	25777	8342	8970	10734	55732	50511	3018	7014	54145	4292	10111	1019	6847	4438	10735	474382	8341	23224	9985	4439	94239	256126	5932	8338	8243	4000	63979	56158	9126	6117	255626	23626	65057	3017	85236
Meiotic Recombination	128312	8348	8334	3013	472	474382	5888	8341	8349	5889	4683	4361	641	4439	1017	55766	94239	675	7156	6119	84057	5932	8338	672	6118	27030	8342	8345	8970	29893	63979	55732	3018	6117	255626	56979	11144	8331	54145	4292	10111	23626	56154	8340	1019	3017	85236	4438	8290
Meiotic Synapsis	10735	644186	545	128312	27127	8348	8334	3013	4001	10274	7013	474382	26277	11083	7329	8341	8349	3306	23353	10388	23224	9985	5885	25913	55766	94239	54386	256126	23345	8338	672	8243	25777	8342	4000	8345	8970	10734	56158	9126	50511	3018	255626	7014	8331	54145	8340	65057	6847	3017	85236	8468	93426	8290
Melanin Biosynthesis	1638	51151	4948	7306	7299
Membrane Trafficking	9230	9909	273	1523	11037	10053	4905	91782	7018	9146	51112	409	24137	90990	112574	140735	8533	55614	9871	10640	9570	6708	23149	1522	10466	90196	4644	27095	85021	27147	1604	83452	64147	57134	3799	259173	2069	6456	163259	4074	30011	2799	5898	2647	10971	8398	51138	6712	1780	9183	90411	3798	25782	156	23243	11252	81930	3800	2665	10094	29988	23431	51226	128637	79571	29127	10381	1601	201475	375	10109	55605	8906	5265	26286	351	10133	51272	2702	9342	1839	10139	26000	208	79090	9527	26119	6455	25977	9265	85439	10652	157807	285643	10981	10802	25978	920	347688	10905	10121	8774	11154	6844	8976	9919	84251	3092	51128	51028	91949	2700	8871	79861	7039	3312	117177	382	27243	128866	2060	375519	5867	146909	9267	551	57465	2810	9847	5565	10945	5869	9610	10096	29993	7037	9382	51510	26052	51164	374	5878	2697	9322	3832	9554	89853	54662	55275	9179	2885	11127	7533	2017	408	1211	143425	6845	662	7248	100526767	51422	6711	64708	6836	81567	1362	84316	8773	51429	84516	5872	6293	23423	115548	22930	23011	347517	89953	9026	7532	339122	2157	6714	25839	9135	55763	3949	130340	55291	53407	81025	9892	54536	3833	23682	6453	83874	3834	388552	26153	1453	10987	9698	377	5879	3796	1777	6035	27131	127833	7311	9882	1121	9827	93661	90019	54885	23216	79720	915	84062	7164	1176	51209	10342	2590	143187	7474	84342	84694	2701	3998	10260	1122	7249	57186	2703	4124	7163	950	53632	347733	221458	83548	6709	58485	10972	10112	4641	152503	6572	917	157	8907	163	11015	60412	8408	8027	10052	160518	338382	11070	11004	51807	161	2801	10383	60561	57369	9318	55330	3575	287	51560	6399	5870	60	79735	1759	6811	80086	9266	10960	1175	22920	10618	64746	1639	22820	1956	4122	162	55707	7278	22931	2706	29924	27348	10092	23303	1778	25956	10749	414060	2709	154	63908	10890	79961	9185	155382	22872	636	5873	10717	7110	207	10097	9276	57679	23046	9609	7846	3257	10540	22878	5861	2890	55357	9632	23265	288	126003	9685	55850	10093	8729	832	260334	4646	11336	127534	4738	3835	11316	1129	84364	9321	23062	274	55667	9856	22898	122830	250	57589	23163	3831	81631	10980	23048	11196	7280	2348	3630	9367	6272	55014	1213	8673	254263	51542	801	10254	1314	9585	51143	163486	9648	5048	93343	1861	84617	11345	5874	147700	57148	7879	125111	51014	92421	8766	6457	7251	2580	4012	1080	6233	26984	3797	2705	6869	4121	286451	124602	8775	55048	4253	29979	23396	2589	8677	2707	29763	1785	378	10382	286	1856	547	57511	5866	79058	685	2873	10226	26088	126432	80006	8546	5571	51534	738	201627	84079	51332	5049	22796	1294	2664	51256	10000	1781	26258	8867	10113	149371	5050	11337	22905	1783	9950	3267	2804	113220	8615	125058	55582	8567	23258	5868	10376	8301	54453	7534	11311	89866	149111	966	71	255324	414918	81562	81027	81846	6643	54732	6814	1174	8218	79958	9829	381	51762	9712	84313	10552	26958	9493	22879	9117	5564	8322	9525	8905	160	11267	50618	10804	219770	57165	55860	57731	81876	5537	55083	7316	51594	60592	9363	27314	372	22818	4036	23637	6396	1315	10228	1062	5286	10671	8655	137492	10175	64689	57706	10427	9341	134829	79643	84315	4943	112714	64837	375056	1212	26130	4952	22848	51693	23557	79890	51399	7277	2803	60560	51552	338	29978	10282	554	400	1075	8674	2153	27333	2512	830	867	29082	6810	6305	84958	55738	23647	58513	8675	1173	2495	23208	5864	23256	122553	5563	7314	84790	185	10484	11021	27183	116442	4627	5321	56894	51271	164	54874	55770	3482	22836	10959	84643	60684	23095	56992	23299	4218	9371	829	83696	54734	27342	10244	6857	11258	10920	6517	51160	27128	64786	7082	221960	374403	50813	23433	7109	2800	22870	6710	7529	79748	11014	5428	1950	89781	7531	11031	57533
Membrane Binding and Targetting of GAG Proteins	155382	93343	55048	9397	7251	7316	137492	6233	89853	79720	51271	51160	7311	7314
Metabolic Disorders of Biological Oxidation Enzymes	113612	54657	9420	1594	6916	4143	191	2230	23169	1583	26873	126410	2730	1585	2937	54658	1589	1588	1593	2232	112812	2678	7172	120227	2729	1584	1545	4128	340665	95	1591	2328	1586	56603
Metabolism	2950	2356	9446	4035	9556	6142	29906	6610	25874	9611	5827	55739	1622	8942	6487	9334	10003	224	2169	9370	5213	9394	54905	2326	23057	1036	340665	9562	9972	8611	2799	2952	51179	64077	6188	593	5446	3037	6194	6217	6301	6948	2646	54539	5702	55748	6837	79751	123688	9054	2767	1327	4191	5519	3157	80146	114884	8399	9227	10249	4190	5291	79064	132	11097	10861	6770	7069	7965	9677	291	353	4714	113451	8021	9551	3945	7252	54020	7166	53630	953	4082	8976	84246	84869	6390	55217	5337	79133	8460	64757	2109	100303755	9600	9572	403313	1573	79071	9615	9282	2745	51170	314	9374	6235	3939	84693	79048	3034	55970	66002	159	9060	51422	117245	8714	9061	23175	10941	5706	4509	2948	204	1459	1339	55526	9955	23410	10560	84701	3251	5682	80724	51660	1491	4056	2641	9963	284541	1355	8908	960	51121	200931	4048	5406	873	9439	84618	377	2787	2949	56997	23225	7367	115	114	158584	6173	23632	376497	4726	29923	10675	92579	8613	728568	11238	4725	471	6218	51003	1120	4536	4833	3632	7175	374569	3284	124	4704	55245	222537	2770	56953	6916	6135	51079	7296	6548	892	6392	51094	84750	6234	7804	1387	128240	3081	5538	23475	3420	5717	53354	5445	516	8833	51750	57412	2639	6482	5447	55191	10157	3242	25830	4708	955	54956	790955	5683	6309	377677	4860	6999	4835	22928	84649	5700	2101	129807	230	3767	6152	142827	11102	6385	7172	54988	1345	9441	3614	207	204219	80271	55331	25828	5692	6191	23054	1553	8879	85465	1131	10720	5743	111	131669	80201	8824	221914	6579	79777	8895	81889	338328	89944	55301	2172	26275	55750	5315	4060	23409	619189	8529	55902	81579	29914	55312	768	2771	50814	57089	801	38	4129	7372	2687	32	158067	2947	3373	119391	9673	55501	128	129642	8228	27233	5256	1457	6233	285440	1374	9521	126410	122970	51141	5742	64428	54928	64781	1543	440387	6819	5499	440957	7263	2712	57834	6834	64777	6715	5294	1785	5331	90390	8659	4125	4694	391365	8707	84706	55967	6713	26330	154141	2683	54963	3283	2350	341947	5573	54363	1738	2525	166929	765	5714	1149	8402	54490	26	10955	64419	8540	1572	5476	114757	7358	26289	5587	10762	7179	116832	144193	347516	10768	411	3747	54600	6129	11285	3339	761	10166	1350	9200	226	27232	10728	80777	8802	8639	4534	3163	9218	5320	644096	5106	4967	5169	127281	1582	3930	383	498	170384	2171	9453	83594	6396	613227	645	84842	3735	9967	10427	6223	80219	1558	5224	3047	2538	3036	3921	6718	51733	113235	3613	2110	8648	259307	51074	1757	84890	3326	8897	25942	6305	23262	132158	25979	55746	2792	4710	2026	10554	2203	56261	5164	6167	6176	122618	25880	54677	3098	10965	7386	339221	2271	10682	6222	55229	6205	5690	5469	2528	55512	116285	11224	10825	57122	11165	5687	83539	55586	345	1555	7054	6785	5707	5837	4800	25939	617	1588	1593	6204	4862	1728	166785	2542	253558	283927	2938	79017	55276	4719	5708	5577	788	316	51218	4257	57605	285362	4907	8509	51371	253430	9045	126792	6138	5198	515	100137049	11261	26279	6389	790	79581	54981	646480	272	10998	85441	8395	347734	6383	375775	10007	47	1577	113	4074	5634	54949	25870	8398	9110	10025	5719	54893	23169	1666	5288	80205	784	4717	128486	63827	5950	126328	11010	539	223	81857	2879	6483	5166	55034	8703	11185	255043	2876	521	27306	2194	416	192286	4723	189	81490	57017	10380	26119	2953	6257	7357	10654	5646	64087	57664	11343	326625	23279	100131801	2618	6697	5693	10449	79626	1340	84498	23171	117283	5163	5701	9524	10840	80142	4705	23007	347735	25974	2230	9254	143	2817	6514	90639	122961	2583	2686	9968	200916	5313	54545	79411	9108	79902	5516	200879	79018	766	11163	506	23729	5518	4942	653689	58488	79934	9807	1103	414149	337	240	79094	6143	6170	5826	5691	57001	84895	138199	123	2644	2997	64850	5207	6898	2629	133686	948	23600	6723	6130	51763	4928	79993	4729	1727	390916	23498	54979	9	517	84002	23417	145482	6296	79717	4598	55326	6206	4521	375790	2027	7365	81537	2222	23464	2939	5322	348	6224	5287	2740	64131	3376	11332	27068	10894	51196	54578	1376	8647	8801	170685	161247	57104	11001	183	2785	4700	3708	1545	5264	8604	1460	6147	1431	64902	23097	4508	29968	6230	4948	7376	9217	10498	9653	118672	4899	83884	5226	25994	6484	2232	11283	113278	5641	79153	6007	83875	513	4736	6208	162466	8760	178	116228	4969	283209	5498	9791	79966	9672	64802	5053	6513	23646	120103	2327	27063	5290	2068	1455	6901	6528	443	4357	2098	6945	83401	100526794	54205	79887	10331	6667	1633	5092	8226	150379	79152	23521	6124	27124	6652	96764	158833	91734	1735	2645	2990	3294	3419	30849	6812	4712	10690	6303	81616	4259	57019	22977	55471	6256	57678	11000	51504	192111	176	9348	2783	134429	377841	4126	55190	23683	22908	8394	135152	100131187	5330	4541	79814	5289	2937	9397	158835	55224	5631	51647	5305	4750	80704	438	5859	64834	59339	55065	4697	2874	7364	7299	28	10048	54675	25816	55454	3705	211	10423	4144	7086	27235	7329	51586	1537	92126	5901	347411	501	22978	445	56994	1892	66036	6616	60496	6613	23396	218	26063	1734	6193	247	26027	6716	5007	10226	127	11046	51293	1890	7384	3628	1743	55937	51065	6189	204962	11145	6209	11164	246181	10855	9429	9477	4722	7421	4716	392636	112812	27109	8612	55790	126969	5709	196883	2720	978	1208	6125	4513	3992	2582	1371	151742	5868	84320	79877	6822	29796	7390	10087	1634	6888	149998	5105	165679	8875	266722	1347	81846	51300	10678	5834	1353	2173	112	10063	152926	6721	23305	4199	7378	6799	10715	4538	2052	146850	126282	2821	125981	55788	25961	30833	57546	53343	866	3906	54480	1559	5578	706	57110	10455	84245	27165	132789	1109	373156	9517	5471	56848	427	255189	9818	9331	6171	3612	125	4952	27284	166012	125965	85007	6156	51380	1462	152	7350	28234	79023	3101	2940	2793	6165	641371	23590	956	91012	10402	5563	285521	142891	55856	8704	570	2524	29079	81034	22934	9951	254531	415	4758	3291	2747	4701	4329	4258	51520	150763	55744	4023	340481	728294	197322	27132	84803	51071	80221	51302	6161	441024	27089	25902	51540	1629	80821	1806	57733	55697	27034	64900	80765	4524	2588	51166	64711	5906	957	2653	1586	215	205	4540	51151	9415	80347	5257	775	9871	30	4051	51588	33	25865	441282	633	56985	10632	54576	262	112937	1373	134526	3425	5833	119559	8705	3030	23760	8702	59338	29095	6006	5528	23597	3422	26007	54511	55300	3176	8800	6391	3636	54477	4669	5832	3795	91942	54658	23259	3948	64816	43	56895	5214	5019	4519	2731	56965	51117	2548	123876	5161	777	2766	231	384	2170	1580	435	10555	79944	57761	509	6520	3790	335	129401	10802	10599	6535	8692	196	410	80224	51128	5336	9481	4682	3295	1733	1066	50487	113189	89869	5515	440	2328	51248	6175	1351	4696	55613	56623	2752	23165	54331	79603	56910	5232	23309	9663	8503	56898	4728	5208	587	10873	1463	9440	64210	1584	378884	6136	51000	10975	6817	137872	2806	79837	4801	126	5424	1152	56624	242	4338	5903	6307	5685	248	4047	229	6168	55825	669	1384	2632	253782	10162	83990	4958	90161	3633	4166	171546	3954	3074	5566	8309	5346	55270	5260	133121	57128	8528	3248	3631	5167	27231	2592	25915	9957	113675	51360	6609	1428	57491	5730	152100	10891	10229	7979	10005	1592	2166	169355	4830	6804	3290	2944	91703	9631	5567	4831	3418	5501	2719	857	2864	51447	100861540	26061	2877	5920	22	2791	5444	130013	2819	11081	80230	5805	27010	51204	63924	6192	549	55969	50515	7295	22949	6228	1962	94103	210	54579	8877	3340	2539	2638	5009	83549	120227	2197	1717	4514	28958	124975	57214	123099	56922	23530	5507	25852	762	8898	246	114879	9651	6144	5162	6573	339983	9953	2776	5096	5095	6210	9435	81929	1718	8821	2581	64080	2786	5165	84300	113026	53947	23474	5091	284161	8034	171586	51102	1244	5625	10841	1557	36	275	201164	1594	4947	121278	2992	83394	2181	4711	26230	160728	2730	51573	5576	518	23179	9915	6122	10809	1581	51292	93492	445329	5723	9956	55066	2713	84188	10101	1352	9016	53905	284439	2746	9349	30815	5836	83930	2628	8310	2235	160428	84129	91452	9926	112950	3630	7498	5296	56267	160287	5593	10434	26031	6720	54884	9412	7416	4759	8086	8480	6783	1119	4594	7352	2262	50484	54996	1040	5686	5236	7388	3028	5168	51171	29940	2033	26227	10476	644	84875	63826	4695	284184	10478	4522	10090	8534	1562	64600	51268	23576	339896	1503	1836	5831	34	1548	221357	57494	84836	79602	4363	9362	9688	6470	1854	345275	6232	15	64132	9885	51181	952	412	8869	57016	109	8867	54898	3423	51205	51070	5409	7306	27242	51478	22925	55328	3745	51091	10327	387712	8372	10588	55576	27249	221264	10131	8443	5332	203	151056	9862	2523	10797	8202	6240	686	400569	5549	1464	54797	9261	11309	259230	2744	6341	4802	54659	5261	102157402	9380	1737	10135	9489	1595	9962	2180	5860	5286	5467	7083	7167	26873	55627	5160	11041	6947	5210	51703	51495	6160	6202	3972	79646	117145	50512	56548	594	1589	2182	6319	776	200895	64795	26020	60495	7351	1024	51477	8694	3141	3156	338	3417	54	9443	219970	5293	2224	80150	348995	6128	80306	191	5443	771	23479	6833	3145	6158	5783	221823	59345	6231	64174	10484	51144	10243	1719	56894	79586	3052	349565	22937	270	133522	22901	2395	8574	22874	8396	9942	4927	271	116519	344	57571	6342	58526	54498	4698	670	4552	23533	414	4512	8720	51727	55289	162417	60386	8706	23491	729020	2805	6155	54575	56603	8776	19	3320	2643	81544	51686	84233	80168	1329	6382	763	284486	56474	50486	3313	5130	81894	57153	660	123745	4713	1723	8050	10317	1576	5947	8029	4128	346606	54625	35	23389	8605	23743	2784	55500	10062	1337	151531	137682	8459	22856	2274	28976	1583	3099	5223	8789	54935	65977	54947	1544	760	388121	9997	3710	375	94101	83666	10295	114882	348158	51582	6164	9167	9255	54704	6820	10858	23563	1646	1160	80736	5465	9861	3704	389203	9420	5575	8560	84274	6095	5688	93100	493753	9468	8708	5298	51	4846	123264	5660	6844	1579	401494	6554	2729	8871	6611	25953	522	7385	5867	8826	114880	337876	4507	590	5694	2717	9377	5565	79369	10390	7957	8424	239	51241	8884	219855	55163	388931	219	55706	7298	2769	2053	60490	3620	23446	5295	5684	3067	79644	5255	64064	3991	3638	10165	2875	494143	6515	79873	22876	107987479	5740	2058	283748	3155	50506	81693	759	6794	140032	1807	55711	7371	4720	3949	94235	2820	4837	122481	5713	84879	284716	51365	39	883	23236	4718	10082	79888	2593	5209	4709	6241	2946	23511	27087	1375	2954	341392	57818	48	5695	389434	7311	113612	635	212	116255	2739	3421	51109	4707	1349	389396	9391	4832	10	84812	3033	4289	92483	30814	6166	83733	10948	100996939	2941	256987	3292	9107	79611	102724560	51129	29841	3635	79642	133688	80775	60481	1645	374291	10591	114881	6123	51085	5689	9896	6132	64768	683	5230	3162	6159	147323	2531	6203	2760	6229	219541	131870	25873	241	134147	201562	51099	9971	58510	6472	200576	54657	2788	6201	773	153642	64801	167127	9612	9049	9536	2346	7366	8566	4706	4123	55349	9514	57226	1504	130367	27430	4535	79799	64579	514	55090	340485	1800	622	80025	1565	79001	5718	9583	5464	11069	3837	65220	63874	3029	1841	10606	51084	23324	10681	1468	5333	6907	10908	50640	9442	57515	7923	2527	27304	2710	6169	23659	93058	3032	7108	80339	9632	5568	374986	158	93010	4200	150	10001	10993	79178	115677	6584	3038	954	3615	58478	138050	2331	55361	347527	140801	107	1644	2529	80232	10411	646486	7381	4953	92292	6821	340075	1610	84987	4337	4836	29958	59344	1571	1716	10499	29090	6139	114876	10296	4715	5948	131	29078	51805	10213	51764	84833	9469	55304	1312	2778	11047	751071	213	5297	8841	53371	196743	217	5917	2597	4520	6448	2998	54577	1632	1528	27158	57704	2167	3158	51103	336	89874	55863	1081	6539	216	783	79718	6137	3073	7368	2642	2184	11112	6141	81689	29956	3712	9023	5211	84532	7389	148811	7360	8904	7173	54902	51363	6146	5704	8564	874	1346	135154	5644	10558	6157	79668	2987	253017	95	6154	5319	1615	37	55588	3709	3706	124976	1621	5728	9256	4143	80270	50	1549	25796	79077	6538	8876	6207	8140	124872	5244	6181	6187	9390	1638	9969	112817	2131	7084	7316	55347	4036	222	10400	114883	1585	6120	3707	2936	31	57407	29785	81849	1635	60678	108	130	6604	9630	283871	23761	2782	6134	23636	4548	83440	90624	5338	51552	55572	2168	65985	254552	80308	2790	79143	6861	4537	6133	405	2132	5468	2526	3161	5018	22880	51004	26035	221	4702	57107	4597	125061	51295	7314	5705	2239	4731	2678	5335	8644	137964	54994	4946	84725	7276	5500	5321	26251	3293	100	9575	2023	27349	4141	1158	28982	29967	2694	4724	10057	6227	7363	55256	8803	7274	13	154807	26229	150274	24142	6555	586	51312	2584	1591	29920	9495	6534	2108	9883
Metabolism of Angiotensinogen to Angiotensins	2999	1522	1359	1066	1360	1215	1361	290	5972	2028	183	1511	1509	4311	1636	10159	59272
Metabolism of RNA	22984	57647	55802	5439	10081	22938	6142	6432	81875	26097	55181	3183	79707	79042	10084	9045	10969	6138	4234	24148	10291	53981	196513	11340	93587	9416	26121	51077	10992	29883	25904	1432	25821	51645	9972	10285	55339	5356	51639	10915	10284	79897	26354	9130	81608	11056	27257	10922	5520	55094	6188	5719	57721	4331	51692	26017	6194	6217	55253	134353	54512	5702	24144	55781	5511	6634	4904	55660	115024	5600	4519	104	11051	26986	57794	8189	27340	6164	4691	25888	9052	92856	221078	7919	59286	10438	1479	84271	23350	1977	51602	11097	8732	9692	9861	9125	1974	10556	10907	11157	83443	27258	2107	143884	5688	129401	8021	5441	167227	8559	27336	3550	348180	2963	23279	28987	10799	8449	8570	10772	8683	5693	80349	4609	3187	10940	8731	51213	27316	3312	51593	5701	1022	5515	5694	5440	54881	9584	81890	115939	84844	6175	11193	1656	84081	10642	55178	51691	23165	6235	200916	79171	5435	51503	79902	55706	2521	23524	5518	65110	1477	5684	55813	57418	87178	1665	6136	3188	22803	27292	100534599	83732	51106	80145	6428	5706	2058	51095	6143	23398	6170	5903	5685	5691	4509	10929	246175	54883	140032	1207	6168	7538	84248	5682	11066	5713	4116	84128	8602	5436	81887	8563	3190	23160	960	6130	4928	54931	51121	23293	129450	1453	4849	902	8270	5546	23450	23511	51362	23708	10283	9785	3191	6206	10200	23225	23016	51367	5695	8106	55234	7311	88745	9238	9984	6173	55644	200315	6224	10643	10885	6635	51637	127253	7979	11218	283742	4686	6431	9631	6638	6166	8568	6218	9360	10605	25804	65083	4536	24140	84950	51428	6147	10557	6637	7175	84991	4508	2926	79084	5434	6230	6499	1478	6434	6135	6192	163859	153527	79833	9277	6123	6228	5689	55759	8780	6132	6234	26019	27043	79869	10813	57819	6159	113179	2197	84811	56915	5717	6203	10767	6606	6229	6429	4514	4736	25873	6208	2091	8896	9128	60	705	23246	10436	5433	2965	6144	10250	5394	5580	10978	5683	23658	51010	5093	55110	6201	63932	55226	9724	10644	23481	85313	8487	116461	55629	2068	5700	79691	91801	51118	6633	25926	79576	6210	84135	81929	4535	6152	4670	10128	23521	6124	11102	84324	10262	5718	9582	65109	79922	54901	10236	96764	27341	8175	152992	10171	207	54888	11338	9836	28960	79228	51388	5692	6191	9775	51013	6169	10181	51493	90353	3303	23536	54913	56006	9877	84705	220988	6122	6627	85456	11260	51808	79165	22916	10607	10898	23019	60625	55039	387338	27350	84967	22894	51504	1653	134430	9349	55006	10248	9652	2962	51634	140801	3481	23283	51202	1787	27042	57703	10528	55651	4541	3185	1660	4839	23049	25996	4236	199746	8086	10179	8480	54464	55702	58517	79074	5976	8125	6139	255967	5686	79050	60528	80746	2966	6626	60487	3028	5168	2733	51747	10213	5437	11047	6233	51690	5901	5708	55720	10775	7737	6632	60493	9939	79622	7514	53371	79706	9879	5393	11325	10199	9887	6829	404672	25949	8241	6193	9343	8741	10189	10921	51729	50628	9688	55749	6137	154007	1454	55599	26168	54974	2967	6232	51065	6141	54517	6189	6209	25879	283989	5714	51605	1973	5094	151903	10930	10073	6146	55272	27339	5704	22868	5709	10594	83480	9337	79760	6157	3842	9136	6125	4513	10762	116832	55127	3181	118460	27238	164668	6154	6629	7534	403314	79159	84946	55100	130916	6129	2935	10785	5430	51002	22794	6625	57570	23381	988	7307	10523	54960	6936	6207	4538	84321	9261	51096	56339	5431	6181	9188	6187	10212	55505	3281	55621	7316	5578	9924	54555	1736	80153	2968	6396	1655	6636	6631	219988	57050	6418	677	11103	6160	6202	135295	54433	57604	1994	54920	6223	4848	9818	79753	3921	3178	54482	55131	6171	55571	51585	55696	6134	8233	56259	29960	11017	81892	23636	339	103	6628	10569	81605	23644	23759	5725	91603	85437	25929	6156	10450	348995	6128	5073	63892	57187	4537	6133	115708	10914	9589	6426	79023	9716	23517	6430	5432	55746	9790	4539	6158	1659	6165	10713	10465	112858	5438	117246	23404	23451	7314	58509	3192	55687	5705	6167	6231	6176	22985	56949	9092	29107	55954	339487	7536	6222	10482	6205	53938	10946	10419	5690	9410	22827	4927	11224	57122	11052	5687	55623	6227	6832	80324	1975	51340	2071	100913187	56902	29974	5707	6161	29894	84916	90459	6204	5411	57472	10286	4850	7529	54802	4512	23020	6427	22826	51759	4809	79670	9129	134637	1981	6155	3184	7884	9295	5822	4540	9883
Metabolism of Amine-Derived Hormones	1735	50506	1644	6528	1733	7252	438	15	1621	7166	121278	5409	1734	389434	53905	7173	7054	1081
Metabolism of Amino Acids and Derivatives	51151	51686	6142	9045	6138	5827	8942	10003	2326	262	1036	1373	23743	6188	5719	593	3176	6194	6217	6301	5832	5702	123688	223	2731	10295	51582	6164	11185	9255	384	435	189	1160	7965	9861	6520	5688	113451	64087	7252	7166	6535	5693	55217	6611	5701	1733	4507	440	5694	6175	8424	347735	2752	6235	200916	79048	3034	3620	23446	587	4942	3067	5684	6136	9060	10165	2875	9061	2806	5706	2058	6143	6170	1152	5685	5691	50506	138199	140032	55526	6168	6898	5682	4837	1491	5713	284716	6723	883	6130	51121	2593	23498	2954	8528	6206	5695	389434	7311	23464	635	6173	6224	113675	1428	3376	7979	169355	6166	6218	256987	102724560	8604	6147	130013	64902	374569	29968	6230	4948	6135	6192	7296	549	118672	6123	6228	5689	83884	6132	6234	3081	5009	6159	2197	5717	6203	6229	4736	6208	25873	56922	2639	10157	3242	58510	6144	5053	5683	6201	120103	2346	339983	6999	22928	5700	6528	443	55349	4357	6210	5092	6152	23521	6124	5718	23474	5625	10841	1735	36	275	1468	25828	5692	57515	6191	4947	6169	121278	6303	6122	131669	5723	10993	53905	2746	58478	9349	26275	140801	2628	1644	4953	100131187	619189	79814	6821	1610	56267	29958	438	5859	7299	38	6139	5686	3028	26227	10213	9673	63826	11047	6233	9521	501	51268	445	5917	196743	339896	1892	7263	5831	57494	1734	89874	6193	8659	1081	6539	84706	6137	6470	1743	2184	6232	51065	11112	6141	15	6189	54363	1738	6209	3712	5714	10955	7173	6146	5709	5704	8564	5409	7306	6157	6125	116832	144193	51091	6154	1615	1621	6129	4143	10166	152926	27232	6538	6207	8140	6181	4967	6187	1638	2744	112817	9380	383	84245	27165	5860	6155	3735	6160	6202	6223	2936	594	57407	60678	3921	6171	6134	4548	259307	51074	85007	1757	84890	51380	6156	80150	6128	6133	191	6158	6165	125061	5705	6231	6167	6176	4946	6222	4141	6205	1158	5690	2747	4329	51520	11224	57571	5687	54498	6227	55256	7054	4552	5707	6161	6204	51540	1629	1728	27034	586	162417	51166	29920	2653	2805	5708	6534
Metabolism of Carbohydrates	411	2527	266722	11285	229	2997	9955	2992	3339	5207	10678	8509	5834	226	2523	669	10690	5257	6382	5568	25796	2632	126792	80201	221914	6487	5549	93010	11261	9334	1464	8908	960	4958	90161	9956	4928	10082	4166	124872	5106	2821	89944	10317	5209	3074	5566	5213	9394	633	3038	138050	23511	2331	5261	27087	112937	3425	5260	2131	9972	30815	347734	7316	8705	176	9348	170384	57818	6383	10007	3906	375790	54480	2027	4126	8702	2799	23225	5634	6006	7311	8372	5528	6396	2529	5315	2592	4060	22856	26007	132789	3037	135152	9957	7167	3099	55576	64131	11041	5223	10894	5210	2646	4669	8789	6120	3795	10675	63827	5631	56548	9631	92579	5567	5224	9818	2538	8086	8480	3036	5214	2719	9331	283871	2262	60495	801	6483	8703	28	23636	5519	80146	2548	83440	5236	7175	55454	231	166012	11081	3373	29940	23563	11097	10861	9469	55501	1462	7086	348995	222537	5256	6233	2132	6548	92126	10090	9653	50515	2526	3161	8534	8021	129401	79023	3101	8708	5226	132158	54020	55746	23279	26035	84750	53371	6484	3340	2597	2026	221823	8692	1836	2203	2539	10402	2998	5230	6448	7314	2239	6888	8704	3098	6007	79586	5507	57214	2524	4125	216	113189	178	6482	22934	2023	4969	337876	5515	9951	8707	9688	283209	11046	26330	7957	79369	2528	3073	9672	2683	6513	4927	9942	64132	57122	51181	219855	2817	10057	83539	9953	23165	10855	2525	5211	5313	51071	4123	79411	79902	5232	55706	5516	5837	7360	9435	230	23729	10331	81929	51363	3423	5518	26229	5208	64579	1463	55790	64080	24142	5255	2720	6385	2542	378884	9060	6652	51000	2582	10762	5091	2588	9061	5836	2584	55276	64711	51084	10327	23324	387712	1634	5903	5105	729020	2645	2990	9883
Metabolism of Cofactors	57017	3320	27235	2644	84274	2643	84842	56910	10229	51004	57107	23590	4846	5593	6697	801	1719	79934	51117	56997	207	3417	48	51805	5805
Metabolism of Fat-Soluble Vitamins	29967	55937	348	1645	51109	335	344	2817	4023	4035	1109	3339	151056	345	3949	6382	29914	53630	7274	57016	7804	154807	221914	5950	54884	2239	10082	2719	338328	6385	8644	26020	7276	5947	2262	336	5406	83875	79001	1208	337	9227	6383	338	5948	375790	4036	9672
Metabolism of Folate and Pterines	10797	10588	10840	2356	160428	6573	81034	2350	4522	1719	6470	441024	25902	6472	113235	4524	200895
Metabolism of Ingested SeMet, Sec, MeSec Into H2Se	51540	27232	4837	1491	4143	191	3176	102724560
Metabolism of Lipids	788	8776	19	57605	285362	81544	9415	80168	29906	284486	9871	6610	30	4051	100137049	9611	6487	50486	1622	26279	5130	9334	51588	33	660	57153	123745	224	2169	25865	441282	1576	646480	8029	10998	85441	346606	112937	134526	35	5833	8395	23389	8605	8705	3030	375775	8611	55500	10062	47	23760	4074	59338	29095	25870	51179	8398	9110	10025	23597	5446	3422	2274	54893	54511	55300	8800	1666	1583	5288	80205	3636	54477	54935	6837	65977	128486	54947	1544	23259	388121	43	11010	56895	5019	375	81857	2879	94101	6483	114882	3157	114884	8399	255043	2876	231	27306	10858	416	2170	1580	2194	5291	1646	10555	80736	81490	6770	7069	5465	57761	9420	26119	6095	8560	335	6257	7357	10654	57664	9468	11343	10802	5298	51	10599	196	410	123264	5660	1579	84246	84869	10449	51128	79626	401494	84498	6554	5337	8871	23171	3295	9600	9572	50487	5867	403313	9524	1573	114880	79071	590	80142	2717	5565	10390	239	9282	55613	2230	51170	56623	9374	2583	79603	9968	56910	388931	54545	79411	84693	9108	23309	200879	9663	2053	8503	56898	23446	5295	79644	64064	9440	58488	1584	3991	3638	51422	117245	8714	1103	23175	22876	414149	107987479	240	79837	5740	283748	4801	56624	242	3155	6307	2948	84895	248	123	4047	1459	55711	64850	55825	2820	1384	80724	2629	4056	253782	84879	948	51365	284541	23600	10162	39	51763	79888	79993	171546	3074	200931	5566	390916	4048	873	8309	5346	9439	54979	1375	377	133121	84002	23417	145482	6296	3248	4598	55326	81537	2222	113612	3631	116255	5322	158584	5287	376497	51360	6609	5730	57491	11332	10891	10005	29923	3033	2166	3290	1376	8647	5567	161247	30814	8613	5501	10948	51003	57104	1120	3292	857	11001	183	9107	79611	26061	2877	1545	5264	5920	51129	29841	3635	1460	5444	2819	23097	79642	80230	60481	3284	7376	9217	10498	63924	6916	1645	7296	892	22949	4899	114881	1962	9896	94103	8877	1387	2638	2232	11283	5538	147323	5641	120227	1717	79153	2531	5445	2760	219541	162466	123099	241	201562	8760	51099	9971	8898	246	9791	79966	114879	200576	6309	153642	23646	64801	9612	9536	27063	84649	5290	2101	1455	6901	4706	9514	5096	129807	5095	130367	83401	79887	6667	1718	8821	150379	142827	79152	340485	1800	2581	55090	11102	622	27124	1565	53947	284161	3837	96764	171586	63874	9441	158833	91734	51102	204219	1557	201164	55331	3294	6907	10908	50640	9442	7923	1594	23054	2710	23659	83394	30849	8879	85465	2181	3032	26230	7108	80339	51573	5743	5568	9632	23179	9915	374986	10809	81616	1581	93492	6579	79777	8895	10001	2713	84188	89944	57678	6256	11000	6584	55301	30815	2172	55361	347527	134429	55750	83930	8310	23683	22908	646486	8394	84129	91452	8529	9926	5289	340075	81579	112950	158835	5296	55224	5305	59344	1571	26031	6720	9412	4759	50814	64834	59339	1119	2874	4594	10499	38	1040	2687	32	114876	54675	25816	51171	2033	211	10423	129642	8228	55304	1457	51586	7329	10478	213	5901	1374	5297	126410	64600	122970	56994	51141	5742	8841	64781	1543	4520	1892	66036	5499	34	1632	2712	57834	6613	23396	57704	26063	2167	3158	6715	336	5294	90390	1081	247	26027	9362	4363	6716	79718	5007	10226	6713	3073	7368	154141	345275	9885	3283	204962	412	11145	29956	9023	8869	9429	9477	166929	1149	7421	8867	8904	64419	392636	54898	112812	8540	8612	51205	5476	126969	2720	10558	5587	27242	51478	3992	7179	22925	151742	253017	5868	84320	6822	347516	10087	149998	5319	165679	37	55588	411	8443	54600	124976	5728	9256	81846	80270	151056	2173	9200	9862	2523	6721	23305	10728	4199	80777	8202	4534	10715	400569	54797	9261	146850	9218	5320	5244	126282	125981	127281	1582	259230	4802	9969	3930	866	2171	9453	1559	4036	222	9489	57110	706	10455	1595	2180	10400	5286	5467	1109	114883	55627	1585	51703	9967	51495	10427	3972	117145	9517	56848	427	31	1589	2182	1558	255189	6319	81849	3047	6604	6718	9331	23761	4952	1024	8694	8648	5338	3156	51552	2168	65985	9443	5293	2224	79143	80306	8897	405	25942	28234	5468	5443	6305	22880	25979	221	5783	641371	4597	10554	91012	56261	5563	64174	10484	2678	142891	122618	8644	55856	137964	51144	84725	5500	54677	5321	56894	570	10965	2524	3293	29079	339221	22937	10682	9575	27349	133522	22901	254531	415	4758	5469	3291	8396	55512	22874	10825	150763	116519	6342	58526	197322	27132	6785	84803	80221	51302	4800	23533	1588	1593	4862	80821	57733	414	166785	8720	55697	253558	64900	6555	55289	283927	80765	8706	1591	1586	215
Metabolism of Nitric Oxide NOS3 Activation and Regulation	6697	4846	114757	23576	80777	3320	9397	857	4836	51070	207	340481	801	115677	1785	8976	10434
Metabolism of Non-Coding RNA	6396	348995	4927	6636	57122	1207	79833	129401	79023	23165	8487	8021	6635	6632	6633	55746	23279	11218	79902	55706	53371	51808	54960	4686	6634	22916	9631	10073	81929	9818	8086	4928	8480	6606	79760	23636	23511	10762	96764	9972	6628	50628	6637	7175	9688	79084	23225	10419	5903	11097	25929	9883
Metabolism of Nucleotides	221264	204	203	1807	7371	4907	51371	3251	7378	79077	6240	122481	51292	5198	56474	158	790	1723	25961	272	56985	30833	6241	954	3615	55270	84618	102157402	7084	53343	377841	4521	151531	7083	4832	7498	4830	5471	2936	1635	4831	471	57089	1716	50484	51733	4833	7372	158067	2766	64902	132	3704	56953	7296	353	7295	10591	22978	953	956	2618	1503	83549	8833	131870	100	270	9615	955	1854	1890	54963	2745	271	4860	11164	7298	25939	100526794	1633	8226	1806	26289	159	978	51727	9583	2987	79873	3614	1841	10606	957	205
Metabolism of Polyamines	5691	5683	5692	9861	5719	11047	4947	5687	5688	4953	51686	113451	54498	5700	79814	5689	5682	5714	6303	7979	5702	5707	196743	5713	6723	5705	5693	5684	5709	5704	1728	4946	6611	5717	5718	51582	5701	262	5686	5706	5694	10213	5695	5690	5708	5685
Metabolism of Porphyrins	54657	644	212	2235	213	28234	645	9429	3145	10599	210	7389	54658	1355	3163	3162	11309	1352	2938	1371	4363	2168	1244	7390	5498	211	28982	2990
Metabolism of Proteins	9230	55741	5329	3013	10956	4905	64326	8900	6142	5987	29906	23314	140739	23438	6487	9334	79016	1522	3670	51642	9656	4644	8473	140825	1604	54959	10155	5914	55827	9972	3799	1984	4194	6188	1911	51138	2648	6712	1780	6194	8074	6217	8858	3798	57559	6301	84282	4148	100287478	9189	23243	5702	79184	147111	144699	2767	1327	51318	2625	26986	79672	4191	50717	26286	10559	8924	5279	1977	1803	125476	11097	6770	7965	8662	10274	10939	10652	8021	3912	3915	7319	7252	7466	10121	6950	135228	5194	353091	54995	9919	93973	64949	122704	23113	2028	8970	8460	2109	7045	8451	2695	150684	84752	10735	983	6235	1107	5878	1912	387787	55970	100302652	27005	7068	6711	51081	83444	5706	10966	164395	116541	22921	22948	4088	9810	23423	54839	94025	83475	118430	1459	339122	171023	387	796	51499	5682	53339	7058	51280	54536	2641	23142	376267	10417	63875	80124	57599	51121	1603	6304	338557	377	23708	2787	120071	11174	51397	23225	140460	60488	6173	90480	100287205	25793	65008	10480	123904	25941	285381	58530	7022	813	1642	26263	6218	126119	10116	7844	4536	5698	64284	23107	8331	83548	7175	58485	10972	5954	6499	54617	11222	7040	6135	51079	11275	55577	7019	6234	908	8818	54891	1387	168391	56652	338382	6150	11167	9695	5717	6996	10210	51299	5870	5034	56957	6482	79913	9654	80028	10960	5683	55252	123228	8341	899	255738	5700	4122	401138	5082	6790	1936	5277	2650	129807	1636	1802	51601	6478	6152	7453	23137	3106	4069	140687	9487	267	10890	221937	833	22872	55808	10299	6015	100287238	5692	5241	6191	7332	2890	143662	9789	5029	4792	137797	51116	8729	92715	80227	8786	11336	338328	645402	793	26272	84364	23062	84620	6502	10445	1798	23163	3035	10392	84101	11196	266727	293	55829	4588	128308	6406	9781	3956	4062	290	11328	801	55432	7189	38	60559	8668	9027	8766	5122	5610	1457	6233	1511	120526	9521	5875	5710	51073	10694	9804	16	23512	3105	11320	9476	57511	729238	26088	140766	55757	26330	51246	4312	51067	2683	286053	2350	1738	9960	57542	2525	367	79831	5714	27247	332	1781	3491	9112	7184	4221	5476	84892	3329	8894	3053	147719	8453	10762	65264	116832	567	10576	8893	23555	89978	149111	411	327	79739	6129	140461	3339	5222	8724	399818	28972	257194	64924	222235	7818	55175	26234	317772	4967	8737	29926	4976	6500	360226	54965	140453	56648	653509	81876	498	22818	7048	1967	54872	6396	997	51258	55611	9040	2813	84733	8565	3735	64689	390594	10427	5111	6223	4924	9101	1758	3921	7857	51604	10952	8648	6742	56254	11226	6182	25942	55738	136371	433	55746	2792	420	79269	54876	57393	84861	10537	3626	5893	29099	6167	28991	84790	6176	11021	8434	116442	1789	3098	3479	5179	10965	79594	55143	3018	2271	54460	6222	4791	6205	79841	5690	6902	151194	83696	84141	4303	11224	10825	9719	474382	57122	8813	7076	11258	29086	10196	5687	6923	64928	55284	65005	23252	5707	9616	4733	10098	51377	55777	55907	81847	6204	50813	22955	1045	7109	22870	11014	4008	9736	83752	8767	64976	10489	9986	1981	4719	5708	10401	265	285231	285362	7018	51371	6731	9045	6138	10054	6400	29925	4193	1891	64963	9641	55527	2335	6383	8665	56999	821	25870	57129	1359	140838	5719	6748	84085	284348	54148	26520	3800	115290	128637	539	4245	201475	114803	6483	8703	164714	57646	351	416	3488	219402	6687	4723	7903	51602	26140	7458	115827	4241	51720	57188	79589	79805	2107	645836	10981	347688	493861	23279	221613	3703	56995	8774	29088	148789	5693	7128	57403	462	6045	5163	7039	4052	5202	3312	5701	7941	3827	10130	139760	10945	25862	292	10884	2230	9655	116150	200916	56852	79902	53916	26985	10020	506	80731	8338	64127	7046	408	1499	92369	7320	11093	8883	377630	3895	64708	7007	337	6143	6170	10071	5929	9545	64432	5691	92399	23011	79796	8667	2157	2488	91833	25839	80235	7057	2629	51389	133686	64135	7369	23478	3190	2999	6130	4928	326624	1755	54344	2934	84002	79868	122416	6206	170622	51715	93611	23210	51264	83729	9817	348	197	6224	3376	29761	27068	53942	8801	1487	7415	140456	57104	8345	183	2785	90293	9097	991	3485	59343	1460	6147	1431	2159	6709	4508	6230	10477	57038	84720	7376	55666	5238	3054	219333	23014	78988	221981	7157	11065	60412	5071	23556	6484	79176	10617	115426	79875	51807	27252	503542	8342	55208	4736	6208	51560	6399	8454	2677	10240	130576	29928	3065	219927	23770	6897	4248	10618	170691	354	55832	118424	1778	10331	23521	6124	9669	10564	26290	22846	11338	3015	80328	80896	89890	80204	3419	811	4712	221395	55768	288	283463	7203	349633	7328	5828	4351	8192	51665	6256	4738	29929	51504	28973	1786	54780	220441	5204	6612	6440	2783	1725	29954	6288	81619	7270	152330	54998	51263	27090	7456	4541	91433	1395	10318	4152	5859	254263	10254	7345	84617	211	29843	4528	23468	29071	29089	7329	10730	63971	26984	3619	6746	1360	8775	1082	1983	23358	6613	283807	6477	90865	9039	56886	6193	8915	64426	2873	56605	154064	114805	1643	26224	1743	79587	51065	5627	54620	5973	6189	63917	57799	51676	6209	5201	7841	51322	1294	4722	7421	56913	10113	5372	5709	2720	93624	1783	5716	5192	2804	4929	4513	6125	5868	85365	84545	3817	55851	10376	55236	100532731	81792	10056	8875	966	81562	8000	5591	10678	26190	84196	3625	4306	1965	64975	4583	401036	63931	84197	7703	7417	6774	8204	23275	8666	83887	3913	5537	79087	27314	9212	372	60676	92305	7341	8295	57505	1315	26118	7021	57719	2922	440689	9978	632	5887	740	9818	140462	3816	9331	10970	6171	51693	7334	1471	6569	10282	652	5617	6156	254173	1462	51667	6745	152	7428	830	79023	91851	54972	146712	79155	2793	6165	325	10402	23256	718	92591	83464	23385	8704	169026	55770	25809	2627	149951	254013	29844	415	4758	6653	3487	6675	2688	54734	51520	8658	7155	6294	83746	6161	11096	165918	7158	27089	6881	8607	1087	1629	284098	8243	4086	27034	84311	1917	1361	2653	4540	4287	10117	23621	409	92949	140735	3183	51253	8533	11091	9871	11274	7704	25837	9570	51588	6708	79590	7347	10632	10026	402	85476	1968	55336	8702	23586	84871	90411	11236	6747	221656	5832	10324	2266	100288520	51650	5080	9945	43	5019	26503	26085	7874	5265	2591	384	64410	57332	64978	509	9527	51088	9507	335	1509	432	129401	10802	10905	284076	410	7284	9021	51128	139285	4609	8850	79861	28977	3091	7321	9306	6184	51035	59272	1512	1066	55593	5340	282969	56052	9215	7317	6175	92815	80070	83871	9382	26094	54331	23165	56910	23032	2530	10573	84628	79754	22854	65993	2908	84992	6136	51651	26589	9646	100528030	84516	5903	5685	6048	248	78990	6975	392188	84920	6168	8065	91445	27076	7264	124454	1915	92912	23682	7486	64983	5931	1937	26267	9314	1453	91689	5721	5566	10987	11095	7349	10454	374969	7706	170692	23395	1616	93661	7508	171169	4286	9627	10891	7979	11227	80740	6804	444	4092	84342	7323	84541	3998	2519	9631	146760	3418	23093	8661	2719	7419	8790	2864	668	115273	10440	23627	7407	2791	91869	347733	339366	144245	51021	9761	123624	128869	5067	122706	6314	8663	6192	23193	7295	6228	23363	10600	146183	90268	10869	8877	54516	79728	27166	54850	89122	11070	170690	10845	2801	390243	2197	9318	6905	8239	287	83987	9486	50614	324	1801	6811	6144	51738	114548	80086	51227	5162	3607	1368	1639	22820	7518	2776	7278	22931	5096	6210	57171	64969	25956	81929	1540	51564	10418	154	2786	54742	55568	8614	5873	5199	6468	3017	3622	36	3624	79609	9609	28998	102	10540	10521	6696	10232	80351	8891	23265	6122	79577	253827	54926	55173	5768	2822	11316	419	80222	196483	2746	11098	6622	9349	56160	30815	64377	3481	2494	2235	5126	8334	3093	57591	25924	1978	8816	10471	6670	8624	56667	55884	2348	3630	116540	2621	55014	7416	4759	8086	8480	23326	26249	55052	11282	6734	23291	1314	92935	5686	51514	3028	3569	8340	5874	2033	7879	54948	27429	51014	51386	10476	9245	1080	4695	10195	56945	5611	6934	4253	29880	51069	64981	340348	249	29995	124995	100287441	57506	51107	6596	8835	28952	54145	28957	9688	5045	993	3416	2517	84727	251	6232	25973	50863	8535	412	8869	727897	2243	2626	10206	3490	22944	51156	6672	29927	149371	64841	1029	5283	90135	64856	8615	255626	79139	7150	79791	3801	10055	8078	2935	55901	1161	10610	10102	381	8934	389362	7425	728386	84259	57452	2200	1737	9363	9491	157869	9489	123879	128312	1655	7991	200958	6480	7528	8655	5160	11041	6160	6202	10693	10272	3972	6441	7186	115209	4677	79695	154881	1439	23480	9246	54757	201456	1788	338	4247	9903	136	1075	348995	6128	170689	6730	8878	5443	51725	11253	51373	6158	7181	394263	55647	5864	122553	25834	59345	6231	10484	84078	9134	9091	100287513	54951	3698	10517	83844	22901	100287364	114785	5715	84961	4927	3952	63967	3090	9868	116519	23198	5830	90701	8856	150726	27338	135	6710	6903	414	79748	4512	8720	84932	29074	142685	57176	4061	143471	6117	401447	8313	60509	6155	140459	65094	4978	3396	9146	197370	6185	1329	85235	80055	10640	9509	55624	1026	3313	84749	4057	10466	672	6921	27095	7690	26259	8733	83452	116372	57134	2784	8073	10062	8459	4582	55294	84340	86	29093	7326	10072	23471	3486	9510	4589	51226	10381	720	375	580	100287404	3623	6164	23194	9255	51272	440138	79090	5465	9861	1974	8348	150465	23168	5862	6095	5688	51301	23170	8517	9820	6844	9037	90864	80349	91949	7153	10197	64965	522	9526	7385	5867	51649	590	10164	5694	9377	79623	619373	4311	64772	79369	5869	5373	2762	80267	6726	23463	51164	374	219	54461	55706	54534	9554	8404	2769	55650	51146	57695	5684	54938	79644	55037	51023	54587	2058	85236	8450	5872	347517	1000	140032	197258	140458	3489	55763	94235	55291	58477	898	5713	8892	56984	11019	4089	256435	1215	80341	26284	374907	643847	1435	23511	5876	118487	6727	5695	8975	6000	7311	64960	1121	1069	1964	79731	4869	51122	2617	123169	174	641	21	51209	3033	10342	2590	80344	6166	1122	4240	84132	4124	161357	192134	8554	25950	6694	7353	340351	64122	79642	26232	54939	79677	401409	9361	100287144	79947	349667	3646	6123	5689	374378	11015	9759	79091	6132	9063	55135	8027	158135	683	1938	6159	8678	10383	6203	64968	6229	1650	25873	3375	7322	60	28996	9099	9971	80012	1043	9445	1048	6472	2923	2788	10352	6201	153642	55854	9612	29080	51005	1363	4706	8452	8128	7324	92552	27430	8787	4535	84447	55157	5720	171019	63908	622	79931	7375	8312	5718	9126	5464	9738	2158	10575	9276	5865	80067	10681	54623	7846	2673	6169	8349	55699	5861	65003	9632	100137047	55343	126003	7067	5699	1819	142686	93010	1154	4200	150	832	260334	54507	330	1155	1114	63891	10474	401258	4313	646627	347527	338596	5195	11173	334	140801	8664	65080	10159	22845	51009	7411	64344	5110	10528	54437	5885	51142	4585	340075	10980	7280	4482	2155	9367	257218	6904	126433	123263	8669	10499	6489	2193	6139	4249	51143	9994	3483	51666	200845	8237	10213	142684	51764	11047	5589	213	80176	4121	51611	8841	53371	9929	217	5917	9628	51809	64750	1632	3066	9210	2589	4780	3158	336	10382	378	286	1081	258	64979	7070	6885	10238	79694	8945	6137	122769	23369	51255	100287327	5423	84262	6141	161725	25879	51332	4584	22796	2147	84061	1973	51734	8890	9100	7336	83639	6146	9801	442117	146330	5704	10868	5972	55288	6157	3371	23287	9488	10574	2215	29106	55168	54764	10942	6154	10667	1615	89866	7327	81794	6729	55239	5728	4586	81027	54732	117248	50	56975	8314	51762	8876	26958	6207	9117	124872	6181	6187	93183	9553	55860	5886	57731	127247	7316	51616	26519	114907	5624	23038	3484	256281	84261	10671	27335	10175	56929	51046	890	26270	81849	5970	1933	8542	9630	112714	375056	2782	6134	23636	5711	51399	142	7277	10670	142689	51552	8139	53917	59348	2790	4045	4878	4087	51201	2153	6133	7512	5468	10585	5018	55031	205564	4597	23203	5281	329	7314	221154	5705	4731	26235	79823	6728	7276	8581	1605	6439	10568	9508	10959	4141	57111	4218	283899	829	26268	346562	10920	6227	94005	54165	1975	5193	56955	5905	55958	23412	5069	5203	64951	7020	1356	221044	3270	2099	79053	5371	199857	4798	145173	11315	100287178	7187	1438	2516	84276	55176	54187	643834	5696	11031	22803	9883
Metabolism of Steroid Hormones	3294	6770	9256	3283	2230	51170	412	5443	1583	1585	3972	3290	1589	1588	2232	112812	10948	3292	441282	147323	79644	706	51144	6715	1584	3291	1081	3293	6716	231	866	51171	134429	83930	1586	3284
Metabolism of Steroids	3294	6907	1594	9256	4047	23054	80270	7108	6721	9632	9871	1581	51588	39	23600	6579	441282	6256	57678	200931	8029	1582	10998	85441	8309	4802	3930	2172	866	134429	4598	9453	83930	706	4036	2222	1595	3422	51360	1109	1583	114883	80205	1585	10427	10005	3972	3290	8647	31	1589	6319	26031	6720	50814	10948	3292	6604	11001	6718	10499	3157	114876	32	8648	3156	231	10858	51171	2194	1646	3284	6770	2224	10498	5465	9420	1645	26119	7329	213	28234	5901	5443	10654	114881	10802	51141	10599	1387	4520	4597	123264	2638	2232	51128	10484	147323	6613	5641	8644	120227	6554	51144	6715	1717	570	3295	1081	3293	22937	403313	10682	79718	114880	6716	79071	5007	9971	6713	5469	3291	6309	64801	9885	3283	2230	51170	412	6342	9023	51302	4800	7421	1588	1593	6667	112812	1718	79644	8720	1584	3638	6555	51478	80765	8714	3837	96764	91734	1591	4801	1586	6307
Metabolism of Vitamins and Cofactors	316	81693	3320	2356	27304	2644	2643	3339	9446	4907	4035	151056	160728	80347	10560	3949	10797	6382	5743	4837	133686	8876	9963	686	221914	55739	79581	54981	79178	10082	338328	1727	9390	5169	55788	8029	5947	1582	5406	8875	284439	54625	23057	6383	56997	79717	48	10135	375790	4036	83594	9962	5167	27231	160428	348	51109	1109	84842	6948	6947	29914	10229	79646	4337	55312	31	5593	9054	5950	200895	54884	80704	2719	26020	83666	56965	55065	4594	2262	801	55034	113235	51117	4548	3141	32	9227	5168	338	2194	5948	3417	51805	54	119391	254552	80308	5805	57017	27010	27235	84875	1645	26119	84274	335	4522	93100	5646	64087	326625	53630	51004	7804	57107	23590	440387	4846	683	128240	6697	2239	60496	113278	8644	1528	10243	23475	7276	336	1719	83875	53354	56922	349565	4363	10840	81034	55191	55229	51293	6470	51248	9672	6472	64802	54956	29967	6513	2694	55937	6573	25974	8884	2350	952	143	344	2817	4023	55163	345	8566	56910	4552	7274	1504	57016	5095	5096	154807	441024	60490	25902	6385	166785	80025	5644	79001	1208	79934	4524	60386	5091	79668	55328	65220	8034	6515	79877	337	5740	207	10588	4338	5826	27249
Metabolism of Water-Soluble Vitamins and Cofactors	316	81693	2356	27304	9446	4907	160728	80347	10560	10797	5743	4837	133686	8876	9963	686	55739	79581	54981	79178	1727	9390	5169	55788	8029	8875	1582	284439	54625	23057	79717	10135	4036	83594	9962	5167	27231	160428	6948	6947	79646	4337	55312	31	9054	200895	80704	83666	56965	55065	4594	55034	113235	4548	3141	32	5168	2194	54	119391	254552	80308	27010	84875	26119	4522	93100	5646	64087	326625	440387	683	128240	60496	113278	1528	10243	23475	1719	53354	56922	349565	4363	10840	81034	55191	55229	51293	6470	51248	6472	64802	54956	6513	2694	6573	25974	8884	2350	952	143	55163	8566	4552	1504	5096	5095	441024	60490	25902	166785	80025	5644	4524	60386	5091	79668	55328	65220	8034	6515	79877	5740	10588	4338	5826	27249
Metal Ion SLC Transporters	7779	23516	55532	7922	254428	55630	7781	29985	29986	64924	1317	1356	9843	84102	6556	27173	4891	64116	7780	169026	57181	25800	283375	30061
Metal Sequestration by Antimicrobial Proteins	3934	6280	6278	338324	6279	4057
Metalloprotease DUBs	92815	8334	3013	51720	6233	29086	57559	85235	79184	221613	10617	8027	7314	8338	672	580	317772	8850	114803	8331	7316	2033	10213	7311	114548
Metallothioneins Bind Metals	4504	4490	4494	4493	4496	4495	4501	4502	84560	4499	4489
Methionine Salvage Pathway	84245	4507	2805	51074	55256	58478
Methylation	57412	4548	1312	4552	4837	7172	4143	191	51504	9446	1544	27430	4144
MicroRNA (miRNA) Biogenesis	5430	5439	26523	5901	5441	5435	5432	57510	54487	23405	5436	5438	5431	192669	8575	192670	29102	5440	144233	5434	27161	5437	5433	6895
Microbial Modulation of RIPK1-mediated Regulated Necrosis	8737	197259	841	11035
Microtubule-dependent Trafficking of Connexons From Golgi to the Plasma Membrane	7846	81027	7278	7280	347688	2697	10381	260334	84790	51807	10383	79861	112714	10382	347733	7277	84617	10376	80086
Mineralocorticoid Biosynthesis	3284	1585	3972	3283	1589	1081
Minus-strand DNA Synthesis	5478
Miro GTPase Cycle	22906	55288	9927	89941	80179	55669	5910	66008
Miscellaneous Substrates	113612	8529	126410	57834	107987479	1565	1580	4051	284541	54905	64816	29785	1579
Miscellaneous Transport and Binding Events	80131	7991	56262	57185	79815	55144	123606	93380	563	54896	56172	120	84061	1497	2039	118	1448	81614	119	84230	348938	23507	57380	5304	1446	152519
Mismatch Repair	57804	5425	4436	4437	10714	3978	5395	4292	6117	6118	9156	2956	5424	5111	6119
Mismatch Repair (MMR) Directed by MSH2 MSH3 (MutSbeta)	57804	5425	4436	4437	10714	3978	5395	4292	6117	6118	9156	5111	5424	6119
Mismatch Repair (MMR) Directed by MSH2 MSH6 (MutSalpha)	57804	5425	4436	5395	10714	3978	6117	4292	6118	9156	2956	5424	5111	6119
Mitochondrial Fatty Acid Beta-Oxidation	23597	1666	84129	3032	11332	4706	80221	117145	80724	84693	3033	284486	5096	5095	641371	1892	1622	33	34	1632	10449	142827	55856	166785	58488	4594	10965	134526	35	26027	84320	414149	27349	3030	6296	51102	37
Mitochondrial RNA Degradation	4509	9238	4537	6832	4541	60493	4539	25996	4538	4535	10128	22868	4519	87178	4512	4536	4514	81892	4513	4508	2926	10922	4540
Mitochondrial Uncoupling	9481	291	7352	148811	7350	7351	9016
Mitochondrial Biogenesis	4509	6907	79135	23054	23410	9556	23373	518	6300	515	9611	3313	10989	5564	814	6256	10632	85441	2746	1432	517	84808	498	2553	23408	139322	55735	80205	23409	55902	10891	4580	539	3418	11232	5600	6604	53632	801	10499	8648	6742	521	4508	211	10476	84833	54927	10498	5465	509	4208	3054	10651	200186	4899	7019	9551	7978	64216	64784	8841	8834	1387	5442	5563	25813	56652	1386	513	516	522	9572	79718	133522	84303	5469	5565	2747	5571	440574	2551	2101	6648	54205	1385	506	4209	27109	514	125988	23082	51422	51106	96764
Mitochondrial Calcium Ion Transport	10939	9512	10730	10367	30968	90550	8165	23203	80024	7416	221154	6547	55486	7419	7417	3954	91689	11331	55013	286097	5245	6687
Mitochondrial Iron-Sulfur Cluster Biogenesis	2232	112812	23479	51218	51312	150274	57128	81689	2230	2395	9054	122961	81894
Mitochondrial Protein Degradation	3419	55699	51499	4712	50	1329	133686	51116	3313	4200	55173	64983	8192	91689	4967	5566	4976	1891	10632	2746	498	26519	2235	4541	5160	51142	5832	26520	3033	293	115209	8801	539	3418	1327	5019	4536	10440	4191	38	351	1431	3028	6742	384	4508	6687	211	4723	27429	10476	6770	9361	509	10939	51079	6182	4695	10730	7019	217	27166	23203	54995	56652	221154	1632	4731	10845	3158	5163	10965	522	7385	2271	9377	6472	29928	292	5162	1738	56910	4722	219	5096	27089	506	4535	1629	3329	622	4512	27034	4513	4719	36	4540
Mitochondrial Protein Import	29928	92609	54927	26521	27235	3421	9868	291	100188893	56942	9512	2671	1537	10651	388753	90639	1738	4714	10245	10063	51142	50	6901	79145	26520	100272147	100287932	401505	293	23203	10452	4580	3313	80273	617	26517	506	25813	26515	9804	7416	84269	56993	5009	150274	3329	131118	10440	10165	29090	516	54543	134266	10531	8604	51025	10469	1431	498	400916	26519	2395	100529144	51287	131474	1678
Mitochondrial tRNA Aminoacylation	51067	57505	10352	79587	25973	79731	55699	2617	3735	27068	124454	23438	55157	54938	5859	80222	92935	57176	10667	23395	57038
Mitochondrial Translation	28998	92399	3396	65003	51253	10102	51116	63875	7818	55173	64983	64975	51642	79590	63931	26284	9553	28973	64963	118487	85476	6206	65080	57129	51264	64960	51258	54998	60488	84340	51263	90480	29093	65008	54148	116540	51650	740	128308	51318	123263	55052	23107	219402	54948	51021	64978	4528	11222	6182	56945	78988	5018	51373	51073	54516	64981	51069	29088	7284	64949	6150	122704	124995	28977	64968	64965	64979	51649	54460	28957	10240	219927	10884	64928	65005	54534	10573	64951	64969	9801	65993	55037	29074	26589	64976	84311	84545	51023	51081	55168	116541	64432
Mitochondrial Translation Elongation	28998	3396	65003	51253	10102	51116	63875	7818	55173	64983	64975	51642	79590	63931	26284	9553	28973	64963	118487	85476	6206	65080	57129	51264	64960	51258	54998	60488	51263	90480	29093	65008	54148	116540	51650	740	128308	51318	55052	23107	54948	51021	64978	11222	6182	56945	78988	5018	51373	51073	64981	51069	29088	7284	64949	6150	122704	124995	28977	64968	64965	64979	51649	54460	28957	10240	219927	10884	64928	65005	54534	10573	64951	64969	9801	65993	55037	29074	26589	64976	84311	84545	51023	51081	55168	116541	64432
Mitochondrial Translation Initiation	28998	3396	65003	51253	51116	63875	7818	55173	64983	64975	51642	79590	63931	26284	9553	28973	64963	118487	6206	65080	57129	51264	64960	51258	54998	60488	51263	90480	29093	65008	54148	116540	51650	740	128308	51318	123263	55052	23107	219402	54948	51021	64978	4528	11222	6182	56945	78988	5018	51373	51073	64981	51069	29088	64949	6150	122704	124995	28977	64968	64965	64979	51649	54460	28957	10240	219927	10884	64928	65005	54534	10573	64951	64969	9801	65993	55037	29074	26589	64976	84311	84545	51023	51081	55168	116541	64432
Mitochondrial Translation Termination	28998	92399	3396	65003	51253	51116	63875	7818	55173	64983	64975	51642	79590	63931	26284	9553	28973	64963	118487	6206	65080	57129	51264	64960	51258	54998	60488	84340	51263	90480	29093	65008	54148	116540	51650	740	128308	51318	55052	23107	54948	51021	64978	11222	6182	56945	78988	5018	51373	51073	54516	64981	51069	29088	64949	6150	122704	124995	28977	64968	64965	64979	51649	54460	28957	10240	219927	10884	64928	65005	54534	10573	64951	64969	9801	65993	55037	29074	26589	64976	84311	84545	51023	51081	55168	116541	64432
Mitochondrial Unfolded Protein Response (UPRmt)	2099	22809	9361	1670	2309	3329	3297	207	3336	23410	3303	6648	3313	847	27429	4899	3301
Mitophagy	1457	9868	8878	1459	51001	6233	100188893	7332	55669	6714	81631	84557	5071	8408	65018	7323	401505	7335	10452	9804	7314	7416	139341	56993	7419	7417	29110	9140	54543	1460	192111	7322	7334	79065	7316	10133	9474	9927	7311
Mitotic Anaphase	9735	5691	5692	2010	57405	7846	81027	91782	1058	151648	55839	140735	5682	5713	1104	51529	260334	4928	9133	10393	23511	7444	6249	3930	23421	10403	3796	7316	9212	5695	25936	7311	1063	5520	7341	25906	5528	6396	5719	1062	1780	9183	147841	8655	9232	5885	22933	7979	7280	5702	81930	64946	10726	54908	10381	891	8881	9631	79643	9818	79172	5501	64682	83540	113130	9184	246184	112714	55920	996	11130	51143	991	5519	5048	23636	5686	347733	7277	84617	5525	79003	8815	10213	92421	79019	9861	348995	10274	4001	11047	7329	4085	6233	29082	25909	5688	5901	3619	129401	79023	5689	25978	5529	55166	11065	347688	55746	23279	7514	53371	57082	79980	81565	55869	119504	80152	23047	7314	5705	5693	11004	221496	84790	51807	23063	200014	699	10383	27183	79861	5717	10382	23122	7321	27243	54820	128866	55143	5701	79682	51433	5515	5694	84643	9688	55055	5690	1060	9700	80086	10735	983	23141	54821	5683	6232	57122	8697	701	8379	5347	5687	7112	5527	23165	5700	80776	23244	5714	5905	7278	5707	23592	79902	22919	55706	5516	7443	27338	23332	332	1781	1778	64105	5526	348235	2491	81929	7324	5518	100527963	51434	5684	91687	401541	5704	5709	8243	151246	29882	4000	9798	5718	6683	1783	9126	100526767	3842	3837	10376	29945	5706	9793	57551	220134	5708	5903	5685	9883
Mitotic G1 Phase and G1 S Transition	1021	5691	5692	55388	8900	6714	4149	81620	4173	91768	1870	5682	1163	3717	898	5713	1026	5934	902	6500	4999	5753	6241	990	8318	7316	51053	5695	56655	6502	7311	5520	5719	4331	25	4172	7083	23595	1859	28227	595	1017	7979	29935	5702	55957	890	5111	891	6118	1871	5558	896	5519	5686	5925	1027	10213	1030	208	8317	9861	1874	11047	7027	132660	6233	5688	23649	5689	1032	4174	54107	4171	286826	1869	4998	6119	7314	10926	5557	5705	5693	4605	7153	5000	9134	1876	4609	5717	1719	5701	7029	1022	1031	5515	8454	1019	5694	5690	894	993	983	3065	5683	1028	5933	23594	5687	4067	5700	5714	5707	26271	5516	7298	10000	7465	91750	5518	5684	5709	5704	1029	5427	5422	4175	5718	5426	4176	1875	6117	5928	84515	5706	207	5708	5685	5001
Mitotic G2-G2 M Phases	5691	5692	3320	54801	7846	93323	81027	10540	7532	984	8900	80254	79866	84131	8636	55722	5682	80184	5713	1026	260334	11116	11190	9133	1453	55125	902	5566	6500	7283	85378	7316	27229	7840	5695	7311	1063	5520	79441	5719	1069	4331	10844	22822	8655	55755	28227	1017	7979	7280	79959	5702	9978	55957	890	10381	891	22897	55142	10733	80321	1871	112714	51512	23291	5519	23194	5048	5686	347733	7277	84617	10133	4659	95681	5108	2033	10213	29922	114791	9861	3326	9814	11047	2305	9662	132660	6233	10806	440145	5688	22974	3161	27175	5689	8481	7157	80097	347688	23354	4957	286826	10121	9702	1869	121441	7514	7314	5705	5693	84790	51807	4605	10383	4751	79861	5500	5717	10382	84962	51451	54820	5701	1022	10426	5515	8454	5694	8945	22981	653784	5690	4218	80086	993	22994	80028	1454	51400	203068	983	5683	5685	54930	22995	11258	5347	5687	1639	5700	6790	63943	9088	5714	5707	7278	5516	22919	995	23332	115106	728642	1781	1778	91750	7465	5518	5684	5709	5704	11064	4660	5718	9738	5116	5928	10376	994	55559	5706	9793	10142	7531	5708	5577
Mitotic Metaphase and Anaphase	9735	5691	5692	2010	57405	7846	81027	91782	1058	151648	55839	140735	5682	5713	1104	51529	260334	4928	9133	10393	23511	7444	6249	3930	23421	10403	3796	7316	9212	5695	25936	7311	1063	5520	7341	25906	5528	6396	5719	1062	1780	9183	147841	8655	9232	5885	22933	7979	7280	5702	81930	64946	10726	54908	10381	891	8881	9631	79643	9818	79172	5501	64682	83540	113130	9184	246184	112714	55920	996	11130	51143	991	5519	5048	23636	5686	347733	7277	84617	5525	79003	8815	10213	92421	79019	9861	348995	10274	4001	11047	7329	4085	6233	29082	25909	5688	5901	3619	129401	79023	5689	25978	5529	55166	11065	347688	55746	23279	7514	53371	57082	79980	81565	55869	119504	80152	23047	7314	5705	5693	11004	221496	84790	51807	23063	200014	699	10383	27183	79861	5717	10382	23122	7321	27243	54820	128866	55143	5701	79682	51433	5515	5694	84643	9688	55055	5690	1060	9700	80086	10735	983	23141	54821	5683	6232	57122	8697	701	8379	5347	5687	7112	5527	23165	5700	80776	23244	5714	5905	7278	5707	26271	23592	22919	55706	79902	5516	7443	27338	23332	332	1781	1778	64105	5526	348235	2491	81929	7324	5518	100527963	51434	5684	91687	401541	5704	5709	8243	151246	29882	4000	9798	5718	6683	1783	9126	100526767	3842	3837	10376	29945	5706	9793	57551	220134	5708	5903	5685	9883
Mitotic Prometaphase	9735	3320	57405	54801	7846	93323	81027	10540	7532	1459	80254	84131	8636	1058	55722	55839	151648	140735	80184	260334	11116	4928	64151	9133	11190	1453	55125	5566	7283	6249	85378	23421	10403	3796	9212	27229	10051	7840	25936	1063	79441	5528	6396	1069	10844	1062	1780	9918	9183	147841	8655	55755	5885	7280	79959	81930	64946	10726	54908	10381	891	22897	79172	5501	55142	27436	83540	10733	113130	80321	9184	112714	23397	55920	11130	51143	991	5519	5048	347733	1460	7277	84617	5525	79003	10783	95681	5108	29922	79019	114791	348995	9814	10274	1457	9662	4085	10806	25909	440145	91754	3619	79023	27175	8481	5529	55166	80097	347688	23354	55746	23279	4957	7514	10121	9702	79980	57082	81565	121441	55869	80152	23047	11004	84790	51807	23063	10383	699	4751	79861	4926	10382	23122	55732	54820	55143	79682	10426	5515	55055	84643	22981	653784	1060	203068	80086	22994	1454	10735	983	54821	6232	54930	57122	701	22995	11258	8379	5347	1639	5527	140609	80776	23244	7278	5905	79902	5516	22919	23332	332	115106	1781	1778	64105	5526	348235	2491	81929	5518	100527963	10592	91687	401541	8243	151246	11064	1783	9126	9738	5116	10376	55559	9793	10142	7531	220134	57551	5903	5577
Mitotic Prophase	2010	3013	8349	5594	5861	4928	9133	23511	7444	81876	9972	5903	23225	10051	5578	8290	128312	6396	5579	8334	23399	79648	6418	64689	55766	387893	891	9631	9818	8086	8480	8345	23636	5519	8331	23133	5925	7175	10783	8340	8815	11097	8348	348995	4001	5862	91754	10776	129401	79023	8021	55746	23279	23310	2029	53371	255919	221496	26003	2801	8342	8970	4926	3018	54145	5515	9688	983	4927	57122	474382	8341	29781	5347	7112	140609	8548	23165	5595	94239	23592	79902	55706	54892	5516	9663	7443	81929	5518	8338	10592	4000	64900	84930	10762	8615	255626	23175	3017	85236	55844	9883
Mitotic Spindle Checkpoint	9735	57405	1058	151648	55839	140735	51529	4928	10393	6249	23421	10403	3796	9212	25936	1063	25906	5528	6396	1062	1780	9183	147841	8655	81930	64946	10726	54908	8881	79172	5501	64682	83540	9184	246184	55920	996	11130	51143	991	5519	5048	5525	79003	79019	348995	4085	25909	3619	79023	5529	55166	11065	55746	23279	7514	57082	79980	81565	119504	80152	11004	699	23122	7321	54820	55143	79682	51433	5515	55055	84643	1060	54821	6232	57122	8697	701	8379	5347	5527	80776	5905	79902	5516	22919	27338	23332	332	1781	1778	64105	5526	348235	2491	81929	7324	5518	100527963	51434	91687	401541	151246	29882	1783	29945	9793	57551	220134	5903
Mitotic Telophase Cytokinesis	10735	23244	9126	23383	8243	10274	23063	25836	5347	9493	10112	23047	5885
Modulation by Mtb of Host Immune System	4360	567	7316	5524	6233	7097	7311	7314
Molecules Associated With Elastic Fibres	8076	7043	3688	2201	7040	655	7448	90187	3690	84467	2202	3694	3696	4239	7042	8425	4238	84034	8200	3685	3693	650	4053	4052	8516	27302	2199	652	4054	2200	30008	2335	11117	4237	10516	2006	2192
Molybdenum Cofactor Biosynthesis	9054	4337	27304	10243	55034	4338
Mtb Iron Assimilation by Chelation	4057
Mucopolysaccharidoses	3423	2588	411	3425	4669	2720	3373	2799	6448	2990	138050
Multifunctional Anion Exchangers	5172	65010	115111	115019	159963	284129	1836	1811	10861
Muscarinic Acetylcholine Receptors	1131	1133	1132	1128	1129
Muscle Contraction	58498	3709	338567	4624	4882	493829	80228	2259	10060	6327	3759	4607	775	6335	6336	6910	4703	89	51305	844	8557	103910	72	6330	6547	476	5062	27092	3693	5566	4636	489	7094	309	30818	6263	8645	3672	55800	88	7139	58	2258	7138	8913	5348	4638	4621	1674	3777	7169	492	29895	3750	29765	2256	444	4634	29767	23704	3741	6323	6786	3710	30819	4626	7431	25937	83795	4842	801	3770	59283	2257	3708	3776	7414	488	5350	7135	3761	59285	818	478	29098	6588	8291	10008	5058	859	493	54207	4878	10699	10398	8912	7136	84876	6546	7273	8911	10174	6331	7137	89822	2281	4632	3757	5349	815	490	10089	301	217	487	782	3752	7140	7220	3784	70	6261	56659	204851	7170	6543	1482	6329	8850	817	7171	8654	6328	7111	1066	4633	783	53828	28996	11280	25802	7134	4311	4635	483	2977	59284	4881	3751	4606	7168	10345	302	9254	50801	29766	7125	30820	2626	3768	4880	816	1756	6717	10580	9992	477	845	53826	4604	3767	482	491	53822	60598	10627	140465	6334	93408	59	481	800	4629	486	6324	80333	3753	23630	4637	6326	56660	6332	9424	3775	1760	10142	1193	10768	5829	6262	480
MyD88 Cascade Initiated on Plasma Membrane	5604	841	5594	6196	121457	6195	11274	4792	7335	9261	257397	1848	5601	6500	9252	92610	1432	10454	7316	6416	6288	7311	80216	5606	5598	6283	5528	84166	10392	51231	7186	3725	57162	9684	5970	23118	5600	51135	7189	23291	6285	9097	5519	57161	7334	351	1845	177	2002	5599	4208	1846	79671	6233	4205	5609	28512	4615	7157	8517	79155	4214	4793	51295	7314	466	6197	1386	5602	3146	28511	6885	3654	4791	5515	8454	2353	8945	3551	1849	3656	246330	81793	5595	1147	5516	7100	1385	5518	64127	5608	7867	8767	9683	1326	4790
MyD88 Deficiency (TLR2 4)	929	695	2243	6271	114609	4284	6280	2244	2266	7097	23643	6279	948	7099	7096	10333	4615	3146
MyD88 Dependent Cascade Initiated on Endosome	5604	841	54106	5594	6196	121457	6195	51284	11274	4792	7335	9261	257397	1848	5601	6500	9252	92610	1432	10454	7316	6416	6288	7311	80216	5606	5598	6283	5528	84166	10392	51231	7186	3725	57162	23643	9684	5970	23118	5600	51135	7189	23291	6285	9097	5519	57161	7334	351	148022	1845	177	3665	2002	5599	4208	1846	79671	6233	4205	5609	28512	4615	7157	8517	79155	4214	4793	51295	7314	466	6197	1386	5602	7099	3146	28511	6885	3654	4791	5515	8454	2353	8945	3551	1849	3656	246330	5595	1147	5516	1385	5518	64127	5608	7867	8767	929	9683	100302736	1326	4790
MyD88-independent TLR4 Cascade	5604	841	5594	6196	121457	6195	11274	4792	7335	9261	257397	330	8737	1848	5601	6500	9252	9641	92610	1432	10454	7316	6416	6288	5606	80216	5598	7311	6283	5528	84166	10392	51231	7186	7323	3725	23643	9684	5970	23118	5600	23098	29110	7189	23291	6285	9097	5519	7334	351	148022	10133	1845	177	3665	2002	5599	4208	1846	79671	6233	4205	5609	28512	7157	8517	79155	329	4793	7314	466	6197	1386	5602	10010	5781	7099	7321	3146	11035	28511	7322	6885	3654	4791	5515	8454	2353	8945	3551	1849	3656	8772	5595	1147	5516	1385	5518	64127	5608	7867	7187	8767	929	3661	9683	100302736	1326	4790
MyD88 MAL(TIRAP) Cascade Initiated on Plasma Membrane	5604	841	5594	6196	121457	6195	11274	4792	2244	7335	948	9261	257397	8651	1848	5601	6500	9252	7096	695	92610	1432	10454	6280	7316	6416	6288	5606	80216	5598	7311	10333	6283	5528	84166	6279	10392	2266	51231	7186	3725	57162	23643	9684	5970	23118	5600	51135	7189	23291	6285	9097	5519	57161	7334	351	4284	1845	177	2002	6271	5599	11213	4208	1846	79671	6233	4205	5609	28512	4615	7157	114609	8517	79155	4214	4793	51295	7314	466	6197	1386	5602	7099	3146	28511	6885	3654	4791	5515	8454	2353	8945	7097	3551	1849	3656	246330	2243	59307	5595	1147	5516	1385	5518	64127	5608	7867	8767	929	9683	1326	4790
Myoclonic Epilepsy of Lafora	7311	7316	6233	2997	2992	378884	7957	5507	7314
Myogenesis	4618	1002	1495	6938	4208	4656	25	1000	4756	4205	663	50937	6925	91653	6300	1013	4209	6929	5608	998	5600	1499	4917	4654	4617	9043	100271849	1432	1496
N-Glycan Antennae Elongation	2683	51046	11282	9331	6484	338596	6480	8704	11320	8128	8702	25834	8703	9334	4249
N-glycan Antennae Elongation in the Medial trans-Golgi	2517	2683	4248	6480	2525	4122	51046	3972	2530	6484	8128	25834	9334	4124	11282	9331	8704	11320	8703	4249	1081	9486	64377	4247	338596	8702
N-glycan Trimming and Elongation in the cis-Golgi	4121	4245	57134	79694	10905
N-glycan Trimming in the ER and Calnexin Calreticulin Cycle	6048	55741	51009	10956	6233	5589	80267	11236	23193	811	91445	5700	7841	11253	10206	55768	5887	7314	7415	7311	84447	6400	7844	267	9695	56886	51035	79139	7316	55757	64772	821	2923	10299	9761
NADE Modulates Death Signalling	4804	835	836	27018	7531	4803
NCAM Signaling for Neurite Out-Growth	5786	1298	8913	8912	5621	1299	6712	131873	8911	2260	1282	5594	51332	6714	50509	784	1281	2674	775	1290	64096	5595	4893	3845	1297	782	5623	2668	8128	9048	6708	785	1292	776	1385	2885	1284	1463	6710	1291	1289	5747	9252	1285	6711	1293	57731	2675	783	1287	6654	779	2534	4684	256076	6709	375790	1286	7903	4902	3265	6900	1280
NCAM1 Interactions	1298	8913	8912	5621	1299	131873	8911	1282	50509	784	1281	2674	775	1290	64096	1297	782	5623	2668	8128	9048	785	1292	776	1284	1463	1291	1289	1285	1293	2675	783	1287	779	4684	256076	375790	1286	7903	4902	6900	1280
NEP NS2 Interacts With the Cellular Export Machinery	6396	348995	4927	57122	5901	129401	79023	23165	8021	55746	23279	79902	7514	55706	53371	9631	81929	9818	8086	4928	8480	23636	23511	10762	9972	7175	9688	23225	5903	11097	9883
NF-kB Activation Through FADD RIP-1 Pathway Mediated by Caspase-8 and -10	8517	1147	841	8772	7706	64135	23586	843	8737	89122	3551	84282	57506
NF-kB Is Activated and Signals Survival	5970	4804	3654	4792	7316	8878	6233	7189	3551	4803	7311	4790	7314
NFE2L2 Regulates Pentose Phosphate Pathway Genes	5226	7086	4097	4780	1387	2033	6888	2539
NFE2L2 Regulating ER-stress Associated Genes	4780	1387	2033	468	7975
NFE2L2 Regulating MDR Associated Enzymes	9429	4363	4780	7975	1387	2033	10061	8714
NFE2L2 Regulating Anti-Oxidant Detoxification Enzymes	23657	7296	7295	2730	2940	1387	2936	6649	3162	5052	1728	4780	2729	7975	2938	571	140809	2033	468
NFE2L2 Regulating Inflammation Associated Genes	6347	4780	1387	2033	7975
NFE2L2 Regulating Tumorigenic Genes	1950	374	596	4851	5154	4780	1387	2033	6667	7975	598
NGF-independant TRKA Activation	116	4914	135	117	4915
NGF-stimulated Transcription	6722	6457	6236	6938	1108	1960	8061	1958	4066	429	8851	7018	1020	2354	23237	7166	10221	4664	3727	1961	3397	3399	3726	1385	466	4209	4665	5978	6446	1386	7425	3400	1785	8941	1959	2353	2033	3398	2002
NIK-->noncanonical NF-kB Signaling	5691	5683	5692	9861	5719	11047	9040	6233	5687	5688	5700	5689	5682	9020	5714	1147	7979	5702	5707	5713	7314	5705	5693	5684	5709	5704	5971	9039	5717	6500	5718	23291	5701	5686	7316	5706	4791	8454	5694	8945	10213	5695	5690	5708	7311	5685
NOD1 2 Signaling Pathway	3656	841	837	6233	10392	5603	8517	1147	14	6300	7335	329	7314	1540	64170	64127	7128	835	5608	5600	834	23118	257397	330	7189	8767	83737	1432	10454	7334	6885	3654	7316	3551	7311	842
NOSTRIN Mediated eNOS Trafficking	4846	857	115677	1785	8976
NOTCH1 Intracellular Domain Regulates Transcription	6907	83933	3065	55294	7090	7089	388585	2648	9612	6233	892	26960	7088	22938	23493	9759	23462	4851	9978	8841	1387	55869	9611	3516	7314	51564	3066	84441	9794	55534	4609	79885	26508	8850	3091	6500	1024	3280	10014	9734	79718	7316	10013	8454	7091	2033	10046	7311
NOTCH2 Activation and Transmission of Signal to the Nucleus	4853	54567	102	142678	6233	182	4192	57534	1272	100996763	7314	83464	9148	23385	100996717	3714	54492	51107	55851	7316	5664	5663	28514	388677	7311
NOTCH2 Intracellular Domain Regulates Transcription	4853	84441	2208	388585	9794	55534	3002	2033	10046	3280	1385	3516
NOTCH3 Activation and Transmission of Signal to the Nucleus	10460	54567	102	142678	4854	6233	182	1956	57534	4904	7314	83464	9148	23385	3714	54492	51107	11060	1950	55851	7316	5664	5663	28514	7311
NOTCH3 Intracellular Domain Regulates Transcription	23286	388585	4854	2648	6772	22938	9787	2173	23493	5087	23462	4851	1387	3516	84441	9794	55534	26508	8850	3280	23129	2033	10046	171558	10320
NOTCH4 Activation and Transmission of Signal to the Nucleus	54567	55851	102	5664	83464	4855	5663	23385	7534	51107	182
NOTCH4 Intracellular Domain Regulates Transcription	4853	388585	2648	22938	23493	23462	4851	1387	3516	84441	9794	55534	4855	8850	59	3280	2324	2033	10046	4088
NPAS4 Regulates Expression of Target Genes	627	405	9500	8851	5594	5979	1020	5595	9915	3630	7514	1387	2669	440073	146713	4193	10769	341359	2353	10135	266743
NR1H2 & NR1H3 Regulate Gene Expression Linked to Gluconeogenesis	6256	10062	6257	5105	8204
NR1H2 & NR1H3 Regulate Gene Expression Linked to Lipogenesis	7376	27329	6256	2194	10062	6257	6319	8204	6720
NR1H2 & NR1H3 Regulate Gene Expression Linked to Triglyceride Lipolysis in Adipose	7376	6256	10062	6257	5346
NR1H2 & NR1H3 Regulate Gene Expression to Control Bile Acid Homeostasis	7376	8648	54578	2172	6256	9612	10062	9611	6257	54659
NR1H2 & NR1H3 Regulate Gene Expression to Limit Cholesterol Uptake	7376	6256	10062	6257	29116
NR1H2 and NR1H3-mediated Signaling	7376	6907	19	348	23028	9612	26523	344	6257	57690	221656	27329	54578	8841	347	346	9611	29116	6319	27327	6720	5360	64241	341	6256	9619	2874	192669	8204	55818	5346	54659	4343	10123	23112	8648	64240	192670	79718	2172	80820	2194	9682	10062	27161	2033	1071	5105
NR1H3 & NR1H2 Regulate Gene Expression Linked to Cholesterol Transport and Efflux	7376	6907	19	348	23028	9612	26523	344	6257	57690	221656	8841	347	346	9611	27327	5360	64241	341	6256	9619	2874	192669	55818	4343	10123	23112	8648	64240	192670	79718	80820	9682	10062	27161	2033	1071
NRAGE Signals Death Through JNK	5599	57580	57449	7410	55701	26084	23229	1894	55160	9500	11214	2245	23365	26230	100271715	9826	221472	4804	89846	84904	9138	389337	128272	8874	7409	121512	7204	6453	572	25791	5924	23263	10276	10672	54848	8997	23370	29	84033	4168	10451	27237	7074	64857	445328	7984	5879	9639	9459	6655	10018	22899	50649	9181	9828	6035	26574	4803	50650	6654
NRIF Signals Cell Death From the Nucleus	5599	4804	23421	55851	7316	5664	83464	5663	8878	6233	23385	7189	4803	51107	7311	7314
NS1 Mediated Effects on Host Pathways	5610	3841	9636	348995	4927	6396	57122	3840	129401	79023	23165	8021	55746	23279	79902	55706	53371	3839	9631	81929	10898	9818	3836	8086	4928	8480	402569	23636	23511	3837	10762	9972	7175	5903	3838	9688	23225	8106	11097	9883
NTRK2 Activates RAC1	1795	5879	627	6035	4915	2534
Na+ Cl- Dependent Neurotransmitter Transporters	55117	6536	6538	6530	6580	54716	348932	6582	6570	6540	11254	6529	340024	9152	6531	6539	6533	6571	6534
Nectin Necl Trans Heterodimerization	81607	5819	5817	57863	25945	23705	5818
Neddylation	5691	285231	89890	5692	80204	140461	64326	8065	140458	26190	1161	5682	53339	140739	8533	11091	7704	5713	23142	1026	142686	1154	222235	79016	5931	672	6921	401036	51665	26267	55175	26234	4738	10987	6500	26259	7347	26272	84259	140825	55527	55827	127247	7316	122416	55336	170622	51397	5695	93611	114907	6502	123879	140460	7311	23038	55294	9817	5719	51138	84261	64344	9040	84085	8816	51122	26118	10072	25793	7456	55884	10980	390594	56929	7979	10324	5702	9978	80344	7323	115290	26270	144699	84541	1642	7415	26263	140456	140462	126433	26249	10116	90293	154881	23291	50717	23194	5686	7353	51514	142689	201456	51666	8139	200845	26232	10213	64410	9903	54939	51667	55666	9861	11047	51088	7428	8878	6233	5688	51725	11275	5708	80176	23014	5689	23363	136371	79269	9820	54876	54850	79176	84861	79728	56995	10537	7314	9021	5705	5693	29099	90864	92591	28991	283807	84078	139285	26235	23113	55208	27252	4780	9039	5717	3091	9318	79594	54951	9306	5701	7321	83987	8835	149951	28952	8451	10517	7322	10238	2873	8454	5694	8945	122769	5690	150684	23369	1643	26224	80028	26268	5683	84961	84727	123228	54620	5687	51676	899	6923	10920	25879	26094	54165	57542	5700	9655	5714	55958	5707	55832	23412	9616	54461	150726	332	8452	50813	79754	100302652	5684	146330	5704	5709	92369	4008	90135	5718	8883	8453	142685	64708	10489	5706	6468	79791	80067	5929	140459	8450	5685
Nef Mediated CD4 Down-regulation	920	51606	1175	1173	375	161	3932	160	163
Nef Mediated CD8 Down-regulation	51606	1175	926	1173	161	160	163
Nef and Signal Transduction	3055	5062	5879	3932	1794	9844	6035	919	2534
Nef Mediated Downregulation of MHC Class I Complex Cell Surface Expression	162	130340	567	1174	8905	3105	10053	55690	8907	164
Nef-mediates Down Modulation of Cell Surface Receptors by Recruiting Them to Clathrin Adapters	1175	10053	8907	163	162	130340	920	1174	926	1173	940	51606	375	161	8905	160	3105	55690	164	567	3932
Negative Epigenetic Regulation of rRNA Expression	79685	7270	128312	3065	64425	8348	8334	3013	2967	4331	2968	474382	6839	79101	8341	8349	25942	23411	10849	5441	29115	2068	2071	5435	55766	8932	94239	8467	9015	25885	23309	2965	5437	9013	51082	8338	3066	79595	404672	8819	8342	8345	8970	6908	902	1789	1786	9014	51742	3018	64426	255626	1022	8331	54145	84172	221830	23378	2966	7343	8340	9533	5440	11176	3017	85236	30834	5434	10284
Negative Feedback Regulation of MAPK Pathway	5894	5604	5595	5605	5594	673
Negative Regulation of FGFR1 Signaling	2255	10253	10818	6233	2260	867	8074	5594	2247	27006	2251	3730	6714	5595	5516	2248	2246	8822	9365	7314	5518	2885	2253	5781	8569	2254	2249	7316	26281	2250	5515	673	7311
Negative Regulation of FGFR2 Signaling	2255	10253	10818	6233	867	8074	5594	2247	27006	2251	6714	5595	5516	2248	2246	8822	7314	5518	2885	2253	2263	5781	8823	8569	2254	2249	7316	26281	2250	8817	5515	673	2252	7311
Negative Regulation of FGFR3 Signaling	10253	10818	6233	867	8074	5594	2247	6714	5595	5516	2246	8822	7314	5518	2885	2253	5781	8823	8569	2254	2249	7316	26281	2250	8817	5515	2261	673	7311
Negative Regulation of FGFR4 Signaling	10253	10818	6233	867	8074	5594	2247	6714	2251	5595	5516	2246	8822	7314	5518	2885	152831	2253	5781	8823	8569	2264	2254	2249	7316	26281	5515	8817	673	7311	9965
Negative Regulation of FLT3	1445	8835	2323	7316	5795	27	6503	6233	84174	867	2322	7314	9306	7311	10019
Negative Regulation of MAPK Pathway	1849	5604	5528	8315	1846	6233	5037	5605	5594	4140	5527	5536	5529	5595	3845	4893	5516	5774	5778	6300	80824	5526	8844	7314	1850	1852	5518	7529	1848	1847	5519	5894	152559	1844	1843	5525	7316	5515	11221	369	673	3265	7311
Negative Regulation of MET Activity	6457	6455	4233	6233	867	9146	3082	8027	7314	9101	2885	5770	10254	2060	5771	26018	7316	5795	6456	30011	7311
Negative Regulation of NMDA Receptor-Mediated Neuronal Transmission	4747	2906	816	1741	815	2905	2904	2903	814	817	801	9647	22843	818	1739	1742	88	8536	1740	57554	2902
Negative Regulation of NOTCH4 Signaling	5691	10460	5683	5692	55294	5719	9861	11047	6233	5687	5688	5708	5700	5689	5682	5714	7979	5702	5707	9978	5713	7314	5705	5693	5684	5709	5704	4855	5717	6500	5718	5701	5686	7316	5706	8454	207	5694	10213	7534	5690	5695	7311	5685
Negative Regulation of TCF-dependent Signaling by DVL-interacting Proteins	80319	1855	1857	440193	1856
Negative Regulation of TCF-dependent Signaling by WNT Ligand Antagonists	6423	6422	4040	11197	27121	83999	89780	7474	7483	50964	54361	22943	27123	4041	79412
Negative Regulation of Activity of TFAP2 (AP-2) Family Transcription Factors	7020	7341	7021	79047	51741	7329	7022	284252	339488	83741
Negative Regulation of the PI3K AKT Network	255324	942	2100	5728	8870	5594	6714	2251	5880	118788	2246	3556	4908	5154	2066	941	3815	8395	3932	5879	2069	6035	2261	9965	2534	5528	2549	627	10818	8394	2260	8074	9542	940	117145	3630	5296	8822	5305	6801	9365	29851	51135	391	2263	5155	8823	50852	7189	4915	2264	4909	5519	10718	2249	5525	2250	5291	1839	5293	208	57761	2255	2323	9173	5159	23035	27006	4615	145957	5529	2248	3084	930	8660	152831	2253	23396	90865	5781	7039	2254	4916	3654	685	5515	8817	5156	8396	3643	3667	4233	2322	5527	2247	5290	1956	23239	374	5595	2065	5516	3082	10000	7409	8503	5526	2099	5518	2064	2885	5295	9846	1950	4254	79837	26281	207	2252
Negative Regulators of DDX58 IFIH1 Signaling	9636	84166	3093	79671	23586	6233	84282	7318	54941	64135	7323	89122	5094	54476	8887	1540	7314	51191	7128	7187	29110	57506	9641	83737	9140	5300	7321	9246	7322	55593	3661	7706	7316	9474	7311
Nephrin Family Interactions	8440	8573	5290	87	5296	89	8976	9863	84623	5295	23607	84063	81	6711	8826	7827	6709	4690	5291	4868	88	2534
Nephron Development	6928	5455	7484	7490	3172	3975	79192	153572	28514	54361	3955	182	5076
Nervous System Development	3320	2050	6327	6663	1947	284656	7223	2047	6597	6142	1944	24137	2242	775	6335	4664	9045	6138	8874	6708	785	1292	3670	6921	5062	2045	10487	7430	1969	1796	10486	4155	6383	6456	30011	6188	2549	5719	1821	6712	6194	22885	6237	6217	5979	3690	784	10507	9355	5702	10094	10381	9855	27255	1943	8986	10109	26986	219699	6164	137970	1959	971	8633	3908	5291	7903	6900	27330	1280	4359	28964	9861	5063	5217	10752	2107	5688	6331	285643	3912	3915	5453	347688	3845	10154	2046	1949	8976	9037	53358	57716	5693	8660	3785	79861	5781	7402	3312	5701	23767	5306	6092	11280	5694	6175	27289	5532	10096	8829	2817	148738	4067	26052	6235	200916	10570	23032	64096	1290	8650	8503	56896	2064	2885	5295	65110	79784	10627	1463	5684	8022	1211	6136	2043	7074	64283	6324	6711	3984	5706	6143	6170	4893	5788	5685	5691	5604	5786	5621	1459	140032	6168	8851	387	4651	5649	6714	7852	6195	5682	5713	4116	3786	6453	6130	51121	3685	1400	5566	2676	7094	23708	5879	23129	6035	6206	55800	375790	5695	7311	1948	5598	57522	8913	7525	6173	6224	2260	1020	2674	7979	4897	3897	2596	4686	5567	6166	25791	116986	10371	6218	1289	347733	1460	57556	6147	5664	6709	10298	6230	5058	1942	8861	7003	8440	6135	1299	6192	8911	214	9475	163	6123	6228	5689	6132	6234	26019	9048	6159	51807	161	1291	6197	10383	2197	5717	6203	80031	6229	23122	4736	6208	25873	6328	287	9723	60	1946	10413	6655	1739	1742	79966	1759	6144	80086	5683	1175	55110	6201	4478	5290	5700	1956	9260	8515	6586	7278	1741	388	10092	2887	4650	6210	8128	84448	57453	6478	6152	23521	6124	6091	5454	5747	5718	65109	6332	1808	256076	10097	4440	5692	85358	6191	9775	7846	102	3678	6169	1641	4753	2042	5576	5568	6336	6122	288	2048	1272	5962	22916	10093	260334	57144	9901	8997	55558	9349	4313	10095	3672	779	4690	140801	1298	3688	25	131873	4756	9826	1945	7280	5296	7225	57211	6323	4665	1213	9423	64218	25937	2909	5216	6386	3983	6139	1793	10048	5686	284217	6464	84617	5663	10213	10398	59277	2932	11047	1457	6233	4628	2705	9939	7220	782	2041	2668	3066	5364	23396	6329	6477	6193	1785	285704	51107	10382	286	8506	57698	5921	55715	1293	2675	783	10921	4684	6137	89884	7410	6232	51065	6141	6189	4233	5605	6209	51332	220164	1281	5714	2051	5623	1385	6146	3680	5709	5704	100133941	6334	55816	6157	8453	6125	8482	116832	23053	4637	6326	55851	10376	6154	3985	6654	5376	71	51466	6129	2935	81027	27	22794	5594	56963	7305	23365	6196	6721	5365	7222	2049	8218	10552	6207	103910	84059	6330	64221	1284	6181	160	6187	9252	57731	3673	7316	1600	5578	2534	2902	1595	10818	6155	2044	6387	54209	3674	6160	6202	9978	6223	776	998	55740	3921	112714	6171	6134	1212	91584	7277	3156	9353	4902	5293	6156	3326	8912	6128	6133	4318	5588	1072	5362	6585	7436	50509	7408	1173	6158	1297	6165	7314	7204	5705	6231	6167	23380	84790	6176	5335	83464	2886	23385	4627	10451	1285	1605	8828	1287	1809	6222	6205	1286	5690	9046	3265	3199	389	11224	5687	1282	6923	4099	106821730	6227	23114	5595	5707	6161	23332	57113	7224	2904	6204	285220	6710	1826	9846	11313	4629	56956	5361	6093	5909	80728	90249	9495	1981	1630	5708
Netrin Mediated Repulsion Signals	90249	9423	8633	5781	219699	1630	6714	137970
Netrin-1 Signaling	59277	4756	22885	5588	56963	148738	7223	4651	6585	6714	6586	7222	7220	7225	57113	84448	7224	8976	57453	6478	7204	116986	9423	998	5335	6091	1826	6477	5781	219699	3983	5747	7430	285704	1793	137970	90249	5306	5879	8633	6035	4690	9353	1630	2534
Neurexins and Neuroligins	321	28988	85358	57502	23136	80059	6857	8573	2915	2906	6812	9228	26037	58512	9454	22871	9378	1741	54413	22941	9546	6804	2037	2905	22829	64130	10611	9066	2035	2904	347731	2903	57596	9369	143425	81858	91683	341359	22839	347730	9229	57555	9379	2911	26045	50944	320	2902	55327	1742	2036	127833	57669	8825	9455	1740	9456
Neurodegenerative Diseases	4001	84290	824	8851	1020	823	2309	995	6648	3725	5052	826	2801	4000	356	7001	831	351	994	10018	7531	993
Neurofascin Interactions	1641	23114	4897	1272	6386	8506	286
Neuronal System	2892	23416	4905	10060	169522	58512	57657	8874	785	774	2571	55584	814	4193	4128	3760	2784	113	9455	93107	28988	8495	3777	9463	784	2560	5582	6580	10381	43	57596	83795	131096	59283	79414	80852	56666	90134	777	2570	2743	27330	8973	54207	28964	1141	5575	3790	8573	2319	27133	347688	3845	3757	3752	2900	3084	84631	6844	200909	285242	24145	3785	79861	6531	3312	8001	10211	590	5613	114798	5565	5923	9254	1136	2752	54331	10497	6532	84189	56479	5789	94030	2567	2559	22829	26050	55970	347731	2903	8224	6854	143425	9647	51422	1103	50944	55327	26280	4893	57669	10368	321	338567	1134	26960	6714	78999	6195	9196	94235	22941	2037	5577	3786	2741	23236	2562	5566	3743	3762	3749	2787	9379	5879	6035	8496	2036	10815	127833	88	115	114	11141	26037	55799	57622	2893	6804	84694	64130	5567	27345	2550	2785	2557	53632	10645	3787	7915	2791	3772	347733	818	3736	26045	2899	3838	8497	6511	1144	9568	8500	2770	6572	9312	163	89822	815	3754	10052	27163	56659	51807	161	6197	10383	57369	1739	1742	3748	80086	1740	9456	2788	1142	1175	773	3778	27020	3768	816	7278	1741	3767	5924	2786	2911	2898	9424	3782	10681	85358	57576	6512	7846	4747	348980	3759	2890	6812	1137	2891	5576	5568	111	6582	10369	6540	9369	260334	3556	4646	6529	2066	3742	91683	3764	3766	2783	107	8825	347730	5802	3765	23229	80059	7881	2915	5330	3788	4137	3750	7280	80331	2905	5170	2771	3741	2035	3755	2554	57030	4900	801	1138	7102	5562	84617	23415	3739	140679	51764	1312	1146	2774	22871	54413	10089	782	217	8499	27012	6616	2555	817	10382	5331	4916	6539	783	6507	8536	5571	1139	3756	22999	3758	5573	50801	9228	22865	3773	3779	3737	54407	60482	109	10611	1385	2572	81033	196883	2897	9229	3745	10376	2742	9177	8514	3747	9256	81027	5594	6196	112	9378	170850	6538	18	51305	9066	6505	5564	160	27092	610	83988	2744	3746	22839	22843	2773	5578	3783	5792	2902	10021	116443	5579	3781	27165	2569	23136	2906	139065	55879	9454	2901	9132	108	1145	112714	2782	3744	3770	3776	8541	341359	6506	3761	57555	7277	320	2790	57554	57502	10242	2558	6833	1173	2792	6853	2793	3780	5864	1143	1135	5563	59345	2566	84790	23426	2561	81858	26251	10550	3265	2556	84254	57497	3751	346562	3763	3359	3738	10313	6857	27094	5595	9546	200959	2904	781	170572	9495	3775	116444	6571	81539	3784
Neurotoxicity of Clostridium Toxins	6843	9899	22987	6804	6857	9900	112755	127833	6844	6616
Neurotransmitter Clearance	43	6532	1312	6580	217	590	6582	6531	4128
Neurotransmitter Receptors and Postsynaptic Signal Transmission	57576	9177	2892	7846	4747	1134	81027	4905	26960	5594	3759	2890	6196	6714	112	1137	2891	6195	5576	94235	111	5568	8874	10369	2741	5564	23236	2562	4646	260334	55584	814	160	27092	2066	5566	4193	3762	83988	3766	22843	2787	5879	3760	2784	2783	6035	2036	113	2773	5578	107	88	8825	2902	116443	115	114	5579	3765	23229	2569	2906	9463	5330	55879	4137	2560	5582	7280	2901	2893	2905	5170	2771	64130	10381	5567	108	10681	1145	2550	2785	2554	112714	2557	53632	801	2782	59283	10645	4900	1138	7102	5562	80852	2791	3772	3761	347733	7277	818	84617	320	2899	3838	2570	2743	27330	8973	51764	2790	57554	28964	1144	1141	9568	2770	5575	1146	8573	163	2774	2558	347688	3845	1173	2792	815	2793	1143	2900	3084	1135	200909	285242	5563	59345	2566	2555	84790	51807	23426	161	6197	10383	2561	79861	817	10382	5331	8001	5613	1739	1742	5565	3265	80086	2556	1740	8536	84254	5571	1139	2788	346562	1142	3359	1175	3763	5923	5573	1136	54331	3773	27020	3768	816	5595	7278	1741	109	2567	2559	200959	1385	2904	55970	2903	5924	2786	196883	9647	51422	2897	2898	10376	170572	9495	55327	116444	4893	10368	5577	2742
Neurotransmitter Release Cycle	22999	6512	8500	27165	9256	6572	6857	8573	6812	6571	10497	54407	6538	60482	6853	80331	18	6580	6804	6582	5864	8499	64130	6540	6844	6505	2572	6616	8224	140679	27163	2571	6529	6854	57030	3312	2744	8541	4128	6506	1103	6539	7915	10550	320	55327	8497	6507	10815	6511	8825
Neutrophil Degranulation	2896	2950	3320	5329	4257	5328	5175	79792	160364	80184	30	11322	25798	4057	57153	1522	6282	101	272	353189	10487	441864	1604	3958	1432	6793	47	6402	387921	2799	201294	10493	527	51646	28988	5719	6993	56954	54472	3689	5223	7520	5702	820	2665	10120	5284	5023	5473	11010	3240	258010	4332	5265	124583	2548	84514	8288	64333	11314	1116	8836	9342	54509	10555	5547	9861	353	8560	1520	10075	1509	1378	93100	5724	5646	8649	3107	126014	3043	79980	2919	23352	5660	410	2358	1729	5337	3312	23593	5701	1512	3579	64386	8826	5806	566	80142	2717	1828	51125	4311	10562	5869	5273	3684	5878	10788	1508	53916	1774	5004	10043	9725	6836	81567	6515	8773	240	100302736	4893	9545	5788	387	57126	1915	388697	57020	5713	535	948	4353	960	387263	1476	10312	4718	6556	79888	326624	3685	1727	3074	2934	4048	7226	2352	23218	7130	5879	6280	6727	6035	5553	5695	10326	175	28956	197	2444	5657	6286	51209	2040	2212	5005	2519	7415	4831	79895	11001	1460	968	3848	1265	7077	1088	79930	6709	6036	58485	9761	9961	8907	1991	5689	94103	5645	210	5787	683	1992	684	6518	1938	161	25801	56729	10383	5799	5717	2760	1650	3146	3920	25852	9535	5870	178	6317	8804	22875	203068	23191	5580	5683	4860	8621	25797	199675	823	8566	22931	55832	3916	10092	1778	230	10533	3106	4069	5912	5718	10890	932	929	3837	158747	5873	3614	4033	5199	10097	55313	4790	2990	3071	11240	102	2992	3303	1669	634	55004	8895	5768	1654	728	2357	719	374395	84329	3615	138050	401258	83858	11025	27180	5836	4126	1535	10159	945	81619	6283	5315	222487	116844	6279	150372	57826	1118	80331	54918	5478	2547	963	51382	6590	8673	290	391	6386	317	671	7414	6037	51143	9145	5686	84443	5236	5663	10213	7879	7133	340061	1832	23197	1511	5708	3934	5611	1794	3687	10694	6616	114790	127829	961	51719	64114	8993	4125	10288	338339	5269	2517	2683	302	12	2207	23526	4317	53831	5049	10577	10855	5211	3683	84061	11333	26	8904	79169	5476	154664	5709	2720	2268	978	567	10576	2215	5795	976	23601	84418	140885	10875	411	966	327	8514	51806	5777	5594	7305	5834	226	8972	6278	23200	8876	23250	3163	9218	83716	23071	388698	2821	1675	55754	55860	1536	383	4282	29952	2171	8778	22918	3903	51316	1315	51411	25840	8655	5317	6947	10396	2204	427	10321	100049587	10970	8635	1084	847	8694	1823	1471	26578	80301	51552	170482	3417	53917	57554	1075	56888	3326	10450	2512	4318	3101	2495	2219	221	5864	1143	84658	718	29099	7276	23385	3482	7097	4758	89777	9588	23317	84766	967	3608	4973	9522	23406	55	5036	4680	3310	23114	51071	5707	23412	10857	965	374403	8987	11026	9798	6093	5908	2588	55276	1	3577	10549	5906	196527	121260	10394	3728	11031	29108
Nicotinamide Salvaging	83594	84875	143	93100	160728	5743	4837	55739	128240	83666	56965	9390	1582	54625	79668	55328	5740	10135	54956
Nicotinate Metabolism	83594	27231	84875	952	143	4907	93100	54956	160728	5743	4837	133686	55739	683	128240	54981	83666	56965	23475	9390	1582	54625	23057	349565	65220	79668	55328	5740	55191	10135	64802
Nitric Oxide Stimulates Guanylate Cyclase	50940	5138	10242	5136	5152	27094	10335	5153	3778	3779	10846	4843	4846	5593	27345	4842	5592	8654	3708	2977
NoRC Negatively Regulates rRNA Expression	79685	7270	128312	3065	64425	8348	8334	3013	2967	4331	2968	474382	79101	8341	8349	25942	10849	5441	29115	2068	2071	5435	55766	8932	94239	8467	9015	25885	23309	2965	5437	9013	51082	8338	3066	79595	404672	8819	8342	8345	8970	6908	902	1789	1786	9014	51742	3018	64426	255626	1022	8331	54145	84172	221830	2966	7343	8340	9533	5440	11176	3017	85236	30834	5434	10284
Non-integrin membrane-ECM Interactions	3909	59277	3688	7040	3911	7448	3339	1282	8573	3690	2247	7057	50509	3912	3915	6382	1281	1301	9378	1290	1756	87	3691	780	1288	1278	3914	3655	1280	1284	5154	6385	1302	3685	1289	4921	3693	5155	7276	1285	1605	3371	3910	51399	284217	3913	3673	1287	1277	2335	3918	6383	375790	1286	3908	5578	9672	10319	1300
Noncanonical Activation of NOTCH3	55851	4854	83464	5664	5663	23385	4904	51107
Nonhomologous End-Joining (NHEJ)	128312	8348	472	51720	10524	8341	3981	8349	29086	5591	7468	4683	4361	9025	7518	51567	7520	79184	165918	7158	22976	51588	2547	7336	672	55183	9656	8342	580	8345	8970	27343	3018	255626	7334	54145	10111	8340	64421	55775	8924	3017	27434	85236	79840	8290
Nonsense Mediated Decay (NMD) Enhanced by the Exon Junction Complex (EJC)	6191	9775	6129	2935	55802	6169	140032	6168	22794	6142	56006	55181	23381	6122	9045	6138	4116	22916	6207	6130	51121	23293	6181	6187	9349	23708	6206	140801	7311	5520	6188	6173	6224	6194	6217	6160	6202	4686	6223	23049	6166	6218	3921	26986	6171	6134	5976	6164	6139	6147	6230	6156	6128	6133	6135	6192	2107	6233	6123	6228	9939	6132	6234	6158	26019	6165	9887	6231	6167	6159	6176	2197	6193	6203	6229	4736	6208	25873	10921	6222	5515	6205	6137	6144	6175	55110	11224	51065	6232	6141	6201	6189	6209	6227	6235	55629	200916	6161	6210	6204	5518	65110	6146	6152	23521	6124	6136	6157	65109	6125	116832	6143	6154	6170	1981	6155
Nonsense Mediated Decay (NMD) Independent of the Exon Junction Complex (EJC)	6191	6129	2935	6169	140032	6168	6142	6122	9045	6138	22916	6207	6130	51121	6181	6187	9349	23708	6206	140801	7311	6188	6173	6224	6194	6217	6160	6202	4686	6223	6166	6218	3921	26986	6171	6134	5976	6164	6139	6147	6230	6156	6128	6133	6135	6192	2107	6233	6123	6228	6132	6234	6158	6165	6231	6167	6159	6176	2197	6193	6203	6229	4736	6208	25873	6222	6205	6137	6144	6175	11224	6232	51065	6201	6141	6189	6209	6227	6235	200916	6161	6210	6204	6146	6152	23521	6124	6136	6157	6125	116832	6143	6154	6170	1981	6155
Nonsense-Mediated Decay (NMD)	6191	9775	6129	2935	55802	6169	140032	6168	22794	6142	56006	55181	23381	6122	9045	6138	4116	22916	6207	6130	51121	23293	6181	6187	9349	23708	6206	140801	7311	5520	6188	6173	6224	6194	6217	6160	6202	4686	6223	23049	6166	6218	3921	26986	6171	6134	5976	6164	6139	6147	6230	6156	6128	6133	6135	6192	2107	6233	6123	6228	9939	6132	6234	6158	26019	6165	9887	6231	6167	6159	6176	2197	6193	6203	6229	4736	6208	25873	10921	6222	5515	6205	6137	6144	6175	55110	11224	51065	6232	6141	6201	6189	6209	6227	6235	55629	200916	6161	6210	6204	5518	65110	6146	6152	23521	6124	6136	6157	65109	6125	116832	6143	6154	6170	1981	6155
Norepinephrine Neurotransmitter Release Cycle	6616	22999	6571	6844	8500	9256	6580	6804	6857	6582	5864	8499	8497	10815	6812	10497	8541	4128
Notch-HLH Transcription Pathway	6907	83933	3065	4853	4854	2648	9612	22938	9759	4851	8841	1387	55869	9611	3516	51564	3066	84441	9794	55534	4855	79885	8850	10014	9734	79718	10013	10046
NrCAM Interactions	8828	4897	1741	1739	1742	6900	286
Nuclear Envelope (NE) Reassembly	7341	983	23141	6396	80086	2010	348995	4001	7846	57122	7329	81027	29082	25909	91782	7112	5901	129401	79023	5520	23165	25978	22933	7278	5905	55746	23279	7280	347688	23592	79902	55706	53371	7443	10381	891	9631	81929	79643	9818	1104	5518	260334	221496	4928	84790	51807	9133	200014	4000	10383	27183	9798	112714	79861	10382	3842	100526767	27243	23636	128866	3837	23511	347733	7444	7277	3930	84617	10376	5515	8815	9688	6683	9883	92421
Nuclear Envelope Breakdown	983	6396	2010	5579	23399	4001	348995	57122	4927	5347	91754	7112	129401	140609	23165	8021	79023	55746	23279	23592	79902	55706	53371	9663	7443	891	9631	81929	9818	255919	8086	221496	4928	8480	9133	4000	64900	23636	23511	10762	7444	23175	9972	7175	10783	8815	9688	23225	5578	5903	11097	9883
Nuclear Events (Kinase and Transcription Factor Activation)	1849	6722	6457	5528	6236	6938	4208	1108	1846	1960	1958	8061	4066	4205	429	8851	5594	1020	7018	2354	6196	23237	6195	5595	7166	10221	4664	3727	1961	3397	5516	51231	3399	3726	1385	466	9261	5518	4209	4665	5978	6446	5600	6197	1386	1848	7425	3400	1785	9252	8941	5519	1959	1432	5515	2353	2033	1845	3398	2002	5598
Nuclear Pore Complex (NPC) Disassembly	983	6396	348995	4927	57122	91754	129401	79023	140609	8021	23165	55746	23279	79902	55706	53371	891	9631	81929	9818	8086	4928	8480	9133	23636	23511	10762	9972	7175	10783	9688	23225	5903	11097	9883
Nuclear Receptor Transcription Pathway	7376	2494	2063	5465	7025	3164	5241	2100	6095	9612	6096	5467	7101	5468	6257	2104	5915	367	2101	4306	8013	9970	126382	7181	7067	8856	9611	29982	7421	7182	2099	3174	3172	2908	2649	6256	7068	6258	6097	10002	4929	2516	8431	9572	5914	5916	190	2103	9975	9971	10062	5469	29959
Nuclear Events Mediated by NFE2L2	5691	5692	2730	5682	4199	5713	598	5154	6500	7316	571	5695	468	7311	596	9817	5719	7979	5702	9978	2936	5970	5686	3417	2033	10213	23657	9861	7086	2932	11047	7296	8878	6233	5688	7295	5689	5226	2940	6347	1387	2539	5563	7314	3162	5705	5693	4780	2729	4609	5717	10061	5701	4363	4097	8454	5694	8945	5690	5683	5687	5700	9429	374	5714	4851	5707	6649	6667	5052	5684	5709	5704	1728	1029	5718	7975	8714	2938	1950	5706	140809	6888	5708	4790	5685
Nuclear Events Stimulated by ALK Signaling in Cancer	3065	7291	5551	2305	4869	6194	26523	5777	5594	57690	5595	4851	9978	3662	1051	3726	4204	891	29851	3587	192669	6774	1786	6500	7535	4343	51530	192670	5925	8454	3002	27161	6776	597
Nuclear Import of Rev Protein	6396	348995	4927	57122	4869	5901	129401	79023	23165	8021	55746	23279	79902	55706	53371	9631	81929	1104	9818	8086	4928	8480	23636	23511	3837	10762	9972	7175	9688	23225	5903	11097	9883
Nuclear Signaling by ERBB4	5241	348	6387	6714	145957	9542	9611	3084	6678	2099	1447	23118	83464	2066	11033	23385	51107	6285	10718	10413	55851	6868	51741	5664	685	2069	2670	5663	10608	6776	1839	3925
Nucleosome Assembly	79019	128312	8348	8334	3013	474382	55320	8341	8349	4869	387103	1058	55839	55166	55766	8467	94239	64946	57082	64105	80152	2491	11339	79172	5931	8338	8607	91687	401541	8342	8345	8970	55355	54069	3018	255626	79682	8331	54145	5928	23421	8340	3017	85236	51773	1060
Nucleotide Excision Repair	6917	5430	5439	1161	8533	7515	5436	5982	57804	5431	3980	5981	902	10987	5886	6612	3978	7316	2074	56655	7311	7341	10445	2968	2073	10714	1069	4331	51138	54778	86	7508	7528	5425	10980	51426	9978	5887	5985	5111	10038	1642	6118	7874	8554	142	2966	7334	5983	91603	5434	5437	125476	7507	10450	54617	7329	85015	6233	9716	5441	5432	54107	54891	57654	9557	6119	5438	7314	93973	6613	404672	8178	56949	9318	1022	60	8451	79913	2873	29844	5440	5433	2965	283899	1643	2967	5984	10920	2068	2071	5435	7336	50813	2072	8607	27339	4798	5427	5426	100534599	64708	6117	2067	83444	5424	8450	10401
Nucleotide Biosynthesis	471	3614	1723	8833	10606	5471	5198	159	790	2618	158	3615	7372
Nucleotide Catabolism	3704	56953	1807	4860	4907	11164	10591	51371	22978	7378	953	7498	25939	956	100526794	57089	1806	56985	30833	51733	9583	954	55270	131870	84618	79873	53343	64902	957	9615	377841	4521	955	1890	151531
Nucleotide Salvage	54963	353	271	4860	7083	7371	3251	7378	51292	1633	8226	1716	83549	272	978	100	7084	2766	270	132	1890	151531
Nucleotide-binding Domain, Leucine Rich Repeat Containing Receptor (NLR) Signaling Pathways	3656	596	3326	841	9447	114548	837	58484	6233	22861	7295	10392	5603	8517	1147	14	6300	7335	329	5970	7314	1540	3162	598	5027	64170	64127	24145	7311	835	5608	5600	834	23118	257397	330	7128	10628	7189	8767	83737	10910	1432	10454	7334	351	6885	3654	7316	4791	3551	29108	9051	4210	4790	842
Nucleotide-like (Purinergic) Receptors	136	2840	64805	135	5029	5028	5032	140	10161	2846	5030	5031	27334	9934	134	53829
O-glycosylation of TSR Domain-Containing Proteins	81794	80070	9719	57188	170689	9507	54437	55901	170691	221981	7057	92949	9510	11096	7058	9509	10417	9037	80731	170690	79875	10418	171019	145173	54507	11095	11093	23275	5199	339366	9508	170692	11174	140766	11173	157869	56999	81792
O-linked Glycosylation	81794	94025	118430	4586	55901	10678	143662	7057	117248	10610	92949	283463	7058	9509	55624	6487	10417	93010	9334	4583	256435	84197	54507	374907	11095	23275	57452	140453	84002	120071	170692	11174	157869	11173	29954	56999	4582	200958	54437	6480	27090	11041	56667	4585	9510	11227	4589	2590	4588	79695	9331	6483	192134	2591	339366	11226	29071	9245	57188	170689	9507	10585	51301	221981	374378	146712	394263	6484	51809	168391	148789	9037	170690	79875	2589	1605	50614	6482	9508	9215	10164	140766	79623	79369	114805	84752	80070	9719	63917	170691	727897	4584	11096	2650	10331	56913	80731	51146	10418	171019	442117	84892	145173	140687	11093	26290	55568	5199	100528030	10071	81792
O-linked Glycosylation of Mucins	84752	4582	94025	29071	9245	118430	4586	63917	200958	6480	27090	10678	51301	143662	117248	56667	374378	4584	4585	727897	10610	146712	11227	4589	394263	2650	2590	283463	6484	51809	6487	168391	93010	9334	4588	10331	56913	51146	4583	256435	442117	79695	2589	374907	140687	9331	6483	192134	2591	57452	140453	84002	26290	55568	50614	6482	100528030	10164	11226	79623	10071	79369	114805
O2 CO2 Exchange in Erythrocytes	358	759	762	51706	51167	3043	51700	606495	760	6521	6005
OAS Antiviral Response	201626	6059	2316	23586	4940	4939	6041	8638	4938
Olfactory Signaling Pathway	219477	390093	390142	26693	79334	219417	390072	390190	219493	390431	26659	120787	8388	138805	81328	219436	390445	392138	338674	403253	391194	7932	127068	119749	119772	219982	390144	79482	26493	390197	283159	390261	81309	57101	219875	390082	9355	26737	120066	390151	391112	343170	219958	219968	392376	26494	403239	401667	347169	403257	392392	441639	392309	125963	138803	401666	391107	8387	127066	256144	390201	390154	26248	390081	132112	130075	158131	79290	390441	81318	119678	81099	81466	219438	26533	8386	282770	26595	26539	441608	79296	403277	441669	138882	26476	126370	26497	1260	143503	284532	442191	390059	121129	392391	219865	390433	120065	219986	390260	390075	219981	390174	442184	283365	219983	122740	128366	390437	56656	344892	219479	390429	390882	390538	390113	442361	26211	119692	283093	254973	4992	283694	122748	390079	284383	286362	338675	124538	127623	504190	26529	8383	254879	219453	343173	120775	219870	219469	390162	256148	26707	10798	26496	150681	390649	162998	26188	138883	26664	79501	127077	8861	81442	1258	219874	8590	138802	23538	26341	119695	81797	81282	26531	1262	219464	341276	390265	390148	81168	26735	390038	390432	390061	390084	26338	26245	26648	26534	135924	403273	441670	343172	26189	79310	286365	127062	79317	26689	391211	81392	403244	390883	388761	26246	390064	401665	219858	387748	391195	138799	79549	144124	219956	81327	119765	127059	26658	390037	403278	81469	219437	338751	219431	135948	4995	120796	26212	390157	390152	283617	390892	219873	390054	26686	128360	26538	390442	283162	343406	403284	121275	393046	391191	219960	390327	4994	128372	79346	135946	390323	390191	390155	51764	219484	134083	341799	119679	26333	343171	121130	254786	65055	2774	401992	127608	128367	391190	219957	283189	254783	81472	338755	392390	390078	144125	219473	219447	128368	79324	219965	79541	343563	391196	390195	347468	391192	26339	390077	126541	343169	109	390321	390439	4991	347168	119764	442194	81300	119687	79490	26696	219432	390199	122742	390058	441308	26532	26716	127385	81696	119694	219428	341416	283111	125958	390436	196335	391121	81050	26740	390063	81341	8390	81127	504191	390036	390181	8392	119682	79339	391114	135941	128371	390275	79544	284433	390648	26692	283092	390271	283160	282763	338662	391109	138881	81697	340980	401994	2782	403274	81470	127069	390167	219954	402135	282775	79345	127064	125962	1879	143502	401427	401993	26219	219487	284521	442186	219429	120776	219952	346525	441933	285659	81448	390067	341152	219959	346517	120586	391189	79473	442185	81061	389090	119774	390066	256892	26687	390083	127074	219869	341568	255725	390264	4993	403282	219482	81285	283297	121364	138804	390168	504189	79295	341418	390326	120793
Oncogene Induced Senescence	1021	4194	7027	6233	26523	5594	57690	2113	1032	7157	1870	2114	5595	3397	1869	27327	7314	6667	1029	1871	192669	4193	7029	4343	2077	23112	192670	5925	1031	7316	1019	1030	7311
Oncogenic MAPK Signaling	5604	71	10256	5594	6714	409	22808	1185	54845	3717	2244	7450	80824	10827	8844	1850	1848	7094	80853	56829	2335	11221	8036	55750	1445	55109	3690	4140	3674	283455	54518	2266	1852	5501	11044	8087	801	7414	23164	818	200734	673	9444	4296	3845	161742	815	817	5500	57670	5894	8826	4763	60	5245	10018	3265	8546	1849	27044	8315	5037	5605	8805	2243	5595	816	57085	399473	10533	7529	408	4000	5908	9061	22906	9715	5906	10142	369	4893	22866
Opioid Signalling	3709	5332	5136	26960	5594	5534	112	5576	94235	111	5568	23236	814	5566	2787	2784	2783	113	5578	2773	107	5528	114	115	5144	1020	5330	5533	156	84152	5582	2771	5567	3710	108	2767	2785	9630	2782	801	10645	3708	5519	2791	818	3838	51764	2790	2770	5575	5443	2774	2792	815	2793	5530	5499	59345	4988	817	5321	5331	5515	5613	5580	84254	2788	346562	5532	5573	5137	5141	5153	54331	2776	816	5516	109	2769	1385	55970	5518	5173	2786	196883	5142	5143	10768	10681	5577
Opsins	6010	10692	221391	611	101060233	5995	94233	23596	5956
Orc1 Removal From Chromatin	5691	5683	5692	9861	5719	11047	23594	4172	6233	8900	23595	5687	5688	5700	5689	81620	4173	1017	5682	4174	5714	7979	4171	5702	5707	890	4998	9978	5713	7314	5705	5693	5684	5709	5704	5000	4175	5717	6500	5718	4999	990	4176	5701	5686	7316	84515	5706	8454	5694	10213	5695	5690	5708	6502	7311	5685	5001
Orexin and Neuropeptides FF and QRFP Bind to Their Respective Receptors	8620	3060	10886	347148	3061	3062	84109	64106
Organelle Biogenesis and Maintenance	4509	6907	3320	57576	79135	54801	55081	93323	7846	57560	10540	7532	23054	81027	23410	9556	582	23322	80254	84131	8636	55763	55722	140735	23373	518	80184	23265	7203	9657	92482	10640	54536	6300	515	9611	3313	8729	90410	166379	403	28981	5564	11116	10989	260334	11190	11336	814	79598	1453	55764	6256	55125	5566	51134	7283	10632	85441	2746	200894	585	50807	9321	1432	517	84808	92104	498	6608	2553	7840	23408	129880	79441	139322	1069	55735	8655	55755	80205	23409	55902	8195	10891	7280	79959	6102	80173	347240	4580	10381	79600	22897	539	55142	3418	11232	5600	57545	10733	6604	80321	112714	53632	801	10499	5310	5048	347733	583	8648	27031	7277	84617	85302	6742	5147	54806	521	10013	95681	5108	4508	54585	261734	22948	211	26160	11020	55212	150737	56912	10476	84833	8766	54927	10498	5465	9814	509	79659	3054	4208	6753	1258	9662	83657	10651	10806	200186	9727	57539	4899	3797	9551	7978	8481	132320	7019	55112	64216	64792	60412	23354	347688	57728	79738	64784	8841	10121	79969	9702	121441	4957	1387	1262	6950	8834	10694	5442	5563	25813	56652	84790	51807	27241	8100	10383	1386	4751	22832	79861	200132	26123	123016	513	378	54903	117177	516	522	4218	55770	54820	10382	9572	255758	79809	146057	79718	83658	133522	4735	22981	57787	5565	5469	84303	26146	22994	1454	2747	9371	5571	983	6010	203068	2847	23059	112752	26005	54930	440574	22920	56623	22995	1260	11258	2551	5347	1639	91147	80776	2101	84747	7278	192668	5311	22919	6648	23332	54205	115106	1781	1778	1385	506	9742	4209	5518	27109	514	11127	149371	125988	6991	79867	11064	84100	51259	23082	3842	51422	51106	96764	9738	5116	10576	89891	10376	27077	55559	10575	84902	9793	10142	7531	51626	51098	5577	4867
Organic Anion Transport	55867	116085	9376	10864	9356
Organic Anion Transporters	83733	6528	8402	6568	26503	246213	6576	57030	79751	160728	57084	1468
Organic Cation Transport	861	55356	6580	6248	6581	6582	6584	6583	85413
Organic Cation Anion Zwitterion Transport	861	55356	55867	116085	6580	6248	10864	6581	6582	9376	6584	6583	9356	85413
Other Interleukin Signaling	5803	836	1441	3588	3716	3603	6810	5657	920	6382	1436	6804	146433	6844	6616	9235	7297	163702	282618	6813	200081	1440	1435	6809
Other Semaphorin Interactions	3688	7305	5362	54209	5365	10507	10154	9037	64218	80031	5361	91584	8482	971	57556	9723	23129	3672	5788
Ovarian Tumor Domain Proteases	983	55611	78990	5728	79589	23586	6233	161725	387	10392	84282	7157	8517	23252	79155	64135	89122	10318	7314	7415	2099	80124	64127	7128	8737	79931	7187	7189	55432	57506	8767	7321	55593	56957	324	7706	7316	54764	7311
Oxidative Stress Induced Senescence	1021	3013	8349	5594	57690	8550	1870	9261	23466	5931	5601	4193	4343	1432	192670	7316	6416	5606	7311	4194	128312	1911	8334	84733	26523	9448	55766	23043	4217	3725	5600	8345	1871	192669	8726	23112	8331	8340	1030	57332	50488	5599	8348	7027	6233	5609	23135	3456	7295	1032	7157	1869	27327	7314	23512	8342	8970	2146	5602	6045	7029	3018	54145	1031	2353	1019	80012	474382	8341	8535	5595	94239	1912	8338	22955	5608	1029	7867	255626	5928	100532731	3017	85236	6015
Oxygen-dependent Proline Hydroxylation of Hypoxia-inducible Factor Alpha	5691	5683	5692	9861	5719	11047	64344	7428	54583	6233	5687	5688	6923	5700	5689	5682	5714	7979	5702	5707	9978	5713	112399	7323	7314	8994	5705	5693	6921	5684	5709	112398	5704	5717	3091	5718	84962	8453	7321	5701	5686	126374	7322	7316	5706	5694	10213	5695	5690	5708	7311	5685
P2Y Receptors	2840	64805	5029	5028	5032	10161	2846	5030	5031	27334	9934	53829
PCNA-Dependent Long Patch Base Excision Repair	10714	5984	5425	54107	5985	5111	328	6119	5982	57804	6118	5427	5981	5426	2237	6117	3978	5983	5424	56655	5423
PCP CE Pathway	5691	5692	50855	387	409	8325	5682	5880	5713	8322	160	5879	7316	23002	6035	5695	5578	7311	5579	5719	7471	54361	5582	7979	5702	7474	1213	5216	1212	5686	81029	8321	10213	9861	11047	6233	5688	4920	57154	163	5689	1173	6259	64750	144165	7314	5705	5693	161	8323	5717	1856	5701	1855	2535	5694	5690	5881	5683	1175	23513	5687	5700	57216	5714	5707	4919	7855	7481	7976	5684	5709	5704	1211	5718	5706	1857	8324	5708	5685
PD-1 Signaling	1445	917	3120	5777	3127	29126	5133	3118	915	3119	920	3115	916	80380	3113	5781	3122	3125	3932	3117	3123	919	3126
PDH Complex Synthesizes acetyl-CoA From PYR	5162	5161	1737	8050	1738	5160
PECAM1 Interactions	3635	7525	3932	5335	3685	5781	5777	3690	4067	6714	5175	2534
PERK Regulates Gene Expression	3484	51010	5073	51013	167227	3309	54512	6347	1965	3576	467	4800	8570	1051	5393	23404	9709	11340	22926	9451	8894	22894	1649	56915	4802	118460	1968	440	4801	23016	468	1054
PI Metabolism	10908	8776	5728	81846	81544	30849	51573	93492	4534	660	146850	51763	126282	377	133121	8395	55361	375775	23760	59338	3631	9110	54893	22908	55300	5286	5287	8394	5288	3636	5289	54477	65977	5296	5305	388121	375	59339	9107	4952	3635	25816	51552	5291	80230	5293	8897	6305	5297	57664	5298	9896	5783	66036	79626	23396	84725	8871	79153	5294	5867	8898	22874	8396	200576	55613	56623	5290	54545	9108	23533	8503	8867	64419	8821	5295	27124	55697	284161	7179	5868	22876	79837
PI-3K Cascade FGFR1	2255	2549	10818	2260	8074	2247	27006	2251	5290	2248	2246	8822	9365	2885	5295	2253	5781	2254	2249	26281	2250
PI-3K Cascade FGFR2	2255	2549	10818	8074	2247	27006	2251	5290	2248	2246	8822	2885	5295	2253	2263	5781	8823	2254	2249	26281	2250	8817	2252
PI-3K Cascade FGFR3	2885	5295	2549	2253	2249	26281	2250	8817	10818	5781	8823	8074	2261	2246	8822	2254	2247	5290
PI-3K Cascade FGFR4	2549	10818	8074	2247	5290	2251	2246	8822	2885	5295	152831	2253	5781	8823	2264	2254	2249	26281	8817	9965
PI3K Cascade	208	57761	2255	2549	2323	3667	10818	2260	2322	8074	54106	30849	5140	2247	27006	2251	5290	5289	117145	2248	5296	5170	2246	8822	9365	2885	5295	8660	152831	2253	2263	5781	8823	9846	2264	2254	2249	26281	2250	8817	2261	5291	2252	9965
PI3K Events in ERBB2 Signaling	1956	10718	2064	2885	1950	145957	2549	5295	2065	9542	685	2066	2069	3084	1839	5290
PI3K Events in ERBB4 Signaling	145957	10718	5295	9542	2066	685	2069	3084	1839	5290
PI3K AKT Signaling in Cancer	255324	942	2100	5728	6714	2251	5880	118788	2246	1026	4908	5154	84335	2066	2931	4193	941	64223	3815	5879	3932	2069	6035	100132074	2261	9965	2534	2549	627	10818	2260	8074	55615	9542	940	5296	5170	8822	6801	9365	7249	29851	391	2263	5155	8823	50852	6199	2264	4915	4909	10718	2249	1027	2250	5291	1839	5293	208	2475	2255	2932	2323	5159	27006	145957	2248	253260	3084	930	572	8660	152831	2253	5781	7039	2254	4916	685	8817	5156	842	4303	3164	3667	4233	2322	2247	5290	1956	374	2065	2309	1147	3082	10000	7409	8503	1385	2099	2064	2885	5295	79109	9846	2308	1950	4254	26281	207	2252
PI3K AKT Activation	5295	8660	4914	3667	5296	5291	387	4803	5290
PI5P Regulates TP53 Acetylation	7157	5608	79837	3622	2033	5305	8396	5300
PI5P, PP2A and IER3 Regulate PI3K AKT Signaling	255324	942	2100	8870	5594	6714	2251	5880	118788	2246	3556	4908	5154	2066	941	3815	8395	3932	5879	2069	6035	2261	9965	2534	5528	2549	627	10818	8394	2260	8074	9542	940	3630	5296	8822	5305	6801	9365	29851	51135	391	2263	5155	8823	50852	7189	4915	2264	4909	5519	10718	2249	5525	2250	5291	1839	5293	2255	2323	9173	5159	27006	4615	145957	5529	2248	3084	930	8660	152831	2253	23396	90865	5781	7039	2254	4916	3654	685	5515	8817	5156	8396	3643	3667	4233	2322	5527	2247	5290	1956	374	5595	2065	5516	3082	7409	8503	5526	2099	5518	2064	2885	5295	9846	1950	4254	79837	26281	207	2252
PINK1-PRKN Mediated Mitophagy	9868	8878	51001	6233	100188893	7332	55669	81631	84557	5071	65018	7323	401505	7335	10452	9804	7314	7416	56993	7419	7417	29110	9140	54543	7322	7334	79065	7316	10133	9474	9927	7311
PIP3 Activates AKT Signaling	5691	5692	246175	255324	942	2100	23028	5728	1459	8870	7101	5594	6714	10325	2251	80351	57690	10542	5987	5682	57459	118788	5880	55004	5713	2246	1026	9218	23466	5931	3556	6446	4908	5154	84335	2066	2931	4193	941	64223	4734	4343	3815	8395	192670	3932	5879	7316	1822	2069	6035	100132074	2261	5695	8975	7311	9965	2534	5528	28956	2549	1911	5719	627	10818	84733	2260	26523	8074	2444	8394	55615	7979	9542	940	5702	117145	3630	5296	5170	3725	64121	8822	5305	6801	57504	9365	7249	57167	29851	51135	391	2263	5155	8823	192669	7189	6199	2264	4915	50852	7874	4909	5519	10014	10718	1460	8726	5686	23112	11060	10670	23608	2249	5525	1027	2250	10213	5291	57332	1839	5293	208	6009	2475	9861	54815	2255	57761	2932	2323	11047	1457	1958	84232	6591	6233	9173	5159	5688	23035	5468	6015	27006	8649	4615	145957	2122	5689	5529	7157	58528	8841	2248	253260	3084	10273	27327	7314	930	23512	572	3066	5705	8660	152831	5693	2253	23396	1386	2146	90865	5781	5717	6045	7039	2254	4916	5701	57521	3654	685	5515	8817	5694	5156	53615	80012	27161	80243	5690	23186	8396	842	5683	3065	389541	4303	8658	3164	1108	3643	3667	4233	8535	2322	5687	5527	2247	5290	5700	1956	23239	374	1107	5595	2065	2309	1147	23252	5516	5707	3082	5714	10000	1912	7409	8503	5526	1385	9112	81847	2099	5518	2064	2885	51564	5295	5371	5704	5684	5709	5978	22955	6615	153129	79109	9846	5718	2308	331	9219	1950	5928	4254	79837	5706	26281	100532731	207	5708	2252	5685
PIWI-interacting RNA (piRNA) Biogenesis	113802	3320	136991	5430	5439	4603	221400	5441	54514	11022	5435	9271	5432	55124	5436	5438	84944	5431	122402	91646	54456	5440	5434	143689	5437	5433	8468	201164	56165
PKA Activation	115	114	108	5576	111	5567	5568	196883	5575	5566	109	801	5573	113	26960	107	112	5577
PKA Activation in Glucagon Signalling	115	114	108	5576	111	5567	2778	5568	196883	5575	5566	109	5573	113	107	112	5577
PKA-mediated Phosphorylation of CREB	115	114	5575	5573	26960	112	5576	5568	111	109	1385	5567	108	196883	5566	801	5613	113	107	5577
PKA-mediated Phosphorylation of Key Metabolic Factors	5568	5566	5207	5567	51085
PKMTs Methylate Histone Lysines	56950	8085	55729	79918	63976	55870	64754	6839	10919	79723	7468	121536	9739	83852	2122	23067	11091	58508	9869	84193	387893	80854	84444	64324	84661	54904	23512	51111	5931	5970	2146	79813	8726	4297	56979	5928	29072	9757	4791	9070	5929	84787	4790
PKR-mediated Signaling	7341	5610	983	91442	9636	7846	3608	81027	7329	3306	4869	6772	3303	3609	199990	4137	6898	5611	7157	8517	7278	1965	1147	7280	2178	347688	5516	8877	1660	54920	2188	10381	6895	25820	5518	260334	51191	84790	51807	5608	2175	10383	8894	112714	79861	6774	57506	3312	10382	8575	6622	5519	3305	347733	5771	9246	7277	84617	103	10376	2176	5525	1968	7706	5515	57697	2187	4690	2189	3551	80233	80086	55120
PLC Beta Mediated Events	10768	115	114	3709	5332	5575	5580	5136	5573	26960	5594	5137	5330	5153	112	156	5582	2776	5576	111	5568	816	815	84254	109	2769	1385	5567	3710	23236	108	2767	814	196883	9630	5566	817	801	10645	5321	3708	5331	818	3838	5613	113	5578	107	5577
POLB-Dependent Long Patch Base Excision Repair	142	3978	328	10038	54936	2237	5423	8505
POU5F1 (OCT4), SOX2, NANOG Activate Genes Related to Proliferation	57167	7547	55211	2649	2041	6299	6657	79923	27022	6774	2247
POU5F1 (OCT4), SOX2, NANOG Repress Genes Related to Differentiation	145258	8320	2627	1045	6657	3087	79923	22943	8848
PP2A-mediated Dephosphorylation of Key Metabolic Factors	5519	5518	5528	5516	5515	5207	51085
PPARA Activates Gene Expression	6907	9442	19	123	54600	23054	9862	26230	6721	4199	8202	23179	9915	1581	9611	948	50486	400569	54797	10001	5244	6256	85441	9439	9969	4802	23389	10062	2222	10025	2180	2274	8800	376497	57491	80205	9967	112950	10891	6837	1376	6720	9412	11010	51003	81857	6604	183	2874	10499	1024	51129	29841	3157	8648	3156	23097	2168	2033	211	9443	7376	5465	10498	57761	7296	51586	80306	6095	405	335	892	5468	6257	1374	4899	51	8841	1387	1543	4520	196	34	1579	84246	84498	3158	336	219541	90390	29079	9572	79718	9575	133522	9971	5469	9282	9612	116519	27063	9477	2101	9968	4800	6667	4862	55090	9440	27242	3992	96764	9441	6822	4801	55588
PRC2 Methylates Histones and DNA	128312	8348	8334	3013	474382	8341	8349	26147	121536	5252	55766	94239	3720	23512	5931	8338	8342	8345	8970	2146	1789	1786	3018	255626	8726	8331	54145	5928	1788	8340	3017	85236	22823
PTEN Regulation	5691	5692	246175	23028	5728	1459	7101	5594	80351	10325	57690	5987	10542	5682	57459	55004	5713	9218	23466	5931	64223	4734	4343	192670	7316	1822	5695	8975	7311	1911	28956	5719	84733	26523	2444	7979	5702	3725	64121	57504	57167	192669	7874	10014	5686	1460	8726	23112	11060	10670	23608	10213	57332	208	6009	2475	9861	54815	6591	84232	11047	1457	1958	6233	5688	5468	6015	8649	58528	5689	2122	7157	8841	10273	27327	7314	23512	5705	3066	5693	1386	2146	6045	5717	5701	57521	5694	23186	80012	53615	27161	80243	5690	5683	3065	389541	8658	1108	8535	5687	5700	1107	5595	5714	23252	5707	10000	1912	9112	81847	51564	22955	6615	5371	5684	5704	5709	5978	153129	5718	331	9219	5928	5706	100532731	207	5708	5685
PTK6 Expression	2908	5753	3091	27043
PTK6 Regulates Cell Cycle	595	1017	1027	898	1019	5753
PTK6 Regulates Proteins Involved in RNA Processing	202559	6421	10657	5753	10656
PTK6 Regulates RHO GTPases, RAS GTPase and MAP Kinases	3845	4893	5879	3265	9844	9564	2909	6035	387	1398	5829	5753	1793	63916	5921
PTK6 Regulates RTKs and Their Effectors AKT1 and DOK1	7316	207	6233	867	116985	5753	7311	1796	7314
PTK6 Promotes HIF1A Stabilization	1956	10457	120892	3091	5753	1839
Packaging Of Telomere Ends	128312	8348	8334	3013	7013	26277	474382	8341	8349	25913	55766	94239	54386	8338	8342	8345	8970	3018	255626	7014	8331	54145	8340	65057	3017	85236	8290
Packaging of Eight RNA Segments	
Paracetamol ADME	2950	27233	54600	10057	7366	2686	9429	10	55748	54578	445329	54658	2944	1571	2678	6783	124975	6817	8714	9	2687	4363	95	6822	10257	1244	54575	2952
Paradoxical Activation of RAF Signaling by Kinase Inactive BRAF	1445	5604	8315	71	10256	5037	5605	5594	4296	3690	4140	6714	3674	409	2243	283455	5595	816	4893	3845	3717	815	2244	54518	2266	7450	8844	7529	408	817	801	7094	7414	5894	5908	8826	60	818	2335	5245	5906	369	673	3265	22866
Parasite Infection	3071	7410	71	3055	7525	26999	10787	10096	25	917	51517	4641	5594	4067	4651	6714	10810	63916	7456	4620	6850	5595	10092	10094	2214	4650	7409	10552	10163	147179	10093	8976	2885	644150	10006	998	9844	4644	10109	2268	5747	4627	10451	1793	10152	695	60	10095	55845	5879	6035	7454	4690	10097	10458	919	8936	1398	23191	2534
Parasitic Infection Pathways	3071	71	3709	10787	124056	10811	79651	4907	5594	4651	10810	3552	112	63916	6714	4620	79792	6850	5576	94235	111	5568	10552	10093	834	4644	719	5566	695	1432	2787	10095	5879	2784	2783	6035	4690	8936	1535	2209	113	2773	107	4210	10800	2534	115	114	3055	3553	7525	25	7456	10094	2214	7474	10163	2212	3725	2771	147179	5567	5970	3710	108	998	9332	2785	10109	2782	801	3708	1793	2791	2687	55845	351	6868	3569	7454	10458	51764	2790	4641	136	5599	3326	2778	2770	5575	3606	917	1511	7295	2792	953	2793	8976	59345	3162	718	64174	2678	5336	5335	10628	4627	10451	10910	1856	10152	1855	60	4791	5613	27035	919	5045	114548	23191	2788	346562	7410	26999	10096	51517	5573	4067	54331	5595	10092	4650	109	7409	1385	55970	2885	5027	10006	644150	1800	2786	196883	9844	2781	2268	3586	5747	29108	10769	1857	957	57105	8324	10097	5025	10768	1398	9051	10681	4790	5577
Passive Transport by Aquaporins	89872	282679	358	4284	360	364	375318	359	361	362	366	363	343
Pausing and Recovery of HIV Elongation	6917	5430	1025	905	904	5439	25920	6923	7936	5441	9150	5435	2963	5432	5436	5438	6921	8812	5431	6829	11198	51224	8178	6924	7469	6749	6827	2962	5440	51497	5434	5437	5433
Pausing and Recovery of Tat-mediated HIV Elongation	6917	5430	1025	5439	904	25920	6923	5441	6898	9150	5435	2963	5432	5436	5438	5437	6921	6829	5431	11198	51224	8178	6924	7469	6749	6827	2962	5440	51497	5434	7936	5433
Pentose Phosphate Pathway	5226	6888	7086	51071	25796	55276	64080	6120	22934	5631	5634	729020	221823	2539	23729
Peptide Chain Elongation	6191	6129	6169	140032	6168	6142	1915	6122	9045	6138	6207	6130	51121	6181	6187	9349	6206	140801	7311	6188	6173	6224	6194	6217	6160	6202	6223	6166	6218	3921	6171	6134	6164	6139	6147	6230	6156	6128	6133	6135	6192	6233	6123	6228	6132	6234	6158	6165	6231	6167	1938	6159	6176	2197	6193	6203	6229	4736	6208	25873	6222	6205	6137	6144	6175	11224	6232	51065	6201	6141	6189	6209	6227	6235	200916	6161	6210	6204	6146	6152	23521	6124	6136	6157	6125	116832	6143	6154	6170	6155
Peptide Hormone Biosynthesis	5122	3625	7252	3972	1082	3626	5443	2488	3623	83729	3624	1081
Peptide Hormone Metabolism	2488	28972	55763	3625	9789	23265	64924	10640	54536	2641	23478	2999	1522	3670	1215	11336	9314	4644	7349	338557	3799	2784	83729	10159	1359	5126	25924	3798	2922	3972	3630	3800	1395	6804	5080	43	290	183	2864	2782	3623	60559	51764	1803	5122	1511	1509	5443	6934	1360	7252	60412	1082	57393	6844	3626	2028	3479	169026	59272	55770	1081	7941	1066	5034	139760	2695	590	619373	4311	56605	51738	2688	346562	3952	1363	90701	2626	1636	221044	1045	149371	5972	1499	1361	5873	3624
Peptide Ligand-Binding Receptors	283869	4829	2149	886	887	2920	6346	6870	10563	7852	347148	10803	128674	339403	4295	1234	1325	1909	5196	727	6374	60675	10911	1524	728	2357	122042	51289	719	885	56923	6360	623	4923	117579	1908	3060	624	6754	50865	58191	6352	84539	100996758	6363	6288	5367	1910	4985	6368	7504	1907	1236	6863	6387	2587	1906	2922	2151	5020	643	2359	2925	7200	6866	1230	5473	4986	7201	2852	2829	2837	10874	183	4886	4889	4852	1235	1889	351	6376	6364	3640	552	5368	554	9283	2693	4987	6753	10316	84432	5443	6373	6750	2532	51052	6846	6869	6347	4158	2826	129521	594857	6751	51554	301	6370	3062	9034	729230	2919	57007	388372	2921	5660	2358	256933	6372	10887	4988	718	4828	185	257313	3627	5539	3061	10850	4160	5179	3579	3827	4887	4922	551	57486	4159	6367	680	51738	59350	387129	8620	2834	2847	5021	9002	10886	2150	1233	8811	4157	6366	56477	3576	2147	6375	10663	186	6354	221044	8862	51083	187	5173	8484	6361	3814	553	6019	6865	2833	10022	4161	64106	2861	84109	6752	6348	6357	1238	23620	1232	2862	1237	2831	110599583	84634	6356	6755	3577	27202	4283	3792	2832	5697
Peroxisomal Lipid Metabolism	10478	55825	6342	91452	1962	122970	51	10005	1384	30	23600	79777	224	11001	26063	390916	54677	26061	55289	283927	8309	5264	3295	23417	215	8310	10455	51179
Peroxisomal Protein Import	5191	8443	5189	6233	55825	54363	6342	5830	5193	1962	373156	51268	1610	122970	51	54469	219743	10005	1384	196743	4843	30	7323	5194	2053	4358	23600	7314	8540	51179	5828	11001	26063	83752	390916	54677	1891	26061	570	847	10965	8309	3295	283927	5264	5192	7321	8239	7322	8528	7316	23417	5190	3417	5195	55670	189	3155	8310	7311	3416	10455	10901
Pervasive Developmental Disorders	6907	3065	79718	627	814	8841	9612	2874	5566	25942	801	9611	4204
Pexophagy	7311	4077	472	7316	8878	6233	84749	5830	7314	81631
Phase 0 - Rapid Depolarisation	2259	9254	6327	6331	775	816	6335	6336	815	2256	782	6323	6330	6329	27092	6334	817	801	59283	2257	6328	6324	59285	6326	783	818	6332	29098	11280	55800	59284	2258
Phase 1 - Inactivation of Fast Na+ Channels	80333	3751	30819	30820	3750	3752	30818
Phase 2 - Plateau Phase	3753	23630	59285	775	783	27092	782	9254	10142	9992	59283	10008	3784	59284	23704
Phase 3 - Rapid Repolarisation	3753	23630	3757	10142	10008	9992	23704	3741	3784
Phase 4 - Resting Membrane Potential	338567	3759	3777	50801	89822	3768	10089	51305	60598	56659	83795	3770	3776	3761	8645	56660	9424	3775	54207
Phase I - Functionalization of Compounds	1594	1553	10728	1549	80777	9915	1581	8824	8639	4051	284541	2052	1727	6256	1576	1582	54905	2326	4128	340665	1577	1559	113612	1595	1583	57491	8529	55902	1585	1592	1544	1589	29785	1558	1571	64816	130	100861540	10499	125	54996	1545	4129	8648	131	10858	1580	124	128	3326	9420	6916	405	5443	285440	1562	126410	5742	196743	217	1543	196	1579	2232	11283	1548	57834	218	120227	64757	134147	216	1066	1573	5447	9971	127	2328	2230	9049	314	54498	2327	4835	1555	670	84532	51302	13	219	26	1588	1593	112812	1572	874	66002	1584	1565	107987479	5740	1591	23491	126	1557	56603
Phase II - Conjugation of Compounds	2948	2950	54600	4257	4143	9446	2730	10720	4837	4259	6799	445329	51504	54576	2946	54659	9	2954	2949	347734	7365	55347	341392	2952	8459	7367	2939	23169	389396	26873	92292	10	373156	2937	55748	54578	50512	54658	1544	2944	2941	6783	7364	348158	27284	4548	80146	2687	123876	6820	10249	2947	27306	133688	119391	219970	10861	4144	10380	1312	27233	2953	191	2940	54579	54928	6819	1836	54577	221357	2678	2729	8460	84836	124975	57412	391365	25830	11046	116285	54657	4258	167127	7363	7366	2686	4552	54490	2098	7360	27430	79799	7358	653689	7172	54988	51000	9060	494143	6817	2938	9061	79017	10941	6822	79094	10327	54575
Phenylalanine and Tyrosine Metabolism	6898	2184	3081	883	2954	80150	5092	5860	3242	259307	5053
Phenylalanine Metabolism	883	5092	80150	5860	259307	5053
Phosphate Bond Hydrolysis by NTPDase Proteins	57089	953	957	377841	956	955	9583	954
Phosphate Bond Hydrolysis by NUDT Proteins	11164	79873	55270	53343	4521	56985	131870
Phospholipase C-mediated Cascade FGFR1	9365	2255	2253	5335	2249	26281	2248	2250	2260	8074	2246	8822	2254	2247	27006	2251
Phospholipase C-mediated Cascade; FGFR2	2255	2253	5335	2249	26281	2248	8817	2250	2263	8823	8074	2246	8822	2254	2252	2247	27006	2251
Phospholipase C-mediated Cascade; FGFR3	2253	5335	2249	26281	2250	8817	8823	8074	2261	2246	8822	2254	2247
Phospholipase C-mediated Cascade; FGFR4	152831	2253	2264	2249	5335	26281	8817	8823	8074	2246	2251	8822	2254	2247	9965
Phospholipid Metabolism	10908	84895	8776	50640	8443	248	57605	5728	1459	81846	23659	64850	81544	83394	30849	151056	85465	3032	80339	51573	2820	374986	10809	93492	4534	84879	100137049	5130	26279	10162	51365	57153	660	123745	8895	146850	51763	5320	79888	126282	57678	54979	377	133121	5833	8395	8605	3030	55361	375775	55500	55326	23760	55750	9489	59338	57110	3631	8398	9110	5322	54893	10400	22908	55300	5286	5287	8394	5288	9926	5289	3636	81579	54477	54935	158835	5296	55224	65977	54947	23259	5305	255189	30814	388121	43	56895	57104	1120	375	59339	1119	9107	114882	23761	4952	5920	1040	8694	3635	1460	114884	8399	255043	54675	25816	5338	51552	2819	5291	80230	10423	10555	80736	5293	81490	129642	79143	1457	8897	6305	5297	57664	9468	11343	64600	5298	56994	9896	5783	10554	66036	56261	79626	23396	122618	137964	5337	84725	8871	79153	23171	5321	5294	56894	162466	9600	50487	5867	8760	9362	590	8898	254531	9791	114879	22874	10390	8396	200576	154141	201164	23646	150763	55613	56623	204962	11145	5290	27132	84649	6901	56910	84803	54545	9108	200879	23533	9663	79887	8503	8867	8904	64419	23446	8821	5295	51205	126969	80821	58488	27124	55697	253558	64900	117245	284161	1103	22925	7179	63874	171586	23175	5868	22876	79837	283748	347516	149998	5319
Phosphorylation of CD3 and TCR Zeta Chains	1445	917	3120	3127	3118	915	3119	920	3115	26191	916	3113	3122	3125	3932	5795	3117	3123	919	55824	3126	5788
Phosphorylation of Emi1	983	51343	26271	5347	891	991
Phosphorylation of the APC C	25906	983	8697	5347	11065	27338	8881	7324	891	119504	51529	64682	51434	29882	246184	996	7321	10393	51433	29945
Physiological Factors	10699	4881	1066	2626	204851	4880	6910	25937	1482	4882	28996	8850	4311	4878
Plasma Lipoprotein Assembly	4547	29801	19	348	649	335	344	345	5568	2	346	5567	51128	341	5566	336	5034	337	338
Plasma Lipoprotein Assembly, Remodeling, and Clearance	84699	4547	7376	81693	19	1175	29801	3990	4864	348	649	63924	26119	64788	6233	335	116519	213	344	4023	51360	319	5046	163	345	10577	255738	7436	3949	949	5568	26291	27329	1173	3069	6646	2	346	29116	91289	5567	7314	9388	8435	1213	5125	5360	341	51128	161	338328	160	1211	9619	5566	3988	8029	336	4018	8720	55908	3931	51129	5034	337	7316	338	23491	51599	10062	55911	5045	1071	7311	57552
Plasma Lipoprotein Clearance	7376	81693	1175	3990	4864	348	26119	6233	335	163	10577	255738	7436	3949	949	3069	1173	6646	346	29116	7314	8435	1213	341	161	160	1211	3988	8029	7316	338	23491	51599	10062	55911	7311	57552
Plasma Lipoprotein Remodeling	84699	4547	3990	348	63924	64788	335	116519	213	344	4023	51360	319	5046	345	26291	27329	91289	9388	5360	5125	338328	9619	8720	336	4018	55908	3931	51129	5034	337	338	5045	1071
Platelet Adhesion to Exposed Collagen	8515	3688	3673	1278	3672	1277	2812	2207	7450	2814	2811	51206	11093	4067	2815	2534
Platelet Aggregation (Plug Formation)	1445	4352	10411	152	10235	3690	6714	3674	2243	6850	2147	2812	2244	54518	2266	7450	5170	2811	1278	2815	7066	150	2885	151	9564	5770	5747	7094	11069	5908	6464	1277	2335	5906	207	2814	10125	1398	6654
Platelet Activation, Signaling and Aggregation	160851	4352	3709	8525	2149	5777	51206	2157	5594	387	6414	7018	6714	409	226	5175	7057	6850	5054	6814	94235	5880	14	7078	7222	2244	7450	10184	948	1278	1607	5196	10490	150	146850	54495	5768	7410	9948	374354	2162	64805	5028	3273	151	9564	5154	1675	5919	10487	22915	7094	350	2768	7044	1432	2787	5879	3932	23052	2335	2784	2783	6035	334	10125	3481	2773	5578	88	51266	2534	10447	1445	6403	8527	22927	139322	5579	10411	10630	2277	197	3690	5341	3674	7043	5582	2151	1893	55664	27040	87	54518	2266	813	5296	5170	7225	5005	2815	2771	5478	2621	5473	3710	2767	57406	998	7422	10672	5216	391	2785	9630	5155	2782	801	7414	54863	3708	5265	2791	6694	6464	7277	351	2316	29789	5099	5874	5291	2790	51764	7423	5581	5583	1606	221955	2770	152	2153	7040	6915	7273	51368	1521	335	308	213	10235	5588	10916	6810	1072	94121	11343	3309	3699	259215	5590	83706	2792	2812	8526	2793	7873	8407	3671	135228	2811	7042	5660	54676	7066	59345	710	5336	1608	5781	5345	5321	3479	5294	10451	81	139189	747	5894	3920	3827	5340	6654	1277	10257	78991	928	5580	26090	2788	346562	3937	3959	9002	9749	967	3700	5627	12	2207	7123	7076	7424	4067	54331	5290	2243	9162	2776	5595	388	2147	27154	51097	3082	23533	2	7409	2769	8503	6678	57113	55970	5267	5552	2885	5295	7114	51706	2786	5770	408	6813	5004	5747	1609	11069	5908	6647	1950	1	29106	5906	1191	207	2814	7534	66005	1398	10681	51571
Platelet Calcium Homeostasis	3709	84876	6546	80228	22953	492	7222	9127	6717	490	487	5023	7225	57113	491	5027	3710	6786	6543	6547	489	801	3708	488	5024	5025	5026	493
Platelet Degranulation	7018	6414	2157	5175	226	7057	5054	7078	2244	7450	10184	948	5196	10490	9948	5768	374354	2162	5154	3273	1675	5919	10487	22915	7094	350	7044	23052	2335	334	3481	88	10447	6403	139322	22927	2277	197	3690	5341	3674	1893	55664	87	2266	813	5005	5478	2621	5473	7422	5216	5155	801	7414	54863	5265	6694	7277	351	2316	29789	5099	5874	7423	7040	2153	7273	51368	1521	335	308	213	10916	1072	94121	3309	3699	259215	83706	7873	8407	3671	135228	7042	5660	54676	710	5345	3479	81	3920	3827	5340	10257	78991	928	7043	3959	9749	54495	967	3700	5627	12	7123	7076	7424	2243	27154	51097	3082	2	6678	5267	5552	7114	51706	6813	5004	6647	1950	1	29106	1191	66005	51571
Platelet Homeostasis	3709	80228	5136	5777	5175	7222	9127	94235	6547	489	1432	2787	5739	2784	2783	5026	5528	492	4843	5023	7225	5593	6786	3710	27345	4842	2785	2782	801	3708	488	5519	2791	5525	338	493	51764	2790	5138	2778	84876	6546	10242	5152	22953	5529	2792	490	2793	487	7804	4846	59345	6543	5781	5321	8654	5515	2977	2788	50940	10335	27094	5527	5153	54331	3778	3779	10846	6717	5516	57113	5526	55970	491	5518	5027	2786	5592	2268	5024	5051	5025	10681
Platelet Sensitization by LDL	5519	5518	5529	5528	1432	5525	5516	338	5515	7804	5781	2268	5777	5321	5527	5526	5175
Plus-strand DNA Synthesis	5478
Polo-like Kinase Mediated Events	9088	4605	9133	5928	55957	2305	286826	132660	995	5347	2033	993	891	7465	91750	1063
Polymerase Switching	57804	5425	10714	5983	5981	5422	5111	5424	5984	5985	5982	23649	5558	5557
Polymerase Switching on the C-strand of the Telomere	10714	7013	26277	100134934	79991	5984	23649	25913	5425	54386	5985	5111	5982	5557	57804	63922	80169	5981	5422	5558	7014	5983	65057	5424	79075	54921
Positive Epigenetic Regulation of rRNA Expression	7270	128312	3065	10514	8348	8334	3013	1108	2932	54815	474382	2648	79101	8341	8349	10919	10849	5441	5435	55766	1107	94239	57459	8467	25885	9015	57504	5437	23451	9112	51082	9013	5931	8338	3066	9031	9188	11335	8345	8970	8342	8850	6908	64425	9014	9219	3018	255626	8331	60	54145	7913	5928	84172	221830	8340	9533	5440	53615	5434	2033	2074	3017	85236	30834	4641
Post NMDA Receptor Activation Events	7846	4747	81027	5594	2890	6196	6714	2891	6195	5576	5568	8874	5564	260334	814	2066	5566	5879	6035	88	107	2902	114	2906	4137	7280	2905	5170	10381	5567	112714	53632	801	4900	10645	5562	347733	7277	818	84617	3838	27330	57554	28964	5575	347688	3845	815	3084	5563	84790	51807	6197	10383	79861	817	10382	5613	1739	1742	3265	5565	80086	8536	1740	84254	5571	5923	5573	5595	816	7278	1741	1385	2904	2903	5924	51422	10376	4893	5577
Post-chaperonin Tubulin Folding Pathway	7846	81027	7278	7280	10381	6904	84790	51807	6903	10383	1155	79861	112714	10382	6905	347733	7277	84617	402	10376	80086	6902
Post-transcriptional Silencing by Small RNAs	23112	192670	26523	192669	27161	27327	57690
Post-translational Modification Synthesis of GPI-anchored Proteins	248	5329	4978	6975	8000	10232	80235	27076	80055	257194	137797	349633	8876	338328	2822	93183	54344	8875	419	360226	10026	8733	54965	116372	646627	54872	152330	2813	171169	284348	123904	266727	58530	53942	80740	146760	4062	161357	23627	51604	5279	84720	4045	128869	5067	4241	7512	349667	146183	23556	420	8818	135228	5281	353091	683	249	503542	390243	8434	9091	8581	51299	7070	1043	154064	1048	130576	51227	251	8813	2350	1368	50863	94005	5277	84628	55650	83639	1087	22854	284098	84992	9487	5283	147719	4061	9488	54742	7007	2215	10942	80328
Post-translational Protein Modification	9230	55741	5329	3013	10956	4905	64326	8900	5987	29906	23314	140739	6487	9334	79016	1522	9656	8473	140825	1604	10155	5914	55827	9972	1984	4194	1911	51138	2648	6712	1780	6194	8074	8858	57559	84282	4148	100287478	9189	23243	5702	79184	147111	144699	2625	79672	50717	26286	10559	8924	5279	11097	125476	10274	10652	8021	3912	3915	7319	7466	10121	135228	5194	353091	9919	93973	23113	8970	8460	2109	8451	150684	84752	10735	983	1107	5878	1912	387787	100302652	27005	7068	6711	83444	5706	10966	164395	4088	9810	23423	54839	94025	83475	118430	339122	171023	387	5682	53339	7058	51280	23142	376267	10417	80124	57599	1603	6304	377	120071	11174	51397	23225	140460	100287205	25793	123904	25941	285381	58530	7022	813	1642	26263	126119	10116	7844	5698	64284	8331	83548	7175	58485	10972	5954	54617	7040	11275	55577	8818	54891	1387	168391	338382	11167	9695	5717	6996	10210	51299	5870	5034	56957	6482	79913	9654	80028	10960	5683	55252	123228	8341	899	255738	5700	4122	401138	6790	5277	2650	129807	1802	51601	6478	23137	3106	140687	9487	267	10890	221937	22872	55808	10299	6015	100287238	5692	5241	7332	2890	143662	4792	137797	8729	92715	80227	338328	645402	26272	84364	84620	6502	10445	1798	10392	84101	11196	266727	55829	4588	9781	3956	4062	801	55432	7189	8766	5610	6233	120526	5875	5710	9804	23512	3105	11320	57511	140766	55757	51246	2683	286053	2350	9960	57542	2525	367	79831	5714	27247	332	1781	3491	9112	7184	4221	5476	84892	3053	147719	8453	10762	65264	89978	149111	411	79739	140461	8724	399818	257194	222235	55175	26234	317772	8737	29926	6500	360226	54965	140453	56648	81876	22818	7048	54872	6396	997	55611	9040	2813	84733	64689	390594	10427	5111	4924	9101	1758	7857	51604	8648	56254	11226	25942	55738	136371	433	55746	420	79269	54876	84861	10537	5893	29099	84790	28991	11021	8434	116442	1789	3098	5179	79594	55143	3018	4791	79841	5690	151194	83696	84141	4303	10825	9719	57122	7076	8813	11258	29086	10196	5687	6923	55284	23252	5707	9616	4733	51377	55777	55907	81847	50813	22955	7109	22870	11014	4008	9736	8767	10489	9986	5708	10401	265	285231	285362	7018	51371	10054	6400	29925	4193	9641	55527	2335	6383	56999	821	25870	140838	5719	84085	284348	115290	128637	4245	201475	114803	6483	8703	164714	57646	351	416	3488	7903	51602	26140	115827	4241	51720	57188	79589	79805	2107	645836	10981	347688	493861	23279	221613	3703	56995	8774	148789	5693	7128	57403	462	6045	7039	4052	3312	5701	3827	10130	10945	25862	2230	9655	116150	56852	79902	53916	10020	80731	8338	64127	7046	408	92369	7320	11093	8883	377630	3895	64708	7007	10071	5929	9545	5691	23011	79796	2157	91833	25839	80235	7057	51389	64135	7369	3190	4928	326624	54344	84002	79868	122416	170622	51715	93611	23210	9817	348	197	29761	53942	1487	7415	140456	57104	8345	90293	9097	991	59343	2159	6709	10477	84720	7376	55666	5238	3054	219333	23014	221981	7157	11065	5071	23556	6484	79176	10617	115426	79875	51807	27252	503542	8342	55208	51560	6399	8454	2677	130576	3065	23770	4248	10618	170691	55832	118424	1778	10331	26290	22846	11338	80328	80896	89890	80204	811	55768	288	283463	349633	7328	5828	4351	51665	6256	4738	29929	1786	54780	220441	6612	1725	29954	152330	27090	7456	91433	10318	4152	254263	10254	7345	84617	29843	29071	23468	29089	7329	26984	3619	8775	23358	6613	283807	90865	9039	56886	8915	64426	2873	154064	114805	1643	26224	1743	5627	54620	5973	63917	57799	51676	7841	51322	1294	7421	56913	10113	5372	5709	2720	93624	1783	5716	5192	2804	4929	5868	85365	10376	55236	100532731	81792	8875	966	81562	8000	5591	10678	26190	84196	4306	4583	401036	84197	7703	7417	8204	23275	83887	3913	5537	79087	27314	9212	372	92305	7341	8295	1315	26118	7021	57719	440689	9978	632	5887	9818	140462	9331	10970	51693	7334	1471	10282	652	254173	1462	51667	7428	830	79023	91851	54972	146712	79155	10402	23256	718	92591	8704	25809	149951	254013	29844	415	4758	3487	6675	54734	8658	7155	6294	83746	11096	165918	7158	6881	8607	1087	1629	284098	8243	4086	2653	4287	10117	409	92949	140735	3183	11091	8533	9871	11274	7704	25837	9570	51588	6708	7347	10026	55336	8702	23586	84871	90411	11236	221656	10324	2266	100288520	9945	26503	7874	5265	2591	64410	57332	9527	51088	9507	335	432	129401	10802	10905	284076	410	9021	51128	139285	4609	8850	79861	3091	7321	9306	6184	51035	55593	282969	56052	9215	7317	92815	80070	83871	9382	26094	23165	23032	2530	84628	79754	22854	2908	84992	51651	9646	100528030	84516	5903	5685	6048	248	78990	6975	392188	84920	8065	91445	27076	7264	1915	92912	23682	7486	5931	26267	1453	5721	10987	11095	10454	374969	7706	170692	1616	93661	7508	171169	4286	10891	7979	11227	80740	444	4092	84342	7323	84541	3998	2519	9631	146760	23093	2719	7419	8790	668	115273	23627	91869	347733	339366	144245	9761	123624	128869	5067	122706	6314	23193	6228	23363	10600	146183	90268	10869	79728	54850	89122	11070	170690	2801	390243	9318	8239	287	83987	9486	50614	324	1801	6811	80086	114548	51227	3607	1368	1639	22820	7518	7278	22931	57171	25956	81929	1540	51564	10418	154	54742	55568	8614	5873	5199	6468	3017	3622	79609	9609	102	10540	10521	6696	10232	80351	79577	54926	5768	2822	11316	419	196483	11098	56160	30815	64377	2494	8334	3093	57591	8816	6670	8624	56667	55884	2348	3630	2621	55014	7416	4759	8086	8480	23326	26249	11282	23291	1314	5686	51514	3569	8340	5874	2033	7879	51014	9245	1080	10195	5611	4253	29880	249	100287441	57506	6596	8835	28952	9688	5045	993	3416	2517	84727	251	50863	8535	412	8869	727897	2243	10206	3490	22944	51156	6672	64841	1029	5283	90135	64856	8615	255626	79139	7150	79791	10055	8078	55901	1161	10610	381	8934	389362	7425	728386	84259	57452	2200	1737	9363	9491	157869	9489	123879	128312	1655	7991	200958	6480	7528	8655	11041	10272	3972	7186	79695	154881	54757	201456	1788	338	4247	9903	1075	348995	170689	8878	51725	11253	7181	394263	55647	5864	122553	25834	10484	84078	9091	100287513	54951	3698	10517	83844	22901	100287364	114785	5715	84961	4927	9868	63967	3090	116519	23198	5830	8856	150726	27338	6710	414	79748	8720	84932	142685	4061	143471	6117	401447	8313	60509	140459	65094	4978	9146	197370	6185	85235	80055	9509	55624	1026	84749	10466	672	6921	27095	7690	26259	8733	83452	116372	57134	8073	10062	8459	4582	55294	86	7326	10072	3486	9510	4589	51226	10381	720	375	580	100287404	23194	51272	440138	79090	5465	9861	150465	8348	23168	5862	6095	5688	51301	23170	8517	9820	9037	90864	80349	91949	7153	10197	9526	5867	5694	10164	79623	64772	79369	5869	5373	2762	80267	23463	51164	374	54461	55706	8404	9554	55650	51146	57695	5684	79644	54587	85236	8450	5872	347517	1000	197258	140458	55291	5713	56984	11019	4089	256435	80341	374907	1435	23511	5876	5695	8975	7311	1121	1069	4869	51122	123169	174	641	51209	10342	2590	80344	1122	4240	84132	4124	161357	192134	8554	25950	6694	7353	340351	64122	79642	26232	54939	79677	401409	100287144	79947	349667	5689	374378	11015	9759	79091	6132	9063	8027	158135	683	1938	8678	10383	1650	7322	60	28996	9099	9971	80012	1043	1048	2923	153642	55854	9612	51005	4706	8128	8452	7324	92552	27430	84447	5720	171019	63908	79931	7375	8312	5718	9126	9738	2158	9276	5865	80067	54623	7846	2673	8349	5861	9632	100137047	55343	126003	7067	5699	1819	142686	93010	1154	832	260334	54507	330	1114	63891	10474	401258	646627	347527	338596	5195	11173	334	22845	51009	64344	54437	5885	4585	340075	10980	7280	2155	9367	257218	126433	10499	6489	4249	51143	9994	51666	200845	8237	10213	142684	11047	5589	213	80176	4121	51611	53371	9929	51809	64750	3066	9210	2589	4780	336	10382	378	286	1081	258	7070	6885	10238	79694	8945	122769	23369	51255	100287327	5423	84262	161725	25879	51332	4584	22796	2147	84061	9100	7336	83639	442117	146330	5704	10868	55288	6157	3371	23287	9488	2215	29106	54764	10942	89866	7327	81794	55239	5728	4586	81027	54732	117248	56975	8314	51762	8876	26958	9117	124872	6187	93183	55860	5886	57731	127247	7316	51616	114907	5624	23038	3484	256281	84261	10671	10175	51046	56929	890	26270	81849	5970	8542	375056	112714	23636	5711	51399	142	7277	10670	142689	51552	8139	53917	59348	4045	4087	2153	7512	5468	10585	55031	205564	4597	5281	329	7314	5705	26235	79823	8581	1605	9508	10959	57111	4218	283899	829	26268	10920	94005	54165	5193	56955	5905	55958	23412	7020	1356	3270	2099	79053	199857	5371	4798	145173	11315	100287178	7187	2516	84276	54187	5696	11031	9883
Post-translational Protein Phosphorylation	102	1000	10117	6696	10232	7018	56975	51280	5768	80341	1114	7425	1435	11098	3913	2200	2335	6383	334	5624	3484	348	197	8074	4148	174	3486	57719	10272	2266	813	147111	4924	2519	2621	1758	4240	8542	720	3956	57104	2719	375056	10970	7857	5265	6694	54757	1471	351	3569	338	3488	5954	652	1462	4241	2153	335	5589	213	3912	3915	5611	91851	7466	54972	718	9210	11167	462	336	4052	11320	5179	258	3698	3827	10130	5034	51246	3487	84141	7076	10618	116519	255738	2243	401138	56955	3490	8404	1356	3491	7184	3270	51156	4221	8720	3053	64856	3371	3895	8614	29106	54587	265
Postmitotic Nuclear Pore Complex (NPC) Reformation	7341	6396	348995	57122	7329	25909	5901	129401	79023	23165	5905	55746	23279	79902	55706	53371	9631	81929	1104	9818	4928	3842	23636	23511	3837	9688	9883
Postsynaptic Nicotinic Acetylcholine Receptors	1137	1139	1144	1141	1142	55584	1145	1134	1138	1146	1143	1136	1135	8973
Potassium Channels	338567	8514	3747	23416	348980	10060	3759	169522	9196	94235	170850	57657	51305	3786	3742	610	3743	3762	3746	3764	3766	3749	2787	3760	2784	2783	3783	93107	10021	3781	3765	7881	3777	3788	3750	3741	3755	9132	27345	83795	2550	131096	2785	2782	3744	3770	3776	3787	2791	3772	3761	90134	3736	23415	3739	54207	2790	51764	9568	3790	10242	9312	89822	27133	6833	2792	3757	10089	3754	2793	3780	3752	27012	59345	56659	3785	26251	3748	3751	2788	3756	3763	3758	3738	27094	50801	54331	3778	3773	3779	3737	3768	56479	81033	55970	3767	2786	3745	9424	3775	3782	10681	3784
Potential Therapeutics for SARS	3320	23028	54106	3570	51317	10728	6850	57459	51284	3717	5926	29760	5931	476	8819	160	2280	8737	25855	3615	695	4690	10284	30011	3459	81030	10800	79685	974	2339	3688	9817	5348	9978	57504	3454	7422	29110	23476	6773	478	3718	1312	3326	54815	1901	3716	10362	5133	9475	163	1173	5349	3676	51185	3066	3460	5336	161	4780	51742	59272	64426	53828	23186	53615	5045	483	203068	3065	1175	1108	100529261	1107	10280	7409	477	8452	53826	9112	482	53822	3455	2885	7297	5978	2908	481	973	486	6093	9219	2288	5928	3614	3554	480	6654
Pre-NOTCH Expression and Processing	128312	4853	2683	8348	8334	3013	474382	2648	4854	7027	8341	8349	26523	22938	57690	595	7157	1999	55766	94239	4851	1869	487	6484	1387	3725	6487	10402	27327	3516	8338	84441	6400	9794	8342	55534	8345	1871	8970	8850	4855	192669	489	488	7029	5986	3018	5584	255626	4343	56983	8331	54145	5870	192670	861	51548	23112	23509	8340	10959	27161	2033	5045	3017	85236	3955	10046	4242
Pre-NOTCH Processing in Golgi	4853	2683	5870	6400	4851	4854	10402	4855	487	6484	10959	489	5045	5986	6487	3955	488	4242
Pre-NOTCH Processing in the Endoplasmic Reticulum	4853	56983	4851	4854	4855	23509
Pre-NOTCH Transcription and Translation	128312	4853	8348	8334	3013	474382	2648	4854	7027	8341	8349	26523	22938	57690	595	7157	1999	55766	94239	4851	1869	1387	3725	27327	3516	8338	84441	9794	8342	55534	8345	1871	8970	8850	4855	192669	7029	3018	5584	255626	4343	861	8331	54145	51548	192670	23112	8340	27161	2033	3017	85236	10046
Prednisone ADME	7367	5243	54578	1645	866	1576	7364	213	3290	3291	54659
Prefoldin Mediated Transfer of Substrate to CCT TriC	7411	7846	81027	10471	5201	7278	7280	10693	908	7203	6950	5203	10694	10381	84790	10383	5202	10382	5204	347733	10574	7277	60	84617	10576	10575	22948
Pregnenolone Biosynthesis	2232	112812	6770	10948	147323	9256	706	231	134429	2230	83930	1583
Presynaptic Depolarization and Calcium Channel Opening	774	784	783	773	777	55799	27092	782	9254	10369	785	781
Presynaptic Function of Kainate Receptors	2788	5330	54331	94235	2792	2793	55970	59345	23236	2786	2785	2782	5331	2791	2787	2790	2784	2783	2899	10681	51764
Presynaptic Nicotinic Acetylcholine Receptors	1137	1144	1141	1142	1145	1134	1138	1146	1143	1136	1135	8973
Presynaptic Phase of Homologous DNA Pairing and Strand Exchange	80010	545	1763	5884	472	10524	5888	5892	5889	5984	4683	5810	4361	641	7979	5890	675	5883	7156	84126	1111	5985	6119	5982	83990	5932	7486	3364	672	83695	6118	9156	580	11073	7516	6117	116028	10111	144715	5983
Prevention of Phagosomal-Lysosomal Fusion	11151	5868	7316	5524	6233	26276	9146	7879	7311	7314
Processing and Activation of SUMO	7341	6612	6613	10055	205564	7329	10054	29843	25950	59343
Processing of Capped Intron-Containing Pre-mRNA	10929	55100	9775	5430	54883	10181	5439	10081	22794	22938	84248	6432	6625	26097	9877	3183	988	10084	220988	11066	6627	10523	7307	4116	24148	10291	5436	6936	79165	22916	8563	53981	3190	84321	10898	60625	9416	56339	4928	26121	5431	10212	10992	5546	23450	23511	51362	51645	9972	10283	9785	10285	55339	2962	3191	5356	51634	51639	10284	23225	55234	10915	9130	81608	8106	23283	55094	2963	6396	1655	6636	57721	6631	51692	57703	9984	26017	6635	3185	135295	24144	5511	6634	1660	4686	6431	4904	9631	55660	6638	9818	4236	199746	8086	10179	8480	9360	79753	58517	55702	3178	11051	25804	57794	8233	51585	55696	8189	56259	11017	84950	23636	59286	51428	6626	6628	6637	7919	10569	23759	5725	84991	2733	1479	7175	51747	5434	85437	5437	91603	84271	23350	1977	1478	11097	10450	6434	348995	10907	57187	163859	11157	83443	27258	10914	143884	51690	9589	153527	129401	6426	79023	9716	23517	8021	8559	5441	6430	27336	7737	3550	5432	55746	23279	9939	6632	79622	1659	53371	10713	79706	79869	8449	9879	10465	5438	10772	8683	11325	23451	58509	3192	57819	25949	22985	56949	3187	8241	84811	51213	27316	3312	9092	6429	51593	9343	29107	10189	8896	9128	55954	10921	7536	51729	10482	9688	5440	55749	53938	9584	10946	5433	154007	9410	10250	84844	22827	55599	11193	10978	23658	5093	4927	55110	63932	57122	11052	84081	85313	51691	23165	51340	79171	5435	6633	51503	79576	79902	55706	29894	5094	2521	151903	81929	23524	5411	4670	1477	27339	10286	10594	84324	23020	1665	3188	6427	22826	100534599	65109	51759	10762	10236	4809	3181	8175	80145	27238	6428	9129	23398	6629	11338	7884	10262	3184	5903	9295	79228	9883
Processing of Capped Intronless Pre-mRNA	10978	6636	51692	11052	10914	6635	81608	134353	29894	79869	4686	6634	22916	53981	10898	1477	11051	84967	51585	8189	25888	6628	55339	6637	1479	7884	8106	1478	23283
Processing of DNA Double-Strand Break Ends	80010	545	128312	54962	8348	1763	5884	472	51720	10524	7329	63967	8341	8349	6233	29086	8900	5984	7468	5531	4683	5810	4361	641	9025	1017	79184	890	5883	165918	7156	84126	1111	5985	7158	6119	51588	5982	83990	5932	7336	7314	7486	3364	672	83695	6118	6613	9656	8342	9156	580	8345	8970	11073	3018	151987	255626	6117	116028	51548	54145	8914	10111	7334	7316	8340	144715	5983	8924	3017	85236	6047	7311	8290
Processing of Intronless Pre-mRNAs	10978	51692	11052	10914	81608	29894	79869	4686	22916	53981	10898	1477	11051	51585	8189	55339	1479	8106	1478	23283
Processing of SMDT1	221154	55486	55013	286097	91689	10939	5245	9512	10730	10367	11331	6687	23203	30968	90550
Processive Synthesis on the C-strand of the Telomere	10714	7013	1763	26277	641	5425	25913	54386	5111	6119	7486	57804	6118	2237	6117	7014	3978	65057	5424
Processive Synthesis on the Lagging Strand	57804	5425	5558	6117	10714	3978	1763	6118	5422	5111	5424	6119	23649	2237	5557
Programmed Cell Death	5691	5692	3320	841	7532	7332	7159	91782	5534	5594	3007	3552	1612	79792	140735	5682	5713	1830	26060	22900	598	660	3024	3836	5062	834	1676	330	356	8737	2934	4976	8473	6304	6774	637	7316	3002	5695	7311	10971	10134	596	28988	2339	839	3553	5719	836	837	8743	9500	1687	8655	5317	5533	51765	4137	2620	7979	5702	4836	56616	3006	7186	115209	1613	57162	79643	23643	57099	7431	10015	219699	6386	317	100506658	90427	5686	3009	148022	1677	6709	3008	8797	10213	51074	92421	208	3659	7161	5599	9861	1832	840	4001	11047	7027	3606	6233	838	29082	5588	5688	5708	1991	5689	23368	25978	2319	7157	5071	23604	1869	708	329	10273	7314	999	578	572	5705	5693	55075	22985	5717	10059	7099	83737	27243	3146	128866	5701	79658	11035	7029	355	10211	197259	324	2810	10018	5694	1828	9414	5690	8717	842	5580	5683	8772	63967	5687	8626	5700	7082	3148	5595	5714	5707	10000	1829	54205	118	5684	7533	5704	5709	7529	11140	1029	1499	4000	3660	8837	5747	5718	6093	5366	100526767	331	27113	929	3837	581	90249	100302736	5706	207	5339	8428	7531	1630	7534	3005	8795	5685
Prolactin Receptor Signaling	2688	6777	1442	3717	9978	25970	5618	8454	2689	8945	5781	6500	6776	2690	5617
Prolonged ERK Activation Events	4803	5604	1398	5595	4914	2889	7529	5906	10818	5605	57498	5594	1399	673
Propionyl-CoA Catabolism	84693	5096	166785	4594	5095
Prostacyclin Signalling Through Prostacyclin Receptor	2788	2778	54331	94235	2792	2793	55970	59345	2786	2785	2782	2791	2787	5739	2790	2784	2783	10681	51764
Prostanoid Ligand Receptors	5737	11251	5734	5729	5739	6915	5732	5731	5733
Proteasome Assembly	5691	5683	5715	5692	9861	5719	122706	84262	11047	5687	5688	23198	51371	8624	5700	5689	5682	5714	7979	5702	5707	5710	5699	5713	56984	5705	5693	80227	5684	5709	5704	5720	5721	389362	5717	10197	5718	5698	5716	5701	5711	143471	5686	5706	5694	5696	9491	10213	5695	5690	5708	5685
Protein Folding	7846	81027	1459	26190	94235	2629	898	7203	8786	26234	1155	6774	26272	5204	2787	402	2784	2783	6000	55294	7411	84261	10528	10471	7280	10693	26270	10381	6904	2767	11328	2785	9630	112714	2782	2791	347733	1460	7277	84617	8237	6499	51764	2790	1457	63971	7157	2792	908	8841	2793	8877	6950	9628	55135	10694	59345	84790	51807	10383	9134	79861	5202	10382	6905	10517	60	10238	26330	80086	26224	6902	2788	54331	5201	5082	2776	7278	54461	5203	2769	26985	55970	8787	6903	2786	83752	10564	10574	10576	10376	6468	10575	22803	3801	22948	10681
Protein Hydroxylation	91433	79831	2158	100137047	55239	6132	55854	51389	4733	2107	444	6194	11338	1819	23210	6157	6228	65094
Protein Lipoylation	1743	11019	4706	1629	27247	1737	2653	2230	387787	51601
Protein Localization	5191	51608	51024	2010	8443	5621	56942	55825	5824	10245	10063	50	11264	219743	1384	100272147	100287932	30	401505	5827	3313	23600	9218	7485	224	5828	56993	390916	1891	7917	8309	134266	51025	8528	7316	498	23417	26519	5195	51287	8310	7311	10455	51179	9381	3421	2671	9409	91452	373156	51142	1610	10005	26520	6804	4843	8799	293	7323	4580	80273	26515	7416	84896	84269	11001	10440	26061	23480	847	5264	29090	54543	10952	8604	10469	351	819	1431	3417	189	1678	92609	54927	26521	8266	27235	291	100188893	9512	10651	1537	4714	5189	388753	10478	6233	1962	51268	225	122970	51	196743	5194	23203	6844	9804	26517	25813	7314	3162	5009	1528	26063	54677	27230	570	10965	516	7321	3295	8239	6449	7322	2395	100529144	6811	131474	3416	10901	29928	5825	9868	54363	1738	90639	6342	5830	5193	6901	54469	79145	2053	10452	118424	617	4358	506	8540	150274	3329	54332	131118	83752	10165	283927	5192	10531	439	5190	400916	8504	55670	215	3155
Protein Methylation	79609	1915	1938	79091	254013	6187	79823	7415	10196	801	2109	3312	22944	196483	399818	151194
Protein Repair	4482	5110	51734	253827	22921	7295
Protein Ubiquitination	7327	997	8078	54623	8348	23168	3093	29089	8341	6233	7332	7326	5591	5830	5193	123169	55284	7319	11065	51322	56852	90268	7323	92912	5111	5194	79577	27338	118424	55829	7324	54926	7336	257218	7415	7314	7328	9781	5828	80349	3106	3105	8342	8345	8970	7320	7347	7874	7321	5192	220441	8915	8239	6596	3018	65264	255626	79139	7322	7334	10670	7316	56254	55236	9646	8340	5195	3017	85236	51255	92305	10477	7317	7311	9810
Protein-protein Interactions at Synapses	321	85358	2892	2890	6812	78999	58512	9378	22941	2037	9066	9369	3556	91683	22839	9379	8496	2036	127833	8825	5792	9455	347730	2902	5802	28988	23136	11141	8495	80059	2915	2906	139065	26037	9454	57622	2893	6804	2905	64130	2035	57596	79414	8541	341359	57555	26045	320	8497	8500	57502	8573	2319	22871	54413	8499	84631	81858	4916	10211	1739	1742	114798	1740	9456	57497	10313	6857	9228	22865	84189	5789	1741	9546	94030	22829	10611	26050	2904	347731	2903	143425	9229	2911	50944	55327	26280	57669
Proton-coupled Monocarboxylate Transport	9194	6566	133418	23539	9123	682
Purine Catabolism	84618	22978	3704	11164	79873	53343	30833	7498	9615	131870	4860	4907	4521	100526794	56985	10591	55270
Purine Ribonucleoside Monophosphate Biosynthesis	471	3614	8833	10606	5471	5198	159	2618	158	3615
Purine Salvage	1633	100	3251	2766	1716	270	353	51292	271	4860	272	132
Purinergic Signaling in Leishmaniasis Infection	3326	3553	3606	1511	4907	7295	3552	79792	953	3162	5970	5027	718	834	719	4790	10628	10910	351	4791	957	5025	29108	9051	4210	114548
Pyrimidine Catabolism	84618	7378	56953	1806	64902	1807	4907	30833	51733	51371	1890	151531
Pyrimidine Salvage	1633	8226	7084	7378	83549	54963	7371	7083	978	1890	151531
Pyroptosis	3659	3553	836	3606	837	838	29082	91782	1687	8626	1991	3552	79792	25978	7157	54205	79643	578	834	3660	100526767	27243	3146	128866	581	3002	92421
Pyruvate Metabolism	2739	5162	5315	80232	6233	1738	347411	3939	5160	23409	3945	5313	4199	51660	79018	92483	4289	160287	25874	3948	4200	4750	7314	7416	81889	5164	10873	55066	64795	64777	8050	5165	54994	5163	5166	2875	57546	10048	5091	25852	2954	5161	54704	192111	3029	10296	7316	1737	7311
RA Biosynthesis Pathway	124	157506	51109	57665	8854	112724	1592	8608	220	8644	1381	64577	195814	10170	340665	216	5959	9249	126	127	56603	10901
RAB GEFs Exchange GTP for GDP on RABs	9909	414918	22930	23011	3257	81846	22878	5861	51112	126003	79958	51762	23682	22879	27095	27147	81876	259173	163259	55667	22898	1121	9827	57589	25782	57706	51209	2665	9367	10260	1122	84315	201475	26130	51693	163486	79890	51399	51552	5874	58485	7879	208	79090	6305	10981	8408	5864	160518	122553	338382	11021	116442	117177	51560	6399	5870	5866	126432	60684	4218	5869	80006	83696	54734	27342	9610	201627	84079	5878	2664	22931	10000	221960	7109	10890	79961	8567	23258	5868	5873	207	89781	54453	7531	11031	57679	5872
RAB Geranylgeranylation	9609	9230	401409	1121	7879	54734	115827	83871	23011	347517	5862	339122	57799	5861	5875	10981	8766	5878	22931	51209	55647	53916	51762	9545	5864	9367	376267	23682	25837	1122	338382	201475	326624	8934	57403	11021	84932	116442	115273	10890	4218	64284	83452	401258	5876	5867	5870	81876	5868	51560	5873	51552	10966	9363	8073	27314	5874	51715	11031	5865	57111	53917	142684	5869	5872
RAC1 GTPase Cycle	3071	25894	139818	2010	10787	124056	27	10811	50855	9912	396	10810	84144	26230	55971	182	57636	9710	394	128272	55004	23092	8874	23616	10144	57514	51347	57144	5062	9901	8997	55619	29	5586	1969	55914	57572	1536	64857	9938	83478	7444	3930	5879	23075	9639	115557	6035	23348	8936	1535	653361	57569	57522	57580	3688	1123	1124	81624	4983	9826	7456	117289	9341	10395	5296	10163	152273	50619	613	29127	147179	115703	25791	221178	9855	998	10928	857	2909	10672	128239	23370	23580	116985	4168	9815	1793	64411	7984	55845	64333	143872	5338	57480	7454	10298	10458	85440	5058	26030	392	11188	7879	393	347902	28964	5063	752	55843	1894	10160	10652	6510	55789	51306	4688	84904	1794	50508	257106	8976	7204	9732	23380	116984	11135	5337	9411	4162	10451	201176	10152	79658	8826	55200	9459	6655	81839	22899	50649	27035	397	80243	9743	23191	58504	7410	8476	26999	7037	23526	51291	7112	80005	106821730	5290	81704	143098	10979	10788	23592	23344	4650	57584	7409	4689	8503	644150	10006	5295	5924	23263	94134	11113	7074	3895	80728	1795	8773	55114	5585	4810	57679	6654
RAC2 GTPase Cycle	3071	2010	10787	396	55971	9710	5880	55004	23092	51347	5062	55619	29	1969	55914	1536	7444	3930	23075	1535	653361	57580	3688	81624	4983	9341	5296	10163	50619	4580	613	3998	29127	998	857	2909	85360	23580	4168	9815	1793	55845	143872	5338	10298	392	5058	7879	28964	9217	55789	4688	1794	25813	7204	9732	11135	4162	10451	10152	8826	81839	9743	23191	23141	7410	7037	7112	10424	5290	143098	23592	23344	57584	1829	7409	4689	8503	26050	8987	10006	5295	51566	7074	80728	1795	55114	4810
RAC3 GTPase Cycle	3071	2010	10787	124056	27	10811	55971	182	9710	394	55004	23092	395	51347	5062	55619	29	1969	55914	1536	7444	3930	23075	8936	1535	653361	57580	3688	81624	4983	9341	5296	10163	613	3998	29127	998	857	2909	85360	4168	4952	9815	64411	55845	143872	10298	10458	392	5058	7879	347902	28964	55843	10652	6510	55789	4688	50508	7204	9235	23380	116984	11135	4162	10152	81839	27035	9743	397	5881	23191	7410	7037	7112	10424	22865	143098	10979	23592	23344	57584	1829	4689	26050	8987	10006	5295	7074	80728	8773	2889	55114	4810
RAF Activation	5604	5528	8315	5605	4296	4140	5527	6714	22808	5529	816	4893	3845	3717	815	5516	5526	8844	5518	5501	7529	817	5500	801	5519	5894	818	5525	5245	5515	8036	369	673	3265
RAF-independent MAPK1 3 Activation	1849	5604	983	1846	3716	5605	8682	5594	3570	3572	5595	3717	80824	1850	1852	7297	1848	5781	1847	1844	1843	3569	11221
RAF MAP Kinase Cascade	5691	5604	5786	5692	71	255324	4747	10256	3560	5594	6714	7010	409	2251	3563	22808	5682	51104	23179	3717	5778	2244	7450	6300	5713	2246	80824	153090	6708	8844	598	1850	57139	5154	2066	1848	2676	81926	7094	51114	3567	57731	3815	402	1844	7316	2335	2069	11221	8036	2261	10125	5695	88	5863	7311	9965	2534	5900	1445	2902	5528	28956	2339	5719	6712	10818	2260	8074	5979	3690	4140	2906	3674	283455	2674	7979	9542	27040	5702	9978	54518	2266	5296	8822	3559	5593	10434	64926	9365	25759	1852	5501	2263	5155	8823	801	54756	2264	1439	7414	1847	10048	5519	10718	5686	6464	818	2249	5525	5147	2250	3718	6709	200734	10213	5291	673	4902	221002	1839	57554	3568	9861	2255	1846	2323	11047	3716	58489	6233	5159	5588	8682	5688	3558	4296	5708	27006	8649	3562	145957	5536	5689	5529	3561	3845	161742	815	2248	284	3084	2668	9048	8437	53358	7314	5705	5693	8660	152831	2253	84078	817	5500	5717	7039	2254	9462	5701	5921	5894	8826	4763	2675	60	152559	6654	685	5245	5515	8817	4684	5156	1739	1742	51125	5694	5690	22821	3265	1740	1849	5683	8315	8831	84292	3667	5923	4233	5037	2322	5605	5687	23463	51332	5527	2247	5290	5700	1956	100529261	2243	374	64096	816	2065	115727	1741	5595	5516	5707	3082	5714	5774	5623	8452	5526	2904	399473	5922	5518	2064	2885	5295	5684	5709	5704	5924	9693	6710	7529	408	25780	5747	5718	377630	1438	10156	6711	5908	1950	4254	1843	5706	26281	9986	10817	5906	369	4893	2252	5685	22866
RAS Processing	2339	58489	6233	5588	23463	100529261	3845	51104	5593	10434	7314	598	801	81926	377630	51114	402	7316	5147	9986	51125	4893	3265	7311
RAS Signaling Downstream of NF1 Loss-Of-Function Variants	4763	3845	161742	200734	4893	3265	399473
RET Signaling	2549	85358	10818	5979	6714	5290	220164	9260	2674	64096	5568	2887	5296	5623	2668	8503	9048	5567	53358	2885	5295	8660	5335	5578	2886	4902	5566	2676	5781	9846	55816	5909	1796	55715	6464	2675	6654	5291	9046	5598	5293
RHO GTPase Effectors	9735	3071	71	51466	3013	10787	57405	23028	89953	124056	7846	81027	7532	8349	10811	5594	30849	387	10810	6714	1058	151648	55839	140735	5880	85415	10552	29941	10093	103910	260334	4928	5062	5586	6242	5300	695	1536	1432	6249	10095	23421	5879	10403	3796	3799	6280	23002	6035	9212	4690	8936	1535	5578	25936	653361	1063	10971	6722	128312	5528	6396	5579	8334	3688	25	1062	1780	57591	644150	3831	81624	4638	114822	6279	147841	3798	8655	30851	9183	7456	5289	286205	55766	7280	81930	64946	10094	91010	5170	10726	94274	54908	10163	64130	10381	147179	79172	5501	83540	998	5600	128239	9184	8345	5216	391	10109	64837	10499	801	55920	112714	11130	51143	991	5519	5048	347733	23081	8331	7277	55845	84617	5525	1027	2316	8340	79003	4659	7454	10458	147700	5058	57120	54763	114793	79019	10398	752	1495	8348	348995	5063	5217	9928	1080	4085	25909	4628	1072	3619	79023	9475	5529	55166	4688	5590	347688	55746	23279	50508	7514	57082	79980	81565	1730	8976	80152	999	1729	11004	84790	23380	51807	8342	699	10383	8970	79861	5500	4627	10382	23122	1856	54820	10152	55143	3018	8826	79682	1855	60	54145	5515	2810	84643	27035	1742	55055	4771	1060	80086	23191	5580	54821	220134	389	6232	26999	10096	474382	57122	8341	701	8379	5347	51517	9055	5527	80776	367	354	5595	5905	94239	7278	388	10788	79902	22919	10092	5516	995	23332	332	4689	1781	1778	64105	5526	348235	2491	81929	5518	2885	10006	8338	79784	7533	91687	401541	4221	100527963	29984	7529	23433	1499	151246	11113	5747	4629	4660	1783	6093	3895	255626	3984	4637	3817	10376	5585	1857	2017	10097	9793	3017	7531	7534	85236	5903	57551	3985
RHO GTPase Cycle	8776	139818	3320	26084	10811	9146	2245	9352	221472	9710	3183	394	8874	23616	224	5062	1969	55914	200894	57572	115557	23002	4649	6793	79834	57569	399693	9748	9824	51138	343578	399	117289	10602	55227	29127	9855	84612	10928	128239	9815	7984	11060	26286	64333	7919	7454	392	54509	114793	28964	5063	55968	4001	1894	10652	6510	11214	4296	2319	50508	8976	1729	7170	11135	55075	5337	27316	157769	10152	79658	8826	55200	22852	10211	9459	1828	58504	27289	7037	7112	29766	10788	2697	9322	23344	57584	8503	26050	2885	5295	23263	29984	11075	92799	9590	7074	64283	6711	3895	26092	1362	8773	2889	91544	9828	1152	4810	148170	124056	3336	387	55240	6714	56990	57636	120	128272	57514	54443	6453	51133	79598	3954	64857	9938	9754	5879	23129	9639	6035	653361	57381	57522	57473	25963	89846	2040	91010	152273	613	2185	3998	147179	23074	7415	25791	7431	857	23580	116985	4168	143872	57480	6709	10298	85440	5058	9217	6434	8440	10160	55789	9475	51306	9886	908	79869	8027	70	1730	79822	55219	9732	9235	116984	9528	9411	4162	7171	398	9318	9462	201176	8239	60	6655	22899	9743	50650	9231	6472	10250	6811	23191	65124	84986	23141	11329	2802	5290	57216	388	23221	4650	89839	1829	7409	4689	8452	8153	94240	93663	101059918	5924	11140	11113	7535	9738	158747	10817	5585	9181	57679	10505	3071	25894	10787	50855	10810	26230	55971	54514	5880	55004	51347	832	4646	57144	9901	1627	8997	29	5586	6242	84364	58480	7444	27145	23075	23348	4690	1535	90627	153478	10134	1445	57580	3688	390	23229	1123	1124	81624	114822	7456	9826	91452	56667	10963	23048	537	51479	55717	10395	5296	50619	115703	8086	1213	2909	10672	391	85360	23370	57498	10254	1793	64411	55845	10458	26030	124540	57120	11188	7879	29843	1832	752	55701	55843	23197	1080	4688	84904	1794	55704	257106	84681	54438	5364	57630	7126	8654	27237	445582	2873	26049	81839	50649	397	5881	55023	9578	7410	23513	8476	123720	23526	51291	80005	22865	9138	4722	23013	10276	10574	10576	10376	55114	8301	55831	11180	6654	71	2010	57449	23779	29062	124997	27	9912	396	5756	23365	22800	84144	182	63916	222584	80115	55852	23092	85415	29941	10144	79180	395	3163	55619	50618	1536	83478	3930	3932	8936	10818	253959	4983	9341	87	10163	10726	4580	221178	998	10409	10970	144402	4952	114885	4548	5338	56254	5099	65992	393	171177	347902	3326	9928	8502	55160	708	5783	23256	121512	25813	7204	23380	2886	10451	54874	27035	80243	9414	57579	389	5825	5930	26999	10424	106821730	4698	81704	143098	10979	23592	23433	10006	23268	1629	8987	51566	667	644150	94134	10435	253980	6093	5361	80728	1795	9644	3728	84033	9497
RHO GTPases Activate Formins	9735	71	51466	57405	7846	81027	387	6714	1058	151648	55839	140735	260334	4928	6249	5879	23421	10403	3796	23002	6035	9212	25936	1063	6722	5528	6396	3688	1062	1780	57591	81624	9183	147841	8655	286205	7280	81930	64946	91010	10726	54908	10381	79172	5501	83540	998	9184	5216	112714	55920	11130	51143	991	5519	5048	347733	7277	84617	5525	79003	114793	79019	752	348995	5217	4085	25909	3619	79023	5529	55166	347688	55746	23279	7514	57082	79980	81565	1730	80152	1729	11004	84790	23380	51807	10383	699	79861	10382	23122	1856	54820	55143	79682	1855	60	5515	55055	84643	1060	80086	54821	389	6232	57122	701	8379	5347	5527	80776	7278	5905	388	79902	5516	22919	23332	332	1781	1778	64105	5526	348235	2491	81929	5518	100527963	91687	401541	29984	151246	1783	10376	1857	9793	57551	220134	5903
RHO GTPases Activate NADPH Oxidases	5579	124056	10811	6279	5594	30849	5289	4688	5590	5595	5880	50508	4689	5600	5300	1536	1432	5879	6280	6035	27035	1535	5578	653361	5580
RHO GTPases Activate ROCKs	389	10398	4628	387	1072	9475	388	103910	79784	5500	4660	4627	4629	6093	3984	4637	4659	5058	3985
RHO GTPases Activate Rhotekin and Rhophilins	389	388	85415	114822	6242	387	54763	64130	30851
RHO GTPases Activate WASPs and WAVEs	3071	71	26999	10787	10096	25	51517	5594	10810	7456	5595	10092	10094	10163	10552	147179	10093	8976	2885	644150	10006	998	10109	5747	10152	695	60	10095	55845	5879	6035	7454	4690	10097	10458	8936	23191
RHO GTPases Activate CIT	389	10398	9928	4628	387	9055	388	103910	79784	11113	5500	4660	4627	4629	4637	5879	1027	4659	6035	1742
RHO GTPases Activate IQGAPs	71	1495	7846	81027	7278	7280	347688	10788	10381	999	4221	260334	84790	51807	998	128239	10383	1499	79861	112714	801	10382	347733	8826	6249	60	5879	7277	10376	84617	6035	80086
RHO GTPases Activate KTN1	3895	998	5879	3799	89953	391	6035	3831	64837	147700	387	3798
RHO GTPases Activate PAKs	10398	5063	4638	4628	103910	79784	5062	998	2017	5500	801	4660	4627	4629	3984	4637	5879	2316	4659	6035	5058	4771
RHO GTPases Activate PKNs	10971	128312	389	10398	8348	8334	3013	23028	474382	7532	8341	8349	4628	387	367	354	55766	94239	388	995	5170	29941	94274	103910	8338	79784	7533	7529	8342	8345	8970	5586	10499	5500	4627	4629	4660	3018	255626	23081	4637	8331	54145	5879	3817	4659	8340	2810	5585	6035	3017	7531	7534	85236	5058
RHOA GTPase Cycle	25894	57449	23779	9912	396	387	23365	57636	394	128272	55852	23092	85415	8874	29941	10144	395	57514	3163	54443	8997	29	5586	6242	55914	9754	83478	3930	9639	115557	23002	4649	6793	90627	57569	9748	57522	10134	9824	57580	81624	114822	343578	25963	4983	9826	91452	117289	9341	537	10395	2040	91010	5296	50619	613	3998	29127	25791	8086	857	2909	128239	23370	116985	4168	64411	7984	64333	143872	5099	65992	393	26030	392	9217	55701	1894	23197	10160	55160	10652	11214	55789	9475	2319	1794	708	257106	70	23256	79822	1729	55219	7204	116984	5337	9411	4162	10451	79658	8826	55200	10211	81839	22899	50649	9743	397	80243	9414	50650	6811	65124	58504	84986	7410	5825	7037	23526	51291	7112	10424	9138	4650	57584	89839	7409	93663	8987	5295	5924	23263	10276	11113	6093	7074	64283	3895	80728	8773	5585	9181	9828	55831	3728	84033
RHOB GTPase Cycle	57580	7410	7037	1894	81624	55160	11214	23365	55789	9475	4983	9826	2319	394	9341	388	9138	10395	2040	5296	4650	57584	23092	29941	85415	70	613	29127	1729	54443	5295	23263	10276	857	128239	2909	4162	29	11113	4168	5586	398	6242	90627	81839	6093	55914	64283	7984	80728	9754	8773	10211	9639	5585	115557	23002	4649	5099	9181	9828	3728	392	9743	6793	50650	9414	65124	9748
RHOBTB GTPase Cycle	10250	6434	71	3320	3326	5930	51138	11329	9352	5756	9475	29766	3183	9886	87	908	23221	79869	23013	8452	4646	7431	1627	11140	9318	8654	27316	6093	10574	10576	56254	7919	2873	124540	55023
RHOBTB1 GTPase Cycle	6434	5930	51138	11329	9352	9475	3183	9886	79869	23013	8452	4646	7431	1627	27316	9318	8654	6093	10574	10576	56254	2873	10250
RHOBTB2 GTPase Cycle	6434	71	3320	3326	11329	9352	5756	29766	3183	87	908	23221	8452	4646	1627	11140	55023	27316	10574	10576	7919	124540	10250
RHOBTB3 ATPase Cycle	3363	10489	51209	22836	898	7428	10226	9367	9146	8452
RHOC GTPase Cycle	9217	57580	389	5825	7410	55701	7037	81624	55160	396	7112	387	11214	23365	55789	9475	4983	9826	91452	2319	394	9341	9138	10395	708	91010	9748	4650	57584	23092	29941	2040	613	3998	29127	93663	1729	55219	54443	5295	23263	857	2909	128239	4162	29	11113	4168	5586	6242	6093	55914	64283	7984	80728	8826	3930	10211	9639	5585	115557	23002	9743	81839	9828	6793	3728	392	90627	9414	6811	114793	399693
RHOD GTPase Cycle	9217	2010	4001	123720	81624	7112	10424	106821730	55789	55240	394	9341	120	87	51479	23592	5296	23344	57584	23092	3998	29127	79180	1730	84681	1729	832	101059918	5295	57144	8987	5364	857	1627	94134	2909	29984	4162	144402	9590	5361	80728	26092	7444	27145	3930	158747	55114	81839	9743	392	7879	9497
RHOF GTPase Cycle	8776	4001	10160	81624	7112	55240	55789	55971	394	9341	120	87	80115	5296	23344	4650	57584	1730	1729	832	5295	23380	857	94134	65124	29843	10409	4162	85360	9590	80728	26092	60	8773	445582	26049	81839	9743	392	7879	54509	9497
RHOG GTPase Cycle	9217	23141	57580	7410	2010	3688	26084	7037	3336	81624	396	7112	4296	80005	10424	55789	10652	4983	63916	4698	9710	394	143098	9341	1794	10788	23592	4722	55004	23344	57584	1829	7409	3998	7204	9732	6453	8987	5295	5062	998	11135	857	23263	3954	8997	5337	2909	4162	391	4168	398	10451	27237	1969	1793	55914	3895	7984	80728	7444	1795	3930	26286	81839	9743	10298	397	26030	392	7879	6811	6472	23191
RHOH GTPase Cycle	1445	55968	7037	253959	396	6510	106821730	9475	399	9341	55717	2040	55004	7415	57144	1629	5062	857	1627	9528	55075	398	7535	6093	157769	114885	4548	3932	10376	81839	10298	397	3728	5058	7879	9497
RHOJ GTPase Cycle	57381	28964	9578	5063	57580	23513	8476	7037	81624	7112	6510	55240	55789	4983	23048	394	81704	143098	9341	2040	2697	91010	55004	5296	8874	57584	23092	147179	8976	7204	5295	5062	998	11135	857	2909	128239	85360	144402	4952	9815	54874	200894	11060	8773	81839	9743	7454	10298	3728	5058	392	7879	9497
RHOQ GTPase Cycle	28964	9578	57580	23513	8476	7037	23229	1080	81624	6510	55240	55789	4983	23048	394	143098	9341	10395	2040	2697	55004	9322	57584	8874	23092	10602	8976	115703	54438	6453	23433	23380	5062	998	11135	857	2909	128239	85360	10435	144402	23580	84033	9815	200894	11060	8826	8773	55114	81839	9743	10298	26030	5058	57120	3728	7879	392	9497
RHOT1 GTPase Cycle	22906	55288	80179	5910	66008
RHOT2 GTPase Cycle	22906	80179	9927	89941	55669	5910	66008
RHOU GTPase Cycle	28964	5063	8440	50855	9146	9352	55789	6714	5296	8874	8027	257106	2185	57514	2885	5295	4646	1213	5062	998	667	23380	10254	9815	50618	1969	8239	6711	11060	58480	8826	9459	81839	6709	4690	10298	5058	9231	79834	11180
RHOV GTPase Cycle	28964	8440	50855	4296	9352	106821730	55789	57473	8874	8976	5295	84612	1213	5062	998	667	7170	94134	79598	57630	7171	9815	1969	8239	6711	8826	9738	81839	4649	6709	4690	10298	5058	9231	79834	171177	11180
RIP-mediated NFkB Activation via ZBP1	5970	8517	28511	1147	148022	4792	4791	8737	1660	7098	3551	28512	81030	4793	4790	4615	11035
RIPK1-mediated Regulated Necrosis	3320	841	8772	8795	6233	8743	7332	2319	5071	7186	329	10273	57162	7314	11140	330	10015	8737	356	6386	8473	8837	83737	331	11035	355	10211	197259	7316	8797	8717	7311
RMTs Methylate Histone Arginines	92815	10498	8334	3013	55170	474382	57492	86	10196	6597	8289	196528	595	85235	55766	94239	11091	3717	51412	221613	5931	8338	6602	54496	6604	6187	317772	6603	55193	6605	3276	6601	6595	8331	6598	1788	1019	55352	79084	10419	6599
RNA Pol II CTD Phosphorylation and Interaction With CE	8732	2968	2967	4331	5430	5439	5441	2068	2071	5435	2963	5432	5436	5438	6829	5431	404672	902	8731	1022	2966	2962	5440	5434	5437	5433	2965
RNA Pol II CTD Phosphorylation and Interaction With CE During HIV Infection	8732	2968	2967	4331	5430	5439	5441	2068	2071	5435	2963	5432	5436	5438	6829	5431	404672	902	8731	1022	2966	2962	5440	5434	5437	5433	2965
RNA Polymerase I Promoter Clearance	7270	128312	3065	54815	8348	8334	3013	1108	4331	64425	474382	2648	79101	2967	8341	8349	10919	10849	5441	2068	2071	5435	1107	55766	94239	8932	5595	57459	25885	9015	2965	57504	5437	9013	9112	51082	5931	8338	3066	404672	8342	11335	8345	8970	8850	902	6908	9014	9219	3018	2968	255626	1022	8331	54145	5928	84172	221830	2966	7343	8340	9533	5440	53615	5434	3017	2074	85236	30834	54700
RNA Polymerase I Promoter Escape	128312	64425	2968	8348	8334	3013	2967	4331	474382	79101	8341	8349	10849	5441	2068	2071	5435	55766	94239	9015	25885	2965	5437	9013	51082	8338	404672	8342	11335	8345	8970	6908	902	9014	3018	255626	1022	8331	54145	84172	221830	2966	7343	8340	9533	5440	5434	3017	85236	30834	54700
RNA Polymerase I Promoter Opening	128312	8348	8334	3013	474382	8341	8349	55766	8932	94239	5595	8338	8342	8345	8970	3018	255626	8331	54145	7343	8340	3017	85236
RNA Polymerase I Transcription	7270	128312	3065	54815	8348	8334	3013	1108	4331	64425	474382	2648	79101	2967	8341	8349	10919	10849	5441	2068	2071	5435	1107	55766	94239	8932	5595	57459	25885	9015	2965	57504	5437	9013	9112	51082	5931	8338	3066	404672	8342	11335	8345	8970	8850	902	6908	9014	9219	3018	2968	255626	1022	8331	54145	5928	84172	221830	2966	7343	8340	9533	5440	53615	5434	3017	2074	85236	30834	54700
RNA Polymerase I Transcription Initiation	7270	3065	64425	54815	2968	2967	1108	4331	2648	79101	10919	10849	5441	2068	2071	5435	1107	57459	9015	25885	2965	57504	5437	9013	9112	51082	5931	3066	404672	6908	8850	902	9014	9219	1022	84172	5928	2966	221830	7343	9533	5440	53615	5434	2074	30834	54700
RNA Polymerase I Transcription Termination	7270	2968	64425	2967	4331	79101	10849	5441	2068	2071	5435	9015	25885	9013	51082	404672	6908	902	9014	1022	84172	2966	7343	221830	9533	5440	5434	30834	5437	2965
RNA Polymerase II HIV Promoter Escape	2968	8148	2967	4331	5430	5439	6877	6874	6875	6879	5441	2068	2071	5435	2963	5432	2959	5436	5438	6881	5431	6884	404672	2958	6873	6908	902	6883	83860	2961	6878	6882	138474	54457	2960	1022	2966	6872	51616	2962	5440	5434	6880	5437	5433	2965	2957
RNA Polymerase II Pre-transcription Events	55677	54623	6917	5430	5439	904	6875	85403	79577	5436	22916	6921	5431	51224	902	6878	6827	51616	2962	6880	2957	2968	4331	905	6877	123169	4686	6873	6908	83860	2961	6749	138474	2966	6872	5434	5437	7936	8148	23168	6874	6830	6879	5441	2963	5432	2959	5438	80349	6829	404672	11198	2958	8178	4298	7469	55840	1022	5440	51497	5433	2965	27125	2967	1025	6923	25920	2068	9150	2071	5435	6881	8812	6884	6924	6883	6882	54457	2960	9646	4300
RNA Polymerase II Promoter Escape	2968	8148	2967	4331	5430	5439	6877	6874	6875	6879	5441	2068	2071	5435	2963	5432	2959	5436	5438	6881	5431	6884	404672	2958	6873	6908	902	6883	83860	2961	6878	6882	138474	54457	2960	1022	2966	6872	51616	2962	5440	5434	6880	5437	5433	2965	2957
RNA Polymerase II Transcription	3013	9540	8900	7101	7769	26097	79733	8550	23314	9611	51058	2571	83695	9656	10155	865	5914	1432	55339	83744	349075	84676	57711	4194	1911	84108	1392	2648	23411	84671	4361	595	134353	5702	6634	4904	84333	1327	2625	5519	579	79862	171392	7161	54815	7638	472	284252	8427	6750	7702	84246	1386	8970	4298	9572	7768	1022	7711	894	148213	983	9282	6772	5984	7587	221785	9150	1107	2309	1912	133746	8794	5052	7533	7068	26149	51422	84527	388569	6428	5706	91875	4088	126068	1459	1339	23410	84248	10325	51499	442319	84701	5054	5682	51230	5436	5982	4435	79088	6932	9439	116028	8106	91120	9984	26523	9500	7627	7022	23269	4686	80108	7692	51003	835	53632	23112	8331	51741	90827	10013	1478	7040	7296	9358	892	57154	9422	815	1387	10432	3676	58492	10794	5717	28984	7626	6429	342132	10413	6621	80317	266743	5683	4854	8341	1025	162972	339327	90333	5700	2101	6790	816	84126	23379	90589	1345	5457	80778	51385	7594	9441	207	8795	6015	5692	5241	2100	7748	57615	8445	90649	55004	148103	22916	3364	6446	342926	10848	388567	7697	100132074	6502	29959	25	905	162963	4004	5883	65018	5985	5170	3725	25937	162239	317	801	996	2966	6872	901	170959	26048	10795	1457	6233	8463	146542	5875	57541	55422	2669	23512	440073	84441	9156	8178	10628	3276	90390	28514	5571	7025	2967	147687	57492	341947	58484	124446	367	6940	5714	54989	340252	10000	54925	332	285267	4221	10765	3329	9337	353355	84874	7556	7534	2736	1021	55677	10793	440077	5892	22794	6875	1350	7222	90075	126382	7767	1051	6500	6878	3930	694	8493	6636	84733	613227	3674	65251	5111	2538	2961	847	3977	6628	163227	284306	10914	25942	5588	4488	79759	54487	1869	84436	119504	204851	11198	2958	121340	147837	3018	864	10018	5690	5469	4303	474382	51592	10919	5687	6923	25920	23439	7082	2071	5707	4800	147694	55786	22955	57472	6602	57336	219749	6882	54457	92105	7884	5708	27300	10520	115196	117581	4005	83741	55657	58500	53981	121274	4193	29883	637	25904	3958	54541	168417	10025	5719	4331	51692	7738	1017	64121	891	81857	92285	6873	126231	163050	10014	80196	90317	1030	83933	10524	6619	10224	1378	6257	23460	8013	9464	2959	5693	55888	1340	4605	1649	8731	6045	7039	57547	22936	7469	5701	147741	2623	27153	199704	27125	3164	7832	285971	5816	9968	94239	5516	374900	5518	2064	8338	11059	1499	7625	84524	5366	6601	83667	4322	6598	5929	5691	5079	91975	7532	143686	7559	55240	7057	6910	339559	25946	860	1278	639	55215	148156	1998	7566	4853	28956	7525	348	25799	7755	6431	4204	1997	255403	4986	8345	201514	92283	1460	9668	7652	60436	84924	7376	10498	133383	283337	10168	5452	93474	7157	11065	163732	146198	5451	2811	90594	51276	8342	148254	22835	400720	8431	6399	190	1515	2353	8454	64769	2965	8738	3065	51343	8621	163051	2068	7733	54205	728957	84661	6667	54811	51333	388536	6258	1513	11338	10370	2645	30832	9775	79175	84765	3678	10542	84289	834	2649	9891	57678	51224	6256	356	220992	100131980	23660	100129842	170960	7050	4839	5305	199746	6118	4697	2874	3549	83860	619279	8797	284443	92595	6009	388566	23468	7027	7329	51586	6874	353274	148268	79047	7699	1082	7514	7695	3726	23619	79744	1490	1876	4602	6605	57521	57677	4292	10921	80314	80237	1643	117584	136051	5527	4094	9477	3683	10172	7421	79898	286075	5709	4929	4513	29945	100532731	5105	545	1347	904	84775	4149	4306	5564	7703	2821	10212	26512	10650	8793	3815	9212	79370	7341	27165	7021	9978	632	7710	51585	341359	91584	2176	9070	125965	8148	57187	339488	8289	6426	5432	79755	100131827	112858	5438	5563	3174	147657	6886	7029	29079	2177	1277	7574	10419	146434	6096	181	26974	665	83746	4091	29894	100287226	6881	140612	4850	4086	65123	5928	6688	4287	5439	7159	55634	22938	6597	6432	11091	604	58508	84911	7762	5775	5196	23466	84449	55193	84626	10393	4297	2103	4336	26155	6880	10971	2063	29117	5915	7753	3559	55197	5600	7874	155054	6595	9734	5925	7919	7561	84271	57332	9125	7581	7122	23248	80032	5441	10127	3845	253260	55656	55869	6119	1749	8683	1493	9021	57343	4609	8850	5781	6097	7321	51593	51433	5515	5440	353088	1351	7291	1108	5933	51123	5435	23309	1436	64065	2903	79027	51434	1477	51755	2908	57508	9440	55367	7248	1875	163071	80145	79837	9646	4801	5685	8851	6662	7694	253639	113835	57459	51412	4116	8563	83990	7486	5931	9314	26053	4849	147686	730291	902	5566	7001	6498	55778	5395	51362	22869	9785	192670	100526737	640	7773	728927	1616	199692	1020	6635	10891	7979	7156	4092	7323	8881	7766	374655	857	246184	79885	57060	2877	4852	441234	818	6637	1027	8861	7003	1874	3458	7552	3558	7295	90874	27166	2539	81856	6929	158399	56729	83439	4514	8239	80095	55663	9757	219578	5433	58491	10250	80010	50943	1956	57209	10782	5932	51564	7539	7562	388561	650	6924	10769	65109	11073	148266	4300	3017	3622	79228	5325	93134	6696	3064	9915	51808	79577	10898	23019	79035	4855	84967	57103	79664	10046	2494	27287	8334	627	6877	2104	112950	9970	3630	7549	387893	6720	6908	285676	50484	387032	5686	3569	8340	7712	2033	6046	29101	6934	9939	117608	84838	10308	6829	404672	2146	817	84124	10189	355	54145	5045	55900	8535	158431	2626	63934	23462	4851	843	6648	1385	29882	5770	1029	144455	3280	4778	27113	5308	7745	255626	144715	23327	5594	9862	3516	84321	51529	54971	5431	730087	94039	7700	79788	7633	2744	4802	100289635	8409	10135	57117	128312	163049	5467	55615	7528	197320	54715	1820	144348	147949	10397	80110	3172	7757	9794	1024	138474	5275	9310	10569	5983	9443	8317	54807	5443	22974	100129543	79230	2737	7181	5494	9134	26013	84883	861	84914	133522	1019	53615	8396	9588	440519	11052	5595	2624	80818	8856	27338	7576	5978	79109	4512	1750	6427	2308	6883	94241	6117	2960	7728	7531	9295	57690	80789	196528	1329	85403	1026	672	6921	814	64223	11200	7586	10062	27244	1337	81608	2957	10138	5458	54778	86	5979	3486	55659	7994	7182	9997	23429	284309	11051	580	8189	56242	65988	9167	25888	162966	1479	6617	7936	208	8732	5465	9861	8348	6938	23168	6095	5688	6830	8649	2963	6618	7621	80349	1647	51213	169270	10111	25896	2810	5694	9377	5565	79891	389541	7760	55756	163255	10302	23493	9739	57335	995	7862	5684	581	6515	85236	26173	246175	344787	6794	6917	55170	9534	6714	79818	152687	898	5713	59269	285268	5934	4089	114787	155061	2593	6241	79943	4343	5876	65243	63970	5695	7311	6722	1121	839	57693	5888	4869	1349	90576	123169	339500	641	147929	1111	654254	7249	163081	7422	55534	148206	57474	6657	5434	4436	4208	4683	7678	58528	5689	23368	9759	127396	79869	7565	10273	27327	7005	29028	11335	126070	6603	10780	83737	2289	3654	90233	28996	9099	9975	9971	80012	374928	10978	1263	55110	9612	8626	5810	126375	27154	7324	8812	6884	153129	84324	8312	162967	5718	9219	90338	57573	6497	7551	4790	6907	4773	9442	54623	5884	348327	55174	8349	2891	9877	85456	7067	390927	10001	5300	30818	26152	125919	7571	2962	2660	440515	23283	56950	25906	8089	284370	163059	23067	55766	124411	900	6749	5562	8726	58490	200845	10213	5437	162655	2475	8085	10398	1763	168374	2932	11047	6879	11105	8841	64750	3066	1482	55713	79813	463	1081	25925	284307	55840	64859	7582	7988	79718	7004	27161	7673	146540	51176	8697	4233	79871	285349	29982	2572	5608	5704	1346	389114	80139	7761	5728	5430	7568	374879	182	7567	84870	7307	163087	161882	7592	7596	9969	79973	6827	169841	7316	51616	114907	6599	282890	2968	3484	163223	5579	122809	890	23774	148203	2936	10781	55762	4848	5970	64682	6604	2290	192669	55571	7752	7770	100506658	896	142	256051	10670	7913	7771	59348	4878	4087	405	340385	5468	3562	6430	90592	1514	7314	4988	5705	129685	10002	5916	147923	51497	8784	7743	114026	80264	115509	147948	7020	2904	221044	2099	5371	146713	7529	2516	199777
RNA Polymerase II Transcription Elongation	55677	2968	27125	54623	2967	23168	4331	6917	5430	1025	905	904	5439	6830	6923	25920	123169	5441	2068	9150	2071	5435	2963	5432	85403	4686	79577	5436	5438	22916	5437	6921	8812	5431	80349	6829	11198	404672	51224	8178	902	6924	4298	7469	6749	55840	1022	6827	2966	2962	9646	4300	5440	51497	5434	7936	5433	2965
RNA Polymerase II Transcription Initiation	2968	8148	2967	4331	5430	5439	6877	6874	6875	6879	5441	2068	2071	5435	2963	5432	2959	5436	5438	6881	5431	6884	404672	2958	6873	6908	902	6883	83860	2961	6878	6882	138474	54457	2960	1022	2966	6872	51616	2962	5440	5434	6880	5437	5433	2965	2957
RNA Polymerase II Transcription Initiation And Promoter Clearance	2968	8148	2967	4331	5430	5439	6877	6874	6875	6879	5441	2068	2071	5435	2963	5432	2959	5436	5438	6881	5431	6884	404672	2958	6873	6908	902	6883	83860	2961	6878	6882	138474	54457	2960	1022	2966	6872	51616	2962	5440	5434	6880	5437	5433	2965	2957
RNA Polymerase II Transcription Pre-Initiation And Promoter Opening	2968	8148	2967	4331	5430	5439	6877	6874	6875	6879	5441	2068	2071	5435	2963	5432	2959	5436	5438	6881	5431	6884	404672	2958	6873	6908	902	6883	83860	2961	6878	6882	138474	54457	2960	1022	2966	6872	51616	2962	5440	5434	6880	5437	5433	2965	2957
RNA Polymerase II Transcription Termination	10978	6636	55110	79228	9775	57187	51692	9984	11052	10914	22794	6426	6432	6635	84248	6430	26097	134353	9877	9939	7307	29894	79869	4116	4686	6634	6431	8683	22916	8563	53981	84321	10898	199746	1477	11051	84967	84324	51585	10212	51213	6427	8189	6429	65109	25888	51362	10189	84271	9785	10921	6628	6637	7919	10569	6428	80145	55339	8106	1479	11338	7884	9295	81608	10250	1478	23283
RNA Polymerase III Abortive And Retractive Initiation	4782	112495	9330	2971	661	6619	4784	9329	10302	5441	2976	6741	5435	6618	9328	10623	2975	5451	55814	7702	11128	10622	51082	4774	171568	6908	27297	55703	4781	2972	55290	55718	6621	9533	5440	51728	5434	6617	5437	84265	10621
RNA Polymerase III Chain Elongation	171568	84265	51082	5435	55718	10623	661	9533	5440	10622	51728	5434	27297	5437	55703	11128	5441	10621
RNA Polymerase III Transcription	4782	112495	9330	2971	661	6619	4784	9329	10302	5441	2976	6741	5435	6618	9328	10623	2975	5451	55814	7702	11128	10622	51082	4774	171568	6908	27297	55703	4781	2972	55290	55718	6621	9533	5440	51728	5434	6617	5437	84265	10621
RNA Polymerase III Transcription Initiation	112495	9330	2971	661	6619	9329	10302	5441	2976	5435	6618	9328	10623	2975	5451	55814	7702	10622	11128	51082	171568	6908	27297	55703	2972	55290	55718	6621	9533	5440	51728	5434	6617	5437	84265	10621
RNA Polymerase III Transcription Initiation From Type 1 Promoter	112495	9330	2971	661	9329	5441	2976	5435	9328	10623	2975	55814	10622	11128	51082	171568	6908	27297	55703	2972	55718	9533	5440	51728	5434	5437	84265	10621
RNA Polymerase III Transcription Initiation From Type 2 Promoter	112495	9330	661	9329	5441	2976	5435	9328	10623	2975	55814	10622	11128	51082	171568	6908	27297	55703	2972	55718	9533	5440	51728	5434	5437	84265	10621
RNA Polymerase III Transcription Initiation From Type 3 Promoter	661	6619	10302	5441	5435	6618	10623	5451	55814	7702	10622	11128	51082	171568	6908	27297	55703	55290	55718	6621	9533	5440	51728	5434	6617	5437	84265	10621
RNA Polymerase III Transcription Termination	4782	661	4784	5441	6741	5435	10623	11128	10622	51082	4774	171568	27297	55703	4781	55718	9533	5440	51728	5434	5437	84265	10621
RNA Polymerase II Transcribes snRNA Genes	29101	55756	55174	5430	6619	1025	905	904	5439	23248	6877	5452	79871	10302	80789	5441	5435	6618	5432	2963	2957	55656	51808	5451	4686	2959	5436	5438	22916	7702	6667	23379	55197	8812	5431	6829	6884	57508	2958	79035	6908	8178	84524	51585	65123	129685	2961	6878	22936	51593	6882	26512	64859	2960	1022	92105	6827	25896	6621	58490	2962	79664	5440	5434	5433	57117	5437	26173	80237	6617	6880
RND1 GTPase Cycle	27289	57449	1832	7037	9928	10818	8502	9352	55789	22800	56667	10963	57216	2319	222584	394	23592	5296	5783	55704	94240	224	5295	667	857	2909	2886	11075	9528	57498	27316	9462	5361	1969	1362	22852	10817	91544	81839	9231	57579	11180
RND2 GTPase Cycle	23513	7037	9928	10818	8502	9352	55789	2802	56667	57216	23048	222584	394	23592	5296	5783	10726	8153	55227	23074	224	11188	5295	667	857	2909	10970	57498	7126	253980	27316	1969	3895	22852	23129	10817	91544	81839	1828	392	9231	11180
RND3 GTPase Cycle	57449	1832	390	23513	8502	9352	55789	29766	54514	56667	57216	2319	222584	394	11180	23592	5296	5783	57584	55704	5295	11188	667	857	2909	10970	7126	253980	27316	9462	6093	1969	3895	1362	22852	81839	91544	8301	1828	1152	9231	10505
ROBO Receptors Bind AKAP5	5532	5576	5568	64221	6092	9495	5566	5578	5567
RORA Activates Gene Expression	6907	96764	5465	10498	8648	79718	6604	6256	23054	6095	1387	10499	2033	5469	1374	85441	80205	6720
ROS and RNS Production in Phagocytes	527	9550	523	90423	245972	526	23545	4688	5880	528	534	4843	535	4689	4846	525	4353	51382	10312	51606	6556	50617	529	8992	4842	4025	533	84329	155066	127124	245973	1536	9296	1535	653361
RSK Activation	6195	5595	6197	27330	5170	5594	6196
RSV-host Interactions	9442	3339	8065	9862	6382	51284	30835	64135	221914	400569	54797	10001	6921	10082	10332	1524	9439	9969	23389	7706	3452	6383	7316	375790	7311	10333	10134	10025	23586	112950	6837	9978	3451	3454	23643	9412	51003	2719	81857	2262	1024	9246	6773	3442	3440	23097	2033	9443	5610	3445	3716	51586	80306	6233	892	3456	1387	4939	3444	84246	3443	7314	2239	8678	4131	57506	7099	219541	90390	29079	7097	5469	9672	9636	9282	8341	2817	6923	3446	9477	9968	3439	3448	3455	25820	7297	51191	55090	6385	9440	3449	3441	929	9441	3661	7098	55588
RUNX1 and FOXP3 Control the Development of Regulatory T Lymphocytes (Tregs)	861	4773	1378	3458	50943	3558	3559	8784	865	1493
RUNX1 Interacts With Co-Factors Whose Precise Effect on RUNX1 Targets Is Not Known	10138	1911	1457	57492	1459	84733	8535	86	6597	8289	196528	51412	1912	84333	23429	23466	22955	6602	6604	26053	6045	6603	55193	6605	6601	865	861	1460	6595	6598	28996	100532731	80012	2033	6599	57332	6015
RUNX1 Regulates Estrogen Receptor Mediated Transcription	2099	861	57678	200845	8312	865
RUNX1 Regulates Expression of Components of Tight Junctions	7082	861	7122	100506658	865
RUNX1 Regulates Genes Involved in Megakaryocyte Differentiation and Platelet Function	128312	3065	8085	8348	8334	3013	10398	55170	474382	8341	8349	25942	26523	5588	3674	9739	57690	7057	23067	55766	8013	94239	58508	11091	23309	2811	5196	161882	84661	27327	8338	8342	8345	8970	8850	192669	3276	4778	865	3018	4343	255626	4297	861	8331	2623	54145	192670	23112	9757	8340	9070	2033	3017	85236	5929
RUNX1 Regulates Transcription of Genes Involved in BCR Signaling	861	5079	1998	640	1997	865
RUNX1 Regulates Transcription of Genes Involved in WNT Signaling	2099	861	84870	8312	50943	865
RUNX1 Regulates Transcription of Genes Involved in Differentiation of HSCs	5691	5692	3013	4005	8349	5682	5713	902	865	4297	7316	5695	7311	128312	5719	8334	4331	25	4004	55766	7979	5702	8345	2625	5686	8331	8340	10213	8861	7161	9861	8348	6938	11047	6233	5688	5689	7314	6929	5705	5693	8342	6886	8970	4602	5717	83737	5701	3018	861	1022	2623	54145	10413	5694	5690	5683	474382	8341	5687	5700	5714	2624	94239	5707	8338	5684	5709	5704	5718	255626	5706	3017	85236	5708	5685	6688
RUNX1 Regulates Transcription of Genes Involved in Differentiation of Keratinocytes	861	5275	9021	122809	1515	1513	1514	865
RUNX1 Regulates Transcription of Genes Involved in Differentiation of Myeloid Cells	861	3958	5579	1387	860	865
RUNX1 Regulates Transcription of Genes Involved in Interleukin Signaling	861	3977	3562	1997	865
RUNX2 Regulates Bone Development	7525	25	5594	4094	23493	6714	367	9759	2737	23314	5595	23462	4091	8841	632	10432	860	221044	4089	25937	4086	121340	3549	3280	865	25925	10413	5925	100526737	1277	10013	2736
RUNX2 Regulates Chondrocyte Maturation	9759	860	2736	3549	865
RUNX2 Regulates Genes Involved in Cell Migration	208	4322	3678	10000	207	9358	860	865
RUNX2 Regulates Osteoblast Differentiation	7525	25	5594	6714	4094	23493	367	2737	23314	5595	23462	8841	632	860	221044	25937	121340	3280	865	25925	10413	5925	1277	10013
RUNX3 Regulates Immune Response and Cell Migration	864	3683	6696	6097	3676	865
RUNX3 Regulates BCL2L11 (BIM) Transcription	4089	864	2309	10018	4088
RUNX3 Regulates CDKN1A Transcription	4089	7157	864	7040	1026	463	4088
RUNX3 Regulates NOTCH Signaling	3516	864	84441	4851	9794	2648	55534	8850	1387	2033	10046	22938	3280	182
RUNX3 Regulates WNT Signaling	6934	595	864	6932	51176	1499	4609	83439
RUNX3 Regulates YAP1-mediated Transcription	7005	7003	864	10413	1490	25937	7004	8463
RUNX3 Regulates p14-ARF	861	595	9759	864	3845	7040	1029	2033	6046	865
Rab Regulation of Trafficking	9230	9909	414918	22930	23011	3257	81846	22878	5861	51112	9135	55357	126003	79958	51762	23682	22879	83874	27095	27147	83452	23062	81876	259173	9363	163259	55667	22898	23637	1121	9827	57589	23163	81631	25782	57706	51209	2665	9367	128637	10260	1122	7249	84315	201475	4943	26130	51693	163486	79890	51399	11345	10133	51552	5874	58485	7879	26000	8766	208	79090	6305	84958	10981	8408	5864	160518	122553	338382	11021	116442	117177	382	51560	5867	6399	5870	5866	57465	26088	126432	60684	79735	4218	5869	80006	83696	54734	27342	9610	201627	84079	64786	5878	2664	22931	51256	10000	54662	221960	414060	374403	7109	11337	10890	5428	7248	79961	125058	8567	23258	5868	5873	207	89781	54453	7531	11031	57679	57533	5872
Rap1 Signalling	5894	5908	5568	23108	10411	7529	5906	6494	5566	5592	10235	10125	7534	5909	5567	11069
Ras Activation Upon Ca2+ Influx Through NMDA Receptor	4747	5923	2906	816	3845	1741	815	2904	5924	817	801	818	1739	1742	4893	3265	88	1740	57554	2902
Reactions Specific to the Complex N-glycan Synthesis Pathway	2525	4122	2517	9486	3972	4124	64377	2530	4247	1081
Receptor Mediated Mitophagy	84557	139341	1460	192111	1457	8408	9474	1459	9140	6714	81631
Receptor-type Tyrosine-Protein Phosphatases	5802	8500	11141	8495	139065	22865	84189	5789	8499	94030	84631	26050	3556	4916	8541	8496	26280	8497	114798	5792
Recognition and Association of DNA Glycosylase With Site Containing an Affected Purine	128312	8348	8334	3013	7013	26277	474382	8341	8349	55247	25913	4595	55766	94239	54386	8338	4350	8342	8345	8970	3018	255626	4968	8331	54145	7014	8340	65057	3017	85236	8290
Recognition and Association of DNA Glycosylase With Site Containing an Affected Pyrimidine	128312	8930	8348	8334	3013	7013	26277	474382	4913	8341	8349	55247	25913	55766	94239	54386	252969	8338	79661	8342	8345	8970	6996	7374	3018	255626	4968	8331	54145	7014	8340	65057	23583	3017	85236	8290
Recognition of DNA Damage by PCNA-containing Replication Complex	10714	6233	5984	5425	7398	54107	56852	9978	5985	5111	6119	1642	5982	7314	57804	57599	6118	5427	5981	7320	5426	6117	8451	51514	7316	5983	5424	56655	7311	8450
Recruitment and ATM-med Phosphorylation of Repair and Signaling Proteins at DNA Double Strand Breaks	7341	128312	5599	8348	472	51720	10524	25	7329	8341	8349	6233	29086	7468	4683	5536	4361	9025	2139	7157	8467	79184	2070	165918	2140	8314	7158	51588	322	7336	7314	7311	672	9031	9656	8342	580	8345	8970	11200	51035	3018	255626	7334	54145	2138	10111	7316	8340	9682	8924	3017	85236	23030	8290
Recruitment of NuMA to Mitotic Centrosomes	3320	54801	7846	93323	81027	10540	7532	80254	84131	8636	55722	80184	260334	11116	11190	1453	55125	5566	7283	85378	27229	7840	79441	1069	10844	8655	55755	7280	79959	10381	22897	55142	10733	80321	112714	5048	347733	7277	84617	95681	5108	29922	114791	9814	9662	10806	440145	27175	8481	80097	347688	23354	4957	10121	9702	121441	84790	51807	10383	4751	79861	4926	10382	54820	10426	22981	653784	203068	80086	1454	22994	983	54930	22995	11258	5347	1639	7278	22919	23332	115106	1781	1778	5518	11064	9738	5116	10376	55559	9793	10142	7531	5577
Recruitment of Mitotic Centrosome Proteins and Complexes	3320	54801	7846	93323	10540	7532	984	80254	84131	8636	55722	80184	11116	11190	1453	55125	5566	7283	85378	27229	7840	79441	1069	10844	8655	55755	79959	22897	55142	10733	80321	5048	7277	95681	5108	29922	114791	9814	9662	10806	440145	27175	8481	80097	23354	4957	10121	9702	121441	10383	4751	10382	54820	10426	22981	653784	203068	1454	22994	983	54930	22995	11258	5347	1639	22919	23332	115106	728642	1781	1778	5518	11064	9738	5116	55559	9793	10142	7531	5577
Recycling of Bile Acids and Salts	10998	8648	10599	2172	6554	6256	9971	6555	200931	213	10499	28234	8647	123264	570	80765	6579	8714
Recycling of eIF2 GDP	1965	8891	1968	8893	8894	8892	8890	1967
Recycling Pathway of L1	80086	71	1175	7846	4478	81027	5594	6196	26052	285643	163	6714	24137	6195	7278	7280	347688	1173	3897	5962	8650	10381	260334	84790	1213	51807	161	160	6197	8986	1211	79861	112714	10383	7430	1785	9252	10382	57698	347733	7277	60	84617	10376	6456	1808	1759	27330
Reduction of Cytosolic Ca++ Levels	491	492	6543	6547	6717	490	6546	487	489	801	493	488
Reelin Signalling Pathway	30011	1600	5649	7436	2534
Regulated Necrosis	3659	3320	3553	836	841	8772	8795	3606	837	6233	838	29082	8743	91782	1687	8626	7332	1991	3552	79792	25978	2319	7157	5071	7186	54205	329	10273	57162	79643	578	7314	834	330	11140	10015	8737	356	3660	6386	8473	8837	83737	100526767	27243	3146	128866	11035	331	581	355	10211	197259	7316	3002	8797	8717	7311	92421
Regulated Proteolysis of p75NTR	5970	4804	55851	6868	5664	83464	5663	23385	7189	51107	4790
Regulation by c-FLIP	355	841	8772	356	8737	8743	8797	7186	8837	8717	8795
Regulation of APC C Activators Between G1 S and Early Anaphase	5691	25906	983	5683	5692	5719	9861	51343	11047	8697	701	4085	5347	8900	5687	5688	6233	5700	5689	1017	5682	5714	7979	11065	5702	5707	26271	890	5713	27338	8881	891	7324	119504	7314	51529	5705	64682	5693	51434	5684	5709	5704	29882	9184	246184	5717	6500	5718	996	7321	10393	5701	991	5686	51433	29945	7316	5706	8454	5694	8945	10213	5695	5690	5708	7311	5685
Regulation of Apoptosis	5691	5683	5692	9861	5719	11047	6233	5687	5688	5700	5689	5682	5714	7979	5702	5707	5713	115209	7314	5705	5693	5684	5062	5704	5709	4976	5717	5718	5701	79658	5686	7316	5706	5694	10213	5695	5690	5708	7311	5685
Regulation of BACH1 Activity	9978	571	7316	8454	6233	6500	64839	6502	7311	7975	7314
Regulation of CDH11 Expression and Function	154796	1006	2294	1495	27319	26523	3609	9839	57690	1500	56978	27327	6667	6615	8728	1009	1499	26508	192669	51129	4343	23112	64403	192670	27161	80332	3728	3224
Regulation of CDH11 Function	51129	154796	1006	64403	8728	1495	1500	1009	1499	3728	80332
Regulation of CDH11 Gene Transcription	6615	56978	3224	1009	27319	26508	3609	9839	2294	6667
Regulation of CDH11 mRNA Translation by microRNAs	4343	23112	192670	1009	26523	192669	27161	27327	57690
Regulation of CDH19 Expression and Function	1500	1495	80149	1499	6663	3728	28513
Regulation of Complement Cascade	712	966	3080	5627	7448	1378	1370	1991	975	4179	716	2147	3426	930	727	710	718	714	720	729	10877	3078	728	730	719	81494	629	735	10878	1604	722	715	733	713	1361	3075	27202	5199	1191	731	1380	725	1369	732	717
Regulation of Expression and Function of Type II Classical Cadherins	154796	1006	2294	1495	27319	26523	6663	3609	9839	57690	1500	56978	80149	27327	6667	6615	8728	1009	1499	26508	192669	28513	51129	4343	23112	64403	192670	27161	80332	3728	3224
Regulation of FOXO Transcriptional Activity by Acetylation	4303	2309	8850	23411	1387	23410	2033	10628	2308	7295
Regulation of FZD by Ubiquitination	8549	6233	59352	4041	8325	84870	7855	7314	9101	8322	8323	55366	340419	284654	84133	54894	343637	7316	4040	89780	7311
Regulation of Glucokinase by Glucokinase Regulatory Protein	6396	348995	4927	57122	129401	79023	23165	8021	2646	55746	23279	79902	55706	53371	9631	81929	9818	8086	4928	8480	23636	23511	10762	9972	7175	9688	23225	5903	2645	11097	9883
Regulation of HMOX1 Expression and Activity	3162	81502	571	4780	7975
Regulation of HSF1-mediated Heat Shock Response	10808	545	3308	3306	3303	5594	162989	6782	1413	3313	3297	9261	4928	3281	3305	23511	9972	259217	23225	6767	6396	7266	23411	9631	9818	116835	6013	8086	8480	6118	573	22824	91582	23636	7175	51182	11097	3337	348995	472	2932	9530	129401	79023	9529	8021	3309	55746	23279	53371	57805	6119	27000	7314	3312	9688	4927	10049	51501	57122	23165	3310	5595	79902	55706	1288	81929	871	9532	29074	27242	2288	10762	6117	2765	7531	9531	5903	9883
Regulation of Homotypic Cell-Cell Adhesion	154796	1006	2294	1495	27319	26523	6663	3609	9839	57690	1500	56978	80149	27327	6667	6615	8728	1009	1499	26508	192669	28513	51129	4343	23112	64403	192670	27161	80332	3728	3224
Regulation of IFNA IFNB Signaling	3445	3716	6772	5777	3456	3446	3439	11274	3448	3451	3454	3444	9021	3443	3455	7297	8651	5770	5781	3449	3441	6773	3442	3452	3440
Regulation of IFNG Signaling	7341	5771	3460	3717	8651	3716	5770	5781	6772	3458	5777	3459	8554	9021
Regulation of IGF Transport and Uptake by Insulin-like Growth Factor Binding Proteins (IGFBPs)	102	1000	10117	6696	10232	7018	3489	56975	51280	2999	5768	80341	1114	7425	1435	11098	3913	4313	2200	2335	6383	334	60676	3481	5624	3484	348	197	8074	4148	174	3486	57719	10272	2266	813	147111	4924	2519	2621	1758	4240	8542	720	3956	57104	2719	3816	26085	10970	375056	7857	5265	3485	6694	54757	3483	1471	351	3569	338	3488	5954	652	1462	4241	2153	335	1511	213	5589	3912	3915	5611	91851	7466	54972	718	9210	11167	462	336	4052	11320	3479	5179	258	3698	3827	10130	5034	5340	51246	4312	3487	84141	7076	10618	116519	255738	2243	401138	354	56955	3490	2147	5069	8404	1356	3491	7184	3270	51156	4221	8720	3053	64856	3371	3895	8614	3817	29106	54587	265
Regulation of KIT Signaling	2885	7525	3815	4254	3932	8651	6654	6714	867	5777	5578	4067	9306	10603	10019	2534
Regulation of MECP2 Expression and Activity	6907	3065	9612	25942	26523	3064	57690	816	815	8841	9611	4204	1385	27327	3066	814	2874	5566	2290	192669	801	817	4343	23112	818	3930	192670	79718	28996	9212	27161
Regulation of MITF-M-dependent Genes Involved in Apoptosis	4343	3065	23112	596	4308	192670	79444	3094	5454	23405	25942	26523	192669	27161	57690	27327	4286	597
Regulation of MITF-M-dependent Genes Involved in Cell Cycle and Proliferation	6934	595	3065	1017	6932	3094	51176	1029	1499	4233	5347	25942	6909	1026	83439	891	4286
Regulation of MITF-M-dependent Genes Involved in Lysosome Biogenesis and Autophagy	527	51382	51606	4286	523	528	8992	427	529	9296	9550	533	526	535	155066	10159
Regulation of MITF-M-dependent Genes Involved in Pigmentation	208	26039	8193	51176	57492	25924	5977	86	6663	6597	8289	4286	9275	605	9274	79083	3662	7020	6490	1385	6602	2315	6604	4644	1499	8110	7306	6603	6605	7299	1638	6601	6760	6595	1432	7391	60	5873	6598	4935	6599	54843
Regulation of NF-kappa B Signaling	7311	9684	7157	8517	1147	9683	84166	841	7316	9097	79671	11274	6233	7186	7189	3551	121457	7314
Regulation of NFE2L2 Gene Expression	5970	4851	4780	4609	4790	1387	2033	7975
Regulation of NPAS4 Gene Expression	4343	6722	23112	5978	192670	2908	26523	192669	27161	27327	57690	30818	266743
Regulation of NPAS4 Gene Transcription	6722	5978	2908	30818	266743
Regulation of NPAS4 mRNA Translation	4343	23112	192670	26523	192669	27161	27327	57690	266743
Regulation of PLK1 Activity at G2 M Transition	3320	54801	7846	93323	10540	7532	80254	79866	84131	8636	55722	80184	11116	11190	9133	1453	55125	5566	6500	7283	7316	7840	7311	79441	1069	8655	55755	79959	891	22897	55142	10733	80321	23291	5048	7277	10133	4659	95681	5108	9814	9662	6233	10806	8481	23354	4957	10121	9702	121441	7314	10383	4751	5500	10382	84962	54820	8454	8945	22981	4218	203068	1454	22994	983	54930	22995	11258	5347	1639	6790	22919	23332	115106	1781	1778	5518	11064	4660	9738	5116	55559	9793	10142	7531	5577
Regulation of PTEN Gene Transcription	6009	3065	2475	28956	389541	54815	1911	1108	6591	23028	1958	84232	5728	84733	8535	7101	5594	5468	10325	8649	58528	10542	2122	7157	1107	5595	57459	8841	55004	1912	3725	64121	57504	9112	23512	23466	3066	51564	5931	5978	57167	22955	6615	1386	153129	2146	6045	64223	9219	10014	8726	57521	5928	10670	1822	100532731	23186	80012	53615	57332	6015
Regulation of PTEN Localization	331	5371	5728	7316	6233	7874	7311	4734	7314
Regulation of PTEN mRNA Translation	4343	23112	246175	192670	5728	26523	192669	27161	27327	57690	9218
Regulation of PTEN Stability and Activity	208	5691	5683	5692	9861	5719	8658	5728	11047	1457	1459	6233	2444	5687	5688	5708	80351	5700	5689	5987	5682	5714	7979	23252	5702	5707	10000	5713	10273	81847	7314	5705	5693	5684	5709	5704	5717	5718	4734	5701	331	5686	11060	1460	23608	7316	5706	5694	207	80243	5695	5690	10213	8975	7311	5685
Regulation of RAS by GAPs	5691	5683	5692	9861	5719	8831	11047	6233	5687	5688	5708	5700	5689	5682	5714	3845	7979	161742	5702	5707	9978	5713	8452	153090	64926	8437	399473	7314	5922	5705	5693	5684	5709	5704	84078	5717	5718	9462	5701	5921	5686	4763	7316	5706	22821	5694	200734	10213	5695	5690	4893	3265	7311	5685	10156
Regulation of RUNX1 Expression and Activity	1021	4343	595	861	23112	5371	27327	192670	5781	26523	192669	27161	894	6714	57690	865	896
Regulation of RUNX2 Expression and Activity	5691	5683	5692	9861	5719	7291	2932	11047	6233	6772	5687	4488	5688	57154	5700	5689	2101	5682	5714	10891	7979	5702	5707	9978	5713	59269	860	1749	10273	7314	2099	5705	5693	5684	5709	5704	2908	11059	650	1750	5717	6500	5718	5701	865	5686	7316	579	133522	5706	8454	5694	10213	5695	5690	5708	6502	7311	5685
Regulation of RUNX3 Expression and Activity	5691	5683	5692	9861	5719	7040	11047	6233	5687	5688	5708	57154	6714	5700	5689	5682	5714	7979	5702	5707	5713	64750	7314	5705	5693	5684	5709	5704	1029	5717	4193	5718	5701	865	5686	864	7316	5706	5694	2033	5695	5690	10213	7311	5685
Regulation of TBK1, IKKε (IKBKE)-mediated Activation of IRF3, IRF7	929	148022	100302736	7316	10133	10010	6233	7187	29110	7099	9641	7311	7314	23643
Regulation of TBK1, IKKε-mediated Activation of IRF3, IRF7 Upon TLR3 Ligation	148022	7316	10133	10010	6233	7187	29110	7098	9641	7311	7314
Regulation of TLR by Endogenous Ligand	6271	1687	6279	79792	2243	51284	6441	2244	2266	948	23643	3929	7099	7096	929	653509	3146	6280	338	729238	7097	10333
Regulation of TNFR1 Signaling	7124	841	8772	142678	6233	7332	7132	8517	10616	1147	84888	90268	7185	8408	7186	7323	329	10273	8887	1540	9261	56928	7314	7128	10399	330	27005	8737	81858	55072	7375	29110	8837	9641	7321	9825	331	8567	7322	56957	7316	220213	10133	9099	3551	8717	7311	25999
Regulation of TP53 Activity	545	5884	6794	1459	8900	7159	8851	6875	8445	8550	57459	51230	25946	84289	5982	83990	7486	54971	3364	5564	672	639	5931	83695	6446	9891	4193	6878	64223	5300	11200	10848	116028	1432	7316	51616	9212	6880	26155	7311	1616	4194	56950	5458	6877	1020	55615	29117	4361	641	1017	890	5883	7156	23774	1111	5170	5985	387893	7994	5305	6118	5600	900	580	6873	6908	53632	83860	7874	6749	5562	5519	138474	1460	6872	5983	80196	2033	208	7161	2475	54815	8148	1763	133383	472	10524	1457	6233	6874	22974	4683	6879	23368	7157	253260	112858	6119	5563	7314	3066	204851	11198	9156	79813	26013	10111	28996	5515	9099	64769	53615	10419	5565	8396	5571	983	3065	80010	1263	1108	117584	10919	5984	8626	5527	5810	6790	1107	27154	5516	10000	84126	133746	7862	5932	6881	5518	5371	5608	6884	1029	79109	6883	5457	51422	6882	9219	54457	94241	6117	11073	5928	79837	144715	207	91875	3622
Regulation of TP53 Activity Through Acetylation	208	3065	54815	1108	29117	7157	1107	57459	27154	10000	23774	84289	7994	5305	7862	5931	3066	5371	5608	5300	9219	5928	79837	207	64769	53615	2033	3622	8396
Regulation of TP53 Activity Through Association With Co-factors	208	23368	54971	10848	7157	7161	51230	25946	5458	10000	207	7159	8626	5457
Regulation of TP53 Activity Through Methylation	4194	56950	133383	472	6233	10919	7157	387893	133746	7314	79813	26013	4193	11200	7316	91875	2033	10419	7311
Regulation of TP53 Activity Through Phosphorylation	545	5884	6794	1459	8900	8851	6875	8445	8550	5982	83990	7486	3364	5564	672	83695	9891	4193	6878	5300	11200	116028	1432	7316	51616	9212	6880	26155	7311	4194	6877	1020	4361	641	1017	890	5883	7156	1111	5985	6118	5600	580	6873	6908	53632	83860	6749	5562	138474	1460	6872	5983	8148	1763	472	10524	1457	6233	6874	22974	4683	6879	7157	112858	6119	5563	7314	204851	11198	9156	10111	28996	5565	5571	80010	1263	5984	5810	6790	84126	5932	6881	6884	6883	6882	51422	54457	11073	94241	6117	144715
Regulation of TP53 Degradation	208	4194	983	2475	472	117584	6233	8900	55615	5527	7157	1017	51230	5516	890	253260	10000	5170	7314	5518	6446	900	1029	79109	4193	7874	64223	11200	5519	7316	5515	9099	207	80196	7311	1616
Regulation of TP53 Expression and Degradation	208	4194	983	2475	472	117584	6233	8900	55615	5527	7157	1017	51230	5516	890	253260	10000	5170	7314	5518	639	6446	900	1029	79109	4193	7874	64223	11200	5519	7316	5515	9099	207	80196	7311	1616
Regulation of Actin Dynamics for Phagocytic Cup Formation	3071	7410	71	3320	3326	26999	10787	10096	25	917	51517	5594	1072	4651	10810	7456	63916	4620	6850	5595	10092	10094	2214	4650	7409	10552	2212	10163	147179	10093	8976	2885	644150	10006	998	9844	4644	10109	5747	4627	10451	1793	10152	695	3984	4771	60	10095	55845	5879	6035	7454	4690	10097	10458	919	5058	2209	1398	8936	23191	4641
Regulation of Activated PAK-2p34 by Proteasome Mediated Degradation	5691	5683	5692	9861	5719	11047	6233	5687	5688	5700	5689	5682	5714	7979	5702	5707	5713	7314	5705	5693	5684	5062	5704	5709	5717	5718	5701	5686	7316	5706	5694	10213	5695	5690	5708	7311	5685
Regulation of Beta-Cell Development	208	2494	2255	2648	3170	3171	6514	6927	22938	3642	6928	5313	4851	3630	10000	1387	3175	5080	3516	3174	3172	84441	222546	389692	9794	55534	8850	3651	2308	3280	5078	3375	390874	50674	256297	207	4821	4825	2033	10046	2645	4760
Regulation of Cholesterol Biosynthesis by SREBP (SREBF)	6907	1595	2224	10498	5465	6309	3422	4047	23054	51360	5901	10654	7108	80205	6721	10802	51141	9632	10427	9871	4800	1387	4520	4597	31	6319	6720	6667	51128	10484	6604	6256	57678	8720	1717	10499	3638	85441	4802	3157	3837	96764	32	22937	8648	79718	3156	79071	2194	4801	4598	9453	6713	5469	2222
Regulation of Commissural Axon Pathfinding by SLIT and ROBO	4753	6586	64221	9423	6092	6091	9353	1630	6585	6714
Regulation of Cytoskeletal Remodeling and Cell Spreading by IPP Complex Components	3987	87	7016	9459	55742	6251	29780	5829
Regulation of Endogenous Retroelements	3013	8349	6597	113835	57459	84911	90075	9869	9275	7767	5931	147686	8110	7700	10155	6599	128312	55729	8334	25799	57693	5977	86	197320	81931	162963	55766	9274	65251	57504	10179	6604	8345	285676	155054	6595	29947	8331	1788	8340	143689	79862	162655	26039	284306	54815	8348	23468	8193	7329	7581	147646	8289	23517	9422	22880	55422	7695	3066	6613	125893	8342	8970	90853	79813	6603	6605	6760	3018	6399	60	54145	53615	54737	3065	1108	474382	57492	8341	10919	6940	1107	94239	605	340252	147658	7576	9112	8338	6602	7562	162967	6601	9219	255626	5928	55596	6598	51535	3017	85236	91661	10793
Regulation of Endogenous Retroelements by KRAB-ZFP Proteins	284306	128312	3065	54815	8348	8334	23468	1108	3013	55729	474382	7329	25799	57693	8341	8349	7581	197320	81931	162963	113835	6940	1107	55766	94239	57459	9869	9422	84911	65251	340252	90075	7767	55422	7695	147658	57504	7576	9112	5931	8338	3066	6613	7562	125893	8342	147686	8345	8970	285676	7700	162967	155054	10155	9219	3018	255626	6399	8331	54145	5928	8340	53615	3017	85236	91661	79862	162655	10793
Regulation of Endogenous Retroelements by Piwi-interacting RNAs (piRNAs)	26039	128312	3065	54815	8348	8334	3013	1108	8193	474382	57492	8341	8349	5977	86	147646	6597	8289	1107	55766	94239	57459	9275	605	9274	57504	9112	5931	8338	3066	6602	6604	8342	8345	8110	8970	90853	6603	6605	6601	6760	9219	3018	255626	6595	29947	8331	60	54145	5928	6598	1788	8340	53615	3017	85236	143689	6599
Regulation of Endogenous Retroelements by the Human Silencing Hub (HUSH) Complex	128312	8348	8334	3013	55729	474382	8341	8349	10919	23517	55766	22880	94239	9869	8338	10179	8342	8345	8970	79813	3018	255626	8331	54145	55596	8340	51535	54737	3017	85236
Regulation of Expression of SLITs and ROBOs	5691	5692	6191	9775	6129	2935	6169	140032	6168	22794	6142	5682	6122	9045	6138	5713	4116	22916	6207	3670	6130	6921	64221	51121	6181	6187	9349	23708	7316	6206	5695	140801	7311	6188	5719	6173	6224	6194	6217	6160	9355	6202	5702	9978	7979	4686	6223	6166	6218	3921	26986	6171	6134	6164	6139	5686	6147	9353	10213	6230	8861	6156	9861	6128	11047	6135	6133	6192	2107	6233	5688	6585	6123	6228	5689	9939	6132	6234	6158	26019	6165	4440	7314	5705	5693	6231	6167	6159	6176	2197	5717	6193	6203	6229	1605	4736	6208	5701	25873	10921	6092	1287	6222	5694	6205	6137	5690	6144	6175	3199	5683	89884	55110	11224	51065	6232	6141	6201	6189	5687	6209	6923	6227	6235	5700	200916	23032	5714	5707	6161	6210	6204	6146	65110	6152	5684	5709	5704	23521	6124	6091	8022	6136	5718	56956	6157	8453	65109	6125	116832	23053	5706	6143	6154	6170	1981	6155	5708	5685
Regulation of Gene Expression by Hypoxia-inducible Factor	64344	7422	25994	405	1387	2056	2033	3091	768	10370
Regulation of Gene Expression in Beta Cells	208	3170	3171	6514	6927	5313	3630	10000	5080	3174	3172	222546	389692	3651	2308	3375	207	4821	4825	2645	4760
Regulation of Gene Expression in Early Pancreatic Precursor Cells	6928	2494	2255	390874	256297	4825	3175	3651
Regulation of Gene Expression in Endocrine-Committed (NEUROG3+) Progenitor Cells	50674	5078	4821	3642	4760
Regulation of Gene Expression in Late Stage (Branching Morphogenesis) Pancreatic Bud Precursor Cells	6928	84441	390874	4851	9794	50674	2648	55534	8850	1387	2033	3175	10046	22938	3280	3516
Regulation of Glycolysis by Fructose 2,6-Bisphosphate Metabolism	5519	5208	5518	5528	5210	5568	5516	5209	5515	5566	5207	5567
Regulation of Innate Immune Responses to Cytosolic DNA	23220	51428	147945	3661	7316	81844	6233	6737	22954	29110	11277	81030	7311	7314	340061
Regulation of Insulin Secretion	3709	3747	6812	2181	112	1131	775	94235	111	5576	5568	2641	948	150	23236	5566	2787	2784	2783	5578	114	10411	2740	5330	784	3630	6804	2771	2182	5567	776	3710	2767	2785	2864	9630	2782	3708	2791	777	51764	2790	6861	2778	152	2770	5575	3790	6833	2792	2793	4082	6844	6616	59345	26251	5331	8826	783	2788	6513	773	9254	5573	6514	54331	2776	2769	55970	3767	2786	11069	3745	5906	9495	10768	10681	5577
Regulation of Lipid Metabolism by PPARalpha	6907	9442	19	123	54600	23054	9862	26230	6721	4199	8202	23179	9915	1581	9611	948	50486	400569	54797	10001	5244	6256	85441	9439	9969	4802	23389	10062	2222	10025	2180	2274	8800	376497	57491	80205	9967	112950	10891	6837	1376	6720	9412	11010	51003	81857	6604	183	2874	10499	1024	51129	29841	3157	8648	3156	23097	2168	2033	211	9443	7376	5465	10498	57761	7296	51586	80306	6095	405	335	892	25942	5468	6257	1374	4899	51	8841	1387	1543	4520	196	34	1579	84246	84498	3158	336	219541	90390	29079	9572	79718	9575	133522	9971	5469	9282	9612	116519	27063	9477	2101	9968	4800	23309	6667	4862	55090	9440	27242	3992	96764	9441	6822	4801	55588
Regulation of Localization of FOXO Transcription Factors	10971	208	4303	2309	7529	7532	2810	207	10000	100132074	7534	2308
Regulation of mRNA Stability by Proteins That Bind AU-rich Elements	5691	5683	5692	51010	5685	5719	9861	5073	11047	55802	51013	5690	6233	5687	3303	5688	7538	5708	6418	8021	677	5700	167227	5689	54512	5682	5714	7979	5702	5707	7514	5713	1994	8570	5393	23404	7314	9261	11340	5705	5693	5684	5709	5704	5600	54464	5578	7529	26986	22894	5717	56915	5718	3312	3281	8125	3842	5701	5686	9052	8741	1432	118460	7316	5168	5706	5694	207	10213	7534	23016	3184	1981	5695	7311	5580
Regulation of Mitotic Cell Cycle	5691	25906	983	5683	5692	5719	9861	51343	11047	8697	701	4085	5347	8900	5687	5688	6233	9232	5700	5689	1017	5682	6790	5714	7979	11065	5702	5707	26271	890	5713	27338	8881	891	7324	119504	7314	51529	5705	64682	5693	51434	5684	5709	5704	29882	9184	246184	8556	4751	5717	6500	5718	996	7321	10393	5701	991	5686	51433	5925	29945	7316	5706	8454	5694	9212	8945	10213	5695	5690	5708	6502	7311	5685
Regulation of Necroptotic Cell Death	3320	841	8772	8795	6233	8743	7332	2319	5071	7186	329	10273	57162	7314	11140	330	10015	8737	356	6386	8473	8837	83737	331	11035	355	10211	197259	7316	8797	8717	7311
Regulation of Ornithine Decarboxylase (ODC)	5691	5683	5692	9861	5719	11047	4947	5687	5688	4953	51686	5700	5689	5682	5714	7979	5702	5707	5713	5705	5693	5684	5709	5704	1728	4946	5717	5718	51582	5701	5686	5706	5694	10213	5695	5690	5708	5685
Regulation of Pyruvate Dehydrogenase (PDH) Complex	5164	2954	5161	5162	54704	55066	1737	8050	5165	5163	5166	1738	23409	57546	5160
Regulation of Pyruvate Metabolism	5162	5315	80232	6233	1738	3939	5160	23409	4199	79018	4289	4750	7314	5164	55066	64795	64777	8050	5165	54994	5163	5166	57546	10048	25852	2954	5161	54704	192111	10296	7316	1737	7311
Regulation of Signaling by CBL	3055	7525	6233	867	4067	5290	6850	5296	7409	8503	7314	29760	2885	5295	1399	2889	7316	2534	5291	1398	7311	5293
Regulation of Signaling by NODAL	92	199699	4838	10637	9350	93	130399	91	55997	7044
Regulation of the Apoptosome Activity	57099	331	5595	55075	56616	317	54205	5594	51074	22900	842
Relaxin Receptors	6019	122042	51289	10022	3640	339403	117579	59350
Release	
Release of Hh-Np From the Secreting Cell	57758	6868	50846	2262	6469	147111	3549	85455
Release of Apoptotic Factors From the Mitochondria	578	79792	581	56616	1687	54205
Removal of Aminoterminal Propeptides From Gamma-Carboxylated Proteins	2158	2147	2159	5627	632	2155	5045	8858	5624	2621
Removal of the Flap Intermediate	57804	5425	5558	6117	10714	6118	1763	5422	5111	5424	6119	23649	2237	5557
Removal of the Flap Intermediate From the C-strand	57804	5425	25913	6117	10714	6118	1763	7013	7014	26277	54386	65057	5111	5424	6119	2237	7486
Replacement of Protamines by Nucleosomes in the Male Pronucleus	128312	8348	8341	8349	5620	7290	6732	8342	8345	8970	10361	5619	3018	255626	54145	124512	8340	3017	85236	132243
Replication of the SARS-CoV-1 Genome	5925	85437	1655	7428
Replication of the SARS-CoV-2 Genome	5925	85437	1655	7428
Repression of WNT Target Genes	6934	3065	8313	6932	7090	7089	166	51176	1488	4609	7091	7088	83439	1487
Reproduction	644186	545	3013	8349	3306	342977	347732	54790	25913	7852	100129669	117155	84057	22917	639	672	27030	29893	84329	56979	11144	56154	157855	8290	128312	7013	8334	10630	26277	5888	79923	5889	117144	5885	4361	641	1017	55766	675	7156	7022	8748	23345	6118	8345	8331	284359	8340	6677	8468	93426	652	79820	2515	27127	8348	10274	472	4001	7329	11083	64321	23353	10388	57828	4683	11085	126123	378807	5016	54386	6119	25777	8342	8970	10734	7784	55732	50511	3018	9139	7014	54145	4292	10111	1019	6847	928	4438	57829	10735	2683	474382	8341	113177	23224	9985	8320	4439	94239	257062	256126	5932	8338	49	8243	4000	8747	7783	63979	56158	9126	6117	255626	23626	65057	3017	85236
Resolution of AP Sites via the Multiple-Nucleotide Patch Replacement Pathway	10714	5984	5425	54107	5985	5111	328	10038	6119	5982	54936	57804	6118	5427	5981	5426	2237	8505	6117	142	3978	5983	5424	56655	5423
Resolution of Abasic Sites (AP Sites)	10714	8930	4913	5984	5425	4595	54107	7515	5985	252969	328	10038	5111	6119	5982	54936	57804	6118	4350	3980	79661	5427	5981	6996	7374	5426	2237	8505	6117	142	4968	3978	5983	23583	5424	11284	56655	5423
Resolution of D-Loop Structures	80010	1763	472	10524	5888	5892	10635	5889	197342	4683	146956	4361	641	7979	5890	675	7156	79728	80198	83990	5932	7486	672	7517	9156	580	63979	55732	51750	23514	348654	7516	116028	10111	84464
Resolution of D-loop Structures Through Holliday Junction Intermediates	80010	1763	472	10524	5888	5892	10635	5889	197342	4683	146956	4361	641	7979	5890	675	7156	79728	80198	83990	5932	7486	672	7517	9156	580	63979	55732	23514	348654	7516	116028	10111	84464
Resolution of D-loop Structures Through Synthesis-Dependent Strand Annealing (SDSA)	80010	1763	472	10524	5888	5892	10635	5889	4683	4361	641	7979	5890	675	7156	79728	83990	5932	7486	672	7517	9156	580	51750	7516	116028	10111
Resolution of Sister Chromatid Cohesion	9735	57405	7846	81027	1058	151648	55839	140735	260334	4928	9133	6249	23421	10403	3796	9212	25936	1063	5528	6396	1062	1780	9183	147841	8655	5885	7280	81930	64946	10726	54908	10381	891	79172	5501	83540	113130	9184	112714	55920	11130	51143	991	5519	5048	347733	7277	84617	5525	79003	79019	348995	10274	4085	25909	3619	79023	5529	55166	347688	55746	23279	7514	57082	79980	81565	55869	80152	23047	11004	84790	51807	23063	10383	699	79861	10382	23122	55732	54820	55143	79682	5515	55055	84643	1060	80086	10735	983	54821	6232	57122	701	8379	5347	5527	80776	23244	7278	5905	79902	5516	22919	23332	332	1781	1778	64105	5526	348235	2491	81929	5518	100527963	91687	401541	8243	151246	1783	9126	10376	9793	57551	220134	5903
Respiratory Syncytial Virus Infection Pathway	9442	3320	1459	3339	8065	9862	28972	6382	9789	51284	30835	64135	221914	400569	23478	54797	10001	6921	10082	10332	1524	9439	9969	23389	7706	3452	6383	7316	375790	7311	10333	10134	10025	23586	112950	6837	9978	3480	3451	3454	23643	9412	5501	51003	2719	81857	2262	1024	4691	9246	60559	1460	6773	3442	3440	23097	2033	9443	5610	3326	3445	1457	3716	51586	80306	6233	892	3456	7514	1387	4939	5499	3444	84246	3443	7314	2239	8678	5500	4131	57506	3312	7099	219541	90390	29079	7097	5045	5469	9672	5869	9636	9282	8341	2817	6923	90701	3446	1956	9477	9968	5878	3439	3448	3455	25820	7297	51191	55090	6385	9440	3449	3441	929	3837	5868	9441	3661	7098	55588
Respiratory Electron Transport	10131	1347	1339	51300	93058	4720	84233	4711	1353	1350	10063	4712	1329	84701	3313	6389	1355	4538	55471	4718	4713	4729	3954	4709	6341	57128	119559	4540	1337	137682	7381	25915	4707	1349	613227	28976	6391	4541	4726	84987	152100	54539	4717	91942	79751	80219	9054	126328	728568	9997	4725	83733	100996939	1327	4519	4697	4700	4536	4191	29090	9167	8604	2110	90624	7388	4715	55572	4190	29078	192286	125965	4723	80775	79064	4704	389203	51204	55245	4537	51079	4695	284184	1537	4714	55969	493753	6392	374291	23479	5018	4710	25994	4702	100131801	440957	285521	51295	4731	80224	1340	6834	6390	25880	79133	51103	25953	2109	100303755	55863	4514	28958	3052	7385	7386	4694	116228	9377	2395	55967	4708	4705	7384	1351	4701	790955	4696	51241	341947	55744	4724	90639	4698	4706	8402	57226	4722	54205	4716	617	27089	4728	54902	4535	150274	1346	4512	1345	84300	10165	10975	4513	2806	29796	4719	2805	2108
Respiratory Syncytial Virus (RSV) Attachment and Entry	3339	2817	1956	6382	5878	3480	221914	23643	2239	10082	1524	2719	6385	2262	7099	4691	929	5868	6383	375790	5045	9672	5869
Respiratory Syncytial Virus (RSV) Genome Replication, Transcription and Translation	3837	5501	1460	60559	3326	3320	9789	1457	7514	1459	5500	5045	3312	23478	5499	90701	28972
Respiratory Syncytial Virus Genome Replication	3326	3320
Respiratory Syncytial Virus Genome Transcription	3312
Response of EIF2AK1 (HRI) to Heme Deficiency	23645	22809	57761	1965	467	27102	1968	440	79094	2887	1649	8894	1051	468	1054
Response of EIF2AK4 (GCN2) to Amino Acid Deficiency	6191	6129	6169	140032	6168	6142	1965	6122	9045	6138	1051	6207	440275	6130	51121	6181	6187	9349	1968	6206	140801	468	7311	6188	6173	6224	6194	6217	6160	6202	467	6223	6166	6218	3921	6171	6134	6164	6139	6147	6230	6156	57761	6128	6133	6135	6192	6233	6123	6228	6132	6234	6158	6165	6231	6167	6159	6176	1386	2197	1649	6193	6203	6229	4736	6208	25873	6222	440	6205	6137	6144	6175	11224	6232	51065	6201	6141	6189	6209	6227	10985	6235	200916	6161	6210	6204	6146	6152	23521	55364	6124	8894	6136	6157	6125	116832	6143	6154	6170	6155	1054
Response of Mtb to Phagocytosis	6233	1511	5594	9146	5987	5595	4843	26276	80824	5230	7314	3836	51606	2931	11151	3837	57674	6421	5868	7316	2023	5524	7879	7311
Response of Endothelial Cells to Shear Stress	3678	112	5175	5576	94235	111	5568	5029	4792	3791	3685	5566	5586	7094	9641	64223	2787	2335	2784	2783	113	107	2534	5520	115	114	3688	1003	25	5144	55615	3690	5296	5170	5567	5970	108	2767	2785	2782	801	7414	2324	5519	2791	5291	51764	2790	5293	2475	2778	5575	84290	8517	59341	2792	2793	253260	4846	10203	59345	24145	9780	10266	10413	5515	3551	114548	2788	302	6772	5573	824	54331	5290	2776	1147	109	55970	5518	826	2786	196883	5770	1499	133	79109	5747	4323	207	10681	4790	5577
Response to Elevated Platelet Cytosolic Ca2+	7018	6414	2157	5175	226	7057	5054	6814	7078	2244	7450	10184	948	5196	10490	9948	5768	374354	2162	5154	3273	1675	5919	10487	22915	7094	350	7044	23052	2335	334	3481	5578	88	10447	6403	139322	22927	5579	2277	197	3690	5341	3674	5582	1893	55664	87	2266	813	5005	5478	2621	5473	7422	5216	5155	801	7414	54863	5265	6694	7277	351	2316	29789	5099	5874	7423	7040	2153	7273	51368	1521	335	308	213	6810	10916	1072	94121	3309	3699	259215	83706	7873	8407	3671	135228	7042	5660	54676	710	5345	3479	81	3920	3827	5340	10257	78991	928	7043	3959	9749	54495	967	3700	5627	12	7123	7076	7424	2243	27154	51097	3082	2	6678	5267	5552	7114	51706	6813	5004	6647	1950	1	29106	1191	66005	51571
Response to Metal Ions	4504	4490	4494	1465	6620	4493	4496	4495	4501	4502	4520	84560	4499	4489
Retinoid Cycle Disease Events	6017	5950	9227	5959	7276	611	5947	24	145226	222236	101060233	5956	64220
Retinoid Metabolism and Transport	29967	55937	348	1645	51109	335	344	2817	4023	4035	1109	3339	151056	345	3949	6382	53630	57016	7804	221914	5950	54884	2239	10082	2719	338328	6385	8644	26020	7276	5947	2262	336	5406	83875	1208	337	9227	6383	338	5948	375790	4036	9672
Retrograde Neurotrophin Signalling	26052	4803	1175	1213	4914	1173	161	160	6456	1211	10126	1785	1759	163
Retrograde Transport at the Trans-Golgi-Network	400	9827	8674	10228	738	57589	10244	4905	339122	10618	9382	25839	23647	22796	8775	8675	9341	51209	143187	9367	9712	84342	55275	8774	79571	10466	2800	90196	63908	91949	51542	8677	9648	51560	5870	84316	57511	3482	83548	2803	60560	22836	60592	7110	10226	4074	122830	10139	6293
Rev-mediated Nuclear Export of HIV RNA	6396	348995	4927	57122	5901	129401	79023	23165	8021	5905	55746	23279	79902	7514	55706	53371	9631	81929	1104	9818	8086	4928	8480	5902	23636	23511	10762	9972	7175	9688	23225	5903	11097	9883
Reversal of Alkylation Damage by DNA Dioxygenases	84164	221120	79068	54890	121642	10973	51008
Reverse Transcription of HIV RNA	5478
Reversible Hydration of Carbon Dioxide	11238	765	763	759	762	771	23632	377677	761	768	766	760
Ribavirin ADME	4831	22978	100	3704	55315	4830	4860	9153	64078	132	2030
Ribosomal Scanning and Start Codon Recognition	6188	8662	1974	7458	1964	51065	6232	6191	6201	8663	6192	8667	6189	6224	6233	140032	6217	6194	3646	6209	27335	6227	1975	6235	6228	10480	1965	6234	6202	1973	6210	6223	6207	1983	6204	6231	6218	8661	3921	6187	8669	8894	2197	6193	6203	6229	6208	8666	8668	1968	6222	6206	8665	6205	6230	1981	8664	1977	51386
Role of ABL in ROBO-SLIT Signaling	10486	6091	25	27	9353	23332	10487	23122
Role of LAT2 NTAL LAB on Calcium Mobilization	2206	2885	6850	5295	6464	6654	2205	2207	5296	7462	5170	9846	5291	4067	5290	2534
Role of Phospholipids in Phagocytosis	8398	10768	3709	5581	23646	917	5290	6850	196051	2214	5296	84513	2212	3710	5295	5336	5335	122618	5337	3708	5338	919	5291	2209	5580
Role of Second Messengers in Netrin-1 Signaling	7222	9423	5306	5335	7220	7225	7223	1630	57113	7224
S Phase	5691	5692	51659	8900	4149	81620	4173	91768	5682	1163	898	5713	1026	5982	51529	57804	5934	5981	902	6500	4999	5753	10393	2237	990	3978	8318	7316	51053	5695	56655	6502	7311	25906	84296	10714	5719	4331	4172	23595	5885	595	5425	1017	7979	5702	9978	55957	890	5985	5111	8881	64682	6118	113130	246184	996	5558	5686	5925	1027	5983	10213	114799	208	9837	9861	1874	1763	10274	2932	11047	7027	132660	6233	5688	23649	5689	11065	4174	54107	4171	286826	1869	4998	6119	119504	23047	5557	7314	5705	5693	23063	5000	9134	4609	5717	7321	5701	7029	1022	51433	8454	1019	5694	5690	993	10735	5683	157570	51343	8697	23594	5687	5984	5700	23244	5714	5707	10000	64785	27338	7324	91750	7465	51434	5684	5709	5704	8243	29882	5427	5422	4175	5718	5426	9126	4176	1875	6117	5928	29945	84515	994	5706	207	5424	5708	5685	5001
SARS-CoV Infections	121601	55741	3320	91782	6185	6382	9871	6487	22863	5926	598	9641	51114	54625	9972	6383	23367	10284	30011	821	10971	6188	26007	23586	6194	6217	57101	92359	84282	6634	3454	4245	83666	56965	6483	5648	5925	11097	208	54815	1901	129401	3133	8021	10802	25978	8517	23279	3107	3703	7284	26762	51128	5336	5781	6184	27243	59272	51742	128866	9908	2810	51125	3656	64601	1108	143	8829	6772	2817	23165	6235	1107	5313	79902	55706	2697	2530	2885	64127	7533	91662	2908	973	486	100526767	5706	5903	4088	3134	23028	7532	140032	54106	5054	1915	57459	64135	80143	5931	4089	4928	256435	10082	8819	257397	1603	23511	55823	10454	7706	6206	375790	23225	3459	81030	7311	9817	4869	6224	6635	63982	11218	3605	55129	57504	9631	27072	7415	6218	9360	2719	857	338440	4124	7422	7405	6637	7175	3440	3838	6230	51311	3445	6192	79833	23193	3456	5133	163	5479	6228	9475	6234	6484	1387	89122	3676	3443	684	8678	161	2197	6606	6203	10207	6229	83737	6208	1650	11035	50636	6482	3654	9672	203068	114548	54956	3065	9636	1175	6201	8487	6633	10280	7409	6210	8452	53826	81929	482	53822	3455	6667	3106	6385	481	9219	3837	3614	207	3554	4790	480	6191	7555	30849	3570	51317	55107	9632	51284	4792	26276	221914	10146	476	834	2931	25855	65082	3615	7096	695	253832	203859	3452	4690	974	3688	27090	10392	81631	5289	11123	3451	5170	5478	8086	8480	11282	2262	7189	23476	4249	478	2033	3665	92421	340061	7113	1312	84875	2932	3716	7329	6233	5589	10362	6632	5349	53371	112744	3444	51185	3066	3105	2589	4780	11320	57506	6193	3276	64426	6885	50628	9688	5045	3551	483	23339	6232	51065	6189	6209	3446	100529261	7841	6732	3439	10000	84061	5094	9112	3449	79760	23765	10762	79668	567	3661	7534	11311	51304	6654	3339	5777	10610	10728	6850	3717	54960	7335	6207	29760	160	2280	6187	8737	3135	7316	10800	79685	7341	6396	1655	2339	6636	7991	25921	5348	6480	57719	6202	10427	9978	6441	6223	79643	9818	5970	23118	3921	3178	29110	23636	6773	3442	7334	6628	3718	4247	1452	85437	25929	51201	3326	348995	4153	7428	29082	79023	23479	11253	55746	1173	10465	25834	1514	7314	6231	2239	3460	10484	861	53828	6222	23186	7097	53615	6205	29801	4927	57122	9868	6733	79844	6227	7082	1147	3448	84818	57617	477	6204	7297	5978	7529	7187	3441	8767	6093	10747	2288	9111	5928	196527	7531	29108	9883
SARS-CoV-1 Genome Replication and Transcription	5925	85437	1655	7428
SARS-CoV-1 Infection	6191	7532	140032	91782	30849	10610	5054	1915	51284	4792	64135	80143	6487	6207	598	4089	256435	834	2280	2931	8737	6187	9641	54625	7706	7316	6206	821	7311	10971	7341	6188	1655	26007	4869	23586	6224	6217	6194	6480	27090	81631	5289	6202	6441	11123	5170	5478	6223	79643	7415	5970	6218	4245	9360	857	3921	3178	83666	56965	6483	29110	7189	7405	5925	3838	85437	2033	6230	92421	340061	4088	7113	84875	2932	7329	6192	7428	6233	5589	29082	23193	5479	6228	25978	6234	6484	10465	1514	7314	684	6231	8678	2589	2197	6193	57506	6203	83737	6229	6208	27243	59272	128866	11035	861	6482	6222	2810	6205	114548	54956	3656	6201	6232	51065	9868	6189	143	6209	6227	6235	7841	5313	5094	6210	6204	6667	7533	7529	7187	100526767	3837	79668	9111	3661	5706	7531	7534	29108	4790
SARS-CoV-1 Activates Modulates Innate Immune Responses	3656	26007	9868	23586	6233	5479	51284	4792	6441	64135	10465	11123	5094	80143	5478	7314	5970	684	9360	834	2280	7187	4790	29110	7189	57506	9641	83737	11035	3837	861	9111	3661	7706	7316	3838	29108	7311	114548	340061
SARS-CoV-1 Modulates Host Translation Machinery	6188	6201	6232	51065	6191	6192	6189	140032	6224	6233	6194	6217	6209	6227	6235	6228	1915	6202	6234	6210	6223	6207	6204	6231	6218	3921	3178	6187	2197	6193	6203	6229	6208	6222	6206	6205	6230
SARS-CoV-1 Targets Host Intracellular Signalling and Regulatory Pathways	10971	4089	5054	7533	857	7529	5706	7329	7532	2810	5170	2033	7531	7534	4088	6667
SARS-CoV-1-host Interactions	6191	7532	140032	5054	1915	51284	4792	64135	80143	6207	598	4089	834	2280	6187	8737	9641	7706	7316	6206	7311	10971	6188	26007	4869	23586	6224	6217	6194	6202	6441	11123	5170	5478	6223	5970	6218	9360	857	3921	3178	29110	7189	3838	2033	6230	340061	4088	7329	6192	6233	5479	6228	6234	10465	7314	684	6231	2197	6193	57506	6203	83737	6229	6208	11035	861	6222	2810	6205	114548	3656	6201	6232	51065	9868	6189	6209	6227	6235	5313	5094	6210	6204	6667	7533	7529	7187	3837	9111	3661	5706	7531	7534	29108	4790
SARS-CoV-1-mediated Effects on Programmed Cell Death	8737	11035	598
SARS-CoV-2 Genome Replication and Transcription	5925	85437	1655	7428
SARS-CoV-2 Infection	3134	121601	55741	3320	6191	7532	140032	3339	7555	91782	30849	5777	55107	6185	10610	6382	9632	51284	9871	64135	54960	80143	7335	26276	221914	6487	6207	22863	10146	4928	256435	10082	257397	1603	2931	6187	3135	9641	65082	7096	23511	54625	55823	253832	51114	10454	9972	203859	3452	6383	7706	7316	6206	23367	375790	23225	821	7311	10971	7341	6188	6396	1655	6636	7991	6203	25921	26007	23586	6224	6194	6217	6480	57101	27090	92359	10392	84282	6635	81631	5289	63982	57719	6202	10427	11218	6441	3605	6634	55129	3451	5170	6223	9631	27072	3454	79643	9818	7415	8086	6218	4245	8480	23118	2719	857	338440	4124	83666	56965	11282	3921	6483	2262	29110	7189	5648	4249	23636	6773	3442	7334	7405	6628	5925	6637	7175	3440	3838	4247	1452	85437	6230	3665	51311	11097	25929	92421	208	340061	7113	3326	348995	3445	84875	51201	2932	4153	3716	6192	7329	7428	6233	5589	29082	79833	23193	3133	3456	129401	8021	79023	6228	10802	25978	23479	11253	8517	6632	55746	23279	6234	3107	53371	6484	3703	1387	112744	89122	25834	1514	7284	3444	7314	3443	6231	2239	26762	51128	10484	8678	3105	2589	2197	5781	6606	11320	10207	57506	6193	3276	6229	6208	1650	27243	59272	128866	6184	50636	9908	6885	50628	3654	6222	6482	2810	9688	7097	51125	6205	5045	3551	9672	23339	114548	54956	3656	64601	29801	9636	4927	6201	6232	51065	57122	9868	6189	143	8829	6772	2817	6733	79844	6209	6227	23165	8487	3446	6235	7082	7841	6633	6732	1147	3439	79902	3448	55706	10000	2697	2530	84818	84061	6210	57617	6204	81929	3455	7297	64127	7533	91662	3106	6385	7529	7187	3449	79760	23765	3441	8767	100526767	10747	10762	79668	567	3661	196527	207	7531	7534	11311	5903	51304	9883
SARS-CoV-2 Activates Modulates Innate and Adaptive Immune Responses	3134	3320	7555	5777	30849	9632	51284	9871	64135	7335	80143	22863	10146	4928	257397	3135	9641	7096	23511	10454	9972	7706	3452	7316	23367	23225	7311	6396	26007	23586	10392	84282	5289	10427	6441	3605	3451	9631	3454	9818	8086	8480	23118	29110	7189	5648	23636	6773	3442	7334	7175	3440	3838	3665	51311	11097	340061	3326	348995	3445	4153	3716	6233	3456	3133	129401	79023	8021	10802	8517	55746	23279	3107	53371	1387	112744	89122	3444	7314	3443	51128	10484	8678	3105	5781	57506	9908	6885	3654	7097	9688	3551	114548	3656	9636	4927	57122	9868	6772	23165	3446	1147	3439	79902	3448	55706	84818	81929	3455	7297	64127	91662	3106	7187	3449	3441	23765	8767	10747	10762	567	3661	5903	9883
SARS-CoV-2 Modulates Autophagy	55823	64601	27072	7405	11311	26276	57617	23339	65082	7284	81631
SARS-CoV-2 Modulates Host Translation Machinery	6188	6636	6201	6232	51065	6191	6192	6189	140032	6224	6233	6194	6217	6209	79833	6227	6235	8487	6228	6635	6632	6633	6202	6234	11218	54960	6634	6210	6223	6207	6204	6231	6218	3921	6187	2197	6606	79760	6193	6203	6229	6208	6628	50628	6637	6222	6206	6205	6230	25929
SARS-CoV-2 Targets PDZ Proteins in Cell-Cell Junction	2697	7082	92359	10207
SARS-CoV-2 Targets Host Intracellular Signalling and Regulatory Pathways	10971	208	7533	857	7529	7532	2810	207	10000	5170	7531	7534
SARS-CoV-2-host Interactions	3134	3320	6191	7532	140032	7555	5777	30849	9632	51284	9871	64135	54960	80143	7335	26276	6207	22863	10146	4928	257397	6187	3135	9641	65082	7096	23511	55823	10454	9972	7706	3452	7316	6206	23367	23225	7311	10971	6188	6396	6636	26007	23586	6224	6194	6217	92359	10392	84282	6635	81631	5289	6202	10427	11218	6441	3605	6634	3451	5170	6223	9631	27072	3454	9818	8086	6218	8480	23118	857	3921	29110	7189	5648	23636	6773	3442	7334	7405	6628	6637	7175	3440	3838	6230	3665	51311	11097	25929	340061	208	3326	348995	3445	4153	3716	6192	6233	79833	3456	3133	129401	79023	8021	6228	10802	6632	8517	55746	23279	6234	3107	53371	1387	112744	89122	7284	3444	7314	3443	6231	51128	10484	8678	3105	2197	5781	6606	6193	10207	57506	6203	6229	6208	9908	6885	50628	3654	6222	2810	9688	7097	6205	3551	23339	114548	3656	64601	9636	4927	6201	6232	51065	57122	9868	6189	6772	6209	6227	23165	8487	3446	6235	7082	6633	1147	3439	79902	3448	55706	10000	2697	84818	57617	6210	6204	81929	3455	7297	64127	7533	91662	3106	7529	7187	3449	79760	23765	3441	8767	10747	10762	567	3661	207	7531	7534	11311	5903	9883
SCF(Skp2)-mediated Degradation of P27 P21	5691	5683	5692	9861	5719	11047	6233	8900	5687	5688	5700	5689	595	1017	5682	5714	7979	1163	5702	5707	890	898	5713	1026	7314	5705	5693	5684	5709	5704	9134	5717	6500	5718	5753	5701	5686	7316	1027	5706	8454	1019	5694	10213	5695	5690	5708	6502	7311	5685
SCF-beta-TrCP Mediated Degradation of Emi1	5691	5683	5692	9861	5719	51343	11047	6233	5687	5688	5700	5689	5682	5714	7979	5702	5707	26271	5713	7314	5705	5693	5684	5709	5704	5717	6500	5718	5701	991	5686	7316	5706	8454	5694	8945	10213	5695	5690	5708	7311	5685
SEMA3A-Plexin Repulsion Signaling by Inhibiting Integrin Adhesion	5362	91584	27289	9855	2242	10371	5879	23396	55558	6035	8829	6237	7094	5361	2534
SHC-mediated Cascade FGFR1	2255	2260	8074	2247	27006	2251	3845	2248	2246	8822	9365	2885	2253	2254	6464	2249	26281	2250	4893	3265	6654
SHC-mediated Cascade FGFR2	2255	8074	2247	27006	2251	3845	2248	2246	8822	2885	2253	2263	8823	2254	6464	2249	26281	2250	8817	4893	3265	2252	6654
SHC-mediated Cascade FGFR3	2885	6464	3845	2253	4893	2249	26281	2250	8817	8823	8074	2261	2246	8822	3265	2254	2247	6654
SHC-mediated Cascade FGFR4	8074	2247	2251	3845	2246	8822	2885	152831	2253	8823	2264	2254	6464	2249	26281	8817	4893	3265	9965	6654
SHC-related Events Triggered by IGF1R	2885	6464	3845	4893	3480	3481	3479	3265	6654
SHC1 Events in EGFR Signaling	1956	2885	1950	255324	374	3845	6464	685	2069	7039	4893	3265	1839	6654
SHC1 Events in ERBB2 Signaling	5581	1956	145957	3845	2065	9542	3084	2064	2885	5578	2066	10718	1950	6464	685	2069	5782	4893	3265	1839	5580	6654
SHC1 Events in ERBB4 Signaling	145957	10718	2885	6464	3845	9542	2066	685	2069	3084	4893	3265	1839	6654
SHOC2 M1731 Mutant Abolishes MRAS Complex Function	5894	22808	5501	7529	5500	8036	369	673
SIRT1 Negatively Regulates rRNA Expression	128312	8348	8334	3013	474382	6839	79101	8341	8349	23411	55766	94239	9015	9013	8338	8342	8345	8970	6908	9014	3018	255626	8331	54145	23378	8340	3017	85236
SLBP Dependent Processing of Replication-Dependent Histone Pre-mRNAs	25888	134353	6636	6628	6637	84967	6634	4686	7884	22916	6635
SLBP Independent Processing of Histone Pre-mRNAs	25888	134353	6636	6628	6637	84967	6634	4686	22916	6635
SLC Transporter Disorders	6566	5172	153201	6575	6530	55343	6557	9843	6505	11254	4928	4891	6584	23511	9972	23225	10999	6396	285195	7355	81031	682	6521	6005	6559	6524	2646	11136	123041	6578	9631	9818	8086	8480	9056	26503	9152	23636	10479	7175	55315	10559	6569	552	554	11097	9197	283652	348995	6520	116085	28234	129401	79023	8021	55630	55746	23279	10599	53371	9990	1836	8671	340024	6531	3098	6519	10568	551	9688	6507	6513	4927	57122	6514	23165	1811	23443	6528	60482	79902	55706	54716	348932	1356	81929	553	142680	6523	56606	10762	9187	246213	5903	2645	30061	9883
SLC-mediated Transmembrane Transport	91749	6512	28965	146802	6566	9057	133418	5172	153201	6575	6550	11182	9498	10991	286256	160728	222962	6538	6530	55343	389015	29986	64924	6582	84679	6557	154091	6540	9843	6505	11254	84102	57153	6579	6547	6556	8140	4891	6560	6529	11309	57419	353189	6584	57181	92745	402	347734	206358	6563	3933	6581	55244	6526	10999	51458	30061	55356	7779	285195	7355	117247	376497	23169	55117	6509	200010	389812	81031	9356	682	6508	6521	6005	6559	85414	6524	6527	64849	11136	6580	115019	347	1497	79751	293	123041	6574	29988	6578	115286	2030	83733	9056	6568	23382	64116	51296	6248	26503	57030	9152	9153	801	284129	9123	345274	6506	28232	10479	55315	9376	144195	10559	6569	9497	6533	57282	6511	140679	80736	85413	10861	9197	23657	114134	283652	23315	6520	116085	6546	291	25769	6548	28234	7922	6510	254428	6583	55532	6536	55630	7781	56301	9154	10599	6558	9990	55089	80024	6561	1836	6570	8671	84889	155184	3177	6543	6564	8170	284111	65010	340024	83697	26266	6531	10723	64078	169026	25800	6539	6519	861	66035	10568	55867	551	23568	6553	8501	124935	11046	6507	51248	125206	57835	292	6513	23516	120103	8884	115584	159963	204962	6514	6517	84912	1811	6522	23443	6542	123096	6528	26291	54407	8402	60482	29985	6717	54716	10864	23539	348932	23428	57468	28231	1317	55974	1356	6567	23446	6541	126969	27173	142680	115111	6576	53919	6523	7780	6549	51000	57084	56606	9058	9194	9187	6515	121260	246213	57127	283375	6571	6534	81539	1468
SLC15A4 TASL-dependent IRF5 Activation	8517	1147	121260	80231	3551	3663
SMAC (DIABLO) Binds to IAPs	331	840	836	56616	317	54205	842
SMAC(DIABLO)-mediated Dissociation of IAP Caspase Complexes	331	840	836	56616	317	54205	842
SMAC, XIAP-regulated Apoptotic Response	331	840	836	56616	317	54205	842
SMAD2 3 Phosphorylation Motif Mutants in Cancer	4087	7046	7040	9372	7048	4088
SMAD2 SMAD3 SMAD4 Heterotrimer Regulates Transcription	3065	4087	1874	5933	7027	1025	905	904	892	54778	5594	6233	5054	5595	7050	4092	4904	3726	1278	7314	6667	4221	4089	8812	25937	4609	1024	7029	1875	7316	2033	5045	1030	60436	7311	4088
SOS-mediated Signalling	2885	8660	3845	3667	4893	3265	6654
SRP-dependent Cotranslational Protein Targeting to Membrane	6729	6191	6129	6169	140032	6168	6142	6185	28972	9789	6731	6122	9045	6138	58477	6207	23478	6130	51121	6181	6187	9349	6727	6206	140801	7311	6188	6173	6748	6224	6194	6217	6747	23471	6160	6202	6223	6166	6218	3921	6171	6134	6734	23480	6164	6139	10952	60559	6147	6230	6156	6128	6745	6133	6135	6192	6730	6233	6123	6228	6746	6132	6234	6158	6165	6231	6167	6159	6176	2197	6728	6193	6203	6229	6208	4736	1650	25873	6184	6222	6205	6137	6144	6175	11224	6232	51065	6201	6141	6189	6726	6209	6227	6235	90701	200916	6161	6210	6204	6146	6152	29927	23521	6124	6136	6157	6125	116832	55176	6143	6154	6170	6155
STAT3 Nuclear Events Downstream of ALK Signaling	639	3066	3065	3561	8841	25942	2033	1786	3091	29126	6774
STAT5 Activation	2885	6777	2323	5781	2322	9846	6776
STAT5 Activation Downstream of FLT3 ITD Mutants	50507	2885	5292	6777	6776	5781	2322	9846	1026	598
STING Mediated Induction of Host Immune Responses	4361	23220	7520	51428	6778	147945	3661	197358	115004	6737	29110	11277	5591	2547	3428	340061
SUMO E3 Ligases SUMOylate Target Proteins	5241	10521	197370	5987	23314	4306	3183	4792	7067	51588	3190	7486	672	4928	9656	7703	6256	7690	6304	1786	4193	9641	8204	54780	10155	23511	5914	6612	56160	9972	9212	10062	23225	1616	7341	2494	1911	1655	6396	1069	57591	84733	4869	7508	6670	4286	5885	9189	641	7021	10891	7022	5111	9631	1487	9818	5970	4152	8086	8480	668	10499	8554	23636	9994	142	8648	7175	1788	8924	2033	57332	51602	11097	79677	59348	5610	7376	5465	348995	23468	10274	7329	6095	7428	25942	5468	6015	3619	129401	79023	8021	9759	7157	8517	493861	55746	23279	9063	7181	53371	1387	115426	5893	23512	3066	6613	7153	6045	1789	6996	10210	55143	28996	4791	9971	9688	80012	10735	3065	4927	286053	57122	7155	9612	3090	8535	23165	6294	367	7518	83746	6790	1107	5905	79902	55706	165918	8856	1912	7158	332	7421	7020	9112	81929	2099	51564	22955	6672	5371	23137	8243	2908	11315	1029	7068	9126	4929	2516	10762	6117	100532731	7150	3622	5903	10401	9883
SUMO Is Conjugated to E1 (UBA2 SAE1)	7341	6612	6613	10054	10055
SUMO Is Proteolytically Processed	7341	6612	6613	205564	29843	59343
SUMO Is Transferred From E1 to E2 (UBE2I, UBC9)	7341	6612	6613	7329	10054	25950	10055
SUMOylation	5241	10521	197370	5987	23314	4306	3183	4792	7067	10054	51588	3190	7486	672	4928	9656	7703	6256	7690	6304	1786	4193	9641	8204	54780	10155	23511	5914	6612	56160	9972	9212	10062	23225	1616	7341	2494	1911	1655	6396	1069	57591	84733	4869	7508	6670	4286	5885	9189	641	7021	10891	10055	7022	5111	9631	1487	9818	5970	4152	8086	8480	668	10499	8554	23636	25950	59343	9994	142	8648	7175	1788	8924	2033	29843	57332	51602	11097	79677	59348	5610	7376	5465	348995	23468	10274	7329	6095	7428	25942	5468	6015	3619	129401	79023	8021	9759	7157	8517	493861	55746	23279	9063	205564	7181	53371	1387	115426	5893	23512	3066	6613	7153	6045	1789	6996	10210	55143	28996	4791	9971	9688	80012	10735	3065	4927	286053	57122	7155	9612	3090	8535	23165	6294	367	7518	83746	6790	1107	5905	79902	55706	165918	8856	1912	7158	332	7421	7020	9112	81929	2099	51564	22955	6672	5371	23137	8243	2908	11315	1029	7068	9126	4929	2516	10762	6117	100532731	7150	3622	5903	10401	9883
SUMOylation of DNA Damage Response and Repair Proteins	10735	7341	1911	6396	348995	4927	1069	286053	10274	57122	7329	84733	8535	7508	129401	197370	23165	8021	79023	5885	641	7518	493861	55746	23279	9063	79902	55706	53371	165918	1912	51588	9631	5893	81929	9818	7486	51564	22955	672	8086	4928	5371	8480	8243	9656	7703	23137	6613	1029	6045	79677	6672	6996	9126	54780	8554	23636	23511	10762	6117	142	6612	56160	9972	7175	100532731	9688	80012	8924	23225	5903	57332	11097	6015	9883
SUMOylation of DNA Methylation Proteins	7341	22955	1911	7703	7329	1788	100532731	84733	8535	1912	80012	6045	1789	1786	57332	6015
SUMOylation of DNA Replication Proteins	7341	6396	348995	4927	57122	7329	7155	129401	3619	79023	23165	8021	6790	5905	55746	23279	79902	55706	53371	5111	332	51588	9631	81929	9818	8086	4928	8480	6613	7153	23636	23511	55143	10762	6612	9972	7175	7150	9688	9212	23225	5903	11097	10401	9883
SUMOylation of RNA Binding Proteins	7341	1911	6396	348995	4927	57122	7329	84733	8535	129401	79023	23165	8021	3183	55746	23279	79902	55706	53371	1912	9631	3190	81929	9818	22955	8086	4928	8480	6613	7703	6045	23636	23511	10762	9972	7175	5903	100532731	9688	80012	23225	11097	57332	51602	6015	9883
SUMOylation of SUMOylation Proteins	7341	6396	348995	4927	57122	7329	129401	79023	23165	8021	55746	23279	79902	55706	53371	51588	9631	81929	9818	8086	4928	8480	6613	10210	23636	23511	10762	9972	7175	9688	23225	5903	11097	9883
SUMOylation of Chromatin Organization Proteins	7341	3065	1911	6396	348995	4927	23468	57122	7329	84733	8535	129401	79023	23165	8021	9189	9759	83746	23314	1107	55746	23279	9063	79902	55706	53371	1912	9631	81929	9818	23512	3066	8086	4928	8480	22955	6613	7703	6045	6304	8554	23636	23511	10762	6612	9972	7175	100532731	9688	80012	23225	5903	57332	11097	6015	9883
SUMOylation of Immune Response Proteins	7341	5610	5970	6612	8517	4792	7329	4791	10210	51588	9641	10401
SUMOylation of Intracellular Receptors	7341	7376	2494	5465	5241	7329	6095	5468	367	9759	4306	9063	7181	7067	8856	7421	51588	2099	6613	2908	6256	7068	4929	8554	2516	5914	6612	9971	10062	10401
SUMOylation of Transcription Cofactors	7341	1911	1655	7329	10521	57591	84733	8535	9612	4869	25942	6015	6294	10891	9063	1912	1387	115426	51588	1487	4152	22955	6613	7703	11315	7690	6045	10499	10210	8204	8554	10155	9994	6612	59348	8648	28996	100532731	80012	2033	3622	57332	1616	10401
SUMOylation of Transcription Factors	7341	7329	3090	6670	4286	7157	7021	9063	7022	7158	51588	7020	9112	6613	1029	668	4193	8554	6612	10401
SUMOylation of Ubiquitinylation Proteins	7341	6396	348995	4927	57122	7329	7428	129401	79023	23165	8021	5987	55746	23279	9063	79902	55706	53371	51588	9631	81929	9818	8086	4928	5371	8480	4193	8554	23636	23511	10762	9972	7175	9688	23225	5903	11097	9883
Scavenging by Class A Receptors	78989	286133	348	2512	335	1282	811	117156	1281	81035	8685	2495	1278	7184	1284	5648	1277	338	4481
Scavenging by Class B Receptors	949	284297	338	335	948	6288
Scavenging by Class F Receptors	10808	3320	10525	338	8578	811
Scavenging of Heme From Plasma	3240	8542	3263	9332	3043	259	335	3512	213	4035	3250
Sealing of the Nuclear Envelope (NE) by ESCRT-III	7846	81027	29082	91782	25978	7278	7280	347688	10381	79643	260334	221496	84790	51807	200014	10383	27183	9798	112714	79861	10382	100526767	27243	128866	347733	7277	84617	10376	6683	80086	92421
Selective Autophagy	3320	123	7846	81027	1459	7332	55669	6714	84557	140735	4077	7335	401505	84749	3297	5564	260334	56993	7417	1068	200894	192111	79065	7316	7311	1780	8655	81631	7280	65018	7323	10381	7415	7416	139341	7431	7419	112714	53632	29110	9140	54543	51143	347733	1460	7277	84617	7334	10133	10013	9474	9927	472	1457	8878	100188893	1080	6233	347688	5071	8408	9804	5563	7314	84790	51807	8100	10383	79861	3312	10382	7322	10226	5565	80086	5571	9868	51001	5830	7278	10452	1781	1778	11315	1783	51422	5116	10376
Selenoamino Acid Metabolism	6191	6129	4143	6169	140032	6168	6142	27232	4837	6122	1491	9045	6138	6207	6130	51121	6181	6187	9349	6206	140801	7311	6188	6173	6224	3176	6194	6217	6301	3376	3735	6160	6202	6223	2936	6166	6218	60678	5859	3921	6171	6134	102724560	6139	6164	11185	6147	9255	6230	6156	7965	6128	6133	6135	6192	7296	191	6233	118672	9521	6123	6228	6132	6234	6158	6165	5917	6231	6167	6159	6176	2197	6193	6203	6229	6208	4736	25873	6222	4141	6205	6137	6144	6175	51520	11224	6232	51065	6201	6141	6189	6209	6227	22928	6235	200916	6161	79048	6210	6204	51540	6146	6152	23521	6124	6136	9060	6157	6125	116832	9061	2058	6143	6154	51091	6170	6155	1615
Selenocysteine Synthesis	6191	6129	6169	140032	6168	6142	6122	9045	6138	6207	6130	51121	6181	6187	9349	6206	140801	7311	6188	6173	6224	6194	6217	6301	6160	6202	6223	6166	6218	60678	3921	6171	6134	6164	6139	6147	6230	6156	6128	6133	6135	6192	6233	118672	6123	6228	6132	6234	6158	6165	6231	6167	6159	6176	2197	6193	6203	6229	4736	6208	25873	6222	6205	6137	6144	6175	11224	6232	51065	6201	6141	6189	6209	6227	22928	6235	200916	6161	79048	6210	6204	6146	6152	23521	6124	6136	6157	6125	116832	6143	6154	51091	6170	6155
Sema3A PAK Dependent Axon Repulsion	5362	91584	10371	2242	3326	3320	3984	5062	5063	55558	5879	6035	8829	5058	1072	5361	2534
Sema4D in Semaphorin Signaling	27289	389	10398	4233	4628	6237	387	23365	9475	9826	10507	388	103910	2064	79784	5364	2909	4627	4629	6093	3984	4637	5879	6035	3985
Sema4D Induced Cell Migration and Growth-Cone Collapse	27289	389	10398	4628	387	23365	9475	9826	10507	388	103910	2064	79784	5364	4627	4629	6093	3984	4637	3985
Sema4D Mediated Inhibition of Cell Attachment and Migration	27289	10507	5364	5879	2909	6035	4233	6237	387
Semaphorin Interactions	27289	389	3326	3320	3688	10398	5063	2932	4233	8829	4628	8851	6237	1020	387	1072	23365	5362	9475	54209	9826	7305	10570	2242	5365	10507	388	10154	56896	103910	9037	2064	9855	10371	79784	5062	5364	23396	64218	2909	1400	4627	4629	80031	6093	5361	55558	7094	91584	8482	971	3984	4637	9723	5879	57556	1809	3672	23129	1808	6035	5058	5788	3985	2534
Senescence-Associated Secretory Phenotype (SASP)	1021	25906	128312	27287	8348	8334	51343	3013	474382	8697	8341	8349	6233	8900	10919	5594	6196	3552	1032	1017	6195	55766	5595	94239	3576	3490	11065	890	27338	1051	3725	1026	8881	7324	119504	7314	51529	5970	64682	8338	51434	29882	8342	1029	246184	8345	8970	6197	79813	6774	996	7321	10393	3018	255626	8331	51433	54145	29945	1031	1027	3569	8340	2353	1019	7316	3017	85236	1030	7311	4790	5598
Sensing of DNA Double Strand Breaks	4361	472	10111	10524	3838	4683
Sensory Perception	219477	390093	390142	26693	643226	50834	79334	6327	4035	219417	390072	390190	6382	219493	6335	390431	26659	286262	120787	8388	138805	81328	259236	10518	83715	55584	6011	219436	390445	5947	392138	7430	338674	403253	391194	7932	6383	2784	127068	119749	119772	219982	390144	79482	26493	124590	390197	283159	390261	81309	57101	219875	390082	9355	26737	120066	390151	50838	5950	391112	343170	219958	259296	3710	219968	392376	222662	26494	259289	403239	401667	347169	403257	392392	53405	9227	441639	117531	388531	392309	125963	255022	138803	401666	391107	8387	335	127066	390201	8573	256144	390154	26248	6340	390081	132112	130075	53630	158131	79290	6295	390441	81318	119678	6844	101060233	81099	81466	219438	26533	8386	23173	282770	26595	26539	441608	6010	79296	403277	441669	138882	26476	126370	26497	9254	1260	2817	143503	284532	442191	390059	121129	51475	392391	219865	390433	120065	219986	390260	390075	219981	390174	442184	283365	6324	6711	2979	219983	122740	128366	337	390437	9249	50836	56656	344892	8927	219479	390429	259293	390882	390538	390113	442361	26211	119692	283093	3949	5949	5148	254973	4992	283694	122748	390079	284383	286362	338675	10082	124538	127623	2868	2934	504190	5406	26529	8383	254879	50839	219453	343173	2036	375790	120775	118142757	6338	140469	219870	219469	348	54429	80834	51109	50837	161497	390162	256148	6855	26707	4354	6804	29850	10798	26496	150681	390649	3292	2719	162998	26188	138883	26664	79501	127077	6709	5357	3000	8861	10083	4641	157506	81442	1645	1258	219874	8590	138802	23538	259292	26341	119695	81797	8630	8608	81282	26531	7804	1262	50833	219464	341276	5957	50831	390265	390148	81168	26735	283310	390038	390432	53904	390061	390084	26338	9478	83875	6328	26245	259286	60	27445	26648	26534	9672	135924	403273	441670	4478	3778	5145	343172	9626	6339	26189	79310	64220	8787	491	286365	127062	6385	131890	26689	79317	391211	81392	403244	389207	390883	388761	26246	390064	2911	401665	246213	10681	219858	387748	391195	133060	2986	138799	79549	3759	144124	219956	81327	119765	127059	26658	259287	390037	403278	5962	81469	221914	219437	338751	83756	219431	832	135948	4995	338328	611	120796	26212	390157	390152	283617	390892	5158	375611	219873	390054	5726	26686	128360	26538	390442	283162	343406	9381	403284	121275	393046	5330	391191	219960	9397	4836	80331	158835	390327	54884	4994	80835	121214	128372	79346	135946	390323	2262	801	11344	390191	50840	6337	50832	5948	390155	54795	51764	219484	134083	341799	119679	26333	285440	121130	343171	254786	65055	339768	2774	401992	127608	128367	391190	219957	6121	6616	2779	254783	283189	81472	338755	392390	390078	144125	219473	336	219447	128368	79324	1259	119395	783	5959	219965	24	79541	343563	391196	259290	55937	259285	390195	347468	391192	51168	26339	100529261	3779	390077	126541	343169	57016	109	64787	390321	390439	4991	347168	119764	442194	81300	119687	79490	1208	26696	9187	6017	219432	390199	6326	122742	390058	441308	26532	2059	26716	71	127385	81696	3339	119694	219428	341416	151056	5475	5756	117532	283111	125958	2914	196335	391121	390436	129446	81050	26740	6330	390063	81341	8390	81127	504191	390036	390181	5578	4036	8392	119682	64072	79339	2339	391114	135941	3781	128371	23136	79544	284433	390275	259295	1109	390648	5956	26692	283092	390271	283160	282763	338662	25794	776	9132	391109	138881	81697	26020	340980	401994	2782	403274	81470	127069	390167	338	219954	25861	145226	402135	282775	79345	830	5588	127064	125962	340990	6853	2792	490	1879	143502	5864	401427	2239	401993	4647	8644	26219	79823	7276	219487	284521	4627	442186	10170	219429	120776	219952	346525	11078	441933	829	29967	346562	285659	81448	390067	1488	344	4023	341152	345	219959	346517	259291	120586	391189	79473	50700	442185	81061	389090	119774	65217	390066	256892	57053	10988	26687	390083	127074	219869	341568	255725	390264	4993	403282	219482	81285	283297	121364	138804	390168	504189	79295	341418	390326	120793	440699
Sensory Perception of Salty Taste	255022	6338	119395	6337	6339	6340
Sensory Perception of Sweet, Bitter, and Umami (Glutamate) Taste	255022	346562	259293	54429	80834	50834	6327	259285	259295	259292	5330	50837	259291	6335	259287	29850	50838	50833	2914	83756	259296	50831	3710	6330	80835	259289	2782	6328	6324	259286	50839	119395	6326	50840	2911	50832	2784	50836	5726	54795	259290	51764
Sensory Perception of Taste	255022	346562	6338	259293	133060	54429	80834	50834	6327	259285	259295	259292	3759	5330	6340	50837	259291	6335	259287	6339	29850	50838	50833	2914	83756	259296	50831	3710	6330	80835	259289	2782	6328	6324	259286	50839	119395	6326	50840	2911	6337	50832	2784	50836	5726	54795	259290	51764
Sensory Processing of Sound	829	124590	64072	71	140469	9381	3781	4478	643226	23136	830	9254	1488	4641	8573	5756	51168	339768	3778	3779	340990	117532	161497	51475	6853	490	80331	6855	4354	5962	6804	5864	286262	64787	65217	6844	25794	776	57053	491	9132	6616	832	259236	129446	10518	4647	83715	55584	283310	222662	53904	2934	9478	11344	7430	4627	389207	6711	60	783	53405	27445	375611	117531	246213	6709	25861	2036	5357	11078	2059	8927	10083	440699
Sensory Processing of Sound by Inner Hair Cells of the Cochlea	829	124590	64072	71	140469	9381	4478	643226	23136	830	9254	1488	4641	8573	5756	51168	339768	3778	3779	117532	161497	51475	6853	490	80331	6855	6804	5962	286262	5864	64787	65217	6844	25794	776	9132	491	6616	129446	832	259236	10518	4647	83715	222662	53904	9478	11344	7430	4627	389207	6711	60	783	53405	27445	117531	246213	6709	25861	2036	5357	11078	2059	8927	10083	440699
Sensory Processing of Sound by Outer Hair Cells of the Cochlea	124590	64072	71	140469	3781	4478	643226	23136	8573	5756	51168	339768	3778	3779	340990	117532	161497	4354	5962	286262	64787	65217	25794	9132	57053	491	129446	259236	10518	4647	83715	55584	283310	222662	53904	2934	11344	7430	4627	389207	6711	60	53405	375611	117531	6709	25861	2036	5357	11078	2059	10083	4641
Separation of Sister Chromatids	9735	5691	5692	57405	7846	81027	1058	151648	55839	140735	5682	5713	51529	260334	4928	10393	6249	23421	10403	3796	7316	9212	5695	25936	7311	1063	25906	5528	6396	5719	1062	1780	9183	147841	8655	9232	5885	7979	7280	5702	81930	64946	10726	54908	10381	8881	79172	5501	64682	83540	113130	9184	246184	112714	55920	996	11130	51143	991	5519	5048	5686	347733	7277	84617	5525	79003	10213	79019	9861	348995	10274	11047	4085	6233	25909	5688	3619	79023	5689	5529	55166	11065	347688	55746	23279	7514	57082	79980	81565	55869	119504	80152	23047	7314	5705	5693	11004	84790	51807	23063	10383	699	79861	5717	10382	23122	7321	5701	54820	55143	79682	51433	5515	5694	84643	55055	5690	1060	9700	80086	10735	54821	5683	6232	57122	8697	701	8379	5347	5687	5527	5700	80776	23244	5714	5905	7278	5707	79902	5516	22919	27338	23332	332	1781	1778	64105	5526	348235	2491	81929	7324	5518	100527963	51434	5684	91687	401541	5704	5709	8243	151246	29882	5718	1783	9126	10376	29945	5706	9793	57551	220134	5708	5903	5685
Serine Biosynthesis	347735	57515	256987	63826	10955	29968	26227	5723	619189
Serotonin Neurotransmitter Release Cycle	6616	22999	6571	6844	8500	6853	9256	6854	6804	6857	5864	8499	8497	10815	6812	10497	8541	8224
Serotonin and Melatonin Biosynthesis	1644	438	15	7166	121278
Serotonin Receptors	3352	3358	3362	3363	3356	3354	3355	3360	3351	3361	3350	3357
Sialic Acid Metabolism	140838	10825	6480	27090	8869	10610	29906	51046	129807	6484	6487	10402	8128	10020	81849	55907	4759	5476	256435	2720	26503	6483	6489	30815	6482	84620	54187	10559	338596	55808	4758	7903	80896
Signal Transduction	3013	10956	245972	7101	2245	2865	5987	8550	5778	6610	9611	6487	7764	6374	224	10911	3354	120892	1105	6778	1969	1604	865	5914	340665	1432	23645	54894	4486	3799	1822	2069	4649	7472	4985	5900	527	9824	1911	1392	51138	2648	6712	1236	1780	6194	8074	3798	156	595	84152	5582	23072	5702	57534	140	2359	94274	147111	4904	10602	55227	9365	5473	8425	84612	2767	4325	83540	7201	533	2625	50852	6199	147	6285	92335	11130	5519	56983	26286	23509	6364	392	5291	1839	1977	3337	3925	54815	5063	55968	4987	10274	2323	10652	6510	11214	4296	6750	100271715	3912	3915	2319	7252	7166	338398	7042	8976	144165	63940	26469	11135	257313	1386	5337	8970	1382	27316	747	2060	23767	29933	55200	4887	26018	10211	551	2695	6010	10735	983	7043	7477	10096	1233	7037	6772	7088	5910	6789	9787	4067	10846	1107	8843	2309	1912	9742	55970	2885	11127	7533	2017	151246	4485	27005	1211	84109	1902	3714	51422	1609	6711	331	27302	166	1843	5706	57142	57105	5143	9793	50836	130399	369	4088	160851	5803	4829	841	23028	124056	25970	1459	3336	1133	26960	5136	6346	796	59352	387	10325	56990	22808	5054	5682	56937	120	255631	128272	128674	7058	2641	5436	4435	727	11108	10312	6932	51133	79598	64399	1848	81926	92	7094	2768	117579	338557	50839	222545	2787	9639	3796	2917	88	11255	653361	57381	57522	115	114	23286	836	26523	9500	2674	607	643	4686	2925	134	2185	147179	25791	835	9241	122876	2550	9184	53632	4168	10656	51523	23112	8331	8321	7077	51741	10013	10298	5368	5058	124	319100	7090	7040	2770	8061	6422	892	57154	7132	145957	6347	4158	815	908	346	1387	729230	5744	388372	79822	9732	9235	126006	161	11167	5717	23122	5894	259286	5870	83855	5034	56957	10413	6655	9743	50650	1759	8717	23191	5683	23141	3643	4854	8341	1025	6469	2247	5700	57216	5145	816	29924	3351	4689	7976	401541	5924	6019	27121	133	25780	26508	4544	7535	9296	5999	207	1071	5829	8795	6015	10505	202559	9735	268	5692	7479	5241	2100	4747	7332	2354	5087	1131	10563	5880	111	5029	4792	55004	4295	29116	22916	1607	7073	4646	6446	8786	55764	8997	6242	1129	84364	1908	2118	27115	7444	2172	3002	100132074	1535	84539	90627	8527	5802	9550	7124	25	23229	7471	131873	23163	905	6863	92737	6279	50964	3185	51479	534	54518	5170	3725	5228	2771	115703	1213	25937	391	1871	801	7189	4889	1793	64411	5048	51548	55845	8788	5663	10458	26030	124540	2002	10252	1394	5138	1457	3716	79971	6233	4628	57539	5536	6869	57728	4688	151306	5590	10268	84904	161742	284	55704	5499	10887	23512	84441	5364	10161	7126	1785	5294	3276	27237	4319	10750	5331	127124	238	1855	445582	81839	28514	397	3551	5571	81610	2683	9578	57758	8379	2846	5573	259285	1738	80005	4041	80004	367	1281	5714	528	10000	5623	332	1781	55553	9112	4221	5031	8569	2798	1237	8567	10576	4145	4323	5782	976	6198	7534	10768	11180	2736	124997	8724	396	5777	22800	6196	10728	6850	7222	3717	7450	85415	80824	79180	3163	8887	9218	1850	8322	122042	151	8737	6500	3930	1844	2171	7048	8936	3398	4935	3955	5863	8290	6396	2780	9040	84733	259295	147841	3674	23432	10726	10603	25759	9101	1212	488	4909	8648	56254	2316	5725	5099	65992	1452	9927	2520	3326	10457	4318	4205	25942	55160	5588	440193	50509	1301	85397	55746	2792	8526	1869	57007	25813	2566	5164	84790	2958	1608	2886	4160	23543	3479	5179	8828	55143	3018	79809	864	22836	22821	10018	10608	27035	51701	5690	9414	5469	55512	57579	84254	127933	5825	22873	4303	55620	7076	57122	474382	3911	523	51592	1488	5687	1282	64748	25920	23439	7082	23252	5707	10663	26108	51377	23332	2796	525	81847	3973	22955	8987	23268	5125	341	2121	9736	10435	9846	8767	6093	5361	6357	23620	5899	4254	10489	9986	1981	5708	5577	10320	283869	139818	50834	7018	132884	394	2244	8874	23616	2246	94233	5062	6400	9564	4193	623	9641	55914	1796	3567	6249	8395	5727	2335	11221	113	57569	60485	399693	9110	596	5719	80310	81617	343578	399	3730	1017	2560	5729	3399	9113	64121	7432	9855	10928	259289	8823	5166	2619	1847	7984	10014	11060	351	10133	2194	2015	1845	26160	1030	3908	54509	28964	83933	3358	10524	6455	5159	6257	4920	11343	9038	347688	23279	56998	51554	57082	6370	999	5693	8660	7128	6788	6045	5163	7039	4052	382	54820	10152	5701	3579	3827	79658	22852	1828	8620	27289	9002	3164	6725	165140	26052	558	9162	64096	1290	94239	10788	3727	79902	389337	5516	5800	23344	53916	6375	8650	51699	5518	2064	187	8338	7046	11059	54848	408	1499	64106	377630	23596	84455	284654	7074	7480	3895	84133	26092	91544	4893	5929	55437	5691	5604	4914	7532	886	55669	2488	55240	7057	7852	51104	84888	2692	347148	4613	1278	85455	9340	2843	1241	8844	57514	54443	639	4928	257397	529	6014	2676	1399	4734	64857	5584	50848	5879	6280	6352	3918	7006	799	6035	8036	4853	28956	7525	1907	348	3356	2444	2740	25776	29761	4772	8555	54578	4974	613	57504	8698	1487	23074	4986	7415	51135	8345	183	1289	64577	2785	10645	3708	991	9170	3910	8516	1460	3838	6709	85301	85440	221002	60436	23030	7376	9217	10498	221955	1299	259292	157	55789	6846	51306	7157	8608	8408	6484	5451	2921	50833	5530	80152	1393	11004	51807	84894	9528	8342	7171	398	54903	7015	139189	53829	8454	2353	1742	57486	388677	59340	6002	9231	59350	10901	1816	3065	1175	2150	2828	7424	22943	5137	5290	23237	1455	354	8854	27199	1741	7409	1778	94240	93663	6667	4209	51083	4670	5173	3814	6361	9047	11140	10022	6258	6348	8941	10817	57679	1840	4242	3071	431704	3678	2149	50855	9559	3360	6870	30849	10542	54845	153090	1909	3556	57144	9901	728	1627	8326	57678	6256	356	4738	53637	1786	5737	695	6421	27145	5158	10095	23075	2783	4690	55737	9287	10125	5726	100996758	6288	5367	7476	1003	7072	7289	8394	81624	2916	29126	5330	7456	5289	23048	2151	8111	1395	7050	51384	7473	50619	5305	7433	51606	26524	2263	2874	55920	3549	10254	245973	7414	10048	284217	6464	84617	23608	50832	659	7091	147700	8797	29843	8549	6009	3363	1832	752	55701	7027	23197	113878	90423	4085	3619	134864	2122	129521	7514	81565	3726	5150	3914	79412	84681	2779	29904	23396	23566	8100	699	90865	4602	5731	1856	1293	57521	5959	685	2873	5245	10226	55055	127	55023	259290	1454	54821	8476	123720	10886	5996	5032	5527	2622	4722	5774	55811	7481	9890	5709	10276	196883	23189	1783	7392	4637	3817	55851	10376	4283	100532731	5105	22866	6654	71	2010	255324	904	9912	2920	23365	23322	2173	112	84144	23288	1058	3625	222584	10803	55852	10552	3696	2914	146850	5564	8992	1524	80199	885	6774	3281	50618	8204	445328	8793	3362	3815	3913	3932	9212	2773	5578	5792	8295	154796	2339	10818	5956	6387	2922	5020	9978	7059	54908	10267	1852	23220	23118	55233	2837	3178	10409	5155	10970	4952	114885	89780	3718	9070	393	113091	4902	57554	347902	1846	152	9928	6753	7428	64321	25909	5046	1072	79023	91851	989	5432	2826	6751	2793	5438	23256	10402	5746	5563	84658	718	2918	4828	50999	83464	3061	23385	56034	10451	26086	7029	8622	7391	80326	90780	1277	2535	23186	84643	1060	6367	3265	50940	389	8658	26999	5741	374654	340481	4099	106821730	259291	143098	115727	4091	23592	6678	64105	8607	1629	51566	667	8243	4086	9294	10468	4629	5928	64240	5906	26281	9372	5030	9644	51098	26084	8525	5439	10811	1132	22938	6597	3169	339745	409	3563	2242	140735	9710	3183	10616	10636	4664	50835	5733	1292	5196	6708	598	23466	5753	55818	200894	57572	5998	5139	402	117	115557	23002	6456	10755	6363	1063	10971	9748	5528	7504	23545	30851	3690	5915	221656	148	143282	2266	10094	2848	100996763	50838	3559	26166	259296	5360	2829	5600	10109	195814	9815	7874	2859	1959	2591	10718	2850	5161	9734	1268	7049	7919	5147	4659	57332	114793	2693	57761	54567	7089	2869	1894	1509	8682	5724	2241	5441	57665	29899	3845	269	50508	10076	253260	79980	2919	55869	3084	256933	4314	10019	1729	466	53358	9021	7170	10266	5336	139285	55075	5539	4609	8850	3187	4053	5781	79861	3091	657	157769	9306	7321	5340	9459	5515	5613	5440	27152	51125	64407	79924	4771	6004	10692	2863	5532	1108	5933	5923	701	4157	8829	10642	7112	54331	29766	50937	5435	6343	57584	8503	348235	6354	26050	5922	56928	79784	2908	92799	55072	59	6752	9590	7248	1232	1875	3984	1362	2889	79837	6755	27202	8324	126	1152	57551	2832	5903	5685	4093	2838	83999	8065	8851	3361	6662	151648	6195	57459	14	535	339403	6453	5931	57139	3685	3954	51289	3693	5566	55366	489	7349	340419	6498	5346	2840	10454	10589	192670	58191	5596	23129	6776	5598	4656	4066	6001	80834	4090	5144	8743	8490	1020	50837	1999	2867	3274	9542	1592	27040	7979	7474	4092	7323	64130	3998	5567	10657	5501	7431	857	2864	79885	23580	116985	54756	2791	4852	1235	347733	818	143872	1027	6376	57480	1874	5583	9568	55733	84232	1958	6591	10235	57680	3558	163	64759	4615	3561	9886	90268	163404	8877	3062	10193	70	9048	2735	55219	6929	4162	9318	4543	9462	91	201176	83439	8239	324	2670	5433	680	10250	51738	1740	5580	6811	80086	26090	5162	8811	11329	51517	5153	2802	1956	3269	2776	7278	388	3082	23221	89839	1829	8153	9166	7434	81929	1540	8862	51564	101059918	100527963	154	2786	5165	9687	4161	650	8837	5747	1238	2862	2831	158747	3675	343637	5585	1857	9181	10097	3017	1398	25999	3624	10787	102	10256	6696	26230	55971	80351	54514	11211	55839	5576	23179	6925	259287	1272	7253	79577	10093	83756	84335	2066	4855	719	2931	5586	941	9825	353164	3481	10046	10653	10134	2494	1298	57580	8334	3688	2870	390	627	1123	57591	3831	1978	2915	91452	56667	10963	286205	283455	537	3630	3480	347	5296	7225	84985	5593	51339	10434	6720	4665	51382	8086	2775	10672	5216	85360	23370	2554	6908	2262	57498	4886	2324	5481	5686	1889	2249	3569	8340	2033	54763	7879	5896	7423	6457	1495	10316	58489	1080	526	5764	5327	6934	6659	1794	487	23769	54438	572	51421	2146	57630	817	8654	51719	51107	5921	355	2675	54145	8817	5045	26574	11197	3416	7410	84292	6232	2797	1880	1813	51291	8535	5605	53831	100529261	2243	23462	4851	353299	843	109	23013	1385	2696	9693	5770	7867	3280	9402	255626	55831	220134	3985	23327	57449	858	6236	942	388585	5332	29062	27	8870	5594	5756	8202	1815	3791	29941	10144	8405	3516	9261	5431	8439	2280	55619	11033	2056	7425	56923	9252	54659	1536	65078	83478	5739	10403	2200	1737	10023	25936	10800	4618	128312	1655	116	8643	1062	2277	5467	200958	55615	7528	8655	4983	55879	5160	285601	92597	117145	10272	3972	9341	9765	7186	10163	6801	6319	6866	1230	1447	10399	57406	9794	144402	27248	1439	1024	4915	6461	56288	11251	5525	79003	3640	200734	552	554	673	9283	5293	136	79019	5599	348995	8878	867	5443	2532	51052	58513	5529	2737	1500	221391	5745	594857	7185	27198	6259	25805	5783	59345	7204	5151	185	5494	84078	8556	54874	5986	861	56413	7060	220213	80820	1019	53615	11171	1286	80243	8396	80319	2847	5930	8772	5796	3952	5347	344	10424	3352	8471	4698	5595	57610	81704	1147	10979	23533	57113	1269	644150	5978	135	6710	94134	1302	30817	9148	79109	5592	2308	8483	5908	1950	8313	53834	7531	2252	10319	56603	5697	8776	19	3320	5995	9146	9352	155	57690	221472	2854	1026	3953	4908	5154	814	8651	8050	64223	11245	51114	283149	6754	4054	23421	6344	2784	153	10062	6793	30011	5898	2957	79834	6368	55294	2549	4316	54778	54361	9183	5979	5533	11250	2587	117289	10287	81930	64946	1903	220	8822	10381	29127	64926	3710	64241	128239	10874	3623	10123	64333	10888	7454	6658	4803	1280	208	9861	8348	6938	5217	4001	1901	5575	429	9173	5688	23035	9530	6373	57530	3357	8649	8517	2963	301	9034	4846	5660	2358	101060233	2841	152831	66008	5867	8826	4763	2208	2810	5694	4159	5565	58504	4058	8315	389541	142678	23463	5141	7478	23493	6366	56477	3572	374	5603	22986	2065	4804	59349	2697	995	9322	2567	2769	2491	5295	5684	91687	23263	29984	11075	2833	3070	54492	64283	7482	581	22906	8773	9249	64840	9828	85236	4810	84951	171558	5786	148170	246175	54886	259293	57405	6794	89953	887	54106	6003	6714	8325	57636	5148	94235	2492	4192	154810	898	6300	5713	1234	1325	846	5897	23236	4089	2562	1215	27334	6360	27123	3350	4654	4343	9938	9754	9290	4040	134860	5695	8975	6000	7311	6722	10253	54429	51109	2260	4140	5140	57473	25963	123169	1906	89846	51209	2040	91010	1111	152273	56670	7249	50617	29851	7422	55534	2264	5664	6657	3249	5434	1240	7484	6434	2255	157506	79659	4208	8440	6915	10160	9475	27006	58528	5689	8481	9759	83888	7475	2248	27043	79869	8477	8027	10273	2912	1730	6372	27327	10203	8437	50831	116984	1291	3627	8323	6197	9411	10850	10383	83737	3375	2289	25989	152559	7322	60	1814	3654	9099	22899	5156	1739	9682	80012	6472	65124	84986	2788	51072	27018	3667	9612	55625	5037	7483	93	3576	10092	2887	4650	4919	7855	114131	8452	5526	8787	84447	259294	8812	8484	553	2781	5732	6016	153129	7375	11113	8312	4660	5718	9126	9219	11069	9738	110599583	2911	83551	256076	6497	10681	4790	10156	3909	25894	6907	5607	7846	8349	9934	3560	5997	5534	170589	3570	10810	7010	2251	5568	10221	51347	150	832	260334	2357	330	611	3355	29	4923	79948	5300	3060	624	5771	58480	4313	2962	94	6608	23348	1128	153478	107	1910	1445	51009	10411	4638	1124	80179	114822	9826	5885	55766	7280	55717	10395	9367	7200	79172	80835	7031	658	6777	2852	2909	9619	1381	10499	1812	51143	5562	81029	23081	8726	23401	57121	50840	6868	2250	200845	261734	10213	57120	5437	11188	51764	2475	26575	8085	5581	10398	2778	2932	11047	55843	8038	2774	1961	91653	8841	9628	64750	2668	257106	3066	3400	155066	10382	2254	4916	1081	216	79718	6885	26049	4684	50649	8945	27161	5881	10188	1849	2642	2834	8831	5021	23513	51176	90226	23526	797	4233	51332	22865	80776	2147	9138	64388	22919	8928	399473	5704	2321	9844	6865	55288	2861	4617	10574	84634	55114	54764	5795	8301	51466	3709	23779	55081	5728	5430	81027	89941	51684	9982	63916	182	118788	338442	84870	3397	80115	9350	23092	103910	395	1284	64805	60675	5028	160	146	57731	50865	3673	7316	2261	2913	55824	2658	9965	2534	2902	10460	5579	253959	2691	2906	112724	940	87	3694	51231	4580	221178	5970	57167	108	998	9630	112714	64837	192669	2782	29110	896	4548	3083	142	7277	10670	5338	2853	2790	171177	3568	4087	23768	1606	8502	84432	5468	3562	55166	1173	1297	2057	708	329	121512	7314	930	4988	5705	23380	2253	5335	8644	2561	81858	6692	5500	100996717	4627	5321	1285	6736	10170	5916	79682	4922	1287	50846	10959	6423	842	387129	346562	1960	2322	9055	1975	23239	5905	27329	186	221044	2904	2099	7297	23433	10006	6615	5371	5734	8601	7529	9580	10126	5142	83595	253980	1438	2288	80728	1795	7033	6356	3577	3792	3728	84033	9497
Signal Amplification	2788	346562	2770	6915	6714	54331	2776	94235	14	2792	2793	2769	2771	55970	59345	64805	2767	5028	2786	10672	2785	9630	2782	5321	2791	1432	2787	2790	2784	2783	2773	10681	51764
Signal Attenuation	2885	8660	5595	6464	3643	3630	3667	2887	5594	6654
Signal Regulatory Protein Family Interactions	653509	2885	7305	6441	729238	5781	55423	5777	140885	5747	8935	2185	10326	6714	961
Signal Transduction by L1	5604	7410	3688	1457	3678	1459	2260	8829	5605	5594	3690	3674	1956	5595	3897	3680	3685	1460	5879	4684	6035	5058
Signaling by ALK	3065	5803	3667	10818	25942	5777	29126	5764	6714	5290	3561	4192	8841	5296	4613	639	3066	5295	5335	4609	6774	1786	3091	238	6464	3718	2033	5291
Signaling by ALK Fusions and Activated Point Mutants	5551	6238	53335	5777	5594	57690	4170	1051	1026	1937	5601	6774	1786	4193	6500	50616	4343	192670	7316	3799	2335	3002	8496	6776	7311	10818	4869	3831	26523	6194	9978	10342	5296	3725	6801	891	4204	57448	471	27436	1213	29851	9451	192669	7414	9648	6464	5925	7175	5291	5495	5599	80304	2305	8878	6233	7157	3662	3726	7314	3092	7170	3587	5335	7171	4627	238	57674	8454	27161	51530	597	3065	7291	4478	3667	6772	5573	1639	5290	5595	4851	2885	7297	5295	4008	3586	7535	833	22872	10817	5903
Signaling by ALK in Cancer	5551	6238	53335	5777	5594	57690	4170	1051	1026	1937	5601	6774	1786	4193	6500	50616	4343	192670	7316	3799	2335	3002	8496	6776	7311	10818	4869	3831	26523	6194	9978	10342	5296	3725	6801	891	4204	57448	471	27436	1213	29851	9451	192669	7414	9648	6464	5925	7175	5291	5495	5599	80304	2305	8878	6233	7157	3662	3726	7314	3092	7170	3587	5335	7171	4627	238	57674	8454	27161	51530	597	3065	7291	4478	3667	6772	5573	1639	5290	5595	4851	2885	7297	5295	4008	3586	7535	833	22872	10817	5903
Signaling by AMER1 Mutants	5519	5518	5529	5528	2932	139285	5525	324	5516	5515	1452	8312	5527	5526
Signaling by APC Mutants	5519	5518	5529	5528	2932	139285	5525	324	5516	5515	1452	8312	5527	5526
Signaling by AXIN Mutants	5519	5518	5529	5528	2932	139285	5525	324	5516	5515	1452	8312	5527	5526
Signaling by Activin	3625	4087	4089	92	5595	10589	10272	7049	3623	10468	93	130399	5594	91	8928	4088	3624
Signaling by BMP	268	4093	4090	93	57154	91851	269	4091	64388	9765	9350	4092	7323	64750	4089	658	9241	11167	4086	650	92	657	3623	7321	27302	7049	94	659	6497	2658	3624
Signaling by BRAF and RAF1 Fusions	8546	1445	5604	9444	27044	71	55109	10256	5037	5605	5594	3690	4140	6714	3674	409	8805	2243	1185	283455	54845	5595	816	4893	3845	3717	815	2244	54518	2266	7450	57085	10827	8844	11044	8087	10533	7529	408	4000	817	801	7094	7414	80853	57670	5894	23164	5908	9061	8826	22906	60	9715	818	56829	2335	5906	10018	10142	55750	369	673	3265	22866
Signaling by CSF1 (M-CSF) in Myeloid Cells	3055	7525	6233	6772	867	4067	6714	5290	3636	3845	1436	146433	8563	7314	2885	5295	5336	5781	9846	6774	139716	1435	3635	9402	6464	6654	7316	2534	5291	7311	5293
Signaling by CSF3 (G-CSF)	3055	1441	3716	6233	6772	8065	6923	4067	6850	3845	3717	9616	7323	7314	9021	2885	7297	6921	6777	8651	5781	9846	6774	1440	7321	6464	7322	7316	6776	7311
Signaling by CTNNB1 Phospho-Site Mutants	5519	5518	5529	5528	2932	139285	5525	324	5516	1499	5515	1452	8312	5527	5526
Signaling by EGFR	1445	6457	81610	255324	2549	10253	102	5796	6455	6233	867	9146	30011	6714	5290	58513	1956	8038	374	222584	3845	14	29924	5774	8874	8027	84985	7314	7311	2885	5295	998	5335	5781	7039	10254	3265	2060	1950	6464	26018	6868	7316	685	2069	5782	6456	55824	4893	5829	1839	10252	6654
Signaling by EGFR in Cancer	255324	2549	3320	6233	867	5290	1956	374	3845	7314	2885	5295	5335	11140	7039	1950	6464	7316	685	2069	1839	4893	3265	7311	6654
Signaling by EGFRvIII in Cancer	1956	2885	1950	5295	2549	3320	3845	6464	5335	11140	867	4893	3265	5290	6654
Signaling by ERBB2	208	7525	2549	3320	5581	51072	6233	8065	387	6714	5290	1956	145957	3845	2065	9542	4893	10000	3084	10193	10273	7314	1729	7311	9101	2064	2885	5295	26469	5335	11140	2066	2886	5753	55914	10718	1950	6464	4145	6654	7316	685	2069	5782	207	5578	3265	1839	5580	2534
Signaling by ERBB2 ECD Mutants	1956	2064	2885	1950	5295	2549	3320	3845	6464	5335	11140	4893	3265	55914	5290	6654
Signaling by ERBB2 KD Mutants	2549	3320	5290	1956	145957	3845	2065	9542	3084	2064	2885	5295	5335	11140	2066	55914	10718	1950	6464	685	2069	4893	3265	1839	6654
Signaling by ERBB2 TMD JMD Mutants	3320	1956	145957	3845	2065	9542	3084	2064	2885	5335	11140	2066	55914	10718	1950	6464	685	2069	4893	3265	1839	6654
Signaling by ERBB2 in Cancer	2549	3320	5290	1956	145957	3845	2065	9542	3084	2064	2885	5295	5335	11140	2066	55914	10718	1950	6464	685	2069	5782	4893	3265	1839	6654
Signaling by ERBB4	3925	5241	348	6233	6387	6714	55879	5290	1956	145957	2560	3845	2065	9542	51741	2567	9611	3084	6678	7314	2099	7311	1447	2566	2885	2562	5295	23118	11059	83464	2066	2554	2561	11033	23385	51107	83737	6285	4734	10718	1950	6464	10413	55851	6868	7316	5664	685	2069	2670	5663	10608	6776	1742	4893	3265	1839	6654
Signaling by Erythropoietin	2549	4067	5290	3845	3717	2057	23533	7409	2885	5295	8660	6777	5336	5335	2056	5294	1399	6464	2889	6654	6776	5291	4893	3265	5293
Signaling by FGFR	5430	5439	5594	6714	9982	2251	54845	2246	5436	22916	7073	5431	7316	2962	10755	2261	7311	9965	2549	10253	7072	10818	2260	8074	3730	3185	143282	4686	8822	9365	3178	2263	8823	2264	2591	6464	7049	2249	5725	2250	200734	5434	5437	673	2255	23768	6233	867	27006	5441	2963	3845	83888	5432	161742	2248	23769	5438	7314	152831	2253	5335	3187	5781	23543	2254	23767	5515	8817	5440	5433	3265	2247	80004	5290	5435	5595	5516	5518	2885	4670	5295	8569	53834	26281	10817	4893	2252	6654
Signaling by FGFR in Disease	2255	2549	1523	11052	10818	5430	5439	2260	6772	8074	11160	9530	26127	2247	27006	2251	5290	5441	8805	7750	5435	2963	3845	5432	2248	4686	2246	5436	8822	613	22916	5438	2885	11116	5295	6777	5431	2253	5335	2263	11064	8823	9846	6774	2264	2254	2249	6776	26281	2250	8817	5440	2962	5434	2261	399687	5437	4893	3265	5433	2252	9208	6654
Signaling by FGFR1	2255	23768	2549	10253	10818	6233	2260	867	8074	5594	2247	27006	2251	3730	5290	6714	5595	3845	4893	161742	5516	2248	23769	2246	8822	9365	7314	5518	2885	5295	2253	5335	5781	8569	2254	23767	53834	6464	7049	2249	7316	26281	2250	8817	10817	10755	5515	200734	673	3265	7311	6654
Signaling by FGFR1 in Disease	2549	1523	11052	10818	2260	6772	8074	11160	9530	26127	2247	7750	2251	5290	8805	3845	2246	8822	613	2885	11116	5295	6777	2253	5335	11064	9846	6774	2254	2249	6776	26281	2250	399687	4893	3265	9208	6654
Signaling by FGFR2	2255	2549	10253	2962	5430	10818	7072	5439	6233	867	8074	5594	2247	80004	2251	27006	9982	3185	5290	143282	5441	54845	5595	3845	83888	4893	5435	5432	5516	2963	2248	4686	2246	5436	8822	22916	5438	7314	5518	2885	4670	5295	7073	5431	2253	5335	3178	2263	3187	8823	8569	5781	23543	2254	6714	6464	2249	7316	26281	2250	8817	10817	5515	5725	5434	5440	5433	5437	673	3265	2252	7311	6654
Signaling by FGFR2 IIIa TM	5430	5439	2247	5441	5435	2963	5432	4686	2246	5438	5436	22916	5431	2263	2962	5440	5434	5437	5433
Signaling by FGFR2 in Disease	2255	2549	5430	10818	5439	8074	2247	27006	2251	5290	5441	5435	2963	3845	5432	2248	4686	2246	5436	8822	22916	5438	2885	5295	5431	2253	5335	2263	8823	2254	2249	26281	2250	8817	5440	2962	5434	5433	5437	4893	3265	2252	6654
Signaling by FGFR3	2549	10253	10818	6233	867	8074	5594	2247	6714	5290	5595	3845	4893	5516	2246	8822	7314	5518	2885	5295	2253	5335	5781	8823	8569	2254	2591	6464	2249	7316	26281	2250	8817	10817	5515	2261	673	3265	7311	6654
Signaling by FGFR3 in Disease	2549	10818	8074	2247	5290	3845	2246	8822	2885	5295	2253	5335	8823	2254	2249	26281	2250	8817	2261	4893	3265	6654
Signaling by FGFR4	2549	10253	10818	6233	867	8074	5594	2247	6714	2251	5290	5595	3845	4893	5516	2246	8822	7314	5518	2885	5295	152831	2253	5335	5781	8823	8569	2264	2254	6464	2249	7316	26281	10817	8817	5515	673	3265	7311	9965	6654
Signaling by FGFR4 in Disease	2885	5295	2549	3845	5335	10818	2264	4893	3265	5290	6654
Signaling by FLT3 ITD and TKD Mutants	50507	2885	5295	5292	6777	3845	4893	6654	6776	5781	2322	9846	1026	3265	5290	598
Signaling by FLT3 Fusion Proteins	7750	5290	2120	5292	3845	1026	50507	2885	5295	6777	9846	2804	6711	9321	6776	399687	4893	3265	6654
Signaling by GPCR	283869	26084	8525	50834	5995	1132	2245	155	2865	409	221472	10636	50835	2854	8874	94233	5733	5196	6374	10911	814	3354	623	11245	1604	5998	6754	5139	5727	6344	2335	2784	115557	117	153	7472	113	6363	4985	5528	6368	7504	1392	1236	54361	5533	148	11250	2587	156	84152	10287	5582	5729	140	2359	2848	1903	50838	26166	7432	259296	5473	3710	2767	7201	2829	10874	259289	147	2859	5519	7984	2850	351	1268	10888	6364	2015	1839	208	2693	3358	4987	1901	2869	1894	5575	11214	6373	5724	6750	3357	100271715	11343	9038	29899	7252	3845	51554	301	6370	9034	2919	338398	5660	2358	256933	101060233	4314	2841	63940	10266	257313	5539	747	3579	29933	3827	4887	551	9459	2695	5515	5613	4159	79924	64407	8620	6010	10692	6004	2863	5532	9002	7477	1233	4157	165140	5141	7478	54331	6366	56477	9162	10846	8843	5516	6375	389337	6343	2769	8503	6354	55970	5518	2885	187	5295	23263	54848	408	2833	84109	6752	64106	1902	23596	7480	1609	7074	1232	7482	6755	27202	8324	57105	5143	9828	50836	2832	4893	160851	54886	259293	4829	2838	886	887	5136	1133	26960	6346	796	2488	3361	6003	387	6714	8325	7852	6195	94235	2492	2692	347148	128272	128674	2641	339403	2843	9340	1234	1325	1241	846	727	6453	23236	51289	5566	27334	6360	7349	2768	3350	117579	338557	64857	50839	222545	2840	2787	58191	6352	9639	9290	799	134860	2917	11255	6000	5598	115	114	1907	6001	54429	80834	3356	5144	8490	1020	2740	5140	50837	1906	2867	3274	89846	643	7474	2925	134	8698	5567	56670	4986	25791	122876	2550	183	2864	2785	4168	10645	3708	9170	2791	4852	1235	8321	818	6376	3838	5368	5058	1240	319100	7484	5583	9568	221955	2770	6915	10235	259292	157	9475	6846	6347	4158	7475	815	163404	3062	729230	8477	2921	388372	5530	5744	2912	50833	6372	10203	50831	1393	126006	8323	3627	6197	10850	4543	139189	3375	53829	259286	1814	6655	22899	57486	59340	6002	50650	680	51738	59350	5580	1816	26090	2788	2150	8811	2828	6469	7483	5137	5153	5290	1956	3269	2776	816	3576	27199	388	114131	7855	7409	3351	7434	7976	8787	8862	51083	5173	259294	8484	6361	154	3814	6019	2786	5924	2781	553	4544	133	10022	4161	5732	6348	1238	2862	2831	110599583	2911	5999	83551	207	9181	10681	431704	7479	3678	2149	9934	5997	3360	5534	6870	170589	26230	1131	10563	11211	5576	5568	111	5029	259287	7253	4295	1607	1909	83756	150	8786	728	2357	8326	8997	719	611	3355	29	53637	4923	79948	1129	1908	5737	695	624	3060	27115	353164	6608	2783	9287	10125	1128	84539	100996758	6288	5726	107	1910	5367	8527	57580	7476	3688	2870	23229	7471	6863	2916	2915	5330	9826	2151	8111	1395	5296	51384	7473	5170	7225	7200	2771	7433	80835	2852	10672	23370	801	3549	4886	1812	4889	6464	1889	57121	50840	50832	51764	1394	26575	3363	5581	5138	55701	2778	10316	134864	6869	2774	151306	129521	10268	84904	9628	5150	5499	10887	2779	5364	23566	10161	817	5731	5294	27237	5331	1081	50649	259290	2834	2642	7410	5021	10886	5996	2797	1880	1813	797	5032	90226	2846	5573	259285	53831	353299	2147	9138	10000	109	1385	7481	2696	9890	10276	196883	6865	5031	2861	2798	1237	84634	4283	976	10768	6654	57449	3709	5332	2920	5594	23365	6196	112	7222	338442	10803	1815	2914	146850	8322	64805	60675	1524	5028	151	122042	885	56923	146	445328	3362	50865	5739	2913	2773	4935	5578	10800	5579	116	2780	8643	2691	259295	5956	6387	285601	2922	5020	3972	10267	1230	6866	108	57406	998	2837	9630	2782	11251	2853	89780	3640	113091	552	554	2790	9283	2520	136	1606	152	6753	84432	55160	5588	5443	2532	51052	85397	221391	5745	2826	594857	2792	6751	27198	8526	2793	57007	121512	5746	59345	84658	4988	7204	718	2918	4828	185	5151	1608	3061	4160	5321	10451	5179	26086	56413	8622	80326	4922	50846	2535	3265	6367	84254	387129	346562	50940	2847	389	5741	64748	3352	259291	5595	10663	23533	57113	186	2796	221044	1269	3973	135	5734	8601	30817	5142	9294	6093	6357	23620	6356	3577	3792	5030	84033	5697	5577
Signaling by GSK3beta Mutants	5519	5518	5529	5528	2932	139285	5525	324	5516	1499	5515	1452	8312	5527	5526
Signaling by Hedgehog	5691	5692	10956	7846	55081	81027	51684	23322	112	409	23288	339745	132884	5576	5568	111	5682	5713	79577	85455	8405	6400	80199	55764	64399	5566	6500	5727	7316	6608	5695	113	107	7311	115	114	5719	51009	8643	7289	156	7979	7280	5702	9978	23432	147111	10381	5567	7415	108	2262	27248	2619	3549	5686	347733	7277	84617	6868	1452	10213	26160	9861	79659	2778	2932	11047	55733	5575	6233	5688	57539	57154	5689	8481	57728	2737	91653	64750	7314	2735	5705	5693	84790	8100	10383	5717	10382	54903	83737	5701	25989	79809	5034	50846	8454	5694	8945	27152	5690	5683	5685	22873	57758	374654	6469	5573	5687	5700	50937	5714	7278	5707	2622	109	55811	8650	8452	9742	84447	11127	5684	5704	5709	196883	2121	408	5718	84455	10376	5706	5708	51098	5577	2736
Signaling by Hippo	154796	23286	836	6789	7082	92597	154810	9113	51421	6788	55233	25937	7529	26524	1856	10413	261734	7531	9414	60485
Signaling by Insulin Receptor	245972	54106	5594	30849	2251	535	2246	10312	529	8992	2261	5792	9965	527	2549	9550	10818	23545	2260	8074	5140	5289	117145	537	3630	534	5296	5170	8822	9365	51382	51606	50617	533	2263	8823	2264	245973	6464	2249	2250	5291	208	57761	2255	2323	90423	526	1509	27006	3845	2248	8660	152831	2253	5781	155066	127124	2254	8817	3265	3416	523	3643	3667	2322	2247	5290	5595	528	2887	525	2885	5295	5770	9846	9296	26281	4893	2252	6654
Signaling by Interleukins	3320	11009	64109	9446	6597	3563	79792	6382	604	11274	5778	6935	1026	3313	50604	5775	598	2162	5062	116379	8651	50616	6778	3592	4128	3567	1432	29949	2335	10068	6363	821	5898	4985	80216	4582	5528	596	3553	5719	54472	3689	3636	595	5702	3559	27189	375	5600	2625	9466	6285	5519	351	6364	3589	1845	5291	9861	1901	4001	79671	6095	9173	5688	5609	5724	920	8517	6624	301	6950	2919	6844	4793	84868	4314	9021	466	5693	8660	26469	1386	4609	3929	5781	53832	3091	6097	3312	5701	133396	28511	5306	2208	4507	5515	5694	3600	6175	3656	246330	3596	7291	3684	1271	6772	4067	9655	3572	5784	2309	3581	5516	3601	1436	8503	5780	5518	2885	64127	5295	5684	3586	6845	3590	6647	240	9683	386653	2889	5706	84867	4088	5685	5691	5604	759	5803	841	3603	6775	6195	5682	3965	5713	948	1278	1234	5897	257397	5721	1848	5566	1399	1435	10454	6352	6416	7006	5695	6776	27177	5606	7311	5598	2939	7525	84166	836	11141	5657	7979	6804	3605	4843	146433	2185	9684	7431	7422	51135	9097	3635	3597	57161	1265	6657	11213	4208	7040	3588	3458	3558	28512	3593	27179	4615	7132	5689	3561	7157	6347	5451	729230	282617	388372	3162	59067	9235	163702	3627	6197	5602	5717	3575	3146	5034	3654	6655	8454	2353	246	5683	4478	3595	3667	9049	3566	2247	5290	5700	3576	3082	7409	6348	5718	56300	207	3554	1398	4790	5692	1441	3560	64806	58985	3570	5743	4792	6627	1154	9987	3556	834	2357	51561	356	5601	1489	941	3976	26525	5771	58480	4313	6809	6288	6283	3688	7124	53833	79923	9244	10392	27178	3185	55801	3557	5296	3725	5478	57162	6777	282618	7189	23291	5686	6464	3569	10213	5896	54014	2002	7133	7850	11047	3716	6233	1511	3934	5292	3687	3662	112744	3726	149233	6616	55540	282616	3587	23529	90865	3565	8835	6885	7412	8945	3551	4312	1849	302	3578	59307	5714	6648	332	3574	1385	8808	7184	5608	5704	5709	7867	200081	10538	23765	3181	5782	7534	6888	6654	8807	942	5777	2920	5594	6196	121457	3552	6850	3717	8809	7335	4170	29760	9261	6774	6500	1440	9252	92610	3932	7316	4282	246778	2534	3055	5055	9978	51231	7186	4692	1230	5970	3594	998	23118	29110	10148	1439	3977	6773	7334	3718	26095	177	85480	5293	3568	5599	1846	3606	4318	8878	4205	867	6810	5443	1072	3562	27250	79155	5783	50615	7314	4988	3598	5705	5008	25930	4791	5690	1270	6367	3936	829	84639	7076	3911	5687	5595	1147	5707	84818	7297	6813	9846	2308	8767	1438	1052	5908	4215	6356	3383	9180	1326	132014	5708
Signaling by KIT in Disease	7525	6772	4067	6714	5290	3845	4893	3717	5296	8503	2885	5295	6777	6774	3815	3932	2534	6776	3265	6654
Signaling by LRP5 Mutants	27121	83999	22943	27123	4041	79412
Signaling by LTK	2885	4058	5295	6464	3667	5296	5290	5291	10188	6654
Signaling by LTK in Cancer	5295	5595	6249	5296	5594	5291	5290
Signaling by Leptin	8660	6777	3717	25970	3667	3952	5781	6774	6776	3953	9021
Signaling by Ligand-Responsive EGFR Variants in Cancer	2549	3320	6233	867	5290	1956	3845	7314	2885	5295	5335	11140	1950	6464	7316	4893	3265	7311	6654
Signaling by MAPK Mutants	1849	1850	1852	1848	11221	5594	80824
Signaling by MET	3909	9146	6714	255631	1278	6774	1399	5771	3913	3673	5879	7316	2335	3918	6456	6035	30011	10653	7311	2549	3688	23163	200958	10319	9101	1289	10254	10048	3910	3083	284217	6464	3249	85301	85440	3908	1280	6457	6455	6233	867	64759	50509	3912	3915	1301	3845	8027	3914	7314	6692	5781	382	2060	5867	26018	1277	1398	3265	3911	4233	5290	1281	1290	57610	3082	53916	2885	5295	1302	5770	5747	5908	3675	2889	5906	5795	4893	84951	6654
Signaling by MRAS-complex Mutants	5894	22808	5501	7529	5500	8036	369	673
Signaling by MST1	4486	4485	6692	3249	10653
Signaling by NODAL	4087	10637	5046	93	5594	5595	2309	9350	8928	2657	4089	199699	92	91	7044	10589	4838	130399	5045	55997	4088
Signaling by NOTCH	5691	6907	5692	3013	102	388585	8349	26960	22938	2173	182	409	5087	57690	5682	4192	1272	5713	9611	6487	3516	6400	4855	489	6500	4242	5584	4343	192670	23129	7316	3002	5695	10046	3955	7311	10460	128312	4853	55294	23286	8334	5719	2648	26523	92737	595	1999	55766	7979	5702	9978	57534	3725	100996763	4904	23220	171558	9794	55534	8345	1871	79885	192669	1024	2324	488	10014	5686	11060	56983	51548	8331	9734	23112	6868	5664	8788	10013	8340	23509	5663	7091	2033	10213	83933	9861	7090	8348	54567	7089	11047	7027	113878	6233	892	5688	5689	9759	7157	8841	1869	487	6484	1387	55869	10402	27327	7314	5705	3066	5693	84441	83464	8342	8970	8850	4609	23385	5717	3091	100996717	51107	83737	5701	5986	7029	3018	861	5870	54145	2208	79718	8454	5694	10959	28514	27161	5045	388677	5690	5683	3065	2683	142678	474382	4854	9612	8341	6772	5687	7088	9787	23493	5700	1956	5714	23462	94239	4851	5707	8650	1385	51564	8338	5684	5709	5704	408	9148	26508	59	5718	3714	3280	54492	255626	1950	55851	5706	207	3017	7534	85236	5708	1840	4088	5685	10320
Signaling by NOTCH1	6907	83933	3065	55294	7090	54567	7089	102	388585	2648	142678	113878	9612	6233	892	26960	92737	7088	22938	23493	409	182	9759	23462	4851	9978	57534	8841	1272	1387	55869	9611	8650	3516	7314	7311	23220	3066	51564	84441	9794	83464	408	55534	4609	79885	26508	8850	9148	23385	3091	6500	1024	3714	51107	3280	83737	54492	10014	9734	55851	6868	79718	5664	8788	10013	5663	8454	7316	7091	28514	2033	10046	1840
Signaling by NOTCH1 HD Domain Mutants in Cancer	54567	6868	102	57534	142678	9148	4851	7316	6233	28514	3714	54492	7311	182	7314
Signaling by NOTCH1 HD+PEST Domain Mutants in Cancer	6907	83933	3065	55294	54567	102	388585	2648	142678	9612	6233	892	22938	23493	182	9759	23462	4851	9978	57534	8841	1387	55869	9611	3516	7314	51564	3066	84441	9794	83464	55534	9148	4609	79885	26508	8850	23385	6500	1024	3714	51107	3280	54492	10014	9734	55851	6868	79718	5664	7316	10013	5663	8454	28514	2033	10046	7311
Signaling by NOTCH1 PEST Domain Mutants in Cancer	6907	83933	3065	55294	54567	102	388585	2648	142678	9612	6233	892	22938	23493	182	9759	23462	4851	9978	57534	8841	1387	55869	9611	3516	7314	51564	3066	84441	9794	83464	55534	9148	4609	79885	26508	8850	23385	6500	1024	3714	51107	3280	54492	10014	9734	55851	6868	79718	5664	7316	10013	5663	8454	28514	2033	10046	7311
Signaling by NOTCH1 in Cancer	6907	83933	3065	55294	54567	102	388585	2648	142678	9612	6233	892	22938	23493	182	9759	23462	4851	9978	57534	8841	1387	55869	9611	3516	7314	51564	3066	84441	9794	83464	55534	9148	4609	79885	26508	8850	23385	6500	1024	3714	51107	3280	54492	10014	9734	55851	6868	79718	5664	7316	10013	5663	8454	28514	2033	10046	7311
Signaling by NOTCH1 t(7;9)(NOTCH1 M1580 K2555) Translocation Mutant	54567	6868	102	4851	28514	3714	182
Signaling by NOTCH2	4853	54567	102	388585	142678	6233	182	4192	57534	1272	100996763	1385	3516	7314	84441	9794	83464	55534	9148	23385	100996717	3714	3280	51107	54492	2208	55851	7316	5664	5663	3002	28514	2033	388677	10046	7311
Signaling by NOTCH3	10460	23286	54567	102	388585	2648	142678	4854	6233	6772	22938	9787	2173	182	23493	5087	1956	23462	4851	57534	1387	4904	3516	7314	84441	9794	83464	55534	9148	26508	8850	23385	3714	3280	51107	54492	11060	1950	55851	23129	7316	5664	5663	28514	2033	10046	7311	171558	10320
Signaling by NOTCH4	5691	10460	5683	4853	5692	55294	5719	9861	54567	102	11047	388585	2648	6233	5687	5688	5708	22938	182	23493	5700	5689	5682	5714	23462	7979	4851	5702	5707	9978	5713	1387	3516	7314	5705	5693	5684	84441	5704	5709	9794	83464	55534	4855	8850	59	23385	5717	6500	5718	3280	51107	2324	5701	5686	55851	7316	5664	5706	5663	8454	207	5694	2033	7534	5690	10046	5695	10213	7311	4088	5685
Signaling by NTRK1 (TRKA)	5604	5607	4914	6236	8851	5594	387	7018	2354	6196	6714	6195	10221	4664	3397	6300	9261	6446	6014	160	1848	7425	6774	1399	9252	1432	117	6456	3398	5898	5598	5900	6722	5528	116	4066	10818	1020	51231	5296	3399	25759	4665	1213	5600	57498	4915	5519	1959	6464	2033	1845	5291	4803	673	2002	6457	6938	4208	1846	8061	1958	4205	429	163	3845	4893	1173	7166	1961	3726	53358	466	8660	5335	161	6197	1386	3400	1785	5515	2353	1759	3265	1849	1175	1108	1960	3667	5605	26052	5290	23237	5603	5595	3727	5516	1385	4209	5518	2885	5295	5978	135	7529	7867	1211	10126	6016	8941	5899	2889	5906	1398	6654
Signaling by NTRK2 (TRKB)	2549	627	10818	8851	1020	6714	5290	3845	2904	2885	5295	4908	5335	5781	4915	4909	7074	1795	6464	5879	6654	10817	6035	4893	3265	2534
Signaling by NTRK3 (TRKC)	2885	581	5295	5802	4908	4893	3845	5335	6464	5800	3667	5290	25920	3265	6714	4916	6654
Signaling by NTRKs	5604	5607	4914	6236	8851	5594	387	7018	2354	6196	6714	6195	10221	4664	3397	6300	9261	6446	4908	6014	160	1848	7425	6774	1399	9252	1432	5879	117	6456	6035	3398	5898	5598	2534	5900	6722	5528	5802	2549	116	4066	627	10818	1020	51231	5296	3399	25759	4665	1213	5600	57498	4915	4909	5519	1959	6464	2033	1845	5291	673	4803	2002	6457	6938	4208	1846	8061	1958	4205	429	5046	163	3845	4893	1173	7166	1961	3726	53358	466	8660	5335	161	6197	1386	5781	3400	1785	4916	5515	2353	5045	1759	3265	1849	1175	1108	1960	3667	5605	25920	26052	5290	23237	5603	5595	3727	5516	5800	1385	2904	4209	5518	2885	5295	5978	135	5125	7529	7867	1211	10126	6016	8941	7074	5899	581	1795	2889	5906	10817	1398	6654
Signaling by Non-Receptor Tyrosine Kinases	202559	6725	55620	10457	6233	867	387	63916	1956	145957	595	1017	3845	2065	9542	4893	898	27043	3084	7314	9021	7311	2064	10657	2908	9564	9844	2066	5770	2909	120892	116985	6774	3091	3265	5753	1796	1793	10656	5921	10718	6421	1950	5879	7316	685	1027	2069	6035	207	1019	1398	5829	1839
Signaling by Nuclear Receptors	6907	19	858	255324	3013	3320	2100	23028	5241	5430	8349	5439	904	5594	2354	3169	6714	57690	10728	94235	8202	9611	29116	5436	4435	7764	5431	2066	57678	8050	6256	1105	3281	8204	55818	5346	865	54659	4343	5914	340665	2787	4313	192670	2172	1737	2069	2784	2783	2962	2171	10062	2773	2957	2494	128312	6722	596	1655	8334	4316	348	51109	5467	26523	7528	5915	6387	221656	5160	5885	595	55766	112724	1592	54578	3480	347	5296	5170	3725	1903	220	6801	2771	6319	6720	7031	5360	10681	64241	857	8345	2785	9619	64577	2625	192669	801	2782	2874	10499	5166	1381	195814	2791	5481	10123	51523	6464	8331	8648	5161	23112	1027	8340	2194	3838	200845	5434	2033	5437	1839	2002	2790	51764	124	208	23030	7376	10498	3326	8348	157506	10274	7090	2770	10524	4318	1509	6257	5536	5441	57665	2963	5590	3845	4893	5432	2792	8841	2793	8608	8877	5451	346	1387	7514	5438	4846	27327	4314	59345	5164	2958	8644	1386	8342	8970	8850	4602	4609	5163	1382	7039	3276	10170	2289	3018	5916	861	216	7391	54145	79718	5959	685	80820	2353	5440	127	9682	27161	5433	5469	3265	127933	10901	10735	2788	346562	3065	5162	474382	9612	8341	1025	55625	344	340481	1738	54331	5290	1956	8854	374	5595	94239	27329	2309	5435	3727	10000	6908	8503	9166	1385	55970	6667	2099	8338	5295	341	8243	2786	5165	9687	6258	8312	5747	23189	9126	2288	7392	255626	1950	7033	64240	9249	207	126	3017	85236	1071	5105	56603
Signaling by Overexpressed Wild-Type EGFR in Cancer	1956	1950	255324	374	685	2069	7039	1839
Signaling by PDGF	1298	80310	8440	1299	131873	6696	6772	5159	1282	6714	5290	50509	5327	7057	1281	1290	4893	3845	1297	5296	7058	7059	1292	2885	5295	1284	6777	5154	1291	9564	2886	5335	1289	5155	5781	56034	6774	1399	1285	6778	5921	1293	5340	1287	2889	6654	5782	6776	7060	256076	4690	5156	1286	5045	5291	1398	3265	1280
Signaling by PDGFR in Disease	51411	6772	5290	81608	2120	3845	5296	3791	6801	2885	57599	5295	6774	23189	2803	5156	5291	4893	3265	6654
Signaling by PDGFRA Extracellular Domain Mutants	2885	5295	3845	5296	5156	6772	6774	5291	4893	3265	5290	6654
Signaling by PDGFRA Transmembrane, Juxtamembrane and Kinase Domain Mutants	2885	5295	3845	5296	5156	6772	6774	5291	4893	3265	5290	6654
Signaling by PTK6	202559	6725	55620	10457	6233	867	387	63916	1956	145957	595	1017	3845	2065	9542	4893	898	27043	3084	7314	9021	7311	2064	10657	2908	9564	9844	2066	5770	2909	120892	116985	6774	3091	3265	5753	1796	1793	10656	5921	10718	6421	1950	5879	7316	685	1027	2069	6035	207	1019	1398	5829	1839
Signaling by RAF1 Mutants	1445	5604	71	10256	5605	5594	3690	4140	6714	3674	409	2243	283455	5595	816	4893	3845	3717	815	2244	54518	2266	7450	8844	7529	408	817	801	7094	7414	5894	5908	8826	60	818	2335	5906	369	673	3265	22866
Signaling by RAS Mutants	1445	5604	8315	71	10256	5037	5605	5594	4296	3690	4140	6714	3674	409	2243	283455	5595	816	4893	3845	3717	815	2244	54518	2266	7450	8844	7529	408	817	801	7094	7414	5894	5908	8826	60	818	2335	5245	5906	369	673	3265	22866
Signaling by RNF43 Mutants	8325	54894	8322	8323	4040	89780	7855	4041
Signaling by ROBO Receptors	5691	5692	51466	6191	9775	6129	2935	27	6169	140032	6168	22794	387	6142	6714	4753	7852	5682	5576	5568	6122	9045	6138	5713	4116	22916	6207	3670	6130	6921	57144	5062	64221	51121	9901	6181	6187	5566	10487	9349	23708	10486	5879	7316	6035	6206	4690	5695	140801	5578	7311	57522	6188	5719	25	6173	6224	6194	6155	6217	6387	6160	9355	6202	5702	9978	7979	4686	6223	5567	6166	6218	9423	998	55740	3921	5216	26986	6171	6134	6164	6139	5686	6147	10298	9353	10213	5058	6230	8861	6156	9861	5063	5217	6128	8440	11047	6135	6133	6192	2107	6233	5688	5708	6585	6123	6228	5689	7408	9939	6132	6234	6158	26019	6165	7314	5705	5693	6231	6167	6159	23380	6176	2197	5717	6193	6203	6229	1605	23122	4736	5701	25873	6208	23767	10921	6092	1287	6222	6655	5694	6205	6137	5690	6144	6175	3199	5683	89884	5532	55110	11224	51065	6232	6141	6201	6189	8829	2817	5687	6209	6923	106821730	6227	6235	5700	200916	6586	23032	5714	5707	6161	4650	6210	23332	6204	6146	65110	6152	5684	5709	5704	23521	6124	6091	8022	6136	5718	56956	6157	8453	65109	6125	80728	116832	23053	5706	6143	9495	6154	6170	1981	1630	4440	5685	6654
Signaling by Receptor Tyrosine Kinases	3320	5439	245972	7018	9146	2242	4664	8874	2246	9611	1292	4908	5062	5154	8651	9564	64223	5753	55914	6778	4486	1432	2335	2069	117	6456	10755	30011	5898	5900	527	5528	2549	80310	23545	8074	3690	3730	143282	2560	3399	8822	9365	3710	5600	533	8823	6285	5519	1959	2591	10718	7049	1845	3908	4803	5291	1839	1280	208	3925	5063	57761	6938	2323	6455	429	1509	5159	2241	5441	3912	3915	2963	3845	7166	10076	253260	3084	4846	10019	1729	466	53358	8660	152831	26469	1386	4609	3187	5781	7039	3091	9306	382	10152	2060	23767	5867	26018	5340	5515	5440	4058	1108	8829	6772	4067	26052	558	374	5603	1290	2065	5435	3727	5516	5800	53916	2567	8503	5518	2064	2885	5295	11059	4485	1499	1211	7074	581	2889	4893	84951	5604	4914	5803	8065	8851	54106	387	6714	7057	6195	14	4192	255631	7058	6300	535	4613	5436	1278	639	10312	2562	1215	529	6014	3685	1848	5566	1399	4734	5879	3918	7006	6035	6776	653361	7311	5598	6722	7525	10253	348	4066	2260	1020	5140	9542	1111	4686	2185	5567	50617	857	7422	1289	2264	3708	3910	51741	5664	3249	85301	85440	5434	5058	2255	4208	8061	1958	8440	1299	9475	163	27006	64759	145957	3561	83888	2248	8877	8027	10193	10273	161	1291	6197	83737	60	10413	2670	2353	5156	1742	5433	1759	23191	5580	3065	1175	3643	51072	3667	7424	2247	5290	23237	1956	29924	3082	2887	7409	4689	4209	4670	9047	11140	6016	5747	8941	3675	9296	10817	207	256076	1398	5829	3071	3909	5607	5241	10787	102	6696	30849	2354	10810	2251	54845	5568	10221	22916	7073	6446	2066	1786	5771	2962	4690	1535	3481	10653	1445	1298	5802	9550	3688	627	1003	7072	131873	23163	29126	3185	5289	537	3630	534	3480	5296	5170	5228	84985	4665	51382	51606	1213	6777	2554	2263	801	57498	10254	245973	2324	1793	10048	284217	6464	55845	6868	2249	2250	5663	10458	2033	5437	2002	10252	7423	2475	6457	5581	1495	90423	6233	526	5764	5327	8038	4688	5590	161742	1961	8841	23769	3726	3914	3066	3400	155066	1785	127124	51107	2254	10750	4916	5921	238	1293	685	8817	5045	3416	10188	1849	81610	7410	4233	5605	80004	1281	528	5774	10000	1385	2321	9844	5770	7867	8569	9402	4145	55851	5782	5795	10768	6654	71	255324	3709	6236	5430	5777	5594	6196	9982	63916	222584	3717	3397	3791	9261	1284	5431	8992	160	11033	7425	6774	9252	3281	1536	3913	3815	3673	3932	7316	2261	8936	3398	5578	55824	5792	9965	2534	5579	116	10818	2277	200958	55615	6387	55879	117145	51231	7059	10163	10603	25759	9101	1447	23118	998	3178	5155	4915	6461	4909	3083	5725	3718	200734	673	23768	1846	4318	4205	867	5046	25942	50509	58513	1301	1500	5432	1173	1297	5438	7314	2566	2253	5335	83464	2886	2561	6692	23385	56034	23543	10451	3479	1285	8828	1287	7060	1277	10608	1286	3265	523	26999	1960	5796	3911	2322	1282	25920	8471	5595	57610	6678	525	2904	2099	10006	5978	135	5125	1302	7529	79109	10126	9846	6093	8483	5899	5908	1950	1795	53834	4254	5906	26281	3728	2252	10319
Signaling by Retinoic Acid	124	5162	157506	51109	5467	1738	6257	5915	5160	57665	8854	112724	1592	8608	220	5164	8644	8050	5165	6256	1381	64577	1382	5163	5166	6258	195814	10170	5916	5914	340665	216	5161	5959	1737	9249	126	127	2171	56603	10901
Signaling by Rho GTPases	8776	139818	3320	3013	26084	10811	9146	2245	9352	221472	140735	9710	3183	394	8874	23616	224	5062	1969	55914	200894	57572	1432	6249	23421	3799	115557	23002	4649	6793	79834	57569	399693	10971	1063	9748	9824	5528	51138	1780	9183	343578	3798	30851	399	117289	81930	64946	10094	94274	10602	10381	55227	29127	9855	84612	83540	10928	5600	128239	10109	9815	11130	5519	7984	11060	26286	64333	7919	4659	7454	392	54509	114793	28964	5063	8348	5217	55968	4001	1894	10652	6510	11214	4296	2319	347688	23279	50508	57082	79980	8976	999	1729	7170	11135	55075	5337	8970	79861	27316	157769	54820	10152	79658	8826	55200	22852	10211	9459	5515	2810	1828	4771	58504	27289	10096	7037	701	7112	29766	94239	10788	79902	5516	2697	995	9322	23344	57584	8503	348235	26050	2491	2885	8338	5518	5295	79784	7533	91687	2017	23263	29984	151246	11075	1499	92799	9590	7074	64283	6711	3895	26092	3984	1362	8773	2889	91544	9828	9793	85236	1152	57551	4810	5903	148170	57405	23028	89953	124056	7532	3336	387	55240	6714	56990	151648	57636	120	128272	57514	54443	6453	4928	51133	79598	3954	64857	9938	9754	5879	23129	6280	9639	3796	6035	653361	57381	57522	6722	57473	25963	89846	2040	91010	152273	613	2185	64130	3998	147179	23074	7415	25791	5501	7431	857	9184	8345	23580	116985	4168	991	347733	8331	143872	1027	57480	6709	10298	85440	5058	9217	6434	8440	10160	55789	9475	51306	9886	908	79869	8027	70	1730	79822	80152	55219	9732	9235	11004	51807	116984	9528	8342	10383	9411	4162	7171	398	9318	9462	23122	201176	8239	60	6655	22899	9743	1742	50650	9231	6472	10250	6811	23191	5580	65124	80086	84986	23141	8341	11329	51517	2802	5290	354	57216	7278	388	10092	23221	4650	89839	1829	7409	4689	8452	8153	1778	94240	5526	93663	81929	101059918	100527963	401541	5924	11140	11113	5747	4660	7535	9738	158747	10817	1857	5585	9181	10097	3017	57679	10505	9735	3071	25894	10787	7846	8349	50855	30849	10810	26230	55971	54514	55839	5880	55004	10093	51347	832	260334	4646	57144	9901	1627	8997	29	5586	6242	5300	84364	695	58480	7444	27145	23075	10095	23348	4690	1535	90627	153478	10134	1445	57580	8334	3688	390	25	23229	1123	57591	3831	1124	81624	4638	114822	6279	7456	9826	91452	56667	5289	10963	286205	23048	55766	7280	537	51479	55717	10395	5296	5170	50619	115703	79172	8086	1213	2909	10672	5216	391	23370	85360	10499	801	57498	55920	10254	1793	51143	64411	5048	23081	84617	55845	8340	10458	147700	124540	57120	26030	11188	7879	54763	29843	10398	1832	1495	55701	752	55843	23197	1080	4085	4628	3619	4688	5590	84904	1794	7514	81565	55704	257106	84681	54438	5364	699	57630	7126	8654	10382	27237	1856	1855	54145	445582	2873	26049	81839	55055	50649	397	5881	55023	54821	9578	7410	23513	8476	6232	123720	23526	51291	8379	80005	5527	22865	80776	367	9138	4722	22919	332	23013	1781	4221	10276	1783	255626	10574	4637	10576	3817	10376	55114	8301	55831	7534	220134	3985	6654	11180	71	2010	51466	57449	23779	29062	81027	27	124997	9912	396	5594	5756	23365	22800	84144	182	63916	1058	222584	80115	55852	23092	85415	10552	10144	29941	79180	103910	3163	395	55619	50618	1536	83478	3930	3932	10403	9212	8936	5578	25936	128312	6396	5579	1062	10818	253959	147841	8655	4983	9341	87	10163	10726	54908	4580	221178	998	10409	10970	144402	64837	112714	4952	114885	4548	7277	5338	5525	56254	2316	79003	65992	5099	393	171177	347902	79019	3326	348995	9928	8502	25909	55160	1072	79023	5529	55166	55746	708	5783	23256	121512	25813	7204	84790	23380	2886	5500	4627	10451	54874	55143	3018	79682	84643	27035	80243	9414	1060	57579	389	5825	5930	26999	57122	474382	5347	10424	106821730	9055	4698	5595	5905	81704	143098	10979	23592	23332	64105	23433	10006	23268	1629	8987	51566	667	644150	94134	7529	10435	253980	4629	6093	5361	80728	1795	9644	3728	7531	84033	9497
Signaling by Rho GTPases, Miro GTPases and RHOBTB3	8776	139818	3320	3013	26084	10811	9146	2245	9352	221472	140735	9710	3183	394	8874	23616	224	5062	1969	55914	200894	57572	1432	6249	23421	3799	115557	23002	4649	6793	79834	57569	399693	10971	1063	9748	9824	5528	51138	1780	9183	343578	3798	30851	399	117289	81930	64946	10094	94274	10602	10381	55227	29127	9855	84612	83540	10928	5600	128239	10109	9815	11130	5519	7984	11060	26286	64333	7919	4659	7454	392	54509	114793	28964	5063	8348	5217	55968	4001	1894	10652	6510	11214	4296	2319	347688	23279	50508	57082	79980	8976	999	1729	7170	11135	55075	5337	8970	79861	27316	157769	66008	54820	10152	79658	8826	55200	22852	10211	9459	5515	2810	1828	4771	58504	27289	10096	7037	701	7112	5910	29766	94239	10788	79902	5516	2697	995	9322	23344	57584	8503	348235	26050	2491	2885	8338	5518	5295	79784	7533	91687	2017	23263	29984	151246	11075	1499	92799	9590	7074	64283	6711	3895	26092	3984	22906	1362	8773	2889	91544	9828	9793	85236	1152	57551	4810	5903	148170	57405	23028	89953	124056	7532	3336	55669	387	55240	6714	56990	151648	57636	120	898	128272	57514	54443	6453	4928	51133	79598	3954	64857	9938	9754	5879	23129	6280	9639	3796	6035	653361	57381	57522	6722	57473	25963	89846	51209	2040	91010	152273	613	2185	64130	3998	147179	23074	7415	25791	5501	7431	857	9184	8345	23580	116985	4168	991	347733	8331	143872	1027	57480	6709	10298	85440	5058	9217	6434	8440	10160	55789	9475	51306	9886	908	79869	8027	70	1730	79822	80152	55219	9732	9235	11004	51807	116984	9528	8342	10383	9411	4162	7171	398	9318	9462	23122	201176	8239	60	6655	22899	9743	1742	50650	9231	6472	10250	6811	23191	5580	65124	80086	84986	23141	8341	11329	51517	2802	5290	354	57216	7278	388	10092	23221	4650	89839	1829	7409	4689	8452	8153	1778	94240	5526	93663	81929	101059918	100527963	401541	5924	11140	11113	5747	4660	7535	9738	158747	10817	1857	5585	9181	10097	3017	57679	10505	9735	3071	25894	10787	7846	8349	50855	30849	10810	26230	55971	54514	55839	5880	55004	10093	51347	832	260334	4646	57144	9901	1627	8997	29	5586	6242	5300	84364	695	58480	7444	27145	23075	10095	23348	4690	1535	90627	153478	10134	1445	57580	8334	3688	390	25	23229	1123	57591	3831	1124	81624	4638	80179	114822	6279	7456	9826	91452	56667	5289	10963	286205	23048	55766	7280	537	51479	55717	10395	5296	9367	5170	50619	115703	79172	8086	1213	2909	10672	5216	391	23370	85360	10499	801	57498	55920	10254	1793	51143	64411	5048	23081	84617	55845	8340	10458	147700	124540	57120	26030	11188	7879	54763	29843	3363	1832	1495	55701	752	10398	55843	23197	1080	4085	4628	3619	4688	5590	84904	1794	7514	81565	55704	257106	84681	54438	5364	699	57630	7126	8654	10382	27237	1856	1855	54145	445582	2873	26049	10226	81839	50649	55055	397	5881	55023	54821	9578	7410	23513	8476	6232	123720	23526	51291	8379	80005	5527	22865	80776	367	9138	4722	22919	332	23013	1781	4221	10276	55288	1783	255626	10574	4637	10576	3817	10376	55114	8301	55831	7534	220134	3985	6654	11180	71	2010	51466	57449	23779	29062	81027	27	124997	89941	9912	396	5594	5756	23365	22800	84144	182	63916	1058	222584	80115	55852	23092	85415	10552	10144	29941	79180	103910	3163	395	55619	50618	1536	83478	3930	3932	10403	9212	8936	5578	25936	128312	6396	5579	1062	10818	253959	147841	8655	4983	9341	87	10163	10726	54908	4580	221178	998	10409	10970	144402	64837	112714	4952	114885	4548	7277	5338	5525	56254	2316	79003	65992	5099	9927	393	171177	347902	79019	3326	348995	9928	7428	8502	25909	55160	1072	79023	5529	55166	55746	708	5783	23256	121512	25813	7204	84790	23380	2886	5500	4627	10451	54874	55143	3018	79682	22836	84643	27035	80243	9414	1060	57579	389	5825	5930	26999	57122	474382	5347	10424	106821730	9055	4698	5595	5905	81704	143098	10979	23592	23332	64105	23433	10006	23268	1629	8987	51566	667	644150	94134	7529	10435	253980	4629	6093	5361	80728	1795	10489	9644	3728	7531	84033	9497
Signaling by SCF-KIT	7525	4318	6772	867	5777	4067	2241	6714	5290	2242	3845	3717	10076	2887	5296	1111	7409	8503	10603	10019	2885	5295	6777	1215	8651	5578	2886	5781	9846	6774	9306	10750	9402	3815	5879	3932	4254	6654	6776	7006	6035	4893	3265	2534
Signaling by TGF-beta Receptor Complex	50855	904	5594	387	22938	5054	56937	3696	9611	1278	4089	3685	2280	3693	4738	6498	50848	23645	4054	7316	2200	7048	7311	9110	3688	9040	54778	905	3690	29761	3694	7050	4092	7323	4904	5501	8425	25937	23370	1024	8516	56288	142	7049	2033	1030	60436	4087	1874	7040	7027	6233	867	892	57154	57530	5590	7514	25805	64750	3726	7042	10273	5499	7314	5494	4609	4053	5500	4052	7321	8239	7029	11171	5045	3065	7043	5933	9612	51592	1025	6772	23439	5595	51377	6667	4221	8812	7046	1875	9372	6497	4088	23327
Signaling by TGF-beta Receptor Complex in Cancer	4089	4087	7046	7040	2280	9372	7048	4088
Signaling by TGFB Family Members	268	4093	50855	904	5594	387	22938	57690	409	3625	5054	56937	6925	9350	3696	4613	1278	9611	4089	3685	6256	2280	3693	4738	92	6498	4654	4343	5914	50848	23645	10589	4054	192670	7316	2200	94	10755	7048	2658	7311	4618	9110	3688	4656	9040	4090	54778	905	26523	3690	29761	10272	9765	3694	7050	4092	7323	4904	5501	8425	658	9241	4325	25937	23370	192669	1024	3623	8516	56288	142	23112	7049	7077	5664	5663	659	2033	1030	60436	4087	1874	6938	7040	7027	6233	867	892	57154	57530	91851	5590	269	7514	25805	64750	3726	7042	10273	5499	27327	7314	6929	5494	83464	11167	4609	4053	23385	5500	4052	657	51107	91	7321	8239	7029	83855	11171	27161	5045	3065	7043	7076	5933	9612	51592	1025	6772	93	2247	23439	5595	23327	4091	64388	51377	8928	6667	4221	8812	7046	408	4086	650	10468	3070	4617	1875	27302	55851	4323	9372	6497	130399	4088	3624
Signaling by TGFBR3	4618	6938	4656	7040	7076	26523	2247	57690	409	6925	4613	7042	27327	6667	6929	4089	7046	4325	83464	408	6256	23385	192669	3070	92	51107	3623	4654	4617	4343	5914	23112	83855	192670	55851	7049	4323	5664	7077	5663	10755	7048	27161	2033	4088	3624
Signaling by Type 1 Insulin-like Growth Factor 1 Receptor (IGF1R)	208	57761	2255	2549	2323	3667	10818	2260	2322	8074	54106	30849	5140	2247	27006	2251	5290	8471	5289	3845	117145	2248	3480	5296	5170	2246	8822	9365	2885	5295	8660	152831	2253	2263	5781	8823	9846	2264	3479	2254	8483	6464	2249	26281	2250	8817	2261	5291	3481	4893	3265	2252	9965	6654
Signaling by VEGF	3071	71	3320	3709	10787	387	10810	6714	63916	5568	14	3791	6300	9261	5062	9564	3685	5566	3281	64223	1536	1432	5879	6035	4690	8936	1535	5578	653361	2534	5579	1003	2277	55615	3690	117145	5296	5170	10163	5228	2185	5567	25759	3710	998	5600	857	7422	801	3708	2324	6461	1793	55845	10458	5058	5291	208	7423	2475	5063	57761	1495	8440	9475	4688	1500	5590	3845	8877	253260	4846	5335	10451	8828	5921	10152	60	1398	3265	5580	23191	7410	26999	7424	8829	558	5290	5603	10000	7409	4689	10006	5295	9047	2321	9844	1499	7867	79109	5747	6093	207	3728	10768	4893	5829
Signaling by WNT	5691	5692	3709	7479	3013	83999	1459	8349	50855	9559	8724	5534	387	59352	6597	6662	80351	57690	409	8325	5148	5682	94235	5880	6925	84870	5713	79577	23236	6932	8322	160	55366	6500	27123	340419	283149	4343	54894	5158	2787	8395	192670	5879	7316	4040	2784	23002	2783	10023	6035	55737	7472	5695	5578	7311	8290	8295	128312	5528	7476	5579	8334	5719	2780	7471	26523	50964	54361	5330	25776	123169	4772	5582	55766	23072	7979	5702	9978	607	51384	7473	7474	5593	51339	1487	9101	3710	2775	1213	857	5216	8345	2785	192669	801	1212	2782	3708	5519	2791	5686	1460	23112	81029	23401	8321	8331	5525	8340	6657	89780	1452	9070	6658	2033	10213	7091	51764	2790	208	8549	7484	9861	8085	8348	7090	7089	2932	6422	11047	1457	10524	79971	6233	64321	5688	57680	440193	4920	57154	7481	163	5689	6934	5529	6659	3845	1173	56998	2792	815	7475	2793	7514	6259	1387	64750	5530	79412	27327	144165	59345	7314	5705	5693	50999	139285	161	8323	8342	8970	4609	5717	6736	83439	5331	7015	1856	5701	3018	864	1855	54145	90780	80326	6885	324	2535	5515	8454	5694	8945	27161	51701	5690	5881	6423	11197	1454	80319	5683	2788	3065	5532	1175	23513	8658	7477	51176	474382	1488	8341	7483	5687	7088	22943	5527	4041	54331	7478	5700	1455	57216	5145	5714	94239	5707	59349	5516	26108	4919	7855	8452	5526	55553	7976	55970	81847	51699	5518	8338	4221	8607	5684	5709	5704	2786	9580	1499	1211	27121	9736	5592	83595	8312	5718	284654	7480	331	84133	7482	255626	8313	343637	166	5706	54764	1857	8324	207	64840	3017	7534	85236	5708	5929	10681	5685
Signaling by WNT in Cancer	5528	8658	2932	83999	1488	22943	5527	4041	80351	8325	6934	5529	5516	7855	5526	79412	1487	5518	8322	139285	8323	1499	27121	8312	27123	5519	54894	324	5525	4040	5515	64840	89780	1452
Signaling by Activated Point Mutants of FGFR1	2253	2249	26281	2250	2260	8074	2246	8822	2254	2247	2251
Signaling by Activated Point Mutants of FGFR3	2253	2249	26281	2250	8817	8823	8074	2261	2246	8822	2254	2247
Signaling by Cytosolic FGFR1 Fusion Mutants	2885	11116	5295	6777	1523	11052	11064	5290	6772	9846	399687	6774	6776	613	26127	8805	7750	9208
Signaling by High-Kinase Activity BRAF Mutants	1445	5604	71	10256	5037	5605	5594	3690	4140	6714	3674	409	2243	283455	5595	3845	4893	2244	54518	2266	7450	8844	7529	408	7094	7414	5894	5908	8826	60	2335	5906	369	673	3265	22866
Signaling by Membrane-Tethered Fusions of PDGFRA or PDGFRB	2120	51411	2803	3791	23189
Signaling by Moderate Kinase Activity BRAF Mutants	1445	5604	8315	71	10256	5037	5605	5594	4296	3690	4140	6714	3674	409	2243	283455	5595	816	4893	3845	3717	815	2244	54518	2266	7450	8844	7529	408	817	801	7094	7414	5894	5908	8826	60	818	2335	5245	5906	369	673	3265	22866
Signaling by Phosphorylated Juxtamembrane, Extracellular and Kinase Domain KIT Mutants	7525	6772	4067	6714	5290	3845	4893	3717	5296	8503	2885	5295	6777	6774	3815	3932	2534	6776	3265	6654
Signaling by the B Cell Receptor (BCR)	5691	4773	5692	3709	80228	5777	5534	6850	5682	118788	4792	5713	29760	4775	2280	6500	695	7316	640	4690	10125	5695	30011	7311	2534	974	5579	5719	4794	10892	4772	27071	7979	5702	5478	5970	6786	3710	801	3708	23291	5686	10213	5293	9861	11047	84876	6233	5688	5689	8517	3845	4893	7220	5530	4793	7314	930	84433	5705	5693	5336	933	5717	8915	5701	6885	8454	5694	8945	5690	3551	3265	5683	5532	5687	5966	4067	5700	5714	1147	5707	7409	2885	5295	5684	5709	5704	25780	973	5718	5706	10768	5708	4790	5685	6654
Signaling Downstream of RAS Mutants	1445	5604	8315	71	10256	5037	5605	5594	4296	3690	4140	6714	3674	409	2243	283455	5595	816	4893	3845	3717	815	2244	54518	2266	7450	8844	7529	408	817	801	7094	7414	5894	5908	8826	60	818	2335	5245	5906	369	673	3265	22866
Signalling to ERKs	5900	5604	4914	10818	673	5605	5594	6714	4803	5603	5595	3845	4893	6300	25759	53358	9261	2885	5600	6014	7529	7867	6016	57498	1399	5899	1432	6464	2889	5906	1398	3265	5898	6654
Signalling to RAS	5900	4914	6714	4803	5603	3845	6300	25759	53358	9261	2885	5600	7867	5899	1432	6464	4893	3265	5898	6654
Signalling to P38 via RIT and RIN	4803	4914	6014	6016	673
Small Interfering RNA (siRNA) Biogenesis	7247	7257	192670	23405	26523	192669	27161	6895	8575
Smooth Muscle Contraction	7168	8913	302	8912	58498	10398	493829	8911	4638	10174	7169	29895	301	217	10580	103910	72	7170	10627	5062	140465	3693	93408	59	800	801	4636	8654	4629	309	7094	7171	7414	4637	3672	8291	25802	5058	859	2977	5829
Sodium-coupled Phosphate Cotransporters	10568	142680	6575	6574	6569
Sodium-coupled Sulphate, Di- and Tri-Carboxylate Transporters	9058	64849	284111	26266	6561
Sodium Calcium Exchangers	9187	6543	6547	283652	6717	6546	25769	57419	123041	801	80024
Sodium Proton Exchangers	10479	23315	285195	389015	6553	6550	6548	84679	6549
Somitogenesis	5691	5683	5692	145873	5719	9861	51176	11047	5687	5688	5700	5689	5682	5714	7979	4851	5702	5707	134701	5713	3516	343930	5705	5693	5684	5709	5704	1499	6911	5717	10683	5718	2043	5701	5686	84667	5706	5694	28514	10213	5695	5690	5708	3955	5685
Specification of Primordial Germ Cells	8320	639	7852	9139	10630	7022	64321	342977	79923	652	54790
Specification of the Neural Plate Border	7021	2637	5077	2249	4487	1499	7022	6657	4602	89780	1749	83439	7020	652	7545	5081
Sperm Motility And Taxes	378807	117155	257062	84329	347732	117144	157855	57828	79820
Sphingolipid Catabolism	8612	224	340485	125981	130367	221	8611	8879	81537	222	8613	55331
Sphingolipid De Novo Biosynthesis	9217	55304	23683	124976	8560	29956	9429	79603	1455	166929	94103	80777	388931	8877	9517	253782	56848	10715	91012	9218	25865	79152	142891	94101	171546	2531	10558	5587	259230	165679	123099	151742	4363	5007	10087	204219	29095
Sphingolipid Metabolism	411	124976	285362	8879	2523	29906	80777	2629	6610	253782	6487	10715	9334	9218	224	25865	171546	125981	89944	3074	259230	112937	84002	30815	8705	8611	347527	4074	81537	222	29095	25870	23683	6609	55627	340075	9517	56848	427	81849	8613	4759	94101	9331	6483	416	79642	9217	55304	8560	7357	94103	8877	221	64781	91012	5660	410	142891	57704	2531	2760	123099	2524	339221	56624	4363	5007	22901	2717	415	4758	55512	3073	7368	153642	10825	412	29956	2583	8869	9429	79603	1455	166929	388931	79411	9514	130367	129807	8612	5476	79152	340485	2581	57733	414	2720	10558	5587	53947	151742	8706	10087	204219	165679	55331
Spry Regulation of FGF Signaling	2885	5518	5595	10253	7316	5516	5515	6233	5781	867	8569	5594	673	7311	6714	7314
Stabilization of P53	4194	5691	5683	5692	9861	5719	472	11047	6233	64326	5687	5688	5700	5689	7157	5682	5714	7979	51230	5702	5707	5713	7314	5705	5693	5684	5709	5704	1029	5717	4193	5718	5701	11200	5686	7316	5706	5694	10213	5695	5690	5708	7311	5685
Stimuli-sensing Channels	121601	162514	80727	80036	7223	65125	55107	1185	1180	7222	65268	1181	219931	51393	844	65267	1182	6446	8737	8989	7226	6263	161003	203859	7316	23678	7311	55515	144453	6338	54831	10110	54822	1183	10786	57101	266675	63982	57719	2040	79054	444	55129	7225	29850	1186	65266	284525	338440	26133	801	6337	54795	7442	6233	285175	55503	6340	1184	57578	2281	59341	7220	1179	57192	1187	6261	7314	140803	56302	55283	1831	11035	5894	53373	22802	50636	41	197259	259232	1188	10345	4308	9311	150159	94015	285335	9635	6717	6339	7809	40	57113	845	7224	57348	11059	133308	196527	28962	1193	255231	6262	51802	23327	7439
Striated Muscle Contraction	7168	4606	7138	7136	4624	7273	4621	1674	7137	29766	4607	7125	7169	29765	1756	4632	7140	4703	89	4634	29767	4604	70	8557	4626	7170	7431	7171	7111	7135	4633	7134	4635	88	7139	58
Sulfide Oxidation to Sulfate	6821	1468	100131187	7263	23474
Sulfur Amino Acid Metabolism	51380	25828	635	84245	4143	191	100131187	55256	6821	4552	1491	4357	339896	7263	2326	102724560	23474	58478	4548	1036	2806	23743	4507	2805	51074	1468	84890
Suppression of Apoptosis	5987	6421	57674	5595	2931	5524	1511	5594
Suppression of Phagosomal Maturation	3836	11151	3837	51606	5868	7316	5524	6233	4843	26276	9146	7879	7311	7314
Surfactant Metabolism	136	7270	51201	152	29080	5222	21	5029	221395	6441	150	135	29995	643847	1755	10970	1439	1438	9476	1512	6439	653509	2627	10568	6440	643834	729238	6569
Switching of Origins to a Post-Replicative State	5691	5692	8900	81620	4173	5682	898	5713	51529	6500	4999	10393	990	7316	51053	5695	6502	7311	25906	5719	4172	23595	1017	7979	5702	9978	890	8881	64682	246184	996	5686	10213	9861	11047	6233	5688	5689	11065	4174	4171	4998	119504	7314	5705	5693	5000	9134	5717	7321	5701	51433	8454	5694	5690	5683	51343	8697	23594	5687	5700	5714	5707	27338	7324	51434	5684	5709	5704	29882	4175	5718	4176	29945	84515	5706	5708	5685	5001
Synaptic Adhesion-Like Molecules	57497	5802	2892	10313	2906	2890	78999	2319	5789	1741	57622	2893	2905	2904	2903	79414	10211	1739	1742	5792	2902
Syndecan Interactions	3688	7040	7448	8573	3690	2247	7057	50509	6382	1281	1290	87	3691	1278	3655	6385	3685	1289	3693	3371	51399	3673	1277	2335	6383	5578	9672
Synthesis And Processing Of GAG, GAGPOL Polyproteins	155382	93343	55048	9397	7251	7316	137492	6233	89853	79720	51271	51160	7311	7314
Synthesis of (16-20)-Hydroxyeicosatetraenoic Acids (HETE)	113612	8529	1543	1557	1544	1559	1545	1558	1579
Synthesis of 12-Eicosatetraenoic Acid Derivatives	239	2876	2879	242	246	2877	59344
Synthesis of 15-Eicosatetraenoic Acid Derivatives	247	5743	2876	2879	246	2877
Synthesis of 5-Eicosatetraenoic Acids	241	5444	240	2876	5446	2879	4056	5445	2877
Synthesis of DNA	5691	5692	51659	8900	81620	4173	5682	898	5713	5982	51529	57804	5981	6500	4999	10393	2237	990	3978	8318	7316	51053	5695	56655	6502	7311	25906	84296	10714	5719	4172	23595	5425	1017	7979	5702	9978	890	5985	5111	8881	64682	6118	246184	996	5558	5686	5983	10213	9837	9861	1763	11047	6233	5688	23649	5689	11065	4174	54107	4171	4998	6119	119504	5557	7314	5705	5693	5000	9134	5717	7321	5701	51433	8454	5694	5690	5683	51343	8697	23594	5687	5984	5700	5714	5707	64785	27338	7324	51434	5684	5709	5704	29882	5427	5422	4175	5718	5426	4176	6117	29945	84515	5706	5424	5708	5685	5001
Synthesis of Dolichyl-phosphate	116150	79644	79947	4597	57171	22845
Synthesis of GDP-mannose	4351	5372	5373	29925	29926	3098
Synthesis of IP2, IP, and Ins in the Cytosol	3631	8821	3633	66036	4952	9108	8867	27124	3632	3612	51477	55586	3628	3613
Synthesis of IP3 and IP4 in the Cytosol	5333	23007	3706	5332	5728	5330	3636	51196	84812	3707	8867	23236	3633	5336	5335	122618	27124	801	4952	113026	5331	3635	89869	3705	9651	80271
Synthesis of Ketone Bodies	38	622	54511	3158	79611	65985	3155	56898
Synthesis of Leukotrienes (LT) and Eoxins (EX)	22949	8529	126410	4056	4051	284541	1579	9261	11283	64174	57834	2678	1800	4048	241	2687	4363	240	1580	246
Synthesis of PA	201164	84895	248	8443	5322	150763	64600	81579	84803	2820	374986	200879	100137049	10554	23259	26279	30814	51205	5320	56895	79888	80821	57678	137964	5337	23171	253558	5321	56894	22925	8399	5338	283748	2819	254531	55326	149998	5319	10555
Synthesis of PC	1457	10400	1459	204962	9468	56910	56994	10809	9663	84879	5130	57153	43	23446	1120	126969	79888	1119	58488	64900	162466	1103	1460	171586	23175	590	10390	80736
Synthesis of PE	5833	23175	1120	1119	55224	9663	64850	55500	23761	64900	85465	10390	162466
Synthesis of PG	8760	23646	54935	5338	122618	5337	9489	201164
Synthesis of PI	57605	83394	10423	1040	9600
Synthesis of PIPs at the ER Membrane	22908	55300	8898	6305	5297
Synthesis of PIPs at the Golgi Membrane	5289	5298	7179	377	9896	375	55361	22908	56623	5286	55300	93492	55697	30849	4952	5297	5288	200576
Synthesis of PIPs at the Early Endosome Membrane	8821	3631	5289	9896	9110	22876	54545	54893	55361	55300	8898	5286	4534	55697	30849	200576
Synthesis of PIPs at the Late Endosome Membrane	5289	9110	9896	9108	8898	5286	4534	55697	30849	66036	200576
Synthesis of PIPs at the Plasma Membrane	3631	8776	5728	8897	55613	81846	5286	5287	55300	8394	57664	5288	5290	3636	54477	65977	5296	23533	5783	4534	8503	66036	5305	64419	8867	660	8821	146850	5295	51763	23396	375	59339	27124	9107	84725	8871	4952	5294	3635	5867	5868	8395	79837	51552	55361	8898	5291	80230	22874	59338	8396	5293
Synthesis of Prostaglandins (PG) and Thromboxanes (TX)	10728	5743	5742	5740	8644	6916	27306	3248	80142	145482	127281	9536	1582	873	5730
Synthesis of UDP-N-acetyl-glucosamine	5238	64841	2673	5973	6675	51005	55577	9945
Synthesis of Active Ubiquitin Roles of E1 and E2 Enzymes	7327	997	8078	3093	29089	6233	7332	7326	55284	7319	11065	90268	92912	27338	7324	54926	7314	7328	7320	7347	7874	7321	8239	65264	7322	7316	55236	7317	10477	7311
Synthesis of Bile Acids and Bile Salts	9420	1645	9885	80270	6342	1109	114883	9023	114881	10005	51302	1581	8647	1593	23600	26031	8644	6256	11001	6718	10499	1582	10998	570	8309	3295	114876	8648	114880	5007	10858	9971	1646
Synthesis of Bile Acids and Bile Salts via 24-Hydroxycholesterol	10998	1593	51302	1645	8644	11001	10858	6718	80270	1582	1109	1646	23600
Synthesis of Bile Acids and Bile Salts via 27-Hydroxycholesterol	8648	9420	1645	8644	6256	1581	6718	9971	80270	10499	1582	1109	1646	1593
Synthesis of Bile Acids and Bile Salts via 7Alpha-Hydroxycholesterol	9420	1645	80270	6342	1109	10005	1581	8647	1593	23600	8644	6256	11001	6718	10499	1582	10998	570	8309	3295	8648	9971	1646
Synthesis of diphthamide-EEF2	51611	285381	1938	92715	1801	120526	89978	1802
Synthesis of Epoxy (EET) and Dihydroxyeicosatrienoic Acids (DHET)	1573	1543	1557	1544	2053	1559	1545	1558
Synthesis of Glycosylphosphatidylinositol (GPI)	51227	9488	54965	54872	284098	23556	84992	5277	8818	9487	93183	5283	9091	5281	55650	5279	84720	80235
Synthesis of Pyrophosphates in the Cytosol	9677	55190	23262	11165	3705	117283	64768	11163	170685	9807
Synthesis of Substrates in N-glycan Biosythesis	140838	256281	5238	10825	5373	2762	79947	8813	2673	5973	197258	51005	6480	55577	27090	8869	10610	7264	116150	29906	51046	55343	8818	129807	6484	29880	4597	6487	10402	8128	57171	10020	81849	9945	55907	4759	5476	4351	5372	256435	64841	79644	2720	8790	26503	29925	54344	29926	6483	6489	3098	30815	282969	6482	54187	84620	10559	338596	55808	4758	7903	80896	6675	22845
Synthesis of Very Long-Chain Fatty acyl-CoAs	2180	2181	9200	197322	23305	51703	6785	51495	81616	83401	2182	54898	3047	401494	79993	64834	11000	51144	3293	201562	253017	9524	79071	60481
Synthesis of Wybutosine at G37 of tRNA(Phe)	57570	55039	129450	55253	9836	127253
Synthesis, Secretion, and Deacylation of Ghrelin	5122	2688	3952	90701	28972	9789	3630	1395	2641	23478	43	9314	3479	7349	7941	60559	590	619373	51738
Synthesis, Secretion, and Inactivation of Glucagon-like Peptide-1 (GLP-1)	5122	346562	3952	90701	28972	6934	2922	9789	2641	23478	221044	5080	1045	1499	2864	2782	338557	60559	139760	2784	51764	1803
Synthesis, Secretion, and Inactivation of Glucose-dependent Insulinotropic Polypeptide (GIP)	5122	60559	3670	2626	9789	139760	2695	2864	23478	90701	5080	1803	28972
TAK1-dependent IKK and NF-kappa-B Activation	3656	6283	84166	841	79671	6233	28512	10392	121457	7157	8517	1147	11274	4792	7186	7335	80216	4793	7314	9684	5970	64127	23118	257397	177	7189	8767	6285	9097	3146	92610	10454	28511	7334	351	6885	3654	9683	7316	4791	3551	6288	7311	4790
TBC RABGAPs	9230	23637	27342	23163	84958	64786	9135	81631	55357	5878	51256	8408	51762	54662	128637	414060	7249	338382	374403	83874	11021	4943	11337	5428	7248	382	83452	51560	23062	5867	5870	5868	125058	11345	10133	9363	57465	26088	79735	7879	4218	5869	57533	26000	8766
TCF Dependent Signaling in Response to WNT	5691	5692	7479	3013	83999	1459	8349	59352	6597	6662	80351	8325	5682	6925	84870	5713	79577	6932	8322	55366	27123	340419	283149	54894	8395	7316	4040	10023	5695	7311	8290	8295	128312	5528	5719	8334	7471	50964	54361	25776	123169	55766	23072	7979	5702	9978	607	7473	7474	51339	1487	9101	857	8345	5519	5686	1460	23401	8321	8331	5525	8340	6657	89780	1452	9070	6658	2033	10213	7091	208	8549	9861	8085	8348	7090	7089	2932	6422	11047	1457	10524	6233	64321	5688	57680	440193	5689	6934	5529	6659	56998	7514	6259	1387	64750	79412	7314	5705	5693	139285	8323	8342	8970	4609	5717	6736	83439	7015	1856	5701	3018	864	1855	54145	90780	324	2535	5515	5694	8945	5690	6423	11197	1454	80319	5683	3065	8658	51176	474382	8341	7483	5687	7088	22943	5527	4041	7478	5700	1455	5714	94239	5707	59349	5516	26108	7855	8452	5526	55553	81847	5518	8338	4221	8607	5684	5709	5704	9580	1499	27121	9736	83595	8312	5718	284654	331	84133	255626	8313	343637	5706	1857	207	3017	7534	85236	5708	5929	5685
TCR Signaling	5691	5692	51466	5728	3119	5682	4792	5713	7335	9398	5062	3113	6500	3932	7316	4690	3117	5695	55824	7311	1445	997	5719	3120	10892	3118	915	7979	27040	5702	5296	5170	5970	23118	55740	50852	7189	23291	5686	3635	7334	7454	3123	10213	5058	5291	9861	5063	11047	917	6233	5588	5688	5689	920	7408	8517	26191	916	7314	84433	5693	5705	5336	5335	3702	5717	7321	3122	8915	5701	7322	6885	8454	5694	8945	919	5690	3551	3126	5683	3937	5687	3127	5290	5700	3115	5714	1147	5707	5295	5684	5709	5704	5718	8767	7535	9402	3125	5706	5795	5708	5788	4790	5685
TFAP2 (AP-2) Family Regulates Transcription of Cell Cycle Factors	10765	7022	4609	1026	7020
TFAP2 (AP-2) Family Regulates Transcription of Growth Factors and Their Receptors	1956	2099	2064	7021	29028	3815	1082	7422	7022	7039	7528	7020	1081
TFAP2A Acts as a Transcriptional Repressor During Retinoic Acid Induced Cell Differentiation	4605	3329	4869	4839	7020
TGF-beta Receptor Signaling Activates SMADs	4087	9110	7043	3688	7040	9040	6233	867	3690	57154	29761	56937	7514	3694	51377	25805	4092	3696	64750	7042	10273	5499	7314	5501	8425	4089	7046	3685	2280	3693	4738	4053	5500	4052	8516	23645	4054	7049	7316	2200	9372	11171	7048	5045	7311	4088	23327
TGF-beta Receptor Signaling in EMT (Epithelial to Mesenchymal Transition)	7311	50848	56288	5590	7046	7040	7316	2280	23370	6233	50855	7048	387	57154	57530	7314
TGFBR1 KD Mutants in Cancer	4087	7046	7040	9372	7048	4088
TGFBR3 PTM Regulation	4325	55851	7049	7076	4323	83464	5664	5663	7077	23385	51107
TGFBR3 Expression	4618	6938	4656	26523	57690	6925	4613	27327	6667	6929	4089	6256	192669	3070	4654	4617	4343	5914	23112	83855	192670	7049	2033	27161	4088
TGFBR3 Regulates TGF-beta Signaling	7046	7040	7049	408	10755	7048	7042	409
TICAM1, RIP1-mediated IKK Complex Recruitment	6233	8517	1147	7323	7335	329	7314	330	8737	7189	7321	11035	7322	7334	148022	7316	7098	3551	7311
TICAM1,TRAF6-dependent Induction of TAK1 Complex	10454	23118	257397	6885	148022	7316	6233	7189	7098	7311	7314
TICAM1-dependent Activation of IRF3 IRF7	3661	148022	7316	10133	10010	6233	7187	29110	7098	3665	9641	7311	7314
TLR3-mediated TICAM1-dependent Programmed Cell Death	148022	841	8772	8737	7098	11035
TNF Receptor Superfamily (TNFSF) Members Mediating Non-Canonical NF-kB Pathway	8742	958	9020	959	51330	330	4055	10673	8600	7187	8740	7186	4050	8792	329	115650	4049
TNF Signaling	7124	841	8772	142678	6233	7332	9530	7132	8517	10616	1147	84888	90268	7185	6610	8408	7186	7323	329	10273	8887	1540	9261	7311	56928	7314	7128	10399	23118	8439	257397	330	27005	8737	81858	55072	7375	29110	8837	9641	7321	9825	331	8567	10454	7322	56957	6868	6885	220213	10133	7316	9099	3551	8717	55512	25999
TNFR1-induced NF-kappa-B Signaling Pathway	7124	6233	7132	8517	10616	1147	7185	7186	329	7314	1540	7128	10399	23118	257397	330	27005	8737	81858	55072	7375	9825	331	10454	56957	6885	7316	220213	10133	9099	3551	8717	7311
TNFR1-induced Proapoptotic Signaling	7124	841	8772	142678	7132	10616	7186	329	1540	7128	330	27005	8737	81858	55072	7375	29110	9641	9825	331	56957	220213	10133	9099	8717
TNFR1-mediated Ceramide Production	10399	7124	8439	6610	55512	7132
TNFR2 Non-Canonical NF-kB Pathway	5691	5692	939	5682	5713	330	356	8740	6500	8718	970	7316	51330	5695	7311	8744	5719	7124	9040	115650	4982	7979	5702	8600	7186	4049	128178	944	23291	5686	10213	7292	7133	943	9861	10913	11047	10673	8995	6233	5688	7132	5689	23495	329	7314	1896	5705	5693	5971	9039	5717	4050	7293	60401	5701	8741	9966	4791	4055	8454	5694	8945	8764	5690	958	8784	8742	5683	959	5687	8792	5700	9020	5714	1147	5707	5684	5709	5704	7187	5718	608	3604	8771	5706	5708	5685
TNFs Bind Their Physiological Receptors	10913	10673	8995	939	7133	4982	7132	23495	943	8600	4049	944	128178	1896	356	8740	7293	608	60401	8718	970	3604	8741	9966	8771	7292	8764	8784	8744
TP53 Regulates Metabolic Genes	5728	1347	7532	1339	143686	1350	10325	57690	10542	1329	84701	55004	5564	2821	64223	7001	2744	4343	192670	57103	27244	1337	54541	10971	28956	27165	26523	1349	613227	64121	2936	9997	7249	1327	4697	53632	192669	50484	2877	5562	9167	23112	10670	125965	208	6009	2475	7296	7295	8649	58528	7157	2539	5563	27327	1340	4514	57521	2810	9377	27161	5565	9588	5571	1351	389541	341947	8626	10000	54205	5052	7533	7529	1346	153129	4512	1345	7248	51422	4513	83667	207	7531	7534
TP53 Regulates Transcription of Caspase Activators and Caspases	7161	7157	835	839	472	834	58484	843	317	8626	55367	8738
TP53 Regulates Transcription of Cell Cycle Genes	983	10498	246175	9125	1874	1263	7832	5933	7027	4869	8900	79733	1017	7157	6790	25946	890	898	1869	85456	995	1820	5111	1026	891	4848	23019	5934	57472	4850	4849	9337	9134	1647	55571	28984	29883	144455	3276	57060	10769	7029	25904	581	1027	2810	2033	5325
TP53 Regulates Transcription of Cell Death Genes	7161	1121	839	472	9540	8795	124446	58484	7159	8626	55240	5875	51499	23368	665	3486	7157	604	843	1387	27166	64065	10397	332	8794	835	834	317	84883	55367	5366	27113	94241	637	5876	581	10650	355	8793	147923	63970	8797	8738	79370
TP53 Regulates Transcription of DNA Repair Genes	545	4436	2968	2967	472	4331	6917	5430	5892	1025	905	904	8621	5439	6923	25920	5441	2068	9150	7157	2071	5435	2963	5432	1111	3725	5436	5438	5437	672	6921	8812	51755	5431	6829	9656	11198	404672	1386	51224	8178	902	6924	55215	7469	6749	5395	1022	6827	2966	4292	2177	2176	2962	2353	5440	51497	5434	7936	5433	2965	1643
TP53 Regulates Transcription of Death Receptors and Ligands	23368	3486	7157	7161	355	8793	124446	8797	7159	8626	8795	8794
TP53 Regulates Transcription of Genes Involved in Cytochrome C Release	7161	472	7159	8626	55240	51499	23368	665	7157	27166	1387	84883	5366	27113	94241	637	581	10650	147923	63970
TP53 Regulates Transcription of Genes Involved in G1 Cell Cycle Arrest	79733	1017	7157	25946	890	898	1027	9134	1869	57060	1820	8900	1026	144455
TP53 Regulates Transcription of Genes Involved in G2 Cell Cycle Arrest	983	7157	581	10498	6790	1874	891	5934	5933	7027	25946	2810	995	1647	5111	2033	3276	7029
TP53 Regulates Transcription of Additional Cell Cycle Genes With Uncertain Roles in the P53 Pathway	246175	9125	1263	7832	4869	7157	85456	995	4848	23019	57472	4850	4849	9337	55571	28984	29883	10769	25904	5325
TP53 Regulates Transcription of Cell Death Genes With Uncertain Role in P53-Dependent Apoptosis	23368	7161	7157	5876	1121	604	9540	8626	7159	10397	332	64065	5875	79370
TRAF3-dependent IRF Activation Pathway	3661	7706	64135	23586	7187	1387	80143	2033	29110	57506	3665	3456	9641	89122	84282
TRAF6 Mediated IRF7 Activation	3445	23586	3456	84282	3446	3439	3448	64135	7186	1387	3451	80143	89122	3444	3443	10010	29110	3449	3441	57506	7189	9641	3442	3661	7706	3452	3440	2033	3665
TRAF6 Mediated IRF7 Activation in TLR7 8 or 9 Signaling	7334	51284	3654	7316	51135	7314	6233	7335	54106	7189	3665	7311	4615
TRAF6 Mediated NF-kB Activation	6283	23586	28512	84282	8517	1147	4792	64135	7186	89122	4214	4793	5970	7189	57506	6285	3146	28511	351	7706	4791	177	6288	4790	3551
TRAF6 Mediated Induction of NFkB and MAP Kinases Upon TLR7 8 or 9 Activation	5604	841	54106	5594	6196	121457	6195	51284	11274	4792	7335	9261	257397	1848	5601	6500	9252	92610	1432	10454	7316	6416	6288	7311	80216	5606	5598	6283	5528	84166	10392	51231	7186	3725	57162	23643	9684	5970	23118	5600	51135	7189	23291	6285	9097	5519	57161	7334	351	148022	1845	177	2002	5599	4208	1846	79671	6233	4205	5609	28512	4615	7157	8517	79155	4214	4793	51295	7314	466	6197	1386	5602	7099	3146	28511	6885	3654	4791	5515	8454	2353	8945	3551	1849	3656	246330	5595	1147	5516	1385	5518	64127	5608	7867	8767	929	9683	100302736	1326	4790
TRAF6-mediated Induction of TAK1 Complex Within TLR4 Complex	929	3656	10454	23118	257397	6885	148022	23098	100302736	7316	6233	7189	7099	7311	7314	23643
TRAIL Signaling	8793	841	8772	843	8743	8797	8837	8795
TRIF (TICAM1)-mediated TLR4 Signaling	5604	841	5594	6196	121457	6195	11274	4792	7335	9261	257397	330	8737	1848	5601	6500	9252	9641	92610	1432	10454	7316	6416	6288	5606	80216	5598	7311	6283	5528	84166	10392	51231	7186	7323	3725	23643	9684	5970	23118	5600	23098	29110	7189	23291	6285	9097	5519	7334	351	148022	10133	1845	177	3665	2002	5599	4208	1846	79671	6233	4205	5609	28512	7157	8517	79155	329	4793	7314	466	6197	1386	5602	10010	5781	7099	7321	3146	11035	28511	7322	6885	3654	4791	5515	8454	2353	8945	3551	1849	3656	8772	5595	1147	5516	1385	5518	64127	5608	7867	7187	8767	929	3661	9683	100302736	1326	4790
TRIF-mediated Programmed Cell Death	929	148022	841	8772	100302736	8737	11035	7099	23643
TRP Channels	7442	4308	162514	54822	80036	7223	55503	7222	59341	7220	79054	51393	7225	57192	29850	57113	7224	140803	56302	8737	8989	55283	26133	7226	11035	197259	54795	255231
TYSND1 Cleaves Peroxisomal Proteins	8540	51	219743	30	6342	5264	3295
Tachykinin Receptors Bind Tachykinins	6869	6865	6863	6870	6866
Tandem Pore Domain Potassium Channels	89822	56659	338567	83795	9424	10089	3775	51305	3776	50801	54207	3777
Tat-mediated HIV Elongation Arrest and Recovery	6917	5430	1025	5439	904	25920	6923	5441	6898	9150	5435	2963	5432	5436	5438	5437	6921	6829	5431	11198	51224	8178	6924	7469	6749	6827	2962	5440	51497	5434	7936	5433
Tat-mediated Elongation of the HIV-1 Transcript	2968	2967	4331	6917	5430	1025	5439	904	25920	6923	5441	6898	9150	2068	2071	5435	2963	5432	4686	5436	5438	22916	5437	6921	6829	5431	404672	11198	51224	8178	902	6924	7469	6749	1022	6827	2966	2962	5440	51497	5434	7936	5433	2965
Telomere C-strand (Lagging Strand) Synthesis	10714	7013	1763	26277	100134934	79991	5984	23649	641	5425	25913	54386	5985	5111	6119	5982	7486	5557	57804	6118	63922	80169	5981	5422	5558	2237	6117	7014	3978	5983	65057	5424	79075	54921
Telomere C-strand Synthesis Initiation	25913	7014	7013	80169	26277	54386	100134934	65057	79991	5422	23649	5558	5557
Telomere Extension By Telomerase	7013	26277	8900	55651	25913	80119	1017	23243	55291	54433	890	54386	55135	8607	55164	55505	7015	51750	7014	5537	65057	10856	1736
Telomere Maintenance	3013	5430	8349	5439	8900	25913	55291	5436	5982	7486	57804	5431	5981	55164	546	55505	2237	3978	5537	10856	1616	1736	8290	128312	10714	7013	8334	26277	79991	55651	641	5425	80119	23243	1017	55766	54433	890	5985	5111	6118	8345	5558	8331	8340	5983	5434	79075	5437	8348	1763	23649	5441	5432	54386	55135	6119	5438	5557	80169	8342	8970	7015	51750	3018	7014	54145	5440	5433	474382	100134934	8341	5984	5435	94239	8338	8607	63922	5422	6117	255626	65057	5424	3017	85236	54921
Terminal Pathway of Complement	729	733	730	1191	731	735	732	727
Termination of O-glycan Biosynthesis	4582	94025	118430	4586	200958	6480	27090	143662	56667	10610	4585	4584	727897	4589	394263	283463	6484	6487	4588	4583	256435	6483	140453	6482	10071
Termination of Translesion DNA Synthesis	10714	9636	11201	6233	5984	5425	7318	51426	54107	5985	5111	6119	5982	9100	124739	7314	57804	51455	6118	5429	5427	9768	5981	5426	9246	6117	7706	7316	5983	5424	56655	7311
Tetrahydrobiopterin (BH4) Synthesis, Recycling, Salvage and Regulation	6697	3320	2644	2643	207	1719	801	4846	5593	5805
The IPAF Inflammasome	58484	834
The NLRP3 Inflammasome	3162	24145	5027	5970	7295	3326	351	834	114548	4791	10628	29108	9051	10910	4210	4790
The Activation of Arylsulfatases	340075	411	153642	414	347527	416	22901	79642	412	285362	415	410	25870
The Canonical Retinoid Cycle in Rods (Twilight Vision)	6010	157506	51109	285440	5949	8630	8608	50700	5950	64220	6121	121214	4647	3292	7276	5947	10170	6017	9227	5959	24	145226
The Fatty Acid Cycling Model	9481	7352	7350	7351	9016
The Phototransduction Cascade	6010	118142757	2339	2986	1258	5588	5475	100529261	5148	5145	9397	2792	9626	4836	6295	10988	5957	2779	8787	6011	5578	131890	79823	2868	2782	801	1259	2979	9187	5158	23173	388531	3000	10681
The Retinoid Cycle in Cones (Daylight Vision)	5949	6017	9249	158835	611	101060233	5956
The Role of GTSE1 in G2 M Progression After G2 Checkpoint	5691	983	5683	5692	3326	3320	5719	9861	7846	11047	81027	6233	5347	5687	5688	5700	5689	7157	5682	63943	5714	7979	7278	5702	5707	7280	347688	22919	5713	1026	10381	891	7314	5705	5693	260334	84790	5684	5709	9133	5704	51807	10383	79861	112714	51512	5717	5718	10382	5701	5686	347733	7277	84617	10376	7316	5706	5694	10213	5695	5690	5708	80086	7311	5685
The Role of Nef in HIV-1 Replication and Disease Pathogenesis	3055	1175	10053	8907	163	162	130340	920	1174	926	1173	940	1794	51606	5062	375	161	8905	160	9844	3105	55690	164	567	5879	3932	6035	919	2534
Threonine Catabolism	113675	10993	23464
Thrombin Signalling Through Proteinase Activated Receptors (PARs)	2788	9002	2149	5594	6714	54331	409	2151	2776	94235	5595	2792	2147	2793	2769	55970	59345	2767	2786	10672	408	2785	9630	2782	2768	2791	2787	2790	2784	2783	10681	51764
Thromboxane Signalling Through TP Receptor	2788	6915	54331	2776	94235	14	2792	2793	2769	55970	59345	2767	2786	10672	2785	9630	2782	2791	2787	2790	2784	2783	10681	51764
Thyroxine Biosynthesis	1735	50506	6528	1081	7252	1734	389434	53905	7173	1733
Tie2 Signaling	2885	2888	5295	6464	3845	4893	2886	5296	284	5781	9046	5291	51378	285	3265	7010	5290	6654
Tight Junction Interactions	9080	24146	7122	50855	26285	137075	53842	92359	10686	51208	1364	23562	9071	9069	9074	1365	1366	49861	149461	84612	9076	5010	10207	9075	9073	5584	50848	56288	84552
Tolerance by Mtb to Nitric Oxide Produced by Macrophages	4482
Tolerance of Reactive Oxygen Produced by Macrophages	
Toll Like Receptor 10 (TLR10) Cascade	5604	841	5594	6196	121457	6195	11274	4792	7335	9261	257397	1848	5601	6500	9252	92610	1432	10454	7316	6416	6288	7311	80216	5606	5598	6283	5528	84166	10392	51231	7186	3725	57162	9684	5970	23118	5600	51135	7189	23291	6285	9097	5519	57161	7334	351	1845	177	2002	5599	4208	1846	79671	6233	4205	5609	28512	4615	7157	8517	79155	4214	4793	51295	7314	466	6197	1386	5602	3146	28511	6885	3654	4791	5515	8454	2353	8945	3551	1849	3656	246330	81793	5595	1147	5516	7100	1385	5518	64127	5608	7867	8767	9683	1326	4790
Toll Like Receptor 2 (TLR2) Cascade	5604	841	5594	6196	121457	6195	11274	4792	2244	7335	948	9261	257397	8651	1848	5601	6500	9252	7096	653509	695	92610	1432	10454	6280	7316	6416	6288	5606	80216	5598	7311	10333	6283	5528	84166	6279	10392	6441	2266	51231	7186	3725	57162	23643	9684	5970	23118	5600	51135	7189	23291	6285	9097	5519	57161	7334	351	4284	1845	177	2002	6271	5599	11213	4208	1846	79671	6233	4205	5609	28512	4615	7157	114609	8517	79155	4214	4793	51295	7314	466	6197	1386	5602	7099	3146	28511	6885	3654	4791	5515	8454	2353	8945	729238	7097	3551	1849	3656	246330	2243	59307	5595	1147	5516	1385	5518	64127	5608	7867	8767	929	9683	1326	4790
Toll Like Receptor 3 (TLR3) Cascade	5604	841	5594	6196	121457	6195	11274	4792	7335	9261	257397	330	8737	1848	5601	6500	9252	9641	92610	1432	10454	7316	6416	6288	7311	80216	5606	5598	6283	5528	84166	10392	51231	7186	7323	3725	9684	5970	23118	5600	23098	29110	7189	23291	6285	9097	5519	7334	351	148022	10133	1845	177	3665	2002	5599	4208	1846	79671	6233	4205	5609	28512	7157	8517	79155	329	4793	7314	466	6197	1386	5602	10010	7321	3146	11035	28511	7322	6885	3654	4791	5515	8454	2353	8945	3551	1849	3656	8772	5595	1147	5516	1385	5518	64127	5608	7867	7187	8767	3661	9683	1326	7098	4790
Toll Like Receptor 4 (TLR4) Cascade	5604	841	5594	6196	121457	6195	11274	4792	2244	7335	948	5775	9261	257397	8651	330	8737	1848	5601	6500	9252	9641	7096	653509	695	92610	1432	10454	6280	7316	6416	6288	5606	80216	5598	7311	10333	6283	5528	84166	6279	10392	3689	6441	2266	51231	7186	7323	3725	57162	23643	9684	5970	23118	5600	23098	51135	29110	7189	671	4064	23291	6285	9097	5519	57161	7334	351	4284	148022	10133	1845	177	3665	2002	6271	5599	11213	9450	4208	1846	79671	6233	4205	5609	28512	4615	7157	114609	8517	79155	4214	329	4793	51295	7314	466	5336	6197	1386	5602	10010	3929	5781	1785	7099	7321	3146	11035	28511	7322	6885	3654	4791	5515	8454	2353	8945	729238	7097	3551	1759	1849	3656	246330	3684	8772	26052	2243	59307	5595	1147	5516	1385	5518	64127	5608	7867	7187	8767	929	3661	9683	100302736	1326	4790
Toll Like Receptor 5 (TLR5) Cascade	5604	841	5594	6196	121457	6195	11274	4792	7335	9261	257397	1848	5601	6500	9252	92610	1432	10454	7316	6416	6288	7311	80216	5606	5598	6283	5528	84166	10392	51231	7186	3725	57162	9684	5970	23118	5600	51135	7189	23291	6285	9097	5519	57161	7334	351	1845	177	2002	5599	4208	1846	79671	6233	4205	5609	28512	4615	7157	8517	79155	4214	4793	51295	7314	466	6197	1386	5602	3146	28511	6885	3654	4791	5515	8454	2353	8945	3551	1849	3656	246330	81793	5595	1147	5516	7100	1385	5518	64127	5608	7867	8767	9683	1326	4790
Toll Like Receptor 7 8 (TLR7 8) Cascade	5604	841	80231	54106	5594	6196	121457	3663	6195	51284	11274	4792	7335	9261	257397	1848	5601	6500	9252	92610	1432	10454	7316	6416	6288	5606	80216	5598	7311	6283	5528	84166	10392	51231	7186	3725	57162	23643	9684	5970	23118	5600	51135	7189	23291	6285	9097	5519	57161	7334	351	148022	1845	177	3665	51311	2002	5599	4208	1846	79671	6233	4205	5609	28512	4615	7157	8517	79155	4214	4793	51295	7314	466	6197	1386	5602	7099	3146	28511	6885	3654	4791	5515	8454	2353	8945	3551	1849	3656	246330	5595	1147	5516	1385	5518	64127	5608	7867	8767	929	9683	100302736	121260	1326	4790
Toll Like Receptor 9 (TLR9) Cascade	5604	841	80231	54106	5594	30849	6196	121457	3663	6195	51284	11274	4792	7335	9261	257397	1848	5601	6500	9252	92610	1432	10454	7316	6416	6288	5606	80216	5598	7311	6283	5528	84166	10392	5289	51231	7186	3725	57162	23643	9684	5970	23118	5600	51135	7189	23291	6285	9097	5519	57161	7334	351	148022	1845	177	3665	2002	5599	4208	1846	79671	6233	4205	5609	28512	8411	4615	7157	8517	79155	4214	4793	51295	7314	466	6197	1386	5602	7099	3146	28511	6885	3654	4791	5515	8454	2353	8945	3551	1849	3656	246330	64145	5595	1147	5516	1385	5518	64127	5608	7867	8767	929	9683	100302736	121260	1326	4790
Toll Like Receptor TLR1 TLR2 Cascade	5604	841	5594	6196	121457	6195	11274	4792	2244	7335	948	9261	257397	8651	1848	5601	6500	9252	7096	653509	695	92610	1432	10454	6280	7316	6416	6288	5606	80216	5598	7311	10333	6283	5528	84166	6279	10392	6441	2266	51231	7186	3725	57162	23643	9684	5970	23118	5600	51135	7189	23291	6285	9097	5519	57161	7334	351	4284	1845	177	2002	6271	5599	11213	4208	1846	79671	6233	4205	5609	28512	4615	7157	114609	8517	79155	4214	4793	51295	7314	466	6197	1386	5602	7099	3146	28511	6885	3654	4791	5515	8454	2353	8945	729238	7097	3551	1849	3656	246330	2243	59307	5595	1147	5516	1385	5518	64127	5608	7867	8767	929	9683	1326	4790
Toll Like Receptor TLR6 TLR2 Cascade	5604	841	5594	6196	121457	6195	11274	4792	2244	7335	948	9261	257397	8651	1848	5601	6500	9252	7096	695	92610	1432	10454	6280	7316	6416	6288	5606	80216	5598	7311	10333	6283	5528	84166	6279	10392	2266	51231	7186	3725	57162	23643	9684	5970	23118	5600	51135	7189	23291	6285	9097	5519	57161	7334	351	4284	1845	177	2002	6271	5599	11213	4208	1846	79671	6233	4205	5609	28512	4615	7157	114609	8517	79155	4214	4793	51295	7314	466	6197	1386	5602	7099	3146	28511	6885	3654	4791	5515	8454	2353	8945	7097	3551	1849	3656	246330	2243	59307	5595	1147	5516	1385	5518	64127	5608	7867	8767	929	9683	1326	4790
Toll-like Receptor Cascades	5604	841	80231	54106	5594	30849	6196	121457	3663	79792	6195	51284	11274	4792	2244	7335	948	5775	9261	257397	8651	330	8737	1848	5601	6500	9252	9641	7096	653509	695	92610	1432	10454	6280	7316	6416	6288	81622	5606	80216	5598	7311	10333	6283	5528	84166	1687	6279	10392	3689	5289	6441	2266	51231	7186	7323	3725	57162	23643	9684	5970	23118	5600	23098	51135	29110	7189	671	4064	23291	6285	9097	5519	57161	7334	351	4284	148022	10133	338	1845	177	3665	51311	2002	6271	5599	11213	9450	4208	1846	79671	1520	4205	6233	5609	28512	8411	4615	10695	7157	114609	8517	79155	4214	329	1514	4793	51295	7314	466	5336	5641	6197	1386	5602	10010	3929	5781	1785	7099	7321	3146	11035	28511	7322	6885	3654	1515	4791	8454	2353	8945	5515	729238	7097	3551	1759	1849	3656	246330	3684	8772	81793	26052	64145	2243	59307	5595	1147	5516	1508	7100	1385	7184	5518	64127	5608	7867	7187	8767	929	3661	9683	121260	100302736	1513	1326	7098	4790
Toxicity of Botulinum Toxin Type A (botA)	9899	9900	22987	6616
Toxicity of Botulinum Toxin Type B (botB)	6857	6844	127833
Toxicity of Botulinum Toxin Type D (botD)	6843	9899	22987	9900	6844
Toxicity of Botulinum Toxin Type E (botE)	9899	9900	6616
Toxicity of Botulinum Toxin Type F (botF)	6843	9899	22987	9900	6844
Trafficking and Processing of Endosomal TLR	10695	51284	5641	1515	1508	1513	1520	54106	7098	81622	1514	51311	7184
Trafficking of AMPA Receptors	1175	5579	2892	4905	2890	9463	163	2891	5582	816	1173	815	2893	10369	4646	23426	161	160	27092	817	4193	59283	7102	80852	818	9495	1739	1742	2036	5578	10368
Trafficking of GluR2-containing AMPA Receptors	2891	5582	1175	5579	2892	1173	23426	161	5578	160	2893	4905	7102	2890	9463	163	80852
Trafficking of Myristoylated Proteins to the Cilium	403	84747	27031	192668	6102
Transcription of E2F Targets Under Negative Control by DREAM Complex	3065	1874	5933	7027	132660	4149	55957	286826	1869	5111	91750	5934	7153	4609	7029	990	1875	5928	993
Transcription of E2F Targets Under Neg Control by P107 (RBL1) and P130 (RBL2) in Complex With HDAC1	1875	983	3065	5934	1874	4605	5928	55957	890	1869	286826	132660	5933	7027	91750	7029
Transcription of the HIV Genome	8732	2968	8148	2967	4331	6917	5430	1025	905	904	5439	6874	6877	6875	6923	25920	6879	5441	6898	9150	2068	2071	5435	2963	5432	2959	4686	5436	5438	22916	5437	6881	6921	8812	5431	6829	6884	11198	2958	404672	51224	6873	8178	902	6908	8731	6924	6883	83860	2961	6878	6882	7469	6749	138474	54457	2960	1022	6827	6872	2966	51616	2962	5440	51497	5434	6880	7936	5433	2965	2957
Transcription-Coupled Nucleotide Excision Repair (TC-NER)	7507	2968	2073	10714	10450	2967	4331	6917	51138	5430	5439	6233	5984	10920	9716	5441	1161	2068	5425	10980	2071	51426	5435	5432	8533	54107	9978	7515	5985	5111	57654	5436	6119	5438	2965	1642	5982	7314	57804	50813	2072	6118	27339	3980	5431	404672	5427	8178	902	5981	10987	56949	9318	7874	5426	100534599	64708	6117	2067	1022	3978	8451	2966	7316	2873	5983	5440	91603	5434	5424	2074	5437	5433	56655	7311	8450
Transcriptional Regulation by E2F6	8317	10138	1911	84108	23468	7027	5888	10919	4149	83746	1869	1111	23269	5932	23429	5931	23512	672	7703	11335	1876	2146	6045	79813	317	6241	7029	8726	5928	8409	100532731	80012	80314	6015
Transcriptional Regulation by MECP2	6907	3065	1392	4208	627	5728	9612	4233	25942	26523	3064	5468	6750	57690	5816	2891	54715	7222	816	4851	815	54487	8841	9611	5775	4204	1385	2572	2904	2903	4986	4988	27327	3066	2571	114787	6446	814	2593	5770	2874	5566	2290	192669	801	817	2289	4343	23112	6515	818	3930	192670	79718	3654	28996	6657	9212	28514	27161	4336
Transcriptional Regulation by NPAS4	6722	627	405	26523	9500	8851	5594	1020	5979	57690	5595	9915	3630	7514	1387	2669	27327	440073	5978	146713	2908	192669	4193	10769	30818	341359	4343	23112	192670	2353	10135	27161	266743
Transcriptional Regulation by TP53	9540	5439	8900	7159	57690	1329	79733	8550	604	1026	672	6921	83695	9656	4193	29883	64223	11200	637	25904	1432	27244	26155	1337	6880	54541	10971	4194	4331	5458	29117	4361	3486	1017	64121	7994	891	9997	1327	5600	580	6873	7874	9167	5519	80196	7936	208	7161	9125	54815	472	10524	8649	5441	2963	253260	6119	1340	1386	1647	7469	1022	10111	5515	2810	5440	9377	5565	1351	983	389541	1108	7832	5933	5984	9150	5435	1107	5516	995	64065	133746	7862	8794	5052	5518	7533	51755	55367	5366	51422	7248	83667	581	79837	91875	246175	6794	6917	7532	1459	1339	143686	8851	55240	10325	51499	84701	57459	51230	25946	898	5436	5982	83990	7486	639	5931	5934	4849	902	7001	55215	4343	5395	5876	116028	192670	63970	7311	1616	1121	28956	839	4869	26523	1349	1020	641	7156	1111	7249	835	53632	57060	2877	1460	23112	1027	5434	4436	10498	1874	133383	7296	7295	4683	58528	23368	7157	27166	1387	2539	27327	28984	4514	28996	9099	2353	64769	5433	2965	8738	80010	3065	1263	1025	8621	8626	5810	2068	6790	27154	84126	54205	5932	8812	6884	153129	6924	1345	5457	10769	11073	9219	207	3622	5325	8795	5884	8445	10542	85456	55004	84289	23019	3364	6446	834	9891	51224	5300	10848	57103	2962	56950	905	6877	5883	5985	5170	3725	387893	5305	6118	900	4697	6908	317	50484	83860	6749	5562	2966	6872	8797	2033	5437	6009	2475	1763	7027	1457	6233	6874	6879	5875	3066	6829	404672	9156	8178	79813	3276	355	57521	4292	27161	1643	5571	2967	117584	341947	58484	124446	5527	10000	843	332	5608	9337	1029	1346	144455	27113	4513	144715	7534	545	5728	1347	5430	5892	904	6875	1350	54971	5564	5431	2821	6878	2744	10650	6827	8793	7316	51616	9212	79370	2968	27165	613227	55615	890	23774	1820	5111	10397	2936	4848	192669	55571	138474	10670	2176	5983	125965	8148	22974	5432	1869	112858	5438	5563	7314	204851	11198	9134	26013	84883	7029	147923	2177	51497	53615	10419	8396	9588	10919	6923	25920	665	2071	6881	57472	5371	4850	7529	79109	4512	6883	6882	54457	94241	6117	5928	7531
Transcriptional Regulation by VENTX	25906	27287	51343	51176	8697	26523	10919	57690	6934	595	7157	11065	1436	27338	1051	8881	7324	27327	119504	51529	5970	64682	51434	29882	1029	246184	1499	192669	79813	996	7321	10393	4343	23112	51433	192670	29945	3569	4790
Transcriptional Activation of Mitochondrial Biogenesis	6907	5465	10498	4208	3054	23054	23410	2551	200186	80205	4899	7978	23409	2101	55902	7019	64216	23373	10891	64784	8841	1387	6648	54205	9611	5442	1385	506	4209	56652	3418	11232	6604	814	6256	1386	10499	801	23082	85441	2746	51106	9572	96764	8648	84808	6742	79718	133522	2553	211	5469	23408	2747
Transcriptional Activity of SMAD2 SMAD3 SMAD4 Heterotrimer	3065	4087	1874	5933	7027	9612	51592	1025	905	904	892	54778	5594	6233	22938	6772	23439	5054	5595	7050	4092	7323	9611	3726	1278	64750	4904	7314	6667	4221	4089	8812	5494	25937	4609	1024	6498	7321	8239	7029	1875	142	7316	6497	2033	5045	1030	60436	7311	4088	23327
Transcriptional and Post-Translational Regulation of MITF-M Expression and Activity	3065	7965	51520	22797	5077	2932	51176	6591	4157	23411	6663	5594	5443	7942	9521	6662	4286	3376	3735	1906	6195	5595	3094	3397	5917	7514	10000	1387	27022	1385	7545	999	257	5859	5454	1499	4161	6926	4160	7030	1908	9255	3815	4254	2058	89780	6657	4141	4159	1615	1910
Transcriptional Regulation by RUNX1	1021	5691	4773	5692	5079	3013	55170	4005	1459	8349	6597	6714	57690	7057	196528	5682	11091	58508	84870	51412	5713	860	5196	161882	23466	26053	57678	902	55193	865	4343	3958	4297	192670	7316	1998	640	5695	6599	7311	128312	1911	10138	5579	8334	5719	4331	122809	25	84733	86	26523	3674	595	4004	23067	55766	7979	5702	3559	84333	1997	23429	6604	8345	2625	192669	100506658	896	5686	1460	3977	6595	8331	5275	23112	8340	200845	9070	2033	10213	57332	8861	7161	9861	8085	8348	6938	10398	11047	1457	7122	6233	25942	1378	3458	5588	3558	5688	6015	8289	3562	5689	8013	1387	2811	1514	27327	7314	1493	9021	6929	5705	5693	8342	6886	8970	8850	4602	5781	5717	6045	6603	6605	3276	83737	5701	3018	861	1022	2623	54145	10413	9757	28996	1515	5694	80012	27161	5690	8784	894	5683	3065	474382	57492	8341	8535	5687	50943	9739	5700	7082	5714	2624	94239	5707	23309	1912	84661	2099	8338	22955	6602	5371	5684	5704	5709	8312	5718	6601	4778	255626	6598	5706	1513	100532731	3017	85236	5708	5929	5685	6688
Transcriptional Regulation by RUNX2	5691	5692	117581	3678	5594	6662	6714	23314	5682	5713	59269	860	1026	4089	6500	865	3958	100526737	7316	8493	5695	6502	7311	7525	5719	25	595	10891	7979	5702	9978	632	891	25937	3549	5686	5925	579	10013	10213	208	9861	2932	11047	9358	6233	5688	4488	57154	5689	9759	2737	9464	8841	10432	1749	10273	7314	5705	5693	121340	5717	5701	25925	861	10413	1277	133522	8454	1019	5694	5690	983	5683	7291	6772	5687	4094	23493	5700	367	2101	5595	23462	5714	5707	4091	10000	221044	2099	5684	5709	5704	2908	11059	4086	650	1750	5718	3280	581	4322	5706	207	5708	5685	2736
Transcriptional Regulation by RUNX3	5691	5692	6696	22938	6714	182	5682	5713	1026	3516	4089	6932	4193	865	7316	5695	10046	7311	5719	2648	595	7979	5702	25937	9794	55534	5686	2033	10213	6046	7003	9861	7040	11047	6233	8463	5688	57154	5689	6934	9759	7157	3845	1387	64750	3676	7314	7005	5705	5693	84441	1490	4609	8850	5717	6097	83439	463	5701	861	864	10413	7004	10018	5694	5690	5683	51176	5687	5700	5714	3683	2309	4851	5707	5684	5709	5704	1029	1499	5718	3280	5706	5708	4088	5685
Transcriptional Regulation by Small RNAs	128312	6396	8348	8334	3013	348995	4927	57122	474382	5430	8341	8349	5439	26523	5901	129401	79023	23165	8021	5441	5435	55766	5432	94239	55746	23279	79902	55706	53371	10526	5436	5438	9631	5437	27327	81929	9818	8338	8086	4928	8480	5431	8342	8345	8970	23636	23511	3018	10762	255626	8331	54145	9972	7175	8340	9688	5440	5434	27161	3017	85236	23225	5903	5433	11097	9883
Transcriptional Regulation by the AP-2 (TFAP2) Family of Transcription Factors	7341	8089	348	7329	4869	284252	7528	339488	83741	1956	79047	7021	163732	1082	7022	1387	4839	1026	7020	4435	2099	2064	10765	29028	4605	3329	7422	4609	7039	1081	5308	3815	7913	51741	2033	10370
Transcriptional Regulation of Brown and Beige Adipocyte Differentiation	3065	5465	54815	1108	63976	655	7350	5468	1107	57459	1149	10891	23090	83401	57504	9112	3192	5931	3066	4089	6256	1346	4086	1734	9219	64641	8648	5928	133522	53615
Transcriptional Regulation of Brown and Beige Adipocyte Differentiation by EBF2	3065	5465	54815	1108	63976	655	7350	5468	1107	57459	1149	10891	23090	83401	57504	9112	3192	5931	3066	4089	6256	1346	4086	1734	9219	64641	8648	5928	133522	53615
Transcriptional Regulation of Granulopoiesis	128312	8348	8334	3013	1441	474382	51176	7027	8341	8349	1053	3570	1017	55766	2624	94239	2313	1869	1051	1026	1385	8338	5371	8342	6256	8345	8970	4609	4602	6886	6774	7029	865	3018	5914	255626	1050	4297	8331	54145	861	7913	2672	8340	688	1019	2033	3017	85236	6688
Transcriptional Regulation of Pluripotent Stem Cells	4087	7547	64344	79923	22943	2247	5087	8320	2041	27022	79727	4089	1045	27086	57167	55211	2649	9314	6299	84891	5460	6774	2516	145258	2627	6657	3087	63978	8848
Transcriptional Regulation of Testis Differentiation	268	2626	7490	50846	23414	668	54361	6736	6662	2254	5730	1761	2516
Transcriptional Regulation of White Adipocyte Differentiation	6907	9442	23054	9862	6721	8202	1051	9611	948	400569	54797	10001	9314	10974	9370	6256	85441	5346	9439	9969	1050	23389	10025	7124	7471	80205	9967	112950	10891	6837	6720	9412	5970	51003	81857	6604	10499	1024	896	51129	1959	8648	23097	2033	9443	5465	10498	7040	51586	80306	892	5468	168544	8841	1879	1387	84246	84498	2167	219541	90390	29079	79718	1019	5469	3952	9282	9612	4023	6517	9477	9968	55090	9440	7480	1052	96764	9441	688	7026	27332	5105	55588	4790
Transferrin Endocytosis and Recycling	527	9550	523	7037	90423	245972	526	23545	7018	55240	528	537	534	57192	535	525	51382	10312	51606	50617	529	8992	3077	533	155066	127124	245973	9296	79689	7036
Translation	28998	327	92399	6191	6729	6129	2935	8667	6169	140032	6168	55699	3396	65003	6142	6185	28972	124454	1915	1965	8891	10102	51253	9789	6122	9045	6138	6731	58477	8892	51116	23438	6207	23478	63875	7818	55173	64983	64975	51642	6130	1937	79590	63931	26284	51121	6181	6187	51504	9553	28973	64963	80222	9349	8666	23708	118487	85476	1968	6727	6206	23395	8665	140801	8664	1967	7311	51264	65080	57129	64960	6188	57505	51258	54998	1964	60488	84340	6173	6748	79731	51263	6224	90480	3035	29093	6217	6194	1978	27335	6301	2617	8565	6747	65008	3376	3735	10480	27068	54148	23471	6160	6202	116540	6223	51650	740	128308	6166	4677	6218	1933	8661	51318	123263	5859	3921	55052	8669	26986	6171	6134	2193	6734	23480	6164	6139	92935	7407	10952	60559	6147	23107	9255	8668	219402	6230	54948	51021	57038	1977	51386	6156	64978	7965	8662	4528	1974	7458	6128	11222	6745	6133	8663	6135	6182	6192	2107	6233	6730	3646	9521	56945	6123	6228	78988	6746	5018	51373	6132	6234	6158	6165	51073	54516	5917	64981	51069	29088	1983	7284	16	6231	6167	1938	6159	6150	6176	64949	122704	124995	2197	6728	28977	6193	6203	64968	6229	64965	4736	1650	25873	64979	6184	6208	51649	54460	28957	6222	4141	6205	6137	10240	10352	6144	6175	51067	51520	79587	11224	219927	51065	6232	6141	6201	10884	25973	6189	6897	6726	6209	64928	6227	1975	6235	90701	200916	65005	1936	6161	54534	1973	10573	6210	64951	8890	64969	6204	6146	6152	9801	29927	55157	54938	23521	65993	6124	7453	55037	8894	9669	6136	29074	6157	5464	64976	6125	26589	833	57176	116832	84311	1917	84545	51023	51081	55176	55168	8893	2058	6143	6154	10667	6170	1981	6155	116541	10056	1615	64432
Translation Initiation Complex Formation	6188	8662	1974	7458	1964	51065	6232	6191	6201	8663	6192	8667	6189	6224	6233	140032	6217	6194	3646	6209	27335	6227	1975	6235	6228	10480	1965	6234	6202	1973	6210	6223	6207	6204	6231	6218	8661	3921	6187	8669	8894	26986	2197	6193	6203	6229	6208	8666	8668	1968	6222	6206	8665	6205	6230	1981	8664	1977	51386
Translation of Accessory Proteins	
Translation of Replicase and Assembly of the Replication Transcription Complex 9679504	128866	81631	25978	5289	7405	8678	79643	29082	91782	30849	100526767	27243	92421
Translation of Replicase and Assembly of the Replication Transcription Complex 9694676	128866	81631	25978	23479	5289	7405	8678	79643	29082	91782	30849	100526767	27243	92421
Translation of Structural Proteins 9683701	7341	84875	2932	7329	143	5589	6233	6480	27090	23193	10610	7841	6484	6487	7314	256435	4245	2589	83666	2931	56965	6483	54625	79668	6482	7316	821	7311	54956
Translation of Structural Proteins 9694635	7341	55741	7991	51201	84875	29801	2932	25921	7329	143	5589	6233	6733	6480	79844	27090	23193	6185	10610	7841	11253	6732	2530	84061	6484	3703	6487	25834	7314	256435	4245	2589	1603	2931	11282	4124	56965	83666	6483	11320	3276	4249	1650	6184	54625	79668	253832	51114	6482	7316	4247	1452	51125	821	51304	7311	54956
Translation of Respiratory Syncytial Virus mRNAs	
Translesion Synthesis by POLH	55666	6233	5984	25898	5985	5111	6119	83932	5982	7314	7415	6118	5429	5981	6117	7353	7316	5983	7311
Translesion Synthesis by POLI	6117	51455	6118	5980	7316	11201	5983	5981	6233	5985	5111	5984	6119	10459	5982	7311	7314
Translesion Synthesis by POLK	6117	51455	51426	5980	6118	7316	5983	5981	6233	5985	5111	5984	6119	10459	5982	7311	7314
Translesion Synthesis by REV1	6117	51455	6118	5980	7316	5983	5981	6233	5985	5111	5984	6119	10459	5982	7311	7314
Translesion Synthesis by Y Family DNA Polymerases Bypasses Lesions on DNA Template	10714	9636	55666	11201	6233	5984	25898	5425	7318	51426	54107	5985	5111	6119	83932	5982	9100	124739	7314	7415	57804	51455	6118	5429	5427	9768	5981	5426	9246	6117	7353	5980	7706	7316	5983	56655	5424	10459	7311
Translocation of SLC2A4 (GLUT4) to the Plasma Membrane	10971	5571	208	9882	71	7846	81027	22920	7532	4012	6810	23216	6517	55763	8766	6814	5898	60412	7278	7280	347688	23265	10640	54536	260334	10381	6844	5563	5564	23433	84790	11127	7533	57186	149371	11336	5872	4644	7529	51807	10383	79861	112714	53632	801	4627	10890	10382	51422	55770	347733	5867	7277	60	5879	8773	10376	84617	79058	51552	2810	207	6035	57148	7531	7534	9847	5565	4218	80086	9371	4641
Translocation of ZAP-70 to Immunological Synapse	917	3120	3127	3118	915	3119	920	3115	26191	916	3113	7535	3122	3125	3932	3117	3123	919	3126
Transmission Across Chemical Synapses	57576	9177	6512	2892	7846	4747	9256	1134	81027	4905	26960	5594	3759	2890	6812	6196	6714	112	1137	2891	6195	5576	94235	111	5568	6538	18	6582	8874	10369	6540	785	6505	774	2741	5564	23236	2571	2562	4646	260334	55584	6529	814	160	27092	2066	5566	4193	3762	2744	83988	4128	3766	22843	2787	5879	3760	2784	2783	6035	2036	113	10815	2773	5578	107	88	8825	57030	2902	116443	115	114	5579	3765	27165	23229	2569	2906	9463	5330	55879	4137	784	2560	5582	7280	55799	80331	2901	6580	2893	6804	2905	5170	2771	64130	10381	5567	43	108	10681	1145	2550	2785	2554	112714	2557	53632	801	2782	59283	10645	4900	1138	7102	8541	5562	6506	2791	80852	3772	3761	7915	7277	818	777	347733	84617	320	2899	3838	2570	8497	2743	6511	140679	27330	8973	2790	51764	57554	28964	1144	1141	1312	9568	8500	2770	5575	6572	1146	8573	163	2774	2558	347688	3845	1173	2792	815	6853	2793	782	217	5864	8499	1143	2900	3084	1135	6844	200909	285242	5563	6616	59345	27163	2566	2555	84790	51807	23426	161	6197	10383	2561	79861	817	6531	3312	10382	5331	8001	6539	783	10550	590	5613	1739	1742	6507	5565	3265	80086	2556	1740	8536	84254	5571	1139	2788	346562	1142	3359	1175	773	3763	22999	5923	6857	9254	5573	1136	6571	2752	54331	10497	3773	6532	27020	3768	816	5595	54407	1741	60482	7278	109	2567	2559	200959	1385	2572	781	55970	2903	2904	8224	5924	2786	196883	6854	9647	51422	2897	1103	2898	10376	170572	9495	55327	116444	4893	10368	81539	5577	2742
Transmission Across Electrical Synapses	24145	84694	57369	10052	56666
Transport and Synthesis of PAPS	9061	347734	51000	9060	1836	10861
Transport of Mature Transcript to Cytoplasm	9775	22794	84248	6432	26097	9877	7307	4116	22916	8563	53981	84321	10898	4928	10212	23511	51362	9972	9785	55339	23225	81608	6396	51692	9984	4686	6431	9631	9818	199746	8086	8480	8189	23636	10569	7919	7175	2733	84271	11097	1977	348995	57187	129401	6426	79023	8021	6430	55746	23279	9939	53371	8683	51213	6429	29107	10189	10921	10482	9688	10250	4927	55110	57122	23165	79902	55706	29894	81929	84324	6427	65109	10762	80145	6428	11338	7884	9295	5903	79228	9883
Transport of Mature mRNA Derived From an Intronless Transcript	6396	348995	4927	51692	57122	129401	79023	23165	8021	55746	23279	79902	55706	29894	53371	4686	22916	9631	53981	81929	10898	9818	8086	4928	8480	8189	23636	23511	10762	10189	11097	9972	55339	7175	5903	10482	9688	23225	81608	1977	9883
Transport of Mature mRNA Derived From an Intron-Containing Transcript	6396	348995	55110	4927	9775	57187	57122	9984	79228	22794	129401	6426	79023	23165	8021	6432	84248	6430	26097	9877	55746	23279	9939	79902	7307	55706	53371	4116	4686	6431	8683	22916	8563	9631	84321	81929	9818	199746	8086	4928	8480	84324	10212	51213	6427	6429	65109	23636	23511	10762	29107	51362	10189	9972	9785	10921	80145	10569	7919	5903	6428	7175	10482	2733	9688	11338	23225	9295	84271	10250	11097	9883
Transport of Mature mRNAs Derived From Intronless Transcripts	6396	348995	4927	51692	57122	129401	79023	23165	8021	55746	23279	79902	55706	29894	53371	4686	22916	9631	53981	81929	10898	9818	8086	4928	8480	8189	23636	23511	10762	10189	11097	9972	55339	7175	5903	10482	9688	23225	7884	81608	1977	9883
Transport of RCbl Within the Body	4363	26119	55788	51293	4036	5826	6948	6947
Transport of Ribonucleoproteins Into the Host Nucleus	6396	348995	4927	57122	129401	79023	23165	8021	55746	23279	79902	55706	53371	9631	81929	9818	3836	8086	4928	8480	23636	23511	3837	10762	9972	7175	9688	23225	5903	11097	9883
Transport of Bile Salts and Organic Acids, Metal Ions and Amine Compounds	146802	6566	133418	6538	6530	29986	64924	6582	6540	9843	11254	84102	57153	6556	4891	6529	6584	57181	6563	6581	55244	6526	51458	55356	7779	55117	9356	682	6005	64849	6580	64116	6248	9152	9123	345274	9376	6533	80736	85413	114134	116085	55532	7922	254428	6583	6536	55630	7781	6570	6561	8170	284111	340024	26266	6531	169026	25800	6539	861	55867	23516	115584	204962	60482	29985	54716	10864	23539	348932	1317	1356	23446	126969	27173	7780	9058	9194	57127	283375	6571	6534	30061
Transport of Connexons to the Plasma Membrane	7846	81027	7278	7280	347688	2706	2697	10381	260334	84790	51807	10383	79861	112714	10382	347733	7277	84617	10376	80086
Transport of Fatty Acids	28965	347	3933	10999	376497	389812	286256
Gamma-carboxylated Protein Precursors Transport From the Endoplasmic Reticulum to Golgi Apparatus	2158	2147	2159	5627	632	2155	8858	5624	2621
Transport of Inorganic Cations Anions and Amino Acids Oligopeptides	6512	9057	5172	153201	6550	6575	9498	10991	160728	389015	84679	6557	11254	6505	6547	6560	8140	57419	92745	206358	285195	117247	55117	6509	6508	6521	6559	11136	115019	1497	79751	123041	6574	115286	83733	9056	6568	23382	51296	26503	57030	1468	801	284129	6506	10479	6533	6569	57282	6511	140679	10861	23657	283652	23315	6520	6546	25769	6548	6510	56301	6558	9990	55089	80024	1836	8671	84889	6543	6564	65010	340024	83697	10723	6539	6519	10568	6553	8501	124935	6507	57835	120103	159963	1811	6522	6542	123096	6528	54407	8402	6717	54716	348932	23428	57468	6541	142680	115111	6576	6549	57084	9187	121260	246213	81539	9497
Transport of Nucleosides and Free Purine and Pyrimidine Bases Across the Plasma Membrane	292	3177	222962	9154	402	23568	55315	291	9153	293	64078	2030
Transport of Nucleotide Sugars	23443	347734	55343	10559	7355	23169	11046	51000	84912
Transport of Organic Anions	28232	10599	551	11309	53919	28231	353189	28234	6578	6567	6579
Transport of Small Molecules	4547	91749	121601	19	57185	10956	28965	146802	362	133418	5172	153201	6550	245972	10060	5824	7018	7223	538	9914	222962	6530	51393	11254	57153	6547	6560	6400	8029	353189	286410	402	347734	1968	206358	361	2784	51310	10062	113	6526	57198	527	5719	23545	23169	57101	81031	6508	949	5702	6580	79751	29988	6578	91289	760	2030	9388	5360	64241	375	6568	26503	533	5205	9152	284129	28232	348938	23	4284	144195	10559	6687	3658	80736	10861	9197	9861	6520	26119	10939	291	5575	6546	335	5688	6510	254428	6340	10349	23460	225	496	9154	10599	3043	57192	1187	55089	6261	140803	5693	51128	65010	340024	6531	55908	25800	5701	53373	66035	197259	551	23568	10257	5694	51599	259232	51248	57552	292	23516	7037	8884	159963	57130	55144	6514	6571	54331	6522	23443	6542	84239	6717	29985	6646	23539	23344	28231	55970	1448	23446	5684	51706	11059	6576	1211	51000	57084	486	10539	8714	6515	337	5706	8504	51802	5685	30061	5691	6048	162514	81693	80727	759	6575	80036	9498	65125	11160	55240	54896	30968	343	91445	3949	1185	5682	94235	120	29986	5713	535	154091	9843	23457	10312	6556	529	55486	3954	91689	5566	57419	489	7226	57181	92745	6263	2787	3933	55244	48	5695	10999	7311	6338	115	114	7779	54831	10110	348	359	1183	7355	123606	117247	376497	55117	51360	10786	389812	9356	682	6521	6005	21	63982	22841	7979	2040	444	123041	55129	6574	29850	5567	7415	79895	83733	8435	50617	9056	7419	338440	51296	64116	2785	9153	20	345274	5350	22	10347	51129	2791	479	818	55315	5304	6511	7376	23315	63924	368	25769	6548	93380	55532	55503	163	80772	5689	1184	57578	2281	59341	815	210	346	9990	8671	3162	161	5717	64078	11035	5894	340273	5034	50636	762	344905	124935	540	8454	5683	2788	10345	6513	1175	9311	120103	150159	606495	90550	255738	5700	6528	285335	94015	816	51761	55832	6339	348932	1317	53826	3767	482	491	6541	53822	2786	57348	6523	481	5718	10079	56606	9058	9194	9296	133308	246213	57127	28962	1244	1071	10681	1468	480	7439	5692	56262	6512	3990	64788	9057	286256	55107	160728	8165	1180	5576	111	5568	389015	55343	26154	65268	23120	6582	84679	29116	844	6557	6540	6579	6446	476	4891	23456	338328	6529	4738	8989	6584	23400	94033	161003	203859	286097	6563	2783	6581	23678	107	55515	144453	152519	55356	9550	285195	51009	364	64137	57194	319	495	11136	537	79054	115019	347	534	1497	293	7225	7416	51382	65266	284525	1213	51606	23382	148229	6248	57030	9619	26133	801	245973	5686	10479	1201	6337	478	57380	6588	6533	10213	57282	54795	140679	51764	8766	85413	7442	5243	23657	283652	51167	2778	11047	90423	1080	6233	285175	213	526	7922	10730	6583	3934	56301	5349	7220	487	57205	1836	3177	6564	56302	83697	817	336	155066	127124	1831	6539	89872	4363	79689	41	8501	5245	11046	24	10350	5045	6507	483	1446	57835	1188	4308	649	79815	366	115584	204962	5573	10577	9429	358	5714	9635	26291	54407	8402	60482	528	54716	84061	109	118	114757	5709	126969	51228	81614	5704	196883	3988	8894	282679	79139	23507	9187	85320	363	79901	283375	55911	255231	23327	6566	375318	27032	11182	10991	112	10058	7222	1965	6538	91319	1181	219931	64924	23200	51076	23461	23250	6505	3163	84102	65267	1182	8140	8992	5244	7417	160	26234	8737	11309	4151	6500	7316	51458	84699	7991	4864	54822	10351	5348	200010	6509	266675	6559	85414	492	10396	6524	57719	64849	6527	3069	56172	51700	2039	1186	115286	10613	108	119	2782	27248	9123	488	113235	6506	9376	338	6569	554	493	2790	80131	114134	116085	2512	9512	10367	5046	28234	7436	6536	55630	7781	1173	2792	2495	6558	490	2793	1179	23203	80024	6561	6570	84889	59345	155184	221154	5705	4645	58157	7314	6543	8170	284111	84725	26266	55283	10723	169026	3931	84230	861	6519	22802	55867	53828	10568	6553	5690	125206	28982	29801	5825	523	83850	116519	344	4023	10057	5687	6517	11194	563	84912	345	1811	123096	374868	27329	5707	10864	2	23428	7809	40	57468	55974	477	845	57113	1356	7224	525	6567	5125	27173	341	57488	3077	142680	115111	8720	89845	11331	6549	4018	53919	7780	64240	360	121260	55013	7036	196527	23491	1193	5708	215	6534	6262	81539	9497	5577
Transport of the SLBP Dependant Mature mRNA	6396	348995	4927	57122	129401	79023	23165	8021	55746	23279	79902	55706	53371	4686	22916	9631	81929	9818	8086	4928	8480	23636	23511	10762	10189	9972	7175	5903	10482	9688	23225	7884	1977	11097	9883
Transport of the SLBP Independent Mature mRNA	6396	348995	4927	57122	129401	79023	23165	8021	55746	23279	79902	55706	53371	4686	22916	9631	81929	9818	8086	4928	8480	23636	23511	10762	10189	9972	7175	5903	10482	9688	23225	1977	11097	9883
Transport of Vitamins, Nucleosides, and Related Molecules	9197	292	28965	8884	291	7355	23169	376497	28234	389812	286256	84912	23443	222962	9154	10599	55343	347	28231	293	6578	6567	2030	3177	6579	11309	53919	9153	353189	51000	64078	28232	402	551	23568	55315	347734	3933	10559	11046	51248	10999
Transport to the Golgi and Subsequent Modification	23423	966	7846	81562	81027	10540	4905	2157	2890	5861	54732	25839	140735	9632	55291	9871	288	126003	381	26958	9570	8729	6708	9334	9117	1522	832	10466	260334	1453	27095	11316	84364	1604	55860	57731	377	57134	5537	81876	64377	372	22818	338596	8702	6396	1315	93661	6712	1780	6480	90411	10671	8655	10175	23243	64689	11196	51046	7280	10427	3972	2348	3630	10342	84342	51226	128637	3998	10381	55014	4245	375	254263	4124	11282	9331	112714	375056	8703	1314	5265	51143	4249	51693	347733	51399	7277	84617	26286	83548	51272	6709	4247	58485	10972	10282	51014	1075	79090	9527	2153	830	10652	26984	55738	4121	10802	11015	8775	347688	10905	10121	4253	6484	8774	23256	122553	25834	9919	11070	84790	51128	10484	51807	91949	2801	10383	79861	7039	8704	11320	10382	378	286	1081	287	6399	9486	57511	79694	10959	10945	6811	80086	829	2517	10960	83696	2683	4248	11258	9382	51332	1639	22820	2525	51164	4122	22796	374	1294	7278	2530	9554	8128	1781	1778	25956	10113	7109	22870	63908	6710	79748	11014	1783	2804	6711	8615	22872	10376	84516	9276	89866	149111
Triglyceride Biosynthesis	8694	2712	116255	23175	392636	150763	2713	57678	2710	9663	346606	64900	80168	84649
Triglyceride Catabolism	8228	646486	2173	11343	2820	5568	5499	5567	5501	2169	150379	857	2167	5566	646480	5500	3991	5346	2172	51099	10226	2171	2170	2168
Triglyceride Metabolism	8228	116255	150763	2710	646486	2173	80168	84649	11343	2820	5568	9663	5499	5567	392636	5501	2712	2169	150379	857	2713	57678	2167	5566	646480	5500	3991	64900	5346	346606	8694	23175	2172	51099	10226	2171	2170	2168
Tristetraprolin (TTP, ZFP36) Binds and Destabilizes mRNA	167227	11340	9261	54512	51010	54464	118460	55802	7529	51013	22894	56915	23016	5393	7538	3842	23404
Truncations of AMER1 Destabilize the Destruction Complex	5519	5518	5529	5528	2932	139285	5525	324	5516	5515	1452	8312	5527	5526
Tryptophan Catabolism	883	8140	6520	51166	130013	8564	120103	169355	56267	125061	23498	8942	6999	3620
Turbulent Flow Shear Stress Activates Signaling by PIEZO1 and Integrins in Endothelial Cells	302	3688	25	3678	114548	84290	5144	6772	824	3690	8517	2776	1147	4792	5970	5518	826	9780	2767	3685	5770	5747	7414	9641	5519	10413	2335	5515	3551	4790	5520
Type I Hemidesmosome Assembly	3655	3909	667	977	3691	1308	3918	5339	3852	3914	3861
Tyrosine Catabolism	6898	2184	3081	2954	3242
UCH Proteinases	5691	5692	3013	171023	5682	85235	8314	5713	317772	4738	8473	7347	7316	7048	5695	7311	10445	5719	8334	86	7528	221656	29761	7979	5702	4092	580	5686	7345	8331	10213	125476	9861	3054	54617	7040	11047	6233	5688	5689	221613	54891	7314	5705	93973	5693	5717	5701	60	79913	29844	5694	5690	114785	283899	92815	5683	3607	55252	123228	5687	5700	5714	5707	51377	55777	8338	8607	5684	5709	5704	4798	7046	5718	221937	83444	5706	5708	5685
Ub-specific Processing Proteases	5691	100287238	5692	8078	3013	5728	8349	392188	8900	8724	9146	91833	80351	84196	409	5682	85235	11274	4792	64135	5713	84749	57599	4089	7417	330	645402	317772	8737	4193	63891	10474	728386	10454	7316	51616	5695	6502	8975	7311	4194	8295	128312	9817	8334	55611	5719	2648	23586	100287205	84101	100287478	29761	7979	5702	440689	890	4092	7186	100288520	9101	7416	84132	23326	7419	8345	2625	100287404	7189	10254	7874	9097	991	5686	8331	7353	57646	8340	8237	10213	4087	9861	8348	100287144	6314	11047	79589	1080	6233	5688	219333	645836	5689	10600	7157	8517	55031	10869	221613	64750	329	9804	7314	5705	5693	23358	8678	8342	100287441	8970	90865	4609	5717	100287513	3091	79594	8239	5701	3018	64426	83844	6885	9099	5694	100287364	5690	100287327	993	3416	1643	5423	25862	92815	5683	4303	8658	23770	9868	63967	8341	5687	9960	5700	367	23032	5714	5707	9100	6881	27430	1540	81847	6478	8338	8607	57695	5684	5709	154	5704	7046	10868	100287178	408	4086	55288	93624	27005	9736	7375	8312	5718	51651	377630	401447	255626	8313	9738	5706	9986	3017	85236	5708	4088	5685
Ubiquinol Biosynthesis	51117	57017	56910	27235	10229	51004	56997	84274	57107	51805	23590	79934	84842
Ubiquitin Mediated Degradation of Phosphorylated Cdc25A	5691	5683	5692	9861	5719	11047	6233	5687	5688	5700	5689	5682	5714	7979	5702	5707	5713	1111	7314	7311	5705	5693	5684	5709	5704	5717	5718	5701	11200	5686	7316	5706	5694	10213	5695	5690	5708	993	5685
Ubiquitin-dependent Degradation of Cyclin D	5691	5683	5692	9861	5719	2932	11047	6233	5687	5688	5700	5689	595	5682	5714	7979	5702	5707	5713	7314	5705	5693	5684	5709	5704	5717	5718	5701	5686	7316	5706	5694	1019	10213	5695	5690	5708	7311	5685
Unblocking of NMDA Receptors, Glutamate Binding and Activation	2892	4747	2906	2890	2891	816	1741	815	2893	2905	2904	2903	817	801	818	1739	1742	88	1740	57554	2902
Uncoating of the HIV Virion	5478
Uncoating of the Influenza Virion	
Unfolded Protein Response (UPR)	2673	51013	811	1200	1965	7494	58477	445329	1051	100137049	9570	11340	4189	2931	22894	30827	7094	1388	4802	1968	23016	468	84699	116138	3484	64764	90993	51360	81501	1663	54512	467	2135	9709	9451	3068	6734	10488	6464	10106	148327	5073	6745	55738	167227	3309	5611	11015	64061	6347	7466	9820	8570	5393	23404	55062	10525	1649	9695	56915	27230	10130	440	51010	2081	9797	1639	2137	3576	4800	10897	2134	118	5526	7184	10113	84447	22926	4000	7709	8894	8720	10954	22872	51726	118460	153222	4801	1054	37
Unwinding of DNA	84296	4173	9837	4174	4171	8318	84515	4172	4175	51659	64785	4176
Uptake and Actions of Bacterial Toxins	5604	118429	3326	3320	7296	6857	2984	5605	5609	6843	9899	22987	127833	6804	6844	6616	79849	1938	5608	10015	9900	801	84168	6416	112755	1839	5045	928	5606
Uptake and Function of Anthrax Toxins	5604	118429	5608	84168	6416	10015	5605	801	5045	5609	5606
Uptake and Function of Diphtheria Toxin	3326	1938	3320	7296	928	1839
Uptake of Dietary Cobalamins Into Enterocytes	81693	2694	1504	5644	55788	8029	440387	5646	5826	6947
Urea Cycle	83884	1373	445	5009	383	384	10166	435	57407	162417
VEGF Binds to VEGFR Leading to Receptor Dimerization	7423	2321	7422	2277	7424	3791	5228	2324
VEGF Ligand-Receptor Interactions	7423	2321	7422	2277	7424	3791	5228	2324
VEGFA-VEGFR2 Pathway	3071	71	3320	3709	10787	387	10810	6714	63916	5568	3791	6300	9261	5062	9564	3685	5566	3281	64223	1536	1432	5879	6035	4690	8936	1535	5578	653361	2534	5579	1003	55615	3690	117145	5296	5170	10163	2185	5567	25759	3710	998	5600	857	7422	801	3708	6461	1793	55845	10458	5058	5291	208	2475	5063	57761	1495	8440	9475	4688	1500	5590	3845	8877	253260	4846	5335	10451	5921	10152	60	1398	3265	5580	23191	7410	26999	558	5290	5603	10000	7409	4689	10006	5295	9047	9844	1499	7867	79109	5747	6093	207	3728	10768	4893	5829
VEGFR2 Mediated Cell Proliferation	3709	5579	6714	5590	3845	8877	3791	5170	3710	5335	7422	5578	801	3708	5921	10768	4893	3265	5580
VEGFR2 Mediated Vascular Permeability	208	2475	7410	5063	3320	1495	57761	1003	55615	1500	117145	253260	10000	5170	7409	4846	5062	857	1499	79109	801	10451	64223	5879	6035	207	3728	5058
VLDL Assembly	4547	5034	341	338	346
VLDL Clearance	341	338	51599	346	55911	7436
VLDLR Internalisation and Degradation	7311	7376	1175	1213	1173	255738	161	7316	160	1211	6233	10062	29116	163	7436	7314
Vasopressin Regulates Renal Water Homeostasis via Aquaporins	2788	115	114	2778	554	359	5575	5573	112	54331	358	5576	94235	111	5568	2792	22841	2793	109	5567	55970	59345	4645	108	10681	2786	196883	2785	5566	2782	51764	2791	2787	360	551	361	2784	2783	113	107	2790	5577	8766
Vasopressin-like Receptors	553	5021	5020	551	552	554
Vesicle-mediated Transport	9230	9909	3320	273	1523	11037	10053	4905	91782	4035	9146	7018	51112	409	117156	24137	90990	112574	140735	8533	55614	9871	10640	9570	6708	23149	1522	10466	90196	4644	27095	85021	27147	1604	83452	64147	23166	57134	3799	259173	2069	6456	163259	4074	30011	2799	5898	2647	3250	10971	8398	51138	6712	1780	9183	90411	3798	25782	156	23243	11252	949	81930	3800	2665	10094	29988	23431	51226	128637	79571	29127	10381	1601	3240	201475	375	10109	55605	8906	5648	5265	26286	351	10133	51272	2702	9342	1839	10139	26000	208	79090	9527	26119	6455	335	25977	9265	85439	10652	157807	285643	10981	10802	25978	920	347688	10905	10121	3043	8774	11154	6844	8976	9919	84251	3092	51128	51028	3263	91949	2700	10525	8871	79861	7039	3312	117177	382	27243	128866	2060	375519	5867	146909	9267	551	57465	2810	9847	5565	10945	5869	9610	10096	29993	7037	9382	51510	26052	51164	374	5878	2697	9322	3832	9554	89853	54662	55275	9179	2885	11127	7533	2017	408	1211	143425	6845	662	7248	100526767	51422	6711	64708	6836	81567	1362	84316	8773	51429	84516	5872	10808	6293	23423	115548	22930	23011	347517	89953	9026	7532	339122	2157	6714	25839	9135	55763	3949	130340	55291	53407	81025	9892	54536	3833	23682	948	1278	6453	83874	3834	388552	26153	1453	10987	9698	377	5879	3796	1777	6035	27131	127833	7311	9882	1121	9827	348	93661	90019	54885	23216	79720	8578	915	84062	7164	1176	51209	10342	2590	143187	7474	84342	84694	2701	3998	10260	1122	7249	57186	2703	4124	7163	950	53632	347733	221458	83548	6709	58485	10972	10112	4641	152503	6572	917	3512	157	8907	163	11015	60412	8408	8027	10052	160518	338382	11070	11004	51807	161	2801	10383	60561	57369	9318	55330	3575	287	51560	6399	5870	60	79735	1759	6811	80086	9266	10960	1175	22920	10618	64746	1639	22820	1956	4122	162	55707	7278	22931	2706	29924	27348	10092	23303	1778	25956	10749	414060	2709	154	63908	10890	79961	9185	155382	22872	636	5873	10717	284297	7110	207	10097	9276	57679	23046	9609	7846	3257	10540	22878	5861	2890	811	55357	9632	23265	288	126003	9685	55850	10093	8729	832	260334	4646	11336	127534	4738	3835	11316	1129	84364	9321	23062	274	4481	55667	9856	6288	22898	122830	250	57589	23163	3831	81631	10980	23048	11196	7280	2348	3630	9367	6272	55014	1213	8673	9332	254263	51542	801	10254	1314	9585	51143	163486	9648	5048	93343	1861	84617	11345	5874	147700	57148	7879	125111	51014	92421	8766	6457	78989	7251	2580	4012	1080	6233	213	26984	3797	2705	6869	4121	286451	124602	8775	55048	4253	29979	23396	2589	8677	2707	29763	1785	378	10382	286	1856	547	57511	5866	79058	685	2873	10226	26088	126432	80006	8546	5571	51534	738	201627	84079	51332	5049	22796	1281	81035	1294	2664	51256	10000	1781	26258	8867	7184	10113	149371	5050	11337	22905	1783	9950	3267	2804	113220	8615	125058	55582	8567	23258	5868	10376	8301	54453	7534	11311	89866	55576	149111	966	71	255324	414918	81562	81027	81846	6643	54732	6814	1174	8218	79958	9829	381	259	51762	9712	84313	10552	26958	9493	22879	9117	5564	1284	8322	9525	8905	160	11267	50618	10804	219770	57165	55860	57731	81876	5537	55083	7316	51594	60592	9363	27314	372	22818	4036	23637	6396	1315	10228	1062	5286	10671	8655	137492	10175	64689	57706	10427	9341	134829	79643	84315	8542	4943	112714	64837	375056	1212	26130	4952	22848	51693	23557	79890	51399	7277	2803	60560	51552	338	29978	10282	554	400	1075	286133	8674	2153	27333	2512	830	867	29082	6810	6305	84958	55738	23647	58513	8675	1173	8685	2495	23208	5864	23256	122553	5563	7314	84790	185	10484	11021	27183	116442	4627	5321	56894	51271	164	54874	55770	3482	1277	22836	10959	84643	60684	23095	56992	23299	4218	9371	829	83696	54734	27342	10244	6857	11258	1282	10920	6517	51160	27128	64786	7082	221960	6678	374403	50813	23433	7109	2800	22870	6710	7529	79748	11014	5428	1950	89781	7531	11031	57533
Vif-mediated Degradation of APOBEC3G	5691	5683	5692	9861	5719	11047	6233	8065	5687	5688	6923	5700	5689	5682	5714	7979	5702	5707	9978	5713	7314	5705	5693	6921	5684	5709	5704	60489	5717	5718	5701	5686	7316	5706	5694	10213	5695	5690	5708	7311	5685
Viral Infection Pathways	121601	55741	3841	3320	3013	10053	5439	91782	6142	6185	6382	140735	85235	9871	9045	6138	9611	6487	22863	5926	598	6921	5062	9641	2237	10155	51114	54625	9972	23389	6383	23367	10284	6880	30011	821	2957	10971	6188	10025	5719	4331	26007	1780	23586	6194	6217	57101	92359	84282	7520	5702	6837	6634	10381	3454	4245	375	81857	83666	56965	6873	6483	5648	6164	4691	5925	7936	11097	208	8732	9861	54815	8348	1901	291	5688	129401	3133	8021	5441	10802	25978	920	8517	2963	347688	23279	3107	221613	3703	2959	7284	84246	5693	26762	51128	51028	5336	8970	79861	5781	8731	4131	3312	6184	27243	59272	51742	128866	7469	5701	1022	9908	2810	5694	5440	51125	5869	6175	3656	292	92815	64601	1108	9282	143	8829	6772	2817	51510	23165	6235	9150	9968	200916	5435	1107	5313	5878	79902	55706	2697	2530	89853	2885	8338	64127	5684	7533	91662	2908	9440	1211	973	6136	486	100526767	5706	6143	6170	85236	7098	5903	4088	5685	3134	5691	6917	23028	7532	1459	6168	140032	8065	54106	6898	130340	7852	5054	1915	57459	5682	64135	5713	80143	5436	23478	1234	3190	3836	5931	4089	6130	4928	256435	10082	8819	51121	10332	402569	257397	1603	902	9439	23511	55823	10454	3978	5879	7706	6035	6206	375790	23225	5695	3459	8106	81030	7311	1616	9817	6173	4869	6224	79720	6635	5119	63982	7979	11218	3605	4686	55129	57504	9631	27072	6166	7415	5501	6218	51003	9360	2719	857	338440	4124	7422	8345	347733	1460	6147	8331	7405	6637	7175	3440	8815	23097	3838	2926	5434	6230	51311	3445	7040	6135	6192	892	79833	8907	23193	3456	163	5133	5479	6123	5689	9475	6228	6132	6234	6484	1387	89122	3676	3443	684	6159	51807	8678	161	60489	8342	10383	2197	5717	6606	6203	10207	83737	6229	4736	219541	1650	11035	25873	6208	50636	6482	3654	5433	2965	9672	6144	80086	114548	203068	54956	5683	3065	9636	1175	6201	3667	9612	8341	1025	8487	5700	1956	2068	162	7518	6633	7278	10280	7409	6210	8452	53826	1778	81929	482	53822	3455	6667	6152	8812	6884	55090	23521	3106	6124	6385	481	55690	6924	5718	5902	9219	929	3837	155382	9441	3614	207	3017	3554	4790	480	6907	9442	5692	6191	7846	6169	8349	7555	3303	30849	3570	51317	811	55107	9632	9789	51284	4792	6122	26276	221914	22916	10146	10898	10001	260334	476	834	51224	2931	25855	65082	3615	7096	695	9349	253832	203859	3452	10951	2962	4690	140801	10333	10134	974	1628	8334	3688	905	6877	27090	10392	81631	5289	112950	926	7280	9397	4836	3480	11123	293	3451	5170	5478	2547	9412	8086	51606	1213	8480	11168	11282	2874	6908	2262	7189	83860	23476	3159	4249	51143	6139	6749	5686	60559	93343	8726	2966	6872	84617	478	8340	2033	10213	5437	3665	2002	92421	340061	5610	7113	1312	84875	2932	7251	11047	1457	3716	51586	7329	6233	5589	6874	5901	10362	5708	6879	5611	6632	55048	1794	5349	8841	53371	7514	112744	5499	3444	51185	23512	3066	6829	404672	3105	2589	4780	8178	2146	11320	57506	6193	10382	3276	7099	90390	64426	79718	6885	50628	9688	8945	6137	5045	3551	483	1854	23339	51534	2967	6232	51065	6141	6189	6209	3446	9477	100529261	7841	5714	6732	3439	10000	84061	3839	5094	1781	1385	9112	6146	5709	5704	9844	3449	79760	23765	1783	6157	6125	10762	79668	116832	255626	567	5868	3661	10376	6154	7534	11311	51304	55588	23327	6654	6129	5430	81027	3339	904	5777	6875	9862	10610	28972	10728	6850	1174	3717	84313	30835	54960	7335	400569	6207	29760	54797	1104	5431	9525	1524	8905	160	2280	317772	8737	6181	6187	3135	11267	6500	6878	9969	6827	3932	7316	51616	10800	2534	79685	7341	128312	6396	1655	2339	3055	6636	2968	7991	25921	3981	5348	3843	6480	3840	8655	137492	57719	6160	6202	940	10427	440689	9978	6441	6223	79643	23643	9818	5970	23118	3921	3178	10015	112714	6171	6134	29110	1024	2961	138474	23636	9246	142	3442	6773	7277	7334	6628	3718	4247	1452	85437	9443	25929	6156	51201	3326	348995	8148	6128	4153	6133	7428	80306	29082	79023	23479	11253	5432	55746	1173	6158	6165	10465	4939	5438	25834	1514	7314	5705	2239	6231	6167	84790	3460	10484	6176	11198	2958	27183	5500	51271	164	3018	29079	861	53828	6222	23186	7097	51497	53615	6205	919	5690	5469	29801	4927	11224	57122	9868	5687	6733	79844	6923	25920	6227	51160	90701	7082	2071	5905	1147	5707	6161	3448	84818	57617	477	6881	6204	25820	7297	51191	5371	5978	7529	7187	3441	6883	8767	6093	10747	1052	6882	2288	54457	9111	2960	5928	196527	7531	6155	29108	9883
Viral Messenger RNA Synthesis	6396	348995	4927	57122	5430	5439	129401	79023	23165	8021	5441	5435	2963	5432	55746	23279	79902	55706	53371	5436	5438	9631	81929	9818	8086	4928	8480	5431	23636	23511	10762	9972	7175	2962	9688	5440	5434	23225	5437	5433	5903	11097	9883
Viral RNP Complexes in the Host Cell Nucleus	3303
Viral mRNA Translation	6191	6129	6169	140032	6168	6142	6122	9045	6138	6207	6130	51121	6181	6187	9349	6206	140801	7311	6188	6173	6224	6194	6217	6160	6202	6223	6166	6218	3921	6171	6134	6164	6139	6147	2926	6230	6156	6128	6133	6135	6192	6233	6123	6228	5611	6132	6234	6158	6165	6231	6167	6159	6176	2197	6193	6203	6229	4736	6208	25873	6222	6205	6137	6144	6175	11224	6232	51065	6201	6141	6189	6209	6227	6235	200916	6161	6210	6204	6146	6152	23521	6124	6136	6157	6125	116832	6143	6154	6170	6155
Virion Assembly and Release 9679509	
Virion Assembly and Release 9694322	
Virus Assembly and Release	821	811
Visual Phototransduction	2986	3339	4035	151056	5475	3949	5949	5148	6382	221914	10082	6011	338328	2868	611	5947	5406	5158	6383	375790	5578	4036	118142757	2339	348	51109	1109	5956	9397	4836	158835	5950	54884	121214	3292	2719	26020	2262	2782	801	9227	338	388531	5948	3000	145226	157506	1645	1258	335	5588	285440	53630	2792	8630	8608	6295	7804	101060233	6121	5957	2779	2239	4647	8644	79823	7276	336	83875	10170	1259	23173	5959	24	9672	6010	29967	55937	344	2817	4023	345	100529261	5145	9626	50700	57016	64220	10988	8787	6385	131890	1208	2979	9187	6017	337	9249	10681
Vitamin B1 (Thiamin) Metabolism	10560	27010	80704	79178	60386
Vitamin B2 (Riboflavin) Metabolism	5167	113278	55065	55312	79581	54	80308
Vitamin B5 (Pantothenate) Metabolism	5167	8884	80347	79646	8876	60490	60496	80025	5169	53354	284439	8034	79877	5168	2194	55229	79717	51248	8875	254552
Vitamin C (Ascorbate) Metabolism	9962	6515	6513	1528	1727	9446	9963	119391
Vitamin D (Calciferol) Metabolism	6613	1594	5641	26119	120227	1591	7329	8029	2638	7421	4036	51588
Vitamins	340665	1594	1592	1591	120227	56603
Voltage Gated Potassium Channels	3751	3756	8514	3747	23416	3738	3790	7881	9312	3788	169522	3737	9196	3750	170850	27133	56479	3757	3754	3752	3741	81033	3755	9132	3786	27012	3785	3742	131096	3744	3743	26251	3787	3746	3745	3749	3736	90134	23415	3748	3739	93107	3784
Vpr-mediated Nuclear Import of PICs	6396	348995	4927	57122	129401	79023	23165	8021	55746	23279	79902	55706	53371	9631	81929	9818	3836	8086	4928	8480	11168	3159	23636	23511	10762	9972	7175	8815	9688	23225	5903	11097	9883
Vpu Mediated Degradation of CD4	5691	5683	5692	9861	5719	11047	6233	5687	5688	5700	5689	920	5682	5714	7979	5702	5707	5713	7314	5705	5693	5684	5709	5704	5717	6500	5718	5701	5686	7316	5706	5694	8945	10213	5695	5690	5708	7311	5685
VxPx Cargo-Targeting to Cilium	6010	1258	1260	9727	55763	60412	23265	5311	10640	54536	1262	8729	149371	11336	117177	378	5310	55770	50807	4218	8766
WNT Ligand Biogenesis and Trafficking	7484	7476	7479	7477	7471	79971	9559	8724	54361	7483	7478	7475	7474	51384	7473	7481	51699	50999	7480	7482	81029	80326	89780	64840	55737	7472
WNT Mediated Activation of DVL	1460	1855	8395	1457	1857	1459	1454	1856
WNT5 FZD7-mediated Leishmania Damping	5599	1855	5879	124056	1857	8324	27035	10811	6035	7474	3725	1535	1856
WNT5A-dependent Internalization of FZD2, FZD5 and ROR2	1175	1213	1173	161	160	2535	1211	7474	4919	7855	1212	4920	163
WNT5A-dependent Internalization of FZD4	1856	5582	1175	1213	8322	1173	5579	161	160	1211	7474	1212	5578	163	409
Wax and Plasmalogen Biosynthesis	8540	8443	25979	158833	84188	158835	55711
XBP1(S) Activates Chaperone Genes	116138	6745	2673	9797	1663	1639	55738	2137	5611	1200	11015	64061	7494	7466	58477	10897	9820	445329	2135	100137049	2134	9570	118	5526	10113	84447	4189	55062	10525	3068	2931	4000	7709	30827	9695	10954	27230	7094	6734	10130	6464	22872	51726	10106	37
Xenobiotics	1553	405	57491	1555	1562	1549	9915	1543	1544	196	64816	29785	1558	1571	1572	1548	1559	1576	1565	100861540	54905	1573	107987479	1577	1557
YAP1- and WWTR1 (TAZ)-stimulated Gene Expression	7005	7003	2626	204851	10413	1490	6910	25937	1482	7004	28996	8850	8463	860	4878
Z-decay Degradation of Maternal mRNAs by Zygotically Expressed Factors	1974	9775	10605	79670	129563	1973	26986	1981	8106	1975	1977
ZBP1(DAI) Mediated Induction of Type I IFNs	147945	28512	4615	8517	1147	4792	1660	4793	5970	23220	8737	29110	11035	28511	3661	148022	4791	7098	3551	81030	4790
Zinc Efflux and Compartmentalization by the SLC30 Family	7781	7779	64924	7780	169026
Zinc Influx Into Cells by the SLC39 Gene Family	55630	23516	27173	29985	29986	64116	283375	7922	57181	25800
Zinc Transporters	55630	7781	7779	23516	27173	29985	29986	64116	64924	7780	283375	7922	169026	57181	25800
Zygotic Genome Activation (ZGA)	503627	7157	100033411	151871	284355	10413	342900	55211	390245	503835	7004	79670	1387	2033	201516	100288687
Activated TAK1 Mediates P38 MAPK Activation	3656	6233	10392	8517	7335	7314	9261	5606	64127	5608	23118	5600	257397	7867	7189	8767	1432	10454	7334	6885	3654	7316	7311
Alpha-Linolenic (Omega3) and Linoleic (Omega6) Acid Metabolism	54898	3992	51	2180	10005	64834	9415	30	83401	60481	6342	215	3295
Alpha-Linolenic Acid (ALA) Metabolism	54898	3992	51	2180	10005	64834	9415	30	83401	60481	6342	215	3295
cGMP Effects	3778	3779	10846	5593	50940	5138	27345	27094	10242	5592	5136	5152	10335	3708	5153	8654
cRNA Synthesis	
eNOS Activation	6697	114757	23576	80777	3320	9397	857	4836	207	340481	801	4846	10434
mRNA 3'-End Processing	10978	55110	79228	9775	57187	51692	9984	11052	10914	22794	6426	6432	84248	6430	26097	9877	9939	7307	29894	79869	4116	4686	6431	8683	22916	8563	53981	84321	10898	199746	1477	11051	84324	51585	10212	51213	6427	8189	6429	65109	51362	10189	84271	9785	10921	80145	10569	7919	6428	55339	8106	1479	11338	9295	81608	10250	1478	23283
mRNA Capping	8732	2968	2967	4331	5430	5439	5441	2068	2071	5435	2963	5432	4686	5436	5438	22916	6829	5431	404672	902	8731	1022	2966	2962	5440	5434	5437	5433	2965
mRNA Editing	339	100913187	103	29974	104	200315	27350	164668	403314	10930	9582
mRNA Editing C to U Conversion	339	100913187	29974	200315	27350	164668	403314	10930	9582
mRNA Splicing	10929	55100	9775	5430	54883	10181	5439	10081	22794	22938	6432	6625	3183	988	10084	220988	11066	6627	10523	7307	4116	24148	10291	5436	6936	79165	22916	3190	60625	9416	5431	26121	10992	5546	23450	51362	51645	10283	9785	10285	2962	3191	5356	51634	51639	10284	10915	55234	9130	55094	1655	6636	6631	57703	26017	6635	3185	135295	24144	5511	6634	1660	4686	6431	4904	55660	6638	4236	199746	79753	10179	55702	9360	58517	3178	25804	57794	8233	55696	56259	11017	84950	51428	6626	6628	6637	7919	10569	23759	5725	84991	59286	91603	85437	51747	5434	5437	23350	10450	6434	10907	163859	11157	83443	27258	143884	51690	153527	6426	9716	23517	5441	8559	6430	27336	7737	3550	5432	9939	6632	79622	2963	1659	10713	79706	10465	8449	9879	5438	10772	8683	11325	23451	58509	3192	57819	25949	22985	56949	3187	8241	84811	27316	3312	9092	6429	51593	9343	10189	8896	9128	55954	10921	7536	51729	5440	55749	53938	9584	10946	5433	154007	9410	10250	84844	22827	55599	11193	23658	5093	63932	55110	84081	85313	51691	51340	79171	5435	6633	51503	79576	5094	2521	151903	23524	5411	4670	27339	10286	10594	23020	1665	3188	6427	22826	100534599	65109	51759	10236	4809	3181	8175	27238	6428	9129	23398	6629	11338	9295	10262	3184
mRNA Splicing - Major Pathway	10929	55100	9775	5430	54883	10181	5439	22794	22938	6432	6625	3183	988	10084	220988	7307	6627	10523	4116	24148	10291	5436	6936	79165	22916	3190	60625	9416	5431	26121	10992	5546	23450	51362	51645	10283	9785	10285	2962	3191	5356	51634	51639	10284	10915	55234	9130	55094	1655	6636	6631	57703	26017	6635	3185	135295	24144	5511	6634	1660	4686	6431	4904	55660	6638	4236	199746	79753	10179	55702	9360	58517	3178	25804	57794	55696	56259	11017	84950	51428	6626	6628	6637	7919	10569	23759	5725	84991	59286	91603	51747	5434	5437	23350	10450	6434	10907	163859	11157	83443	27258	143884	51690	153527	6426	9716	23517	5441	8559	6430	27336	7737	3550	5432	9939	6632	2963	1659	10713	79706	10465	8449	9879	5438	10772	8683	11325	23451	58509	3192	57819	25949	22985	56949	3187	8241	84811	27316	3312	9092	6429	51593	9343	10189	8896	9128	10921	7536	51729	5440	55749	53938	9584	10946	5433	9410	10250	84844	22827	11193	23658	5093	63932	55110	84081	85313	51691	51340	79171	5435	6633	51503	79576	5094	2521	151903	23524	5411	4670	27339	10286	10594	23020	1665	3188	6427	22826	100534599	65109	51759	10236	4809	3181	8175	27238	6428	9129	23398	6629	11338	9295	10262	3184
mRNA Splicing - Minor Pathway	10907	6636	5430	83443	5439	10081	6426	6432	6635	5441	6632	5435	6633	5432	2963	79622	11066	6634	4686	24148	6431	5436	5438	4904	22916	11325	23451	9416	5431	10594	10262	8233	23020	10992	6427	23450	9343	55954	6628	6637	2962	5440	51639	85437	5434	154007	5437	5433	9410	55599
mRNA Decay by 3' to 5' Exoribonuclease	11340	54512	51010	80349	118460	6499	51013	9652	22894	10767	56915	23016	5393	28960	23404	115024
mRNA Decay by 5' to 3' Exoribonuclease	196513	1656	167227	80153	57819	23658	54464	55802	23644	25804	27258	11157	51690	219988	27257
mTORC1-mediated Signalling	6009	2475	28956	389541	6194	1978	1975	10325	8649	58528	10542	55004	64121	29904	84335	7529	2280	153129	64223	57521	10670	6198	1981	1977
Mitochondrial Fatty Acid Beta-Oxidation of Saturated Fatty Acids	35	142827	3030	3033	6296	51102	1892	3032	37	33	34
Mitochondrial Fatty Acid Beta-Oxidation of Unsaturated Fatty Acids	1632	3030	1666	3032	33	34
p130Cas Linkage to MAPK Signaling for Integrins	2243	5908	7094	9564	2335	2244	54518	2266	5906	7450	5747	1398	6714	3674	3690
p38MAPK Events	5900	9261	1432	5603	3845	5600	7867	6300	4893	3265	5898	6714	5899
p53-Dependent G1 DNA Damage Response	4194	5691	5683	5692	9861	5719	472	11047	6233	64326	8900	5687	5688	5700	5689	7157	1017	5682	5714	7979	51230	5702	5707	890	898	25946	5713	1026	7314	5705	5693	5684	5709	5704	1029	9134	5717	4193	5718	57060	11200	5701	5686	7316	1027	5706	5694	10213	5695	5690	5708	7311	5685
p53-Dependent G1 S DNA Damage Checkpoint	4194	5691	5683	5692	9861	5719	472	11047	6233	64326	8900	5687	5688	5700	5689	7157	1017	5682	5714	7979	51230	5702	5707	890	898	25946	5713	1026	7314	5705	5693	5684	5709	5704	1029	9134	5717	4193	5718	57060	11200	5701	5686	7316	1027	5706	5694	10213	5695	5690	5708	7311	5685
p53-Independent DNA Damage Response	5691	5683	5692	9861	5719	11047	6233	5687	5688	5700	5689	5682	5714	7979	5702	5707	5713	1111	7314	7311	5705	5693	5684	5709	5704	5717	5718	5701	11200	5686	7316	5706	5694	10213	5695	5690	5708	993	5685
p53-Independent G1 S DNA Damage Checkpoint	5691	5683	5692	9861	5719	11047	6233	5687	5688	5700	5689	5682	5714	7979	5702	5707	5713	1111	7314	7311	5705	5693	5684	5709	5704	5717	5718	5701	11200	5686	7316	5706	5694	10213	5695	5690	5708	993	5685
P75 NTR Receptor-Mediated Signalling	57449	26084	396	387	2245	23365	26230	221472	4792	6610	128272	8874	11108	6453	8997	29	64857	445328	5584	65078	5879	23421	7316	9639	6035	7311	57580	836	23229	9500	9826	89846	4974	25791	5970	835	10672	23370	4168	7189	7984	6868	5664	5663	4803	5599	55701	1894	8878	6233	55160	11214	100271715	4615	84904	8841	121512	7314	7204	572	3066	84894	83464	23385	10451	51107	27237	3654	9459	6655	10018	22899	50649	26574	3551	50650	3065	7410	27018	4099	22986	4804	9138	389337	7409	5924	23263	10276	54848	8767	7074	55851	57142	9181	9828	7531	84033	4790	6654
p75NTR Negatively Regulates Cell Cycle via SC1	11108	3066	3065	4804	8841	4803
p75NTR Recruits Signalling Complexes	5584	4804	3654	7316	8878	7314	6233	8767	7189	3551	4803	7311	4615
p75NTR Regulates Axonogenesis	4803	65078	4804	84894	57142	4974	4168	396	387	4099
p75NTR Signals via NF-kB	5584	5970	4804	3654	4792	7316	8878	7314	6233	8767	7189	3551	4803	7311	4790	4615
rRNA Modification in the Mitochondrion	51106	130916	387338	55178	29960	79922
rRNA Modification in the Nucleus and Cytosol	51202	22984	88745	6201	27042	57647	55226	10528	6194	57050	55623	9724	10885	25879	55651	9277	51118	11103	9790	25926	54433	56902	84128	4839	8602	84916	84135	10199	10607	10813	23160	51096	55272	55813	6187	134430	51504	51077	65083	55505	6203	27340	27292	9136	6208	2091	79050	92856	55127	4809	27341	10171	10436	115939	11056	5822	54555	51602	1736
rRNA Processing	4509	79159	22984	84946	130916	6191	57647	6129	51013	6169	140032	6168	6142	81875	54913	79707	6122	9045	10969	6138	84128	8602	81887	6207	4538	10607	23160	11340	6130	51096	387338	51121	54931	6181	9188	1453	6187	134430	51504	22894	51077	55505	9349	6206	10200	23016	26354	140801	79897	11056	54555	7311	1736	51202	6188	88745	27042	6173	6224	10528	6194	6217	57050	10885	55651	54512	11103	6160	6202	54433	55781	4839	6223	6166	8568	6218	4519	3921	55131	6171	65083	4536	6134	27340	29960	6164	6139	4691	60528	79050	92856	6147	10557	3028	4508	10438	6230	51602	6156	9692	10556	6128	4537	6135	6133	6192	6233	55720	9277	23517	6123	6228	55759	8780	6132	9790	4539	6234	6158	28987	27043	6165	10799	5393	117246	23404	10199	10813	6231	6167	6159	6176	2197	56915	6193	6203	6229	4514	4736	25873	6208	2091	705	6222	6205	6137	23246	10436	54881	115939	6144	1454	5394	6175	26168	51010	11224	6232	51065	6201	6141	6189	55226	9724	55623	23481	6209	6227	25879	6235	200916	51118	25926	56902	6161	6210	84916	84135	90459	6204	4535	6146	6152	55272	23521	6124	11102	55813	57418	4512	6136	22803	27292	6157	9136	79922	6125	4513	83732	51106	116832	4809	55127	27341	118460	10171	6143	6154	6170	6155	55178	5822	4540	51388
rRNA Processing in the Mitochondrion	4509	9692	130916	4537	4539	4538	4535	387338	54931	4519	4512	4536	29960	4514	79922	4513	51106	60528	3028	4508	55178	4540
rRNA Processing in the Nucleus and Cytosol	79159	22984	84946	6191	57647	6129	51013	6169	140032	6168	6142	81875	54913	79707	6122	9045	10969	6138	84128	8602	81887	6207	10607	23160	11340	6130	51096	51121	6181	9188	1453	6187	134430	51504	22894	51077	55505	9349	6206	10200	23016	26354	140801	79897	11056	54555	7311	1736	51202	6188	88745	27042	6173	6224	10528	6194	6217	57050	10885	55651	54512	11103	6160	6202	54433	55781	4839	6223	6166	8568	6218	3921	55131	6171	65083	6134	27340	6164	6139	4691	79050	92856	6147	10557	10438	6230	51602	6156	10556	6128	6133	6135	6192	6233	55720	9277	23517	6123	6228	55759	8780	6132	9790	6234	6158	28987	27043	6165	10799	5393	117246	23404	10199	10813	6231	6167	6159	6176	2197	56915	6193	6203	6229	4736	6208	25873	2091	705	6222	6205	6137	23246	10436	54881	115939	6144	1454	5394	6175	26168	51010	11224	6232	51065	6201	6141	6189	55226	9724	55623	23481	6209	6227	25879	6235	200916	51118	25926	56902	6161	6210	84916	84135	90459	6204	6146	6152	55272	23521	6124	11102	55813	57418	6136	27292	6157	9136	6125	83732	116832	4809	55127	27341	118460	10171	6143	6154	6170	6155	22803	5822	51388
snRNP Assembly	6396	348995	4927	6636	57122	1207	79833	129401	79023	23165	8487	8021	6635	6632	6633	55746	23279	11218	79902	55706	53371	51808	54960	4686	6634	22916	9631	10073	81929	9818	8086	4928	8480	6606	79760	23636	23511	10762	96764	9972	6628	50628	6637	7175	9688	79084	23225	10419	5903	11097	25929	9883
tRNA Aminoacylation	51067	57505	7965	51520	79587	10352	6897	25973	79731	55699	3035	6301	9521	2617	8565	3376	3735	27068	124454	5917	23438	4677	16	55157	7453	54938	5859	2193	80222	7407	5464	92935	57176	833	9255	2058	10667	23395	4141	10056	1615	57038
tRNA Modification in the Mitochondrion	9692	55687	25821	55006	84705	54931	3028	54802	80324
tRNA Modification in the Nucleus and Cytosol	54974	1787	63892	115708	10785	55644	54517	51002	90353	23536	80324	57570	55253	127253	79691	91801	348180	51605	4234	57604	112858	54920	93587	83480	55039	129450	113179	54802	54482	51504	8270	24140	54901	55621	152992	60487	221078	81605	2058	134637	54888	81890	9836
tRNA Processing	4509	10785	51002	51493	90353	23536	57570	54913	84705	79042	11260	4234	4538	10898	4928	93587	55039	54931	129450	51504	1653	8270	23511	55621	55006	25821	9972	10248	23225	51367	79897	1787	6396	55644	51637	4541	55253	127253	283742	57604	54920	9631	9818	8086	8480	4519	54482	79074	4536	24140	23636	60528	80746	10557	60487	3028	221078	7175	81605	4508	11097	1478	9692	10556	348995	63892	115708	4537	5901	129401	79023	8021	10775	348180	55746	23279	4539	53371	10799	112858	55687	113179	10940	4514	339487	9688	81890	54974	10978	4927	57122	54517	80324	23165	116461	79691	91801	283989	51605	79902	55706	29894	81929	4535	83480	11102	54802	4512	54901	4513	10762	152992	51095	2058	134637	54888	9836	5903	4540	9883
tRNA Processing in the Mitochondrion	4509	4535	9692	60528	54931	4519	3028	4537	4539	51095	4512	4508	4536	4540	4541	4514	4538	4513
tRNA Processing in the Nucleus	10978	10556	6396	348995	4927	57122	51493	5901	129401	79023	23165	8021	10775	51637	116461	54913	283989	55746	23279	79042	283742	79902	55706	29894	53371	10799	11260	9631	81929	10898	9818	8086	4928	8480	11102	79074	10940	1653	23636	23511	10762	60528	80746	10557	9972	10248	339487	7175	51095	5903	9688	23225	51367	79897	11097	1478	9883
tRNA-derived Small RNA (tsRNA or tRNA-related Fragment, tRF) Biogenesis	23405	283	60528
trans-Golgi Network Vesicle Budding	8546	152503	7037	2580	9026	2512	10053	10618	5286	25977	6643	64746	6810	9146	54885	8907	157807	84062	162	130340	7164	286451	1174	5878	8775	1176	134829	2495	9829	9685	23431	6272	11154	6844	26258	9179	8729	1522	1213	388552	375	8673	8905	408	7163	1211	1212	4952	55330	8906	1785	164	3312	2804	27243	9698	23557	6845	81567	1362	8773	351	3482	10717	1777	6456	8301	51429	27131	4074	2799	2647
vRNA Synthesis	142
vRNP Assembly	3843	3320
