SRF And miRs In Smooth Muscle Differentiation And Proliferation WP1991	4209	100271849	6722	93649	4208	1482	9314	4205	817	894	2002
TCA Cycle And Deficiency Of Pyruvate Dehydrogenase Complex PDHc WP2453	5091	1743	2271	3419	1431	1737	4967	4190	3417	48	47	1738	5105	6389	8801	5160
Mammary Gland Development Pathway Embryonic Development Stg 1/4 WP2813	1364	3655	595	10718	3688	7124	249	6422	7040	2066	4609	207	9839	7015	999
Initiation Of Transcription And Translation Elongation HIV1 LTR WP3414	3065	4773	5532	1025	904	5534	25920	5533	10614	4772	9759	4792	8841	1387	55869	5530	6667	5535	5970	51564	3066	6829	4775	7469	10014	6827	9734	4776	51497	2033	7936	4790
Hypothesized Pathways In Pathogenesis Of Cardiovascular Disease WP3668	5599	4087	2201	5594	84467	5054	5595	860	285	7182	4089	185	1490	7046	4053	4052	2022	1432	6464	7049	10631	2316	2200	7048	4088
TGF Beta In Thyroid Cells For Epithelial Mesenchymal Transition WP3859	4087	4089	6615	5595	7431	6591	2335	3397	1014	1000	207	1004	5594	860	3371	4088	999
Development Of Pulmonary Dendritic Cells And Macrophage Subsets WP3892	55509	860	1435	6925	2323	3662	1437	3394	6688	3398	6774	7173	10320
mRNA Protein And Metabolite Inducation Pathway By Cyclosporin A WP3953	23657	9817	8140	6520	4780	468	6510
Somatroph Axis GH Relationship To Dietary Restriction And Aging WP4186	2475	5728	3480	207	23411	2308
Chromosomal And Microsatellite Instability In Colorectal Cancer WP4216	208	5900	5604	5599	4436	596	4437	4087	7043	7040	2932	836	51176	2956	5966	5594	387	6934	595	7157	51426	5595	5743	5880	5898	3845	4616	122011	10000	3725	54205	332	1026	26060	7042	10297	10912	578	572	4089	6932	9423	7046	1499	5602	4609	1647	5601	29110	8312	83439	5366	27113	55770	5894	5899	581	8313	4292	5879	324	10018	207	2353	1452	7048	369	1630	673	5881	1643	4088	842
Platelet Mediated Interactions W Vascular And Circulating Cells WP4462	6403	7043	958	3553	6347	51284	3383	959	6352	6404	7040	6401	7097	7412	7042	7099	5196
Selective Expression Of Chemokine Receptors T Cell Polarization WP4494	7043	7040	959	1233	3595	1236	3458	3558	3566	3593	920	7852	940	8809	729230	1437	388372	7042	1234	1230	3594	3460	2833	6348	3565	3592	1232	3567	3459
Neurodegeneration W Brain Fe Accumulation NBIA Subtypes Pathway WP4577	6009	8398	2475	11152	6794	2512	30849	6342	115201	80347	84557	5289	23130	64798	8408	9821	83636	31	22863	1356	54676	4204	55054	7249	10533	79152	8678	55062	84335	80025	60673	10558	9776	64223	7248	9140	23400	5562	26100	57521	83734	9474	64422	80067
FGFR3 Signal Chondrocyte Proliferation Terminal Differentiation WP4767	5604	4882	5933	6772	5605	5594	6662	5603	5595	5745	7067	6300	5744	1026	6615	5600	650	3549	2254	5894	1432	5515	9474	8817	1267	2261	652
Host Pathogen Interaction Of Human Coronaviruses MAPK Signaling WP4877	5604	5599	596	8519	5605	5609	5594	4296	6196	6195	5603	5595	6300	3725	4214	3726	4294	684	5608	5600	6197	1386	5602	1649	5601	4293	10410	5894	4216	1432	6416	2353	10581	5606	1977	3429
Overlap Between Signal Transduction Pathways LMNA Laminopathies WP4879	3065	4087	2010	2339	7040	2932	388585	51176	7477	6696	7088	7112	23463	5468	4982	10269	6934	4673	8091	4851	23592	1869	122011	23405	1387	1051	3726	1026	860	7042	6720	6932	4000	1499	8850	650	8312	83439	3280	4129	4654	1052	4128	7480	1050	60	5925	324	1513	1019	2660	1452	27161	6895	4088
Antiviral And Anti-Inflam Effects Of Nrf2 On SARS CoV 2 Pathway WP5113	23657	7113	2939	3553	9817	7124	2730	8517	6347	1147	3576	4792	2983	5593	4314	3162	5970	1728	4780	2729	6256	2982	3592	59272	3661	3569	27035	3551	2977	4312	4790
SARS CoV 2 B 1 1 7 Variant Antagonises Innate Immune Activation WP5116	3661	9868	7187	23586	29110	7189	57506	3456	9641
Intestinal Microbiome On Anticoag Response Of Vit K Antagonists WP5273	5465	949	7421	29881	8856	5467	948	1559
Smith Magenis And Potocki Lupski Syndrome Copy Number Variation WP5381	84895	55081	5728	57560	23274	84288	387	3169	1407	4620	604	8533	54890	374986	1819	222235	322	90410	28981	5564	639	51655	10987	6774	7030	64223	79781	5584	116028	2119	96459	10062	203228	146691	3553	7124	80232	83450	51138	10400	54472	7942	641	10980	7156	2665	80173	9821	4289	8562	3725	5187	94274	55255	6720	9101	222894	2538	5970	84612	1213	25937	64795	1212	9776	10048	5562	23164	79989	1073	56288	10670	351	10296	4659	384	29109	3705	26160	150737	11020	85478	56912	7376	2475	10498	56953	51668	115811	4615	7157	64792	23495	5071	8408	10193	329	54329	23426	8100	4609	116442	9318	7099	8741	25852	84223	57521	10413	9575	125170	2873	10018	6470	4218	26146	201163	80010	983	201164	84229	23059	55502	3170	10920	2314	51168	3939	57600	9020	23026	2622	10743	79018	202500	1385	50813	3996	55090	1408	60673	1211	406	10890	6093	51422	581	3984	91647	140775	26959	3394	92749	5105	51098	4790
Wnt B Catenin Signaling Inhibitors Current Past Clinical Trials WP5442	4040	1499	64840	1387	4041
Mammary Gland Development Pregnancy And Lactation Stage 3 Of 4 WP2817	5241	2100	84876	8792	7528	9914	1956	595	2065	1147	3717	139728	2706	8600	1051	598	2099	1447	2064	51083	7170	2908	857	2066	5618	5770	4609	23508	7392	1050	2001	1977	5617
Apoptosis Related Network Due To Altered Notch3 Ovarian Cancer WP2864	3065	2081	1495	840	602	348	7124	27018	25	2149	8878	308	8065	8870	5594	7057	2113	26135	3309	8531	2065	7185	3727	3315	9616	4092	3084	332	1026	2185	9021	79092	7431	5062	3329	10276	1728	2729	8312	3070	5747	8767	3575	27242	10451	351	1027	5585	8454	207	6198	8795	4790
miRNA Targeting Cancer Growth And Vascularization Glioblastoma WP3593	7423	23462	7422	7424	3091	3280	55662
Mir 124 Predicted Interactions W Cll Cycle And Differentiation WP3595	58190	6794	51804	55437	5725	5562
Regulation Of Wnt B Catenin Signaling Small Molecule Compounds WP3664	8325	154141	8321	6424	8658	2932	324	6925	27122	51176	1499	8324	7471	1452	8312	4035	1856
Regulation Of Apoptosis By Parathyroid Hormone Related Protein WP3872	208	10017	596	2932	666	3691	10000	4170	5744	599	598	578	3655	2931	4609	440603	5294	83596	637	581	23786	79370	207	597
Dengue 2 Interactions With Complement And Coagulation Cascades WP3896	712	5329	2153	5627	2149	2165	1378	5328	2157	2161	5104	5327	4179	5054	716	2147	2244	7450	2155	3998	3426	710	3818	718	714	1213	729	728	730	719	462	629	1675	735	336	5345	3053	623	5648	5265	10747	1604	3827	715	733	2158	713	1361	3075	2159	5340	7035	1191	7056	2152	1380	5624	717
ncRNAs Involved In STAT3 Signaling In Hepatocellular Carcinoma WP4337	3590	5970	3572	6659	3717	3569	3716	3718	3589	6774	6935	3570	4790
Classcl Pathway Steroidogenesis W Glucocort Mineralocort Metab WP4523	3293	6770	1585	6716	1586	3283	1589	1528	5447	1584	3290	9563	1583	3284	1588	3291
Interactions Immune Cells And miRNAs In Tumor Microenvironment WP4559	7043	942	7040	3560	5133	29126	3566	3561	6347	51284	7042	3559	1493	8651	3627	51135	6774	7189	7099	941	3565	6778	6352	4791	7048	51311	4790	10401
MFAP5 Effect On Permeability And Motility Of Endothelial Cells WP4560	7082	4633	8076	5595	5335	87	3685	4638	5588	3725	5594	5747	3690	3708	7414	4026	1385	5829
Amino Acid Metabolism Pathway Excerpt His Catabolism Extension WP4661	144193	131669	84706	10841	3034	2746
Endoplasmic Reticulum Stress Response In Coronavirus Infection WP4861	5610	89801	5599	596	2081	5506	5514	51360	84557	3309	23368	81706	84152	151242	79660	1965	7494	5511	94274	5504	55607	84919	5499	26472	5501	22926	6992	648791	5509	27102	9451	8720	1649	5500	4660	90673	5507	5510	23645	84988	26051	5502	4659	54776	468	54866
Type I Interferon Induction And Signaling SARS CoV 2 Infection WP4868	5610	7113	3716	23586	6772	54106	4615	51284	10379	64135	4939	285852	3454	3455	7297	51135	7187	29110	7189	57506	7099	9641	4938	59272	6773	3661	7097	4940	7098	3665	10333
Extrafollicular And Follicular B Cell Activation By SARS CoV 2 WP5218	57823	958	9636	57379	5079	931	7124	959	4068	1880	1236	8519	10673	1378	3458	3558	5133	969	1401	4094	3689	6387	2113	10563	9839	6366	7852	6850	51284	604	7494	643	3687	3662	30009	613	930	29760	59067	3455	639	718	4240	720	29851	171558	933	973	3586	2308	3312	941	151888	3592	10148	3565	7099	8741	3569	6776	3433	60468	83416	3732	912	1380	3394	6402	6363	5788	9168	23308
Catalytic Cycle Mammalian Flavin Containing Monooxygenases FMOs WP688	2329	2327	2330	2328	2326
Transcriptional Activation By NRF2 In Response To Phytochemicals WP3	3162	23657	2730	5599	7965	2939	9817	1728	4780	2729	2048	1051	5578	4094	5290
Fas Ligand Pathway And Stress Induction Of Heat Shock Proteins WP314	5599	596	71	839	840	58	836	841	8772	4001	7124	5591	3552	3315	843	84823	3725	54205	4214	9261	5062	1676	4000	7867	11124	356	317	8837	8767	4799	142	355	60	113523636	6885	5925	1677	6416	6709	397	5058	1616	842
T Cell Antigen Receptor TCR Pathway During Staph A. Infection WP3863	5604	4773	3937	7124	959	2932	867	5588	3458	10892	3558	5605	5609	5133	915	5777	6237	5290	920	8517	9020	5595	1147	940	27040	4792	1437	3725	11261	1493	84433	2885	925	29851	10598	5335	5601	3702	801	3586	5163	7535	1605	3565	8915	3567	5894	9402	3932	6885	6654	2353	207	1019	1739	1326	4690	5058	3551	5788	4790	2534
Novel Intracellular Components Of RIG I Like Receptor Pathway WP3865	5599	8717	9636	7124	841	8772	79671	10521	26007	23586	3458	9755	22938	3456	56832	6387	64343	5603	8517	1147	3576	54941	4792	79132	64135	6300	843	80143	7186	4214	4793	1540	5970	1654	5600	3627	8653	5602	8737	10010	5601	29110	7187	7189	57506	9641	9140	5300	1432	55593	3661	6885	7706	9474	3551	3665	338376	4790	340061
BMP2 WNT4 FOXO1 Pathway Primary Endometrial Stromal Cell Diff WP3876	4093	6422	4090	1499	10018	4086	650	54361	1634	22943	2308	6750	7044
Exosome Biogenesis Inhib And Secretion Manumycin A CRPC Cells WP4301	5894	22808	5595	5868	4893	5878	3845	5873	10015	3187	9146	6237	5594	369	673	3265	22800	5869
Mechanoreg And Pathology Of YAP TAZ Hippo And Non Hippo Mechs WP4534	10971	7003	5599	71	5063	1495	3688	8463	3690	9448	106821730	6714	3689	3695	3691	3694	9113	3696	70	60485	72	999	7005	8994	57144	5062	6788	25937	4485	1499	5602	3693	59	5601	259230	60	10413	11183	7004	8491	10298	11184	5058	4771	5871	58
Envelope Proteins And Potential Roles In EDMD Physiopathology WP4535	5604	6722	4087	115	114	2010	7043	7040	163183	79188	23353	5605	7112	5594	387	1072	23224	112	6901	5595	3845	111	23592	109	55811	161176	7042	23345	2885	4089	108	1490	196883	55249	4293	3930	3799	6655	8815	5339	113	4893	3265	107	4088	6654
Pathways Of Nucleic Acid Metabolism And Innate Immune Sensing WP4705	84153	103	3661	115004	10535	64135	23586	79621	25939	6041	8635	11277	57506	3456	4938	340061
FGF23 Signaling In Hypophosphatemic Rickets Related Disorders WP4790	5167	1594	5741	84876	6696	8074	5251	595	1585	56975	1026	9365	1758	6098	249	142680	2263	2591	1591	4791	6569	2261	4790
Intracellular Trafficking Proteins Involved In CMT Neuropathy WP4856	5376	9230	7879	4747	81846	8766	9896	3315	53916	9516	79628	5864	10397	121512	54332	1785	10567	26353	1959	90678	5867	9927	23095	8898	5865	57111	4359
Perturbations Host Cell Autophagy Induced By SARS CoV 2 Prots WP4936	6009	64601	2475	5315	8878	6194	115201	1975	81631	64798	4077	55102	8408	55004	9821	57617	55607	10241	5563	27072	55054	8887	10533	8673	84335	9528	9776	64223	65082	9140	55823	3920	57521	79065	11345	10133	338	9474	207	23367	64422	6198	7879	23339
Genes Associated With The Development Of Rheumatoid Arthritis WP5033	3572	1235	115352	23569	4261	6583	958	7185	3685	51744	640	3123	26191	3559	26147	6775	3663	1493
DYRK1A Involvement Regarding Cell Prolif In Brain Development WP5180	1021	2475	1874	10253	273	836	2932	388585	5933	7027	132660	23411	92737	23621	1859	7023	2247	4137	51270	4772	595	7157	64798	63973	4851	55957	286826	1385	91750	2735	3092	7249	5934	5978	1408	84335	26524	23385	2308	51107	3280	64223	7248	7029	1875	57521	5928	351	55851	10238	6598	1027	8893	5663	1019	1452	28514	51053	1759	842	23132
Warburg Effect Mod By Deubiquitinating Enzymes And Substrates WP5216	2475	6513	78990	7428	3099	3939	5290	84101	5223	51547	10869	3791	2203	5230	2538	57695	7422	51633	4609	3091	2308	7874	57646	56957	207	11338
Abnormal Ca Handling And Effects On Muscle Contraction In DMD WP5343	10345	1756	6641	786	1837	487	6261	8082	100137049	844	6442	825	1605	7125
GLP 1 From Intestine And Pancreas Role In Glucose Homeostasis WP5452	5122	6513	5126	3630	2641	2740
Deregulation Of Rab And Rab Effector Genes In Bladder Cancer WP2291	9648	8567	83874	5873	23086	79083	25924	5874	22895	94120	54843	94122	84958	201294	9501	94121
Trans Sulfuration One Carbon Metabolism And Related Pathways WP2525	51380	635	4143	10400	2878	2882	191	4522	1757	257202	501	9468	27232	2730	10797	56994	2937	55349	1491	7298	55224	441024	2936	29958	5130	5723	6649	2572	27430	25902	200895	6472	587	2571	1120	23382	2879	1119	2729	5337	2880	1719	1789	2877	570	102724560	586	153328	4524	4548	6647	1036	29947	5833	2876	23743	64902	1788	55500	29968	26227	6470	10768	1759	10390	275	4144
MFAP5 Mediated Ovarian Cancer Cell Motility And Invasiveness WP3301	3710	8076	5595	6263	5335	3685	5588	3725	5594	5747	3690	7134	1385
Biosynth Of Tetrahydrobiopterin And Phenylalanine Catabolism WP4156	56521	6697	1312	438	15	1621	5860	2643	5409	1719	5053	4129	5805	7054	4128
Control Of Immune Tolerance By Vasoactive Intestinal Peptide WP4484	3567	355	942	940	7040	7432	3458	3586	3558	941	3565	3592	1493
Translation Inhibitors In Chronically Activated PDGFRA Cells WP4566	208	5604	5599	2475	1974	5607	1457	6194	5605	5609	5594	1978	6196	1975	5290	27250	6195	5292	5595	10000	8672	1973	5296	8503	11040	5295	5608	8986	5602	5566	5601	5163	6199	5294	9252	1432	57521	6416	207	6198	1981	5291	5578	5606	1977	5580
Thyroid Hormones And Peripheral Downstream Signaling Effects WP4746	5604	50506	3709	405753	63976	23028	5172	7849	5594	155	6714	51412	7067	7253	23236	84335	3685	6256	5566	4193	8458	64223	5346	1432	11183	51780	389434	7270	9882	114	364	10818	2260	117247	6194	54361	3690	57224	10891	7200	5593	7249	57104	10488	4852	51548	9728	27330	6009	2475	2932	7350	5468	5443	11343	7157	7252	4879	572	152831	389692	1386	1734	4160	1733	5894	57521	9658	3265	842	4881	6469	181	5290	6528	26291	4851	10000	109	7173	6567	7038	5208	2885	1499	7867	53919	7068	2308	7248	6198	1735	6654
Multiple Epiphyseal Dysplasia And Pseudoachondroplasia Genes WP4789	1298	1311	1297	1299	4148	4146
SARS CoV 2 Nsp1 Inhibits Translation Initiation In Host Cell WP5027	8666	8662	8661	10209	8668	1964	1965	1968	8663	8667	8669	8894	8665	3646	8664	1983
mRNA Vaccine Activation Of Dendritic Cell And Induction IFN1 WP5187	51284	3661	64135	23586	8792	7098	57506	3665	3140	51311
Amino Acid Metabolism In Triple Negative Breast Cancer Cells WP5213	23657	6513	29968	26227	6510	5723	2744
Extracellular Vesicle Mediated Signaling In Recipient Cells WP2870	2475	4087	7043	7040	4233	1956	3845	3082	7474	7042	2064	4089	4240	7046	27121	1499	7039	8312	8842	5894	7049	324	7103	89780	207	7048	4893	3265	4088
DDX1 As A Regulatory Component Of The Drosha Microprocessor WP2942	4361	472	10111	54487	29102	1653	4683
Photodynamic Therapy Induced NFE2L2 NRF2 Survival Signaling WP3612	5599	2950	9817	368	4835	9429	2730	5603	6300	3725	2052	3162	5600	1728	4780	2729	8714	1066	1432	2353	10257	1244	140809
Hematopoietic SC Gene Regulation By GABP Alpha Beta Complex WP3657	596	472	5728	2322	2551	7543	6597	2120	2309	1387	4170	598	4089	1789	1786	7014	1788	2553	3002	2033
4 Hydroxytamoxifen DEX And Retinoic Acids Regulation Of P27 WP3879	5604	2475	5605	5594	4296	1978	5290	5595	4217	5296	8503	2872	7249	5295	5608	8569	7248	5562	5894	207	55872	5291	5606	1977	5293
Regulation Sister Chromatid Sep At Meta-Anaphase Transition WP4240	5885	9126	10274	8243	324	9184	699	1062	701	8379	4085	9700	9232	991
Methionine Metabol To Sulfur Amino As And Related Disorders WP4292	51380	27232	4548	1036	635	1491	4143	191	102724560	132	27430
Cells And Molecules Involved In Acute Inflammatory Response WP4493	6403	3827	718	729	3576	3383	3683	3569	3688	730	6404	7124	7412	3676	3552	3689	727
Genes Related To Primary Cilium Development Based On CRISPR WP4536	55081	57560	582	23322	23288	51175	132884	11159	10464	90410	80178	166379	403	28981	23552	11116	85459	79598	80199	55764	55125	51134	200894	585	9851	51174	51715	129880	79363	9731	6993	80817	7289	8655	25776	8195	79959	57534	80173	11158	51057	79600	10300	57545	137392	583	153241	79989	80210	85302	54585	26160	150737	11020	55212	56912	79659	51668	57539	132320	8481	57728	55112	79738	27241	8100	22832	26123	123016	54903	79809	255758	146057	283643	60684	26146	9371	84984	23059	112752	79770	26005	22920	56623	200728	163786	84314	65250	91147	22858	79583	9742	11127	2121	79867	84100	51259	84455	89891	27077	64927	123811	51626	51098
Synaptic Signaling Associated With Autism Spectrum Disorder WP4539	208	5571	6009	2475	116443	8831	85358	2932	627	5728	5594	1978	2906	5290	23237	775	816	5595	3845	10000	5296	5293	2905	8503	5563	2904	2903	7249	5564	5295	814	53632	7337	4915	3265	7248	51422	5562	4763	57521	2911	2902	207	1742	6198	5291	116444	4893	5565	9456
Cholesterol Metab With Bloch And Kandutsch Russell Pathways WP4718	6307	1595	2224	7376	19	2180	6309	3422	4047	10654	9415	9023	2181	7108	6721	6785	6646	83401	4597	29116	6319	2182	1593	39	6720	54898	1718	50814	8435	9619	3158	1717	10965	51478	3992	3157	3930	10682	3156	10858	2194	4598	10062	9453	6713	60481	2222
Eicosanoid Metab Via Cytochrome P450 Monooxygenases Pathway WP4720	5465	1562	1579	66002	5468	2053	284541	1558	8529
MAP3K1 Role In Promoting And Blocking Gonadal Determination WP4872	6093	4216	387	5600	2932	1499	10023	2263	668	8312	4214	5594	6736	54361	2254	6662	10912
Host Pathogen Interaction Of Human CoV Interferon Induction WP4880	5610	5599	3716	23586	6772	4615	8517	1147	51284	4792	10379	64135	4939	3725	3454	3455	7297	8737	7187	29110	7189	57506	9641	4938	1432	6773	3661	6885	148022	2353	4940	3551	4790
SARS CoV 2 Innate Immunity Evasion And Cell Immune Response WP5039	7188	4088	7124	7040	9540	841	8772	3716	8519	3902	23586	6772	2920	6373	3456	3570	682	6387	10563	4599	6347	3576	51284	79132	7186	1437	2919	2921	388372	7020	6372	84868	3454	5196	5473	3455	6374	3066	4928	8480	3627	284340	8737	10010	7187	29110	7189	3586	6348	57506	164	59272	3579	6773	3661	6352	3569	7706	4283	3433	11126	23367	2033	3665	8717	4790
NAD Metab In Oncogene Induced And Mt Dysfunction Senescence WP5046	6513	3553	23411	23410	6517	7157	22933	1994	2539	5970	10850	4191	3159	5562	23057	142	2806	3569	4190	10135	2805	23408
SARS CoV 2 Mt Chronic Ox Stress And Endothelial Dysfunction WP5183	7124	79671	3606	9868	28976	6195	54386	91942	1636	617	51295	5972	183	4790	7187	51103	7189	57506	59272	51548	7014	3569	5245	27035	114548	340061
Resolvin E1 And Resolvin D1 Signaling Decrease Inflammation WP5191	2475	6011	2358	2048	207	5163	5291	5294	1240	1241	5290	5293
Cell Interactions Of The Pancreatic Cancer Microenvironment WP5284	942	7040	3902	8829	6387	7852	6347	1436	3791	729230	1437	1234	1493	3627	7422	356	2833	1435	941	1438	3122	355	6352	3123	9531	10581
Sterol Regulatory Element Binding Proteins SREBP Signaling WP1982	5571	1595	2224	2475	7376	6396	3422	4047	51586	23411	4023	51360	5468	11236	7528	5290	6721	10802	3949	51141	9632	84532	26291	10427	949	9871	3630	820	4800	4597	31	1622	5950	25956	1385	5563	6319	6667	6720	5564	22926	51128	10484	57678	2931	8720	267	5566	53632	10483	3638	1024	51422	5562	3157	3837	22937	22872	23175	3156	133522	2194	207	4190	56681	47	6713	5565	2222
Hair Follicle Development Cytodifferentiation Stage 3 Of 3 WP2840	64919	1523	1824	3866	2354	6662	6925	43847	7704	3516	654	4089	10804	55806	3880	5650	11005	25818	4853	4345	337879	22822	23581	4772	25928	9355	5653	7474	3725	9622	94234	2625	26085	2619	6275	947	1959	8321	3228	6868	27122	6657	3488	284110	8456	652	8549	6422	1747	3458	4488	730755	1991	404203	23560	6929	1490	2304	657	147409	3479	864	26018	2353	254950	1828	11197	80070	51176	85293	22943	8626	1956	4851	337966	64065	2908	1499	27121	4086	10468	8842	4254	55507	4487	4790	2736
EV Release From Cardiac Cells And Their Functional Effects WP3297	6004	2066	10365	4602	6387	5617
Physico Chemical Features And Toxicity Associated Pathways WP3680	5604	5599	5217	2932	10096	4747	4638	867	5594	387	2890	9475	6714	1956	11211	8325	4632	4744	51384	7855	3725	375189	1026	7481	7976	2064	2885	7114	8322	5335	8323	4842	2066	8326	1499	4609	5216	7039	8312	5747	5294	4741	5894	6647	6464	1855	8321	2876	324	1027	2335	23002	2535	207	8324	10097	6416	4690	5058	5515	6776	345456	8536	2002	58	6654
PI3K AKT mTOR Signaling And Therapeutic In Prostate Cancer WP3844	6009	2475	4303	2932	5728	1978	7942	5290	3845	2309	253260	2887	5296	9821	8408	4846	8503	7249	572	5295	79109	5163	5294	2308	9776	64223	57521	1027	207	5291	4893	3265
Hereditary Leiomyomatosis And Renal Cell Carcinoma Pathway WP4206	5571	6513	9817	5162	54583	6194	3939	5160	7157	8452	31	5564	4891	7422	4780	5163	3091	5562	32	5161
Major Receptors Targeted By Epinephrine And Norepinephrine WP4589	115	114	108	111	154	152	151	196883	153	109	55811	113	146	107	112	150
GPR143 In Melanocytes And Retinal Pigment Epithelium Cells WP4941	115	5579	2778	5332	4157	5443	5330	4286	409	5176	2776	5568	2769	6490	1385	5567	23236	108	2315	196883	7422	408	434	5566	7306	7299	1638	3708	5331	4935
Female Steroid Hormones In Cardiomyocyte Energy Metabolism WP5318	208	2101	2099	4547	4846	5465	6794	133522	338	6648	47	6517	3032	34
Induction Of Autophagy And TLR Signaling By Graphene Oxide WP5336	84557	7124	8678	3661	3458	54106	7189	7099	3456	4790	4615
Effect Of Omega 3 PUFA On Huntington 39 S Disease Pathways WP5470	712	5604	19	22930	841	5728	3064	5594	30849	2563	79899	6721	4294	598	146850	5564	2562	84335	5601	4976	9252	64223	637	4155	6416	1595	5266	596	3553	348	627	836	64137	5286	5287	1978	3798	5288	55879	2560	10891	2568	2565	5296	7249	9001	2554	9619	2557	53632	4915	3708	5562	3157	3569	3156	54806	10858	5291	1977	2002	5293	208	7376	6009	5599	2475	840	25942	5609	2558	64798	6558	253260	5864	2564	5563	572	2566	2555	3066	2561	3158	5602	1717	5294	5894	57521	10018	3551	664	5565	3265	2556	5571	3065	5605	5290	1956	5595	10000	23533	57468	2567	2559	8503	1385	6667	5295	5978	4790	7248	51422	581	1950	2911	207	6198	1152	4760
Transcription Factors Regulate miRNAs Cardiac Hypertrophy WP1559	208	7040	5923	50804	207	6774	5534	4790
Mammary Gland Development Pathway Involution Stage 4 Of 4 WP2815	3572	7157	581	9021	1869	4318	4609	1116	6774	999
TCA Cycle Nutrient Use And Invasiveness Of Ovarian Cancer WP2868	1956	5595	3716	6774	5594
DNA IR Double Strand Breaks And Cellular Response Via ATM WP3959	545	7161	5884	472	836	10524	25	5888	86	79648	1020	5591	4683	3014	4361	641	9025	7157	675	1869	5883	9113	995	1111	5111	7158	5893	3297	578	672	55183	8243	9656	6788	79035	1386	1029	9156	317	4193	5976	7189	9126	11200	10155	637	581	142	7014	10413	10111	2177	64421	11186	842
Epithelial To Mesenchymal Transition In Colorectal Cancer WP4239	5604	117581	7479	24146	3678	1000	5594	137075	53842	182	10686	51208	1364	23562	11211	8325	9518	3397	6300	1366	6935	3516	4089	1284	8322	8326	4855	10683	56648	1432	4313	4040	2335	6416	7048	7472	3398	5606	9080	4853	7476	7991	5318	7471	8999	54361	56649	92359	5317	9839	9074	10016	5296	51384	7473	7474	49861	7182	9076	94234	100132463	5600	26524	7189	100506658	5310	81029	8726	6464	8321	8788	89780	5058	5291	114793	5293	208	7484	5599	4087	1832	54567	7040	2932	6591	2305	7122	4318	4324	26285	7157	9071	3845	9069	7475	7042	999	23512	80224	8323	5010	2146	3091	1285	8828	64398	5894	80326	1287	2535	6655	11171	28514	1286	3265	58190	7043	7291	7477	4854	2303	7448	7483	5605	1282	4041	7478	5290	7082	5603	5595	5629	4851	1365	10000	7855	1288	8503	6678	149461	7481	7976	4209	2885	5295	6615	5608	7046	1499	9075	3714	9073	7480	7482	5928	8324	207	3728	4088	6654
Oligodendrocyte Differentiation Leading To Myelin For CNS WP4304	116448	3553	7124	429	6469	6663	2920	6660	4099	6662	2247	4661	10215	137814	4974	2919	30812	55553	4340	5155	650	3479	3976	5354	4155	4821	1267	1270	652	2736
Somitogenesis In The Context Of Spondylocostal Dysostosis WP4785	84667	145873	4851	134701	6911	28514	10683	2043	3955
Pathogenesis Of SARS CoV 2 Mediated By Nsp9 Nsp10 Complex WP4884	917	55922	3127	1401	920	926	3576	916	925	3543	3929	7535	914	3122	64386	3932	3569	3123	919	10394	2534
Interactions Of Natural Killer Cells In Pancreatic Cancer WP5092	5817	7124	5551	102	4277	3458	6346	9437	22914	100507436	6347	2624	2214	1437	388372	259197	4609	10666	6348	2308	6868	6352	201633	100532731	3002	374383	10225
Complement Mediated Inflam Of Pulmonary Alveolus In COV19 WP5148	718	78989	59272	729	728	730	2219	719	731	735	10747	727
Vitamin K Metabolism And Activation Of Dependent Proteins WP5186	29914	2158	1728	2147	2159	5627	2155	2677	154807	8858	79001	84883	5624
Mod Of PI3K Akt mTOR Signaling By Bioactive Sphingolipids WP5192	56624	2475	1901	3480	5337	207	56848	64781	1903	3091	10715	7248	4790	5290
Glucose Metabolism In Triple Negative Breast Cancer Cells WP5211	6513	5315	54704	5214	6566	5163	3098	3939
Arsenic Metabolism And Reactive Oxygen Species Generation WP5233	7416	57412	6647	7386	476	6389	9446	847	28958
Estradiol Regulation In Porto Sinusoidal Vascular Disease WP5235	2099	3782	801	6670	6667
Extracellular Vesicles In The Crosstalk Of Cardiac Cells WP4300	967	5728	4318	6696	1956	975	2626	2114	8470	3315	3791	332	10611	6774	7099	3479	6647	1950	3569
Complement System In Neuronal Development And Plasticity WP5090	712	10461	966	841	50855	2011	4179	23250	727	1524	728	3685	719	356	1675	286410	10487	8547	1604	5584	637	715	713	4155	84552	725	57198	836	57194	9191	10584	3690	4140	3689	64478	56616	2621	4240	714	720	729	84612	55061	148229	730	5205	317	5648	56288	733	6376	731	27429	717	78989	840	2220	7040	4153	1378	3458	3993	7301	5590	716	2219	3687	23418	7042	578	710	718	629	10207	64398	722	355	57048	286204	842	7043	5359	23513	3684	5627	7448	9787	558	81035	843	54205	4139	3426	735	10747	331	581	3075	5199	27202	1191	1380	57088	732
Acquired Partial Lipodystrophy Barraquer Simons Syndrome WP5104	718	2339	4001	4000	9986	629	1675	84823	23463	727
Male Steroid Hormones In Cardiomyocyte Energy Metabolism WP5320	3294	3293	6716	1586	8644	3283	51171	6715	54658	1583	3284	1588	6817
Sudden Infant Death Syndrome SIDS Susceptibility Pathways WP706	2100	388585	6550	121278	7532	7018	1746	3032	3570	3552	226	5087	1137	8553	5576	7259	1051	9722	401	6330	5566	11076	3350	1129	4128	3764	10664	3030	361	2784	117	4821	55800	2902	10971	1644	3553	116	6640	7124	627	836	3356	6863	79923	5979	6670	10891	3557	3725	4904	4204	5567	2538	55536	4152	7433	720	7422	2554	2625	4915	5354	1889	9734	478	3569	30012	6657	54738	2033	4803	859	7161	1141	4208	1958	2305	5575	291	6095	429	5452	1374	6331	6750	6869	7166	3757	6751	1387	2597	1143	3784	6844	8929	4150	6616	34	6929	4010	4602	23171	5460	3091	864	4824	551	133522	4791	6507	2328	54862	5053	1139	3065	3596	3359	5316	5573	1390	7054	367	6532	2624	3576	4800	2697	7434	1385	7184	6667	5978	7533	3329	2908	7529	5454	1499	7068	4790	6752	3586	3280	6711	1103	4133	7531	7534	2019	10522	6262	2645	4760	5577
Physiological And Pathological Hypertrophy Of The Heart WP1528	5599	5532	5579	5581	5594	387	1906	3572	2626	3725	5530	5600	183	817	1489	801	6774	3977	1432	5879	4776	2353	50804	5606
Interactions Between LOXL4 And Oxidative Stress Pathway WP3670	84171	7040	3490	1728	11140	2335	4780	6839	54536	308	650	23411	780	2252	5310	4899	51295	1280
RIOK1 And RIOK2 In EGFR And PI3K Mediated Tumorigenesis WP3873	208	1956	83732	2475	7157	2309	5728	55781	6135	253260	10000	207	79109	64223	5290
Degradation Pathway Of Sphingolipids Including Diseases WP4153	4759	5660	2581	10825	2629	4864	2720	3074	3988	129807	950	2717	4758	2760	10577	410	3073
lncRNA In Canonical Wnt Signaling And Colorectal Cancer WP4258	1021	6425	83999	1459	5328	8325	11211	5176	9350	10297	3190	6932	8326	55506	27123	4040	10023	7472	7476	6424	7471	50964	54361	283106	595	467	122011	51384	7473	7474	3725	147111	1487	1024	896	59343	81029	1460	23401	8321	89780	1452	2932	8061	6422	1457	64321	57680	4920	6934	85409	56998	7475	6259	6929	3192	8323	4609	2146	85407	83439	1856	1855	80326	6885	324	2535	51701	6423	894	11197	1454	7477	51176	1488	22943	4041	4919	7855	7020	7481	7976	8607	1499	27121	8312	7480	7482	8313	1857	8324	64840
Altered Glycosylation Of MUC1 In Tumor Microenvironment WP4480	4582	5970	8517	1147	7124	3569	4792	3551	4790
Gamma Glutamyl Cycle For Glutathione Including Diseases WP4518	79017	1800	2937	2678	2729	26873
SMC1 SMC3 Role In DNA Damage Cornelia De Lange Syndrome WP5118	4361	672	472	9656	56852	10111	8243	22976	9126	4683	5885
Roles Of Ceramides In Development Of Insulin Resistance WP5181	5610	5599	2081	2180	7124	3643	3667	6517	7132	5590	7185	3630	948	5295	8660	389692	53632	3651	1375	5515	207	6198	55512
Relevant Molecular Pathways And Targeted Agents In TNBC WP5215	208	5604	2475	5728	3667	5605	5594	1978	79899	5290	367	5595	3845	64798	4893	253260	10000	10038	7249	8821	2885	5295	84335	79109	5163	9894	64223	7248	5894	142	57521	6655	207	6198	369	673	3265	6654
Nanoparticle Mediated Activation Of Receptor Signaling WP2643	5604	5599	3688	5605	5594	6714	1956	374	5603	3845	10000	6300	2885	5600	5602	5601	5747	7094	3265	5894	1432	3672	1277	2335	6654	4893	5829	5293
Mammary Gland Development Pathway Puberty Stage 2 Of 4 WP2814	2099	2064	595	1950	374	7431	5241	7076	8061	2335	4609	6776	8204
Photodynamic Therapy Induced Unfolded Protein Response WP3613	57761	2081	121506	811	3309	5611	7494	467	7324	4677	7184	7453	22926	6783	4189	9451	83939	4780	1649	9695	27113	10130	23645	51726	440	10018	468
Metabolic Pathway Of LDL HDL And TG Including Diseases WP4522	9388	3949	4547	19	302	949	3990	348	26119	338	335	344	4023	336	1071	3931	255738
Transcription Co Factors SKI And SKIL Protein Partners WP4533	7005	10461	3065	4763	23314	7003	6788	7004	8841	26524	9113	25942	8463	6497	3622	6498	10419	4204
mBDNF And proBDNF Regulation Of GABA Neurotransmission WP4829	627	5728	387	2563	163	1390	55879	5290	2558	2560	4804	2568	3717	2565	5296	57468	2564	2567	2559	8503	1385	2566	2555	2562	5295	5335	161	160	2554	2561	2557	6774	4915	5294	6093	6464	5291	2556
Prostaglandin And Leukotriene Metabolism In Senescence WP5122	239	2778	2770	6916	23411	9536	5730	2776	5743	5742	4056	109	1026	5733	23236	5734	5600	5732	5731	127281	4048	5321	241	247	240	5925	5740	3488	246	3265	10800
Disorders Of Bile Acid Synthesis And Biliary Transport WP5176	5243	5825	9420	80270	28234	6342	1109	10599	1581	8647	123264	1593	23600	5244	6554	11001	5205	6718	200931	1582	6555	10998	570	8309	3295	8714	2172	10257	1244
Prostaglandin And Leukotriene Metabolism In Senescence WP5321	239	2778	2770	6916	23411	9536	5730	2776	5743	5742	4056	109	1026	5733	23236	64174	5734	2678	5600	5732	5731	127281	4048	5321	241	2687	247	240	5925	5740	3488	246	3265	10800
Involvement Of Secretase In Neurodegenerative Diseases WP5372	208	23435	351	5641	627	5516	10000	207	6772	6733	1051	4915	23621	6418	4137	4129	6622
Growth Factors And Hormones In Beta Cell Proliferation WP5385	208	3643	2305	339122	5594	200186	1017	5595	3845	3630	3480	10000	4092	5228	7046	5154	2321	4609	3651	3479	2308	8788	207	1019	11186	673
Electron Transport Chain OXPHOS System In Mitochondria WP111	1347	1339	4720	4711	1353	1350	10063	4712	1329	518	515	6389	1355	4718	4713	4729	4709	9016	10632	6341	517	498	1337	7381	4707	1349	6391	4726	4717	293	126328	4725	539	1327	4697	7352	4700	7351	9167	7388	4715	521	4723	10476	4704	509	51079	291	4695	4714	7350	6392	374291	9551	93974	4710	4702	4731	1340	6834	9481	6390	513	522	516	7386	7385	4694	9377	55967	4708	4705	7384	1351	292	4701	4696	4724	4698	4706	4722	4716	27089	506	4728	27109	514	1346	1345	10975	29796	4719
Nucleotide Binding Oligomerization Domain NOD Pathway WP1433	50506	3320	3553	840	147945	841	9447	55655	3606	9744	51079	838	58484	22861	10392	10980	8517	1147	14	4792	4671	22900	84674	639	64170	64127	5970	91662	834	199713	8767	10910	55914	331	5879	338322	3551	29108	4210	114548	842
TNF Related Weak Inducer Of Apoptosis TWEAK Signaling WP2036	208	8742	7188	3065	5599	840	7124	2932	836	841	8772	5594	9020	5595	1147	7185	4792	7186	3725	329	4793	5970	5971	330	1499	8737	7187	5601	5894	1432	5879	6885	51330	4791	207	3551	84676	4790
Photodynamic Therapy Induced HIF 1 Survival Signaling WP3614	3484	6513	7043	5315	6566	54583	405	55662	3939	5160	3486	665	1906	7157	5054	5211	5743	284	4843	4170	332	285	5230	598	578	7422	2056	7039	3091	3098	5366	3485	637	581	6515	664	597
Photodynamic Therapy Induced NF kB Survival Signaling WP3617	3553	7124	959	4318	5966	2920	3558	3552	7132	595	5743	1147	3576	1437	332	329	599	4314	5970	112398	5971	7422	330	6401	7189	8837	4313	3383	3569	4791	7412	3551	4312	4790	597
H19 Rb E2F1 And CDK Beta Catenin In Colorectal Cancer WP3969	595	182	6659	5925	1869	1499	7289	1019	1466	1024	5469	5366	9555	999
Metabolism Of Sphingolipids In ER And Golgi Apparatus WP4142	7368	2683	8879	7357	2583	166929	8708	8877	130367	56848	64781	256435	2589	2531	8704	259230	57452	8706	8707	204219	81537
Regucalcin In Proximal Tubule Epithelial Kidney Cells WP4838	2475	4087	5741	7040	836	841	5594	5534	796	90550	5153	2865	5290	7132	4217	8600	10146	578	4089	9104	7046	56302	4842	59	317	5894	581	207	673	89866	842
Overview Of Proinflammatory And Profibrotic Mediators WP5095	11009	6696	2920	6346	64806	3552	10563	414062	50604	5196	6374	51561	9547	2056	1489	6360	1435	1440	50616	3592	3976	3567	26525	29949	58191	6352	3452	246778	6363	27177	10344	6368	3553	7124	56832	6387	27178	55801	3557	3605	3451	4049	6359	5473	27189	6369	7422	282618	10148	3442	27190	3569	6376	3440	6364	3589	85480	3445	7040	3606	4318	5197	10673	3458	3558	6373	3456	3593	27179	3562	6846	6347	6358	6370	112744	2919	282617	2921	388372	6372	4314	3444	3443	59067	282616	5008	3627	284340	10850	90865	3565	8741	6355	1270	3600	6367	4312	84639	3596	3578	3446	6366	56477	374	3576	3439	6375	3448	1437	6362	6354	3574	6361	3449	3441	6348	3586	53342	6357	56300	6356	386653	4283	3467	4790
Fatty Acids And Lipoproteins Transport In Hepatocytes WP5323	6770	19	2180	348	26119	344	376497	4035	2181	10577	255738	3949	23305	51703	949	6646	6272	29116	1622	7416	8435	2169	10948	341	11001	11000	3988	2167	4018	337	338	2170	2168	114879	10999
SREBF And miR33 In Cholesterol And Lipid Homeostasis WP2011	6721	3157	3949	2475	5465	19	51548	10891	3156	51586	2194	23411	10062	6319	6720	5562
Photodynamic Therapy Induced AP 1 Survival Signaling WP3611	7188	5599	596	3320	7124	602	8743	3458	5609	3558	7132	1956	595	7157	5603	890	898	4217	6300	7186	4170	3725	3726	1026	598	578	5606	5608	5600	4780	1386	1029	356	7189	8837	90427	637	581	1432	355	4313	5925	3569	6416	10018	2353	5156	2252	1839	2002
lncRNA Mediated Mechanisms Of Therapeutic Resistance WP3672	5243	7157	7475	3091	1026	598
ApoE And miR 146 In Inflammation And Atherosclerosis WP3926	5970	348	3654	4791	7097	7189	7099	6688
Mitochondrial Complex I Assembly Model OXPHOS System WP4324	54968	4701	4696	51079	55744	4695	4707	4714	25915	4724	28976	4720	51300	4711	90871	4712	4698	4726	4706	54539	4710	4717	4722	4702	91942	4716	51295	4725	55471	4731	4718	80224	4713	4729	25880	4700	51103	4709	55863	4694	55101	4715	55572	29078	55967	4719	4723	4708	4705	137682
Ca Mediated T Cell Apoptosis Inclusion Body Myositis WP5142	3065	4773	5532	85450	3164	824	5533	920	926	487	23523	5530	4209	3066	925	5335	801	7535	3932	2033
Biosynthesis And Turnover Of 1 Deoxy Sphingoid Bases WP5179	8877	130367	9517	2531	56848	10558	427	81537
Hair Follicle Development Organogenesis Part 2 Of 3 WP2839	3688	10913	51176	3911	6469	8626	4041	595	7474	2246	860	23560	1896	2735	999	6615	5154	1499	4609	2263	4790	10804	344167	8321	5727	6608	4684	5156	894	652	3624	2736
NOTCH1 Regulation Of Endothelial Cell Calcification WP3413	6303	54567	249	4851	3672	7422	813	28514	2261	10683	2702	1902	3714	4256	182	5327	55553
ncRNAs In Wnt Signaling In Hepatocellular Carcinoma WP4336	6425	83999	1459	5328	8325	11211	5176	9350	6932	9314	8326	27123	4040	10023	7472	7476	6424	7471	50964	54361	283106	595	122011	51384	7473	7474	1994	3725	147111	1487	896	59343	81029	1460	23401	8321	89780	1452	2932	8061	6422	1457	64321	57680	4920	6934	85409	56998	7475	6259	8323	4609	2146	85407	83439	1856	1855	80326	324	2535	51701	6423	894	11197	1454	7477	51176	1488	92140	22943	4041	4919	7855	7481	7976	1499	27121	83595	8312	7480	7482	1857	8324	64840
Intraflagellar Transport Proteins Binding To Dynein WP4532	112752	79659	6993	51668	57560	1780	83657	57539	8655	57728	55112	140735	64792	6990	1781	1778	9742	28981	55764	1783	51143	255758	89891	83658	11020	51626	56912
Vitamin D Sensitive Calcium Signaling In Depression WP4698	596	3709	1594	23028	6546	121278	2915	23135	2906	221656	5816	492	775	7166	490	2905	2936	7421	2539	1593	2904	2903	491	3786	3710	3785	2678	4780	2729	793	6256	3708	55818	1128	493	2902
STING Pathway In Kawasaki Like Disease And COVID 19 WP4961	3553	4794	79671	5966	3456	79792	8517	1147	4792	2212	5970	115004	4790	29110	3708	9641	3661	2152	3551	114548	340061
Nucleotide Excision Repair In Xeroderma Pigmentosum WP5114	7507	84464	2968	10714	8334	1069	3150	4331	2967	7508	3020	5984	1161	2068	5425	2071	51426	54107	56852	9978	7515	5887	5985	5111	57654	9557	6119	2965	1642	5982	57804	2072	672	6118	404672	3980	5429	5427	5981	902	56949	7874	5426	5886	6117	2067	1022	3978	8451	142	2966	2873	5983	5424	2074	121504	56655	1643	8450	128710
NIPBL Role In DNA Damage Cornelia De Lange Syndrome WP5119	545	9025	472	9656	11335	165918	25836	3014
Neurogenesis Regulation In The Olfactory Epithelium WP5265	4914	4208	2932	627	23028	429	8851	1020	5979	2011	5649	6387	182	4137	7436	4361	4803	4804	23462	6925	4851	3397	81565	3605	7804	3084	8650	4204	5080	6929	27185	64218	2066	55179	9148	4609	4131	4915	9253	6774	3280	4916	5048	65078	351	23129	50674	57142	5663	6657	28514	375790	4133	3398	1600	51738	4760
Genetic Causes Of Porto Sinusoidal Vascular Disease WP5269	51311	54567	79415	79631	54106	5594	51142	84701	4688	285556	5595	4851	50508	2969	4689	57514	3516	6667	2099	998	51119	1716	4855	221336	57572	695	1536	51523	5879	285203	3692	1535	3782	653361	4790	79801	25998
Chronic Hyperglycemia Impairment Of Neuron Function WP5283	7442	64066	6513	5579	5581	5583	23683	4320	627	4316	4326	4318	4317	5588	4324	8277	10893	5582	5590	6335	6336	4843	79148	4327	118856	4314	6616	718	4325	6334	8989	6652	4321	4319	5584	9313	64386	6515	4322	4313	8510	4323	177	5578	4312	5580
Insulin Signaling In Adipocytes Diabetic Condition WP3635	208	9882	2475	3643	3667	6194	6198	6517
Cell Type Dependent Selectivity Of CCK2R Signaling WP3679	23236	2776	6262	6263	1268	2770	7220	952	887	885	3708	6261	747
MAPK And NFkB Signaling Inhibited By Yersinia YopJ WP3849	5894	8517	9020	5608	1147	4792	4214	5594	3551	6237	7189	4790
miRNA Regulation Of P53 Pathway In Prostate Cancer WP3982	472	836	841	5728	8795	143686	7157	5054	192668	64065	6477	317	4193	9538	5366	11200	27113	637	581	63970	64393	51246	1643	842
Mevalonate Arm Of Cholesterol Biosynthesis Pathway WP4190	3157	2224	38	91734	3156	3422	4598	9453	4597	39	10654	3155	2222
Suppression Of HMGB1 Mediated Inflammation By THBD WP4479	5970	8517	1147	177	4792	7056	3551	4790	3146
Endochondral Ossification With Skeletal Dysplasias WP4808	2688	5167	4208	5741	7040	1028	655	9507	4318	6696	2260	6660	6772	5328	50515	6662	2247	5327	9759	2737	5745	7078	54407	9510	11096	3480	7067	85477	5744	860	7042	2690	55553	871	654	1280	1473	11127	6777	249	8100	7422	2487	4921	5566	801	657	51719	3479	3549	3157	864	4322	5727	579	1515	176	8817	207	2261	3481	4256	1300
TGF Beta Receptor Signaling In Skeletal Dysplasias WP4816	4088	81794	4087	4093	7124	7040	9719	51176	3716	10637	4090	7471	6696	6772	3458	9839	7057	5054	5595	23090	4091	3694	7050	25805	4092	1387	3725	860	8928	4089	9241	7046	2280	1499	4086	4790	5601	10468	6774	4052	2022	7030	6498	7044	3976	1950	864	4054	7049	2200	2353	9372	6497	2033	7048	3265	652	3624
Kisspeptin Kisspeptin Receptor System In The Ovary WP4871	208	268	5604	6770	5579	5581	5583	5332	3283	4318	5588	5605	5594	1583	5330	409	5290	5582	5595	3845	4893	2492	23236	9210	3814	2661	408	5163	5294	5331	5894	84634	207	5291	5578	3265	4790	5580	5293
JAK STAT Signaling In The Regulation Of Beta Cells WP5358	208	2688	2475	2305	6772	3458	3570	3845	4893	3717	2057	10000	2690	1154	9021	6777	3460	8651	84335	5618	2056	6774	64223	896	8835	57521	3569	6776	207	1019	3459	3265	894	5617
Bone Morphogenic Protein Signaling And Regulation WP1425	10766	4089	10140	860	658	9241	4091	4086	659	650	657	57154
Interactome Of Polycomb Repressive Complex 2 PRC2 WP2916	9774	23515	5931	23512	8726	9967	5928	3720	8178	2146	11329	22823	23064	121536	2145	23087
Nuclear Receptors In Lipid Metabolism And Toxicity WP299	5243	5465	19	5825	1594	5467	5468	5915	1555	225	9970	1592	1581	8856	1544	8647	7421	1571	1579	5244	1576	9619	1582	8714	5916	5914	64240	1591	9971	1244	1580	10062	1559
Amplification And Expansion Of Oncogenic Pathways WP3678	6934	3371	7852	6932	4851	51176	10631	7422	7428	7412	7472	5294	83439	2034	6714	182	9595
Mitochondrial Long Chain Fatty Acid Beta Oxidation WP368	1962	788	1632	35	2180	80221	1374	3030	3033	55825	1376	6342	2181	2182	37	33	34
Factors And Pathways Affecting IGF1 Akt Signaling WP3850	4088	2475	4087	3688	2932	5728	3667	93	7132	84557	10891	64798	4703	3480	253260	8892	8976	5564	8744	84335	5337	79109	4790	5163	5294	3479	64223	3611	57521	207	2660	3488	6198	114907	84676	1977
Bile Acid Synthesis And Enterohepatic Circulation WP4389	3949	8087	5595	64241	64240	2264	6554	1581	6555	5594	8647	9965
Type I Collagen Synthesis Osteogenesis Imperfecta WP4786	387733	4015	649	90993	7471	55151	51360	8792	4982	4041	5479	5176	10491	8600	9509	64175	1278	60681	871	79709	8720	121340	375056	5033	3708	5352	55214	8321	5034	1277	4040	8974	5351
Cholesterol Biosynthesis With Skeletal Dysplasias WP4804	1718	1595	50814	3930	10682	6309	1717
Host Pathogen Interaction Of Human CoVs Autophagy WP4863	2475	53349	30849	115201	84557	5289	8408	9821	9706	55054	10533	8678	55062	9776	9140	89849	83734	9474	64422
Host Pathogen Interaction Of Human CoVs Apoptosis WP4864	596	840	7124	836	841	8772	5603	6300	4170	598	572	5600	356	317	27113	637	581	1432	10018	207	842
SARS CoV 2 And ACE2 Receptor Molecular Mechanisms WP4883	4142	7113	185	5972	183	1636	59272
Development Of Ureteric Derived Collecting System WP5053	80000	158326	23399	3688	4086	655	79633	6469	5979	2296	10252	5915	653	3730	5087	6928	595	57216	2737	2674	5076	3975	4613	2668	7042	10736	7481	2735	9620	2719	23426	6091	1499	341640	2263	80144	650	10468	2625	6299	657	10220	3611	2118	8516	5914	5916	7490	2138	6092	3237	6608	659	6495	9353	168667	51232	3207	652	2736
Modulators Of TCR Signaling And T Cell Activation WP5072	3937	1606	8525	4068	917	26523	8065	5588	10892	5777	6923	5966	868	915	399	677	84065	8517	9020	1147	940	27040	4792	9616	5296	5094	5170	7409	916	4716	9158	10019	4209	5922	84433	2885	5295	5970	921	925	7128	5335	8651	10672	3702	7189	7535	10425	8915	53347	9402	3932	6598	1027	58490	207	1326	11184	919	3551	4790
Brain Derived Neurotrophic Factor BDNF Signaling WP2380	5604	5607	4914	2892	25970	1000	4905	8851	5594	2890	6714	2891	6195	23373	1965	3717	4792	8844	2562	4908	814	5601	6774	9252	10746	1432	5879	4690	6776	653361	5792	5598	2534	2902	3781	627	836	10818	6194	1020	1978	4137	5296	5170	3725	6272	4904	2185	10603	25759	7249	5970	6777	10399	998	391	57498	4915	7189	10048	5562	32	6464	6868	1268	4803	1977	2002	5599	2475	4208	2932	8440	1457	8878	4205	1072	4688	8517	6853	815	4082	5864	4214	5563	53358	572	8660	1938	23426	84894	5335	6197	5602	5781	10451	4916	5894	399694	6792	324	5515	4684	1739	3551	3265	8536	5580	23191	7410	3738	3667	5923	6772	5605	10642	5595	4804	1147	2309	1385	2904	2885	5295	1499	8894	55816	7074	1795	4776	5906	10817	1808	207	6198	140885	4790
Insulin Signaling In Adipocytes Normal Condition WP3634	208	9882	2475	3643	3667	6194	6198	6517
Splicing Factor NOVA Regulated Synaptic Proteins WP4148	23154	3763	858	9568	10752	5332	23136	1000	4756	8573	22938	3778	5590	288	490	57863	54386	22883	2037	23332	2035	2904	1448	2566	3785	22854	10243	23705	4134	5601	6813	5909	1946	818	2898	5596	2036	334	375790	2054	1600	2902
Effect Of Progerin On Genes Involved In Progeria WP4320	126961	3065	23468	1108	23028	51176	6839	3020	7157	1107	8350	8932	1869	57504	9112	6720	5931	3066	51763	11335	9219	5928	5925	10951	53615
Relationship Between Inflammation COX 2 And EGFR WP4483	208	5594	6714	5290	1956	5595	5743	4893	3845	10000	51365	5733	1588	2099	5734	5732	5731	5294	80142	207	5291	673	3265	4312	5293
FBXL10 Enhancement Of MAP ERK Signaling In DLBCL WP4553	126961	474382	3020	5594	3014	55766	8350	94239	604	5595	54880	84678	23512	2146	1848	6045	55506	474381	8726	84759	3015	9555
Affected Pathways In Duchenne Muscular Dystrophy WP5356	4088	292	4087	10345	3709	7124	7040	10105	84876	4318	2813	6696	5328	90550	1991	3552	2243	5054	7222	10280	1756	4792	2244	782	487	1837	2266	4843	7220	642658	7225	844	3313	6442	6261	5563	9804	781	2735	50507	4353	6786	3710	4089	7416	5320	185	1490	7046	2280	8082	817	778	3586	5321	3708	825	1605	7135	5562	1536	783	4313	3569	786	55013	779	6588	10394	7048	51669	6641	4790	842
HDAC6 Interactions In The Central Nervous System WP5426	4287	3320	3308	1459	3064	5594	2890	84557	4739	2891	92482	10146	55140	3297	6446	23435	8997	2931	11076	7001	23400	6622	1536	5879	4282	23678	3301	596	348	627	2617	4137	156	22933	9627	4217	5887	1820	4092	2185	10381	2547	7415	7431	79885	991	1460	7277	8518	9734	10133	10013	4190	2033	4723	5599	4087	5581	2932	10524	7428	8878	1080	4615	5590	5071	3315	10121	10537	10273	5499	84790	4131	3091	4627	3312	5460	324	1742	203068	1740	9636	7291	3700	6469	50943	1639	1956	6790	5595	7278	22919	2078	2521	332	1781	6667	5052	57472	2017	2908	11315	1499	55288	285025	57634	8842	6647	581	207	60672	5829
Arrhythmogenic Right Ventricular Cardiomyopathy WP2118	71	1832	1495	2010	3688	5318	51176	1824	3679	3678	6546	1000	9254	1674	3690	29119	3674	6934	784	8515	775	3695	6262	1756	87	55799	3691	782	2697	3694	89	10369	1829	3696	3676	6442	785	776	781	6443	3655	3680	6932	3685	27092	4000	1499	22801	3693	778	59283	6444	83439	6445	1605	488	81	93589	8516	59285	60	783	3673	3675	3672	786	1496	779	27091	3728	3908	10368	88	59284
Primary Focal Segmental Glomerulosclerosis FSGS WP2572	10971	3987	64423	5329	3688	7040	5420	1028	3911	3856	1000	55742	7448	7471	1378	22943	3690	7414	4041	182	51196	50485	816	3664	4851	5076	5800	3691	4643	5111	7225	1026	1514	84623	7431	9076	4010	5335	3685	23607	1499	950	7402	5747	4627	1285	941	1605	2195	81	84063	3611	7094	7099	7490	3913	3675	4288	1287	7827	4040	977	1027	207	4690	11346	375790	1286	4311	4868	1759	2534
Transcription Factor Regulation In Adipogenesis WP3599	5599	7291	7124	3643	3667	3952	5468	6517	10891	1051	1385	8660	2908	5106	6256	9370	2308	8204	1052	1050	23175	3569
Development And Heterogeneity Of The ILC Family WP3893	3596	3553	7124	64919	6095	3606	3458	64806	6927	3578	3593	85480	8320	374	4783	7704	3605	30009	196	3574	51561	2625	90865	50616	3565	3592	3567	9760	3569	2672	3398	3600
Tryptophan Catabolism Leading To NAD Production WP4210	23057	349565	54981	27231	51166	8564	55191	23475	125061	10135	93100	23498	8942	6999	3620	64802
Transcriptional Cascade Regulating Adipogenesis WP4211	1959	28999	1050	2624	688	2625	10365	1649	1051	5468	1054	6720	1052
Non Genomic Actions Of 1 25 Dihydroxyvitamin D3 WP4341	5333	91543	5599	958	9636	5579	5581	1594	5583	959	5598	5332	3716	7124	6772	5588	3458	5594	6257	6670	100289462	5330	7132	2113	51196	5582	10964	6347	3576	816	5590	815	5595	5603	820	4893	3845	6300	4939	3725	7421	6667	3455	7297	64127	23236	3460	5336	5600	5971	857	5578	6256	83982	6258	817	5601	7099	3265	5331	1432	6773	818	3569	1591	3440	4791	7097	3551	3459	5469	51311	4790	5580
Alternative Pathway Of Fetal Androgen Synthesis WP4524	3293	6770	6716	1586	1528	8630	5447	1109	1583	1646	3284
Osteoblast Differentiation And Related Diseases WP4787	4093	7479	5594	30849	5591	6662	182	2251	8325	11211	6300	2246	860	3516	146850	4089	8322	8326	4855	5601	10683	4654	54626	5584	1432	5727	5596	4040	6608	7472	2261	5578	5598	4853	7476	5579	4090	7471	2260	5286	5287	54361	5288	5289	5582	5296	51384	7473	7474	658	5600	2263	2264	3549	81029	8321	2249	2250	89780	659	5291	652	5293	7484	5599	2255	5581	54567	5583	5588	5468	390992	2737	5590	7475	2248	2253	8323	5602	657	5294	2254	80326	2535	8817	28514	5580	7477	55502	4854	6772	7483	4041	2247	23493	5290	7478	5603	5595	23462	4851	23533	7855	8503	7481	7976	5295	1499	4086	650	5587	3714	7480	7482	8324	5597	2252	2736
Conversion Of Angiotensinogen To Angiotensin II WP4818	1215	5972	1511	1509	1636
Linoleic Acid Metabolism Affected By SARS CoV 2 WP4853	54898	3992	60481	10965	9415	59272
Kynurenine Pathway And Links To Cell Senescence WP5044	7124	7850	3458	3456	6999	7157	169355	125061	196	1026	440275	8942	3620	27102	8564	4842	23475	2308	23498	7099	847	51166	130013	688
Cholesterol Biosynthesis Pathway In Hepatocytes WP5329	6307	1595	2224	7376	19	2180	6309	3422	4047	10654	9415	9023	2181	7108	6785	1581	641371	83401	4597	29116	6319	39	1593	6720	54898	1718	50814	9619	3158	10965	51478	3157	403313	3930	10682	91734	3156	10858	4598	10062	9453	60481	2222
EPAC1 And PKA Reduction Of Retinal Inflammation WP5440	5576	3553	10411	114548	5575	5573	140609	5567
Serotonin Receptor 2 And ELK SRF GATA4 Signaling WP732	5604	6722	3358	3356	5923	5605	5594	3357	2005	2626	2776	5595	3845	9261	3708	5894	10125	4893	3265	2002
Gene Regulatory Network Modeling Somitogenesis WP2854	84667	145873	2253	4851	89780	134701	6911	28514	3955	2043	3280
Senescence Associated Secretory Phenotype SASP WP3391	1021	3013	8349	8900	3020	5594	6196	3552	3014	3012	6195	1051	1026	51529	6774	10393	7316	7311	5598	25906	128312	27287	8334	1017	55766	8350	890	3725	8881	5970	64682	246184	8345	723790	996	8331	3569	1027	8340	1030	8348	6233	1032	11065	119504	7314	8342	6197	8970	79813	7321	3018	51433	54145	1031	2353	1019	121504	126961	51343	474382	8697	8341	10919	5595	94239	3576	3490	27338	7324	8338	51434	29882	1029	255626	29945	3017	85236	3015	4790
Angiopoietin Like Protein 8 Regulatory Pathway WP3915	5604	5607	143686	2997	5594	30849	6196	6721	6195	23265	7067	1581	6300	4294	5564	6256	2931	1576	5601	10487	9252	64223	10746	1432	11183	5596	6416	10062	5871	5606	5598	7786	5286	1978	9448	5288	5289	3630	4217	5296	5170	6319	25759	6720	7249	2538	64241	5600	8986	53632	4293	23624	6199	9175	5562	6464	9064	2194	8491	5291	27330	1977	5293	208	50488	6009	5599	2475	2932	867	5609	4296	868	51085	2319	253260	4214	2203	5563	53358	8660	6197	5602	1734	5294	55908	5894	57521	10211	6885	6655	11184	5565	3265	5571	6513	3643	3667	4023	5605	6517	1555	5290	8471	5603	9020	5595	2309	9322	8503	6567	23433	5295	5608	5770	79109	53919	7068	2308	7248	51422	4216	4215	64240	2889	207	1326	5597	6198	1398	5105	6654
Ethanol Metabolism Production Of ROS By CYP2E1 WP4269	23764	5604	5599	4097	4780	7975	5605	1571	6667
Neural Crest Cell Migration During Development WP4564	208	5063	7291	2050	627	4318	4317	30849	387	2047	106821730	5290	2151	2049	4804	2048	10000	2051	23533	3725	8503	7204	146850	25791	57144	5062	375	1009	6774	5294	7074	4313	5879	2353	207	10298	5058	5291	5293
Biomarkers For Pyrimidine Metabolism Disorders WP4584	7084	1723	1806	6240	7298	1807	6241	50484	1152	30833	51733	80324	1890	51251	7372
Activation Of NLRP3 Inflammasome By SARS CoV 2 WP4876	5970	3553	834	7187	4790	29108	114548
Pluripotent Stem Cell Differentiation Pathway WP2848	7043	2255	7040	7477	2323	10637	7471	6469	4907	7018	22943	3570	2247	3562	4851	3630	3082	1436	8600	7474	2246	7173	9241	2253	8200	5154	7422	5155	2056	10468	1435	3479	4909	238	7482	1950	3815	4254	3577	2249	3569	4838	89780	3589	7472	1270	652	3624
Myometrial Relaxation And Contraction Pathways WP289	5333	71	3709	8525	7532	5997	9446	796	112	409	3489	10636	5576	94235	111	8786	122042	2868	5566	489	1388	23764	5998	2787	6263	2784	2553	2783	113	468	5578	107	6000	58	10971	115	114	3484	3553	1392	2870	5579	6001	5144	8490	3486	784	10287	5582	2114	5020	6262	467	3725	10267	5567	2981	3710	6013	108	4842	2785	2782	801	3708	10488	488	3485	2791	818	1265	3569	3488	51764	10699	1394	5570	26575	5581	5583	2778	2869	5575	6546	5588	5590	10268	2792	815	9628	57007	70	4846	6261	85366	59345	466	10266	5336	5335	1386	817	27297	2982	5569	5331	11318	4633	11142	60	2810	2353	4635	64407	59350	3487	5580	6004	2788	5021	5996	5573	2551	54331	2776	816	1264	2980	2697	109	1385	55970	8787	6667	7533	8601	2786	196883	7529	408	133	5142	59	800	5587	1902	22809	5999	7531	7534	10681	4790	5577
Pathways Affected In Adenoid Cystic Carcinoma WP3651	221037	63035	55294	10933	7403	472	5728	5605	9223	23135	4603	5591	29128	8289	84159	4149	5290	7157	10847	2309	58508	4851	55783	23774	54880	1387	1111	23269	4613	7994	9611	64324	26292	1487	9863	23220	2064	672	8243	27255	55534	4609	4602	8823	546	54756	2264	6605	4781	55914	11200	51742	284058	5894	6595	1050	9874	29072	93986	207	3008	2033	3645	3265
Hypothetical Craniofacial Development Pathway WP3655	387	7043	3664	9411	9181	8626	7020
Toll Like Receptor Signaling Related To MyD88 WP3858	5966	54106	5594	54472	4615	114609	8517	1147	51284	7100	5970	5971	51135	7187	29110	10333	7189	7099	9641	7096	3661	148022	3654	100302736	4791	7097	7098	3551	3665	51311	4790
miRNA Regulation Of Prostate Cancer Signaling WP3981	5604	2475	596	2932	90993	5159	5605	5594	5290	367	595	354	7157	8517	3845	4792	10000	1387	1026	572	2885	6932	5154	1499	4193	2308	5894	1027	4790	842	6654
SCFA And Skeletal Muscle Substrate Metabolism WP4030	2867	5697	2641	5467	6517	2865
Vitamin B6 Dependent And Responsive Disorders WP4228	8566	248	249	11212	55163	55650	501
Cerebral Organic Acidurias Including Diseases WP4519	79944	2639	137872	3418	95	4191	728294	501
Eicosanoid Metabolism Via Cyclooxygenases COX WP4719	8398	5322	6916	6915	5467	9536	5468	5730	22949	8529	1962	51	5743	5729	5742	30	100137049	284541	1579	66002	127281	5321	8309	5737	11251	5739	5740	231	145482	3248	8310
GPCRs Class C Metabotropic Glutamate Pheromone WP501	9052	51704	2918	9568	2911	2917	55507	2550	846	2916	2913	2915	2914	2912	55890
Neuroinflammation And Glutamatergic Signaling WP5083	56262	2892	5332	5594	2890	10991	3570	3552	2891	2914	5723	6505	23236	4089	814	5566	6774	6778	2744	3592	3976	92745	1737	7048	2917	5578	3459	107	2902	116443	114	596	3553	5579	7124	627	27165	2805	6509	2915	2906	5330	5160	1610	5582	2901	2893	4092	2905	4049	5501	4842	57030	801	10645	6506	3597	818	7049	3569	2899	29968	26227	4803	6511	54795	7133	7188	80131	4088	4087	63826	7850	7040	3588	3716	3458	1072	3593	6536	7132	56301	815	2900	7042	2912	5499	9021	2918	3460	3587	817	5500	3479	3565	5331	84230	2670	4791	2353	6470	6507	1270	6472	84254	3596	7043	6513	3643	3667	55144	6772	1738	2752	3566	2247	23237	3572	5595	816	54407	109	1385	2904	2903	27185	7046	116444	3586	57084	2897	23507	6515	2911	2898	207	3554	26012	81539	4790
NRP1 Triggered Signaling In Pancreatic Cancer WP5144	208	5604	4088	4087	7043	6591	1003	4318	4233	8829	5605	5966	5594	5362	6714	5175	1956	55630	1017	1106	5595	898	3082	10000	3791	7042	1278	5970	10371	4089	6615	7046	1490	5971	2321	9564	7422	2931	9134	5747	1105	5361	91584	1950	4313	5879	7049	1277	1027	4791	207	7048	4790
Clock Controlled Autophagy In Bone Metabolism WP5205	4093	10131	796	1407	84557	8553	5176	3717	84938	860	55054	654	4089	1489	1435	651	8646	1948	596	79443	4090	50964	4982	81631	4772	5289	10507	8600	9821	51384	5187	7474	7415	10371	7189	9776	9842	9140	83734	3569	9474	659	393	652	2475	7040	8878	653	3562	115908	8408	5563	8678	121340	3479	3146	3920	9575	9975	5741	3952	6096	55626	22943	8792	4041	56955	4851	10533	4862	4086	60673	406	650	7480	128338	1513	207	64422	79365
Autophagy In Pancreatic Ductal Adenocarcinoma WP5331	81671	8878	7942	4286	81631	7157	3845	5071	65018	10526	10533	8678	4780	6774	4193	7030	3146	8036	177	4790
10Q11 21Q11 23 Copy Number Variation Syndrome WP5352	1743	5599	2073	596	10514	282966	4093	644168	114548	4090	6572	4756	23411	8065	196740	1738	57705	1161	8467	3727	57654	5111	23451	999	3297	4221	55183	9031	658	8200	9241	170371	9188	1386	55693	4086	406	650	6924	56478	657	143162	83737	285704	6601	8505	170370	1103	51548	7913	9575	6598	474354	2074	3299	55753	2002	58504	4641
Cell Lineage Map For Neuronal Differentiation WP5417	85358	9699	117581	388585	4747	1000	3866	6663	3361	6662	2173	5175	1641	10215	6530	10369	1464	150	2741	2571	6529	151	160	9314	3350	2744	10716	4155	2103	4838	361	1267	8825	9455	2128	2902	3688	5077	79923	9454	6855	10381	5080	43	3655	23085	10763	3172	2550	57030	9152	359787	947	4741	6285	6506	151871	201456	2249	6657	54738	3266	2743	652	9568	8500	6591	152	6572	64321	8573	4488	2526	390992	6536	22871	7166	3975	27022	6616	999	4010	161	5010	10243	6531	5460	8001	2627	10840	27445	2670	1739	1742	28514	6507	23025	1740	9456	7168	3763	7291	83881	51176	3170	2752	7054	2626	6532	4804	1741	4851	6862	2572	2904	6615	132625	146713	6091	100133941	4340	57084	3280	3371	4929	1103	50944	4487	23504	4133	8927	2742
PGK1 PKM2 KHKC KHKA Acting As Protein Kinases WP5433	4633	5315	5062	8678	8773	84335	9184	3795	5631	3020	5163	6774	5230	3014
GLP 1 Secretion From Intestine To Portal Vein WP5446	5122	2776	6523	2641	6514
Folate Alcohol And Cancer Pathway Hypotheses WP1589	128	4548	216	10840	1051	102724560	1385	1571	4524
Androgen Receptor Network In Prostate Cancer WP2263	3294	5604	545	841	5728	10811	5594	5591	6597	3169	51412	672	6774	4193	1399	1586	11200	2118	1432	6599	1369	596	2549	10253	836	2165	86	2956	1978	4361	641	595	1017	1111	3725	10397	2185	7249	3292	6604	580	1793	5925	5058	3284	2002	10252	6009	5599	4436	2475	4087	472	3716	8289	7157	1869	253260	466	572	253314	6690	4609	5781	6603	3295	5921	3293	2289	5894	57521	10111	2353	1019	10257	11184	3265	4312	993	842	983	3283	57492	5347	6772	5605	5290	367	354	5595	3082	2078	6667	2885	6602	7248	51478	6601	5908	581	3817	2889	994	5906	207	1398	5829	4088	6654
Nanoparticle Triggered Autophagic Cell Death WP2509	81671	596	3643	55626	115201	51100	84557	3630	8408	9706	22863	55054	7249	10533	8678	10036	7248	9140	83734	7405	9474	64422	285973
T Cell Receptor And Co Stimulatory Signaling WP2583	4773	2932	5728	5777	3558	1859	5133	8445	926	940	4792	5530	1493	925	5335	2931	3702	801	5163	7535	5921	3932	207	1452	10125	5578	4790	2534
Differentiation Of White And Brown Adipocyte WP2895	3225	51316	4093	253738	63976	655	3952	4090	5468	56301	10891	1149	23090	1051	7545	9370	4086	650	27129	1050	652	133522	10205	1054	3224
Nanomaterial Induced Inflammasome Activation WP3890	7099	3553	834	1508	27035	29108	4790
MET In Type 1 Papillary Renal Cell Carcinoma WP4205	208	5604	5599	5063	2549	6135	673	4233	867	5605	5594	106821730	6714	5290	2113	5595	3845	4893	3082	10000	5296	3725	1026	8503	6801	572	2885	5295	57144	5062	998	5335	5781	6774	6924	5747	1399	3265	7030	5546	5894	238	5908	5879	2889	6654	5906	6655	3718	207	3640	10298	369	5058	1398	5291	116328	5293
Disorders Of Folate Metabolism And Transport WP4259	6573	160428	5860	4522	10797	2348	7298	441024	2618	471	1719	113235	4524	4548	10840	10841	6470	10588	6472
Glycosylation And Related Congenital Defects WP4521	2683	1798	7991	5373	79796	8813	10195	7841	8818	84061	79053	440138	4351	199857	79644	29925	29929	54344	9526	85365	79087	56052	79868	4247	22845
Eicosanoid Metabolism Via Lipooxygenases LOX WP4721	7442	5465	239	5467	22949	8529	1962	51	4056	30	2358	1241	284541	1579	1800	66002	8989	4048	8309	56413	2687	240	145482	3248	57105	246	8310	10800
Pentose Phosphate Pathway In Senescent Cells WP5043	7157	6888	51071	25796	6120	22934	221823	2539
Mitochondrial Fatty Acid Oxidation Disorders WP5123	788	2180	55825	6342	3032	1374	2181	1962	80221	3033	1376	2182	33	34	1632	6584	35	3030	37
Metabolic Reprogramming In Pancreatic Cancer WP5220	10498	6513	5162	5315	593	5238	27165	6566	2673	1738	6510	3099	3939	5160	3949	7157	5211	4199	3845	6120	6646	587	8140	64841	2821	8050	3158	3098	2875	2746	2806	1431	22934	3156	9122	8501	1737	2194	4190	47	2805	6675
Macrophage Stimulating Protein MSP Signaling WP5353	5604	4093	5728	1000	2920	5594	6714	6195	3791	6935	6374	8651	1848	5601	1440	1399	9252	4486	1432	2335	2549	3553	3688	5579	7124	25	4090	2260	6194	3099	9839	10891	55554	3381	3480	632	5111	3725	10397	5170	31	5970	7431	6590	9076	7422	8986	100506658	142	6464	8321	3569	2002	4088	5599	2475	4087	7040	1846	2932	1958	6591	7122	4318	5159	3456	1374	7157	27250	6347	3315	2919	5563	999	9021	5335	3627	6197	121340	5894	8431	2353	5156	6495	6513	3164	5605	1282	3939	7082	5595	3576	4091	1437	2885	5295	2321	4485	1499	4086	59	3586	5747	7480	1843	207	6198	4790
Thymic Stromal Lymphopoietin TSLP Signaling WP2203	5604	5599	3055	7525	64109	3716	6194	6772	5605	5594	1978	4067	6714	6775	2242	5595	3717	4792	5970	6777	5971	5781	5601	9846	6774	3575	6778	695	1432	3932	4791	7006	207	6776	85480	4790	2534
Parkin Ubiquitin Proteasomal System Pathway WP2359	7327	5715	113457	9861	55294	5719	7846	841	81027	3308	3306	7332	8573	3303	7326	5708	5413	5700	3310	3309	9627	5714	7278	5071	7280	5702	5707	347688	5710	898	5713	118424	10273	3313	10381	6478	5705	84790	51807	5709	5704	834	25897	10383	6477	79861	112714	2861	5717	5718	3312	10382	5716	5701	5711	3305	6622	347733	9246	7277	84617	10376	5706	51465	8454	10213	7317	51182	203068	80086
miRNA Targets In ECM And Membrane Receptors WP2911	1282	7057	50509	3915	1281	1290	3694	7148	7058	1278	1292	1284	1291	22801	1289	3693	3910	1293	3913	3672	2335	6383
Canonical And Non Canonical Notch Signaling WP3845	4853	54567	102	51176	4854	92737	6237	182	23462	1147	4851	65989	3516	4236	84441	9794	27255	55534	4855	10683	3714	3280	5664	8788	5663	28514	4237
Canonical And Non Canonical TGF B Signaling WP3874	4015	84171	4016	5599	1432	4087	4089	7040	7046	649	26585	659	5601	7048	657	4017	4088
DNA IR Damage And Cellular Response Via ATR WP4016	545	5884	5591	3014	7398	604	83990	7486	3364	672	9656	4193	2237	11200	55215	10155	8318	8493	55775	5965	9400	5888	79648	4361	7520	1017	50485	7979	1196	675	79184	5883	7156	7323	1111	5111	84142	22897	6118	2175	580	5976	142	8924	7507	4436	472	51720	2305	9937	9521	4683	7157	8517	4171	1869	79728	5893	55159	9156	353497	4292	10111	2177	5423	80010	983	63967	5347	5810	995	84126	7158	5932	6667	9401	5371	8243	6601	11073	6117
Leukocyte Intrinsic Hippo Pathway Functions WP4542	10971	7003	23012	4303	1236	83593	4023	8463	50943	387	6901	2533	3683	2309	83706	9113	10397	930	7005	639	6788	55233	26524	4485	2308	1432	10413	5879	7004	5906	90417	60485	5872
Influence Of Laminopathies On Wnt Signaling WP4844	1021	2010	2339	2932	388585	51176	6696	7088	5468	23463	6517	10269	6934	595	8091	122011	23405	1051	860	6720	6932	4000	9370	1499	8312	83439	3280	7480	1052	26092	1050	324	1452	27161	6895
Disruption Of Postsynaptic Signaling By CNV WP4875	8831	57502	2332	7532	5594	2906	23237	7082	22871	9378	5595	816	815	54413	6804	2905	2904	2903	9369	22895	817	9229	57555	818	2911	9379	50944	2902	1739	6262	1740	23191	9456
Mitochondrial Immune Response To SARS CoV 2 WP5038	7113	79671	9868	23586	28976	51284	64135	1636	186	1514	617	51295	185	115004	5972	7187	11331	51103	29110	7189	57506	9641	59272	3661	4715	148022	4791	5245	27035	7098	3665	4790	340061
Pro Survival Signaling Of Neuroprotectin D1 WP5182	581	840	7124	841	836	330	8772	5516	8737	7132	7186	54205	8717	842	11035
Synthesis Of Ceramides And 1 Deoxyceramides WP5194	7368	2683	1674	29956	7357	2583	166929	79603	8877	253782	64781	10715	91012	427	2531	10558	259230	53947	8694	84002	127550	204219
Hippocampal Synaptogenesis And Neurogenesis WP5231	596	627	5594	6195	9378	816	10891	815	127833	1385	814	1734	801	91683	10645	9252	1812	1432	5617	3191	4684	5578	894	84254
Cardiomyocyte Signaling Converging On Titin WP5344	4881	5604	6722	84675	83606	2274	7273	26287	5573	1410	5594	5605	27063	5568	4077	815	2983	84665	5593	8557	5567	154	200539	5566	4193	2273	23636	5894	89869	153	8048	5578	84676
UDP Derived Sugars Synthesis In Fibroblasts WP5394	3101	80146	5236	7358	5238	2821	2673	3098	3099	2645	2582
Metapathway Biotransformation Phase I And II WP702	2948	2950	1594	266722	8514	4257	54600	1553	9955	9446	8509	10720	9196	1549	4837	4259	1581	4051	6799	260293	445329	79690	2052	22977	90161	9956	4166	1576	9394	1582	1586	54905	2326	2946	54659	340665	2954	2949	64377	9348	1577	57404	1559	122830	113612	7367	1595	2939	79829	574537	3176	9957	7881	1109	1583	54575	92292	8529	10	373156	1585	89792	2937	1592	54578	339761	1544	2330	56548	2936	1589	29785	1558	1571	64816	2944	2941	6783	2879	6718	2880	7364	100861540	2877	1545	27284	11185	6820	10249	231	166012	10858	2947	9027	1580	23563	1646	119391	219970	9469	55501	2329	1312	9420	27233	222537	57106	1645	54658	2953	79807	285440	50515	9653	8534	1562	126410	2940	54579	3340	1543	6819	54577	11283	1548	57834	221357	8644	120227	570	9486	113189	1573	391365	9951	10164	25830	2328	8574	51126	54657	4258	2878	55226	442038	83539	2327	339983	7363	9953	7366	1555	51302	9514	54490	57016	2053	9435	1588	1593	79799	1572	64579	24142	653689	7172	66002	1584	1565	199974	6817	2938	10941	26151	64711	1591	80218	6822	64090	10327	1557	56603
Follicle Stimulating Hormone FSH Signaling WP2035	6009	2475	2870	6194	5594	1978	2488	6714	5595	2492	26060	1385	7249	6446	5566	6199	2308	1081	5894	1432	207	6198	5578	8290
Quercetin And Nf kB AP 1 Induced Apoptosis WP2435	9817	1548	4097	5743	4792	4780	4842	7422	2353	4790	3725	3551	4312	8309	7975
Hepatocyte Growth Factor Receptor Signaling WP313	5604	5599	2549	3688	5728	4233	5605	5594	6714	5290	5595	3082	3725	2185	2885	5781	6774	1399	5747	3265	1793	5921	5894	5908	2889	3672	5906	2353	11184	5058	1398	5829	2002	6654
EDA Signaling In Hair Follicle Development WP3930	25928	5727	5971	10913	649	27121	7473	6469	2735	4050	22943	128178	1896
Pyrimidine Metabolism And Related Diseases WP4225	4329	27165	1807	6240	18	7298	790	51251	5009	1723	1806	50484	30833	51733	6241	7372	1373	7084	64902	1890
Statin Inhibition Of Cholesterol Production WP430	4547	19	3990	348	335	116519	344	4023	4035	345	3949	949	84532	6646	64714	1581	5360	64241	341	336	3931	8694	64240	337	3156	338	6713	1071	2222
Mitochondrial Fatty Acid Synthesis Pathway WP4317	54995	27349	109703458	51144	51102	31
Sphingolipid Metabolism Integrated Pathway WP4726	7368	8560	8879	29956	7357	6609	166929	79603	8877	130367	253782	9517	56848	64781	10715	427	91012	8613	8612	2531	10558	259230	123099	8611	204219	81537
Autosomal Recessive Osteopetrosis Pathways WP4788	10312	28962	29887	8600	8792	7189	3551	7879	9842	4790	1186
Nitric Oxide Metabolism In Cystic Fibrosis WP4947	10498	56341	23576	54496	3275	55170	4842	4843	23564	10196	10419	4846	3276
Cohesin Complex Cornelia De Lange Syndrome WP5117	10735	983	5528	157570	27127	5347	5527	9985	9232	5885	151648	5529	23244	5516	55869	5526	23047	5518	23063	8243	113130	151246	10734	9126	5519	23383	324	5525	5515	5524	25836	9212	9700	114799
Glycosaminoglycan Synthesis In Fibroblasts WP5395	9469	55501	266722	64132	11285	22856	2132	9955	135152	9957	10090	9653	50515	8509	9953	8534	64131	2137	26035	126792	3340	2135	56548	2134	51363	26229	90161	9956	64579	55790	9394	79586	27087	113189	2131	55454	337876	166012	9348	29940	54480
Acetaminophen In Analgesia And Antipyresis WP5444	3786	7442	3785	5743	8912	5742	2166	8989	3350
Serotonin Receptor 4 6 7 And NR3C Signaling WP734	5604	6722	3363	2778	1958	5605	3360	5594	2005	5595	1385	466	9261	2908	9252	3362	5906	673	2002
Thyroid Stimulating Hormone TSH Signaling WP2032	5900	5604	2475	23513	2778	2770	3716	5144	6194	6772	5594	6714	54331	5290	1017	6195	2776	5595	7252	3717	898	3480	5296	7253	109	328	5170	2771	103910	1385	23236	5295	2775	108	5608	5934	2773	10672	5337	2782	6774	2768	5909	30818	1081	896	5894	5908	1432	5925	1027	5906	207	1019	6198	673	3265	5606
Corticotropin Releasing Hormone Signaling WP2355	5604	3320	5594	387	2354	409	6925	4792	3861	5601	10155	5584	1432	2784	2783	5578	596	5579	3713	1392	2870	10411	836	1583	4217	1395	31	2771	1589	9095	5970	2775	2767	2782	10499	2355	142	1889	3848	673	3284	2002	6770	1394	5599	8912	7040	2778	8061	2770	2932	3606	5588	5443	157	3558	815	3726	4846	5563	1393	5336	5335	7099	5894	2353	5580	842	2081	3164	3283	2776	5595	3576	3727	2697	7020	1385	6667	2781	408	1499	1584	5747	4929	5908	6822	207	3728	10681	4790
Nanoparticle Triggered Regulated Necrosis WP2513	5599	142	7124	148022	841	8772	2512	8737	5321	8717	7132	11035
Common Pathways Underlying Drug Addiction WP2636	5604	71	114	5579	2892	2778	2770	1813	5605	5594	2915	2890	2705	2891	5582	5595	5568	815	1815	2893	5499	1385	72	5567	2903	5501	814	5566	5500	801	1812	5894	5908	60	2911	5502	5906	369	5578	107	2902
Let 7 Inhibition Of ES Cell Reprogramming WP3299	1958	9314	4609	6657	5460	131405
Dual Hijack Model Of Vif In HIV Infection WP3300	861	6921	9978	60489	8065	6923	7314	865
Interleukin 1 Induced Activation Of NF kB WP3656	92610	5590	7334	3654	8878	7335	7189	84962	3552	4790
Embryonic Stem Cell Pluripotency Pathways WP3931	5604	4093	5607	5728	2259	5594	6414	2251	8325	6300	2246	4089	8322	5154	8326	6774	4193	3976	5596	4040	7472	2261	5606	5598	9965	2258	7476	2549	4090	7471	2260	8074	54361	90	2256	5296	51384	4092	7473	7474	3725	8822	658	9241	2263	5155	8823	2264	2257	81029	3977	8321	2249	2250	89780	659	3266	673	2002	652	5293	208	7484	2475	2255	2932	3716	5159	6927	27006	7475	2248	2253	8323	5781	657	2254	1856	5894	1855	80326	324	2535	8817	2353	5156	3265	7477	5605	93	4041	2247	1956	3572	26291	4091	10000	7855	7481	7976	2885	5608	1499	4086	8312	7480	7482	1950	26281	1857	8324	207	5597	10097	369	2252	6654
Hormonal Control Of Pubertal Growth Spurt WP4194	2688	2691	3479	6750	2796
Tyrosine Metabolism And Related Disorders WP4506	6898	2184	3081	2954	3242
Renin Angiotensin Aldosterone System RAAS WP4756	84699	6770	3709	64764	3283	90993	51806	1511	1583	8536	5330	1585	2776	816	815	57172	1636	186	1589	1385	466	9586	91860	3710	57118	185	1215	810	814	1386	5972	183	817	801	1388	3708	10488	818	163688	468	3284	148327
EGFR Tyrosine Kinase Inhibitor Resistance WP4806	5604	5728	5594	3570	22800	6714	22808	3717	3791	598	5154	6774	2261	5578	596	2549	5579	80310	6194	6237	1978	595	5582	9542	3480	5296	5170	2621	25759	7422	2263	5155	6199	6464	3569	5291	673	1977	9470	5293	208	2475	2932	3716	5159	3845	3084	53358	572	5336	5335	4609	7039	56034	3479	5894	4763	399694	6655	10018	5156	3265	4233	5605	2247	558	5290	1956	5595	2065	2309	3082	10000	8503	2064	2885	5295	581	1950	207	6198	369	4893	6654
MAPK Pathway In Congenital Thyroid Cancer WP4928	5894	5604	238	8844	150946	6464	5595	3845	6655	2353	4609	5605	3725	673	2002	6654
SARS CoV 2 Altering Angiogenesis Via NRP1 WP5065	7422	3791	8829	5045	59272
Octadecanoid Formation From Linoleic Acid WP5324	79852	5742	2879	1576	246	1557	1544	1559	242	59344	1558	1579
Pathophysiological Roles Of DUX4 In FSHD1 WP5342	391769	4617	4656	154	10891	2100	5979	7422	4609	84676	2033	5976	1026	114907	100288687	340096	4654	5081
Catabolism Of Skeletal Muscle In Cachexia WP5474	4088	8742	2475	4087	3553	7124	3716	5966	3570	3552	7132	84557	8517	1147	2309	4792	3480	1051	5970	4089	5600	5971	84335	5163	6774	92	3479	64223	57521	3569	51330	4791	207	2660	2033	3554	114907	84676	4790	3551
Arachidonate Epoxygenase Epoxide Hydrolase WP678	1351	2950	1573	9377	2053	1559	1558
Alzheimer 39 S Disease And miRNA Effects WP2059	5691	5604	113457	5692	3709	7846	102	841	89953	5332	51806	1459	81027	8851	4035	23621	5534	5594	30849	3552	8325	11211	5682	775	1965	5743	7494	5713	22863	322	10297	50507	23236	7417	8326	5601	489	1435	27123	6622	1536	637	6263	3799	4040	779	10023	7472	5695	468	2902	7476	3553	5719	6424	7124	348	836	7471	3831	54361	1020	3798	2906	5330	5533	441925	4137	283106	5289	7979	7280	5702	3630	3800	122011	4217	5296	9821	4843	7186	293	2905	51384	7473	7474	10381	776	7416	5970	3710	9451	7419	4842	112714	64837	317	778	801	9776	3708	488	5481	5686	1460	347733	81029	23401	8321	7277	351	6868	3028	3569	5664	10888	5663	84617	89780	1452	147700	10213	5291	177	673	5293	208	5610	5599	2475	9861	840	2932	10105	11047	1457	291	5688	5609	7132	5689	23130	347688	3845	4893	7475	55102	5710	8408	487	2597	5530	5535	572	91860	5705	8660	5693	84790	51807	8678	55062	810	8323	83464	10383	5602	79861	1649	23385	10382	51107	5331	1856	5701	5894	26100	355	1855	80326	163688	324	2535	5694	27035	4311	3551	5690	3265	203068	3416	842	1454	1139	292	5683	5715	5532	2081	3643	7477	83447	8772	3667	10313	55626	4023	5605	824	5687	22943	4041	90550	5290	823	5700	8471	2776	5595	1147	5714	5707	7278	10000	9706	7855	54205	29982	8503	7481	2904	7976	2903	5295	22926	5684	5704	5709	1499	60673	27121	8312	5718	8883	7480	143471	7482	8313	55851	10376	5706	57142	1857	8324	207	369	5708	4790	5685
Glycerophospholipid Biosynthetic Pathway WP2533	8443	150763	10400	2710	8394	253430	5290	56994	84803	9663	8540	5320	1120	57678	137964	114971	5294	346606	5833	8760	54675	23175	55361	2819	9791	5291	9489	10390	10423	5293
exRNA Mechanism Of Action And Biogenesis WP2805	57510	29102	54487	23405	27161	90459
Constitutive Androstane Receptor Pathway WP2875	5243	54657	2939	3320	54600	7266	23054	1555	1962	9970	10891	54578	54658	1579	6667	1548	8243	1559	6256	1576	10499	2308	6817	8714	8648	6822	5524	1244	1577	211	1557
miR 517 Relationship With ARCN1 And USP1 WP3596	7398	3397	372	3398	1026
Hepatitis C And Hepatocellular Carcinoma WP3646	4088	5599	7410	26509	840	7040	5420	836	51176	3716	6927	3570	595	7157	1870	5595	5743	3576	4843	3725	332	1026	598	960	2885	4089	672	1284	2017	7046	7422	330	2487	4609	356	5781	6774	3091	6241	1432	7345	5879	3577	3569	207	4312	4790	842	6654
ATM Signaling In Development And Disease WP3878	545	2475	3150	6794	472	10524	1020	5591	4683	80254	5536	4361	9025	9759	1017	5603	8517	7157	3315	165918	6300	1111	84823	7158	2539	23300	5932	79840	7249	55183	5600	9656	8243	1386	699	11200	10155	1432	10111	56254	5515	64421	8493	9212	993	4790	9810
Ethanol Effects On Histone Modifications WP3996	124	83933	3065	6573	4143	191	10919	55902	9759	8854	8841	7298	217	55869	220	1571	55140	51564	3066	1386	8850	1719	125	4524	10014	4548	216	9734	10013	126	8520
Clear Cell Renal Cell Carcinoma Pathways WP4018	5728	229	3759	226	9771	4199	80184	3791	8314	6935	5723	8844	10993	84335	2821	8082	5213	5169	6774	55193	64223	47	2027	5315	113675	7167	3099	79605	31	3948	7249	5214	7422	5155	5236	32	2194	4190	29968	2033	26227	6009	2475	7040	7428	8878	405	5159	8242	3101	3945	64798	1387	2597	2026	7042	5230	146779	3091	3098	57521	29072	2023	1012	5156	6470	6472	8536	7043	6513	3939	1956	5211	5313	5232	2887	197257	230	84969	2321	7248	5352	55276	207	79365
Leucine Isoleucine And Valine Metabolism WP4686	4329	593	11112	54511	549	1738	3712	64087	197322	5096	5095	1892	594	587	1629	4594	27034	38	586	56922	3028	26275	23417	36
Mammalian Disorder Of Sexual Development WP4842	268	84733	54361	5730	6662	5087	2626	269	30812	5600	2018	1499	6715	2263	668	10468	23543	6736	2254	284654	2516	7490	50846	3640	1761
Urea Cycle And Metabolism Of Amino Groups WP497	2628	4953	445	5832	6723	5831	4942	5009	2593	6611	162417	2746	1373	95	383	384	435	1152	1158	1757	65263
Vasopressin Regulated Water Reabsorption WP5085	84699	9230	115	79659	64764	2778	359	90993	1780	10540	4905	6810	396	10671	8655	1639	112	51164	140735	5568	5878	109	5869	1781	1778	6844	1385	5567	9586	5566	398	1783	10488	51143	5868	360	551	361	84516	397	554	51626	148327	8766
COVID 19 And Endothelial Cell Senescence WP5256	196527	84818	3605	23765	7099
Immune Infiltration In Pancreatic Cancer WP5285	7423	3596	7043	3553	7124	7040	4318	7424	2277	3458	64806	3558	83998	3593	6387	56477	6347	3576	3965	3605	112744	1437	2919	7042	6374	3956	27189	51561	7422	3586	53342	3592	3565	3567	3958	27190	6352	3569	6364
miRNA Regulation Of DNA Damage Response WP1530	1021	545	983	5884	472	836	841	25	8795	5888	85417	1020	993	5591	4683	3014	4361	5810	595	7157	1017	4616	898	1869	5883	995	84126	1111	54205	1026	891	1385	10912	5893	672	5371	6118	9133	8243	900	9134	4609	1647	5981	317	4193	50484	11011	55367	5366	11200	27113	896	637	581	9874	355	10111	5925	2177	1027	2810	1019	63970	27244	135458	894	1643	842
Nicotine Effect On Dopaminergic Neurons WP1602	1644	1141	2770	1813	1020	1136	3777	54331	7054	1137	84152	1815	51305	5499	108	5566	2782	1138	1814	6571	8973
HIF1A And PPARG In Cardiac Hypertropthy WP2456	6513	84803	2819	2597	7167	3091	948	5468	3939
Microglia Pathogen Phagocytosis Pathway WP3937	3071	712	7410	3055	3684	2207	5286	5777	7305	4067	54209	3689	5290	5289	6850	4688	5880	27040	5296	7409	4689	8503	146850	5295	714	5336	5294	10451	27036	1536	10095	713	5879	54210	1535	2209	5291	5881	653361	5293
Phosphodiesterases In Neuronal Function WP4222	1139	115	114	50940	201626	5138	5146	1813	5144	5136	5152	2890	2906	5137	5140	5153	112	5141	10846	84152	5148	5145	111	5149	815	2983	109	55811	2905	5150	1385	2904	2903	5151	108	135	196883	4842	5142	5566	5592	2982	8654	1812	27115	8622	5158	5139	5147	5143	113	2977	107	2902
Purine Metabolism And Related Disorders WP4224	316	3704	353	4860	2915	3251	7498	5631	5471	5198	2618	158	471	1716	7172	159	50484	55034	100	3614	270	10606	4144
Metabolic Reprogramming In Colon Cancer WP4290	1743	7086	6513	5162	3419	5315	229	6510	3939	5160	3101	5223	5226	50	5211	2597	5471	2618	5723	2539	8801	5230	5831	3418	6390	2821	4191	9123	2744	2746	2271	2806	22934	2023	10606	29920	57103	2194	29968	47	6888	6472
miRNA Role In Immune Response In Sepsis WP4329	3659	5599	7124	5966	1991	3663	3552	4615	3934	8517	1147	3576	51284	4792	388372	5970	23118	5971	51135	7187	7189	3586	6348	7099	1432	10454	3383	6885	3569	3654	4791	7412	3002	3551	3665	51311	4790
Resistin As A Regulator Of Inflammation WP4481	208	5333	7124	5332	5594	3593	5330	5290	51196	8517	5595	1147	3576	84812	4792	10000	5970	23236	5336	5335	56729	5294	3708	113026	5331	3592	1432	3569	207	5291	3551	4790	5293
Peroxiredoxin 2 Induced Ovarian Failure WP4873	6770	581	836	5602	10038	7001	1583	3284
COVID 19 Thrombosis And Anticoagulation WP4927	2243	2162	5340	2147	2244	2266	2165
RAS And Bradykinin Pathways In COVID 19 WP4969	4881	3553	7124	5594	387	2161	3552	5054	1636	4846	7421	186	710	3818	185	3816	4842	5972	183	1576	5592	623	6093	59272	624	3827	1591	1369	4790
ROS In COVID 19 Endothelial Dysfunction WP5258	7124	3383	27035	3454	4790	7132	59272
Neolacto Series Sphingolipid Metabolism WP5302	2523	2517	4759	2683	84002	2527	6484	4668	8702	8703	2524
Enterohepatic Circulation Of Bile Acids WP5396	5243	10599	2172	6554	10257	200931	1244	6555	28234	8647	123264	8714
Phosphatidyl Inositol Phosphate Pathway WP5411	5333	3631	8776	5332	5728	55529	22908	55613	56623	5286	5287	55300	8394	5297	5330	5288	253430	5290	90809	5298	9896	51196	84812	93492	4534	5305	8821	23236	51763	5336	23396	5335	9107	4952	5294	113026	5331	3635	8395	79837	55361	8898	5291	8396	200576	5293
AMP Activated Protein Kinase Signaling WP1403	208	5571	2475	6794	3643	3952	2997	8900	1978	200186	6517	1374	5290	148	5289	7157	51094	5568	126129	890	5296	84254	1994	31	1026	891	8503	5563	2998	5567	3953	6720	7249	5564	5295	29904	1938	3172	23236	56731	55437	9370	5209	53632	3991	6199	10645	51719	5294	147	79602	51422	92335	5562	7248	1375	32	57521	3156	133522	2194	207	6198	5291	5565	723961	5293
MicroRNAs In Cardiomyocyte Hypertrophy WP1544	5604	5607	5594	387	1154	5320	1489	6774	9641	3976	1432	10454	5879	5596	4040	6416	5606	5598	5579	7124	4638	5330	1906	3480	5296	7474	5170	183	2263	91807	801	10014	8321	9734	89780	50804	5291	5293	208	4878	5599	2475	7040	2932	5609	9475	1827	9759	8517	3084	5530	4879	817	5294	3479	5894	1022	1855	2535	3551	5532	1025	5605	4041	2247	5290	3572	2626	9020	5595	1147	8503	51564	5295	5608	1499	5592	6093	1950	4776	8893	207	4790
miRNAs Involved In DNA Damage Response WP1545	1021	595	7157	472	25	898	1027	1869	4609	5893	3014	1026	1385	993	896
Genes Targeted By miRNAs In Adipocytes WP1992	3753	10021	6722	9759	7114	58155	9464	610	2697	2078	3759	3479	3784
Methionine De Novo And Salvage Pathway WP3580	635	84245	4143	191	4953	7295	55256	6898	4482	55349	253827	6723	27430	6611	58478	262	4548	22921	4507	259307	51074	4144
Wnt Beta Catenin Signaling In Leukemia WP3658	2932	51176	7471	5467	2322	22943	4041	595	607	26108	7704	6929	57167	5371	8323	1499	4609	862	5914	8313	324	4040	207	1452	3728	11197
ERK Pathway In Huntington 39 S Disease WP3853	1956	5604	5894	1950	5595	840	2911	627	836	3064	5605	5594	4915	9252	3265	1385	2002
Focal Adhesion PI3K Akt mTOR Signaling WP3932	3909	5604	9230	3320	6794	1441	5728	3679	3678	2149	2259	6696	2997	3560	5207	5594	30849	3570	3169	5649	113791	2251	3563	5523	7010	1944	7057	94235	3717	7450	7058	3791	2246	3696	1026	1278	1292	9586	1284	1442	5154	1311	84335	3685	5209	3693	2056	4193	1435	1388	1440	64223	1129	1969	3913	2787	3673	3815	2335	2784	3918	2783	63923	2261	1128	468	53918	9965	54541	2258	84699	5528	3688	64764	80310	64344	90993	2277	2260	5286	5287	6194	81617	1978	3690	23216	3674	3689	1945	5210	3695	10891	2256	3630	3694	3480	5296	3381	4843	1994	5170	7059	5228	31	8822	3559	3454	6720	7249	3655	8115	4842	7422	1943	1289	2263	2785	8823	2782	5155	6199	2264	2257	10488	2034	2324	92335	5562	5519	2791	8516	284217	3910	9170	57121	1101	2249	5525	1027	51552	3718	3908	5291	4803	1942	148327	2790	51764	1280	208	9470	1977	2475	5293	3326	2255	5617	6009	7423	2932	3716	5862	5159	5522	23035	3558	200186	3456	7143	27006	50509	3912	3915	5529	3561	1301	3681	8517	3845	2792	2057	2248	2793	3691	3687	284	8408	3676	4846	2690	3914	5563	2998	3444	59345	572	8660	3682	253314	2253	5008	23566	1386	22801	10161	56034	3091	5294	51719	3479	2254	3575	5894	57521	1946	7060	1277	5515	8817	5156	1286	3551	3265	4218	842	2788	6513	3684	3643	3667	3911	7424	4233	7448	2846	5605	1282	6514	51378	6517	3566	5527	2247	54331	1975	5290	1956	8471	23239	1281	8515	5595	1290	26291	2309	3683	4804	5516	3082	10000	1436	23533	7148	55012	1288	285	5526	1385	55970	7184	3455	5518	5208	2885	3680	5295	2321	2786	1302	11140	5618	3991	1902	5747	2308	10890	7248	5521	3371	1950	6515	3675	4254	9623	9180	26281	207	6198	4893	55844	2252	10319	6654
miR 509 3P Alteration Of YAP1 ECM Axis WP3967	7005	7003	1281	7291	10082	5090	10413	6591	1277	9564	2335	7004	1289	7058	8463	6678	1909
Fibrin Complement Receptor 3 Signaling WP4136	3656	3684	7124	83593	5966	387	7305	3456	3593	868	6714	3689	4615	5290	5327	2243	6850	8517	114609	6347	1147	2244	2266	4843	2921	23643	5970	3627	51135	3929	7189	7099	929	3661	5340	3569	3654	148022	100302736	207	7098	3551	4790
Regulatory Circuits Of STAT3 Signaling WP4538	4352	1441	2149	3560	5594	58985	3570	6714	3563	3717	6300	84335	5601	1489	6774	64223	10155	1432	1844	5596	3459	5598	5579	53833	2151	80854	3559	3454	5600	9466	1439	3977	3718	3925	3568	5599	2475	3588	3716	5159	3561	64798	253260	1387	2690	50615	9021	185	3460	3587	163702	225689	5602	53832	3575	57521	5156	9002	3595	1271	1956	3572	5603	5595	5789	3581	3601	186	3455	7297	79109	1438	3590	11122	9180	5597	5788	10401
Cancer Immunotherapy By CTLA4 Blockade WP4582	5295	942	940	5515	5296	5781	5293	3123	5777	5291	8503	941	5290	1493
22Q11 2 Copy Number Variation Syndrome WP4657	128977	150209	5430	8220	5649	8131	6721	9127	8218	284361	7450	27037	9611	1104	23617	1399	2637	2746	65078	340665	6545	8318	29102	8036	8646	6722	596	5077	8216	2260	10892	5413	25842	54584	23176	1592	9978	2815	6720	998	9076	55752	9993	2263	7353	10298	91179	9342	1312	2255	23468	10641	51586	7122	5901	2296	7290	5297	7157	5071	9464	54487	2812	8841	7514	84861	1013	2811	70	80764	2253	1482	6899	421	5500	6097	8479	8659	5894	10587	29801	388849	1813	2303	5347	3170	6469	6517	4099	400891	1956	8854	5905	1365	9681	8452	60385	85359	4942	6576	7625	59	406	5902	3053	2928	3280	128989	3842	64976	3837	5308	79680	57142	5625	2814	56603
Glycerolipids And Glycerophospholipids WP4722	8525	10400	84649	80339	56994	5130	56895	57104	1120	57678	137964	5337	23761	1040	8694	5833	54675	55500	9791	5319	10423	81490
Hijack Of Ubiquitination By SARS CoV 2 WP4860	6921	8883	9978	9039	79699	6923	8453	865
7Q11 23 Copy Number Variation Syndrome WP4932	9569	3306	135886	3014	1364	518	9275	26608	155368	515	5982	9031	7461	9188	8326	4967	695	83451	517	498	2200	7472	2074	468	10514	79720	137492	29914	8467	6804	5985	5111	2969	31	539	1213	9076	9451	23476	3159	9246	23636	84277	32	93343	7913	2199	5925	10013	7462	8468	2006	10477	3224	4641	7458	7251	7122	8878	1072	51085	55048	8841	8408	2597	3084	6844	23451	6616	3066	8678	83939	23426	4609	513	23122	516	355	7391	10516	1743	9605	135892	64756	1028	1738	51160	114049	5595	5313	1365	23332	7324	506	2885	514	63922	1499	5592	155382	3984	91647
15Q11 2 Copy Number Variation Syndrome WP4940	114791	85378	81614	10426	10844	2332	27229	123606	23191
15Q13 3 Copy Number Variation Syndrome WP4942	1139	4308	728498	54893	728047	2916	727909	161725	10936	1387	89839	871	101059918	8850	22909	51621	6352	2177	89832	2534
Angiotensin II Receptor Type 1 Pathway WP5036	4142	7040	80310	6237	5594	2161	3572	3727	1278	6667	50507	4089	185	1490	5608	10399	7046	183	5781	59	3091	59272	3590	5894	1277	3589	7048	4088
T Cell Modulation In Pancreatic Cancer WP5078	7423	7043	5817	942	7040	959	80381	2277	7424	4907	29126	5133	6387	940	953	3965	5228	7042	84868	3620	1493	64115	80380	29851	6361	3956	3105	7422	356	10666	3586	7293	941	3604	3958	355	567	2191	383	201633	3569	79679	7292	958	6367	8744
Steroid Hormone Precursor Biosynthesis WP5277	6716	1645	3283	1586	1589	6715	6718	1583	3284
Ganglio Series Sphingolipid Metabolism WP5299	29906	10825	6482	8705	3074	129807	6484	6483	338596	6489	3073	2583	8869
Sebaleic Acid Formation And Metabolism WP5315	3992	2180	240	4051	9415
11P11 2 Copy Number Variation Syndrome WP5348	3959	3688	931	967	3109	51176	7076	2132	10478	6469	93185	9409	3108	51317	8534	3689	11041	920	2737	9378	7157	221120	55343	9537	90139	3340	60529	3676	93010	930	3655	963	5978	4166	1408	162540	387763	406	6386	57586	3122	56981	2131	3675	143678	84680	9575	284359	977	120071	81839	3732	9479	8504	8702	1839
Osteoarthritic Chondrocyte Hypertrophy WP5373	208	4914	8061	7428	405	2260	6696	8074	5594	2354	6662	2595	5290	4803	1281	5595	3717	11061	3727	3381	10000	55004	3791	1051	3725	3726	860	5970	1280	1490	5971	7422	4921	2263	1734	6774	3091	2264	2034	2355	4322	1277	54681	176	2353	207	2261	5578	4790	1300
Cytokine Cytokine Receptor Interaction WP5473	4782	268	4352	8807	11009	1441	3560	939	6346	2920	58985	64806	3570	3552	7042	10563	3625	7852	9518	10803	8809	50604	1234	5196	3953	654	6374	2657	3556	2661	1524	656	51561	9547	356	8740	2056	92	1435	1440	50616	3976	970	8718	3567	26525	651	84957	29949	58191	6352	4838	51330	94	9573	2660	7048	246778	6363	27177	3459	2658	83729	10344	8744	6368	7124	1236	8743	53833	115650	4982	56832	6387	27178	90	55801	3557	10541	643	8600	3605	146433	3559	4049	1230	6359	3454	5473	658	3594	2829	27189	6369	282618	9466	1439	3623	1235	3597	3977	27190	3569	6376	3440	6364	659	3589	8797	7292	4803	85480	652	5617	7133	943	3568	7850	10913	7040	3588	3606	10673	5197	9173	3458	3558	6373	3456	653	27179	7132	3562	6846	3561	23495	6347	269	6358	2826	51554	2057	6370	2662	729230	2919	282617	57007	388372	2921	2690	112744	50615	6372	149233	3626	1896	55540	59067	3598	9210	282616	3460	3587	163702	3627	284340	23529	10850	90865	53832	4050	657	10220	3575	7293	91	3565	60401	3579	133396	9966	355	6355	4055	8764	8784	1270	6367	3600	958	8742	84639	3596	2688	7043	959	1233	655	3595	3952	1271	93	151449	3578	3566	8792	6366	56477	3572	4804	3576	6375	10663	3601	1436	84818	1437	6362	6354	392255	3574	8808	7173	3455	8794	7046	8200	5618	2689	3586	6348	23765	608	27242	53342	6357	1232	3590	3604	1237	56300	27302	6356	3577	386653	4283	55504	3554	130399	3467	8795	3624
TCA Cycle Aka Krebs Or Citric Acid Cycle WP78	1743	50	3418	8803	2271	3419	1431	3421	4191	6389	6390	4967	8802	3420	1738	6392	6391	8801
Pathogenic Escherichia Coli Infection WP2272	10971	113457	71	3688	7846	8440	25	81027	387	9475	81873	7278	7280	347688	10092	10094	10552	10381	10093	3875	7100	8976	999	23643	84790	51807	2017	998	9076	3059	10383	1499	79861	10109	112714	7430	10382	100506658	6093	7099	4691	929	347733	7277	60	10095	84617	10376	7454	4690	9181	7534	5578	203068	2534
Interleukin 1 IL 1 Structural Pathway WP2637	3656	5604	5599	5605	5609	5594	54472	3552	4615	6294	9020	5595	1147	4792	4214	4793	2872	9261	5970	3556	5608	23118	5600	257397	51135	1386	5602	4609	4790	5601	8569	10010	7189	9252	1432	10454	4215	6885	3654	4155	6416	2353	1326	3554	3665	1977	5606	2002	3551
Imatinib And Chronic Myeloid Leukemia WP3640	5243	4066	25	5159	9429	5292	2309	1436	4839	613	11040	2321	4609	1647	9846	3815	1027	5156	200734	6502
Type 2 Papillary Renal Cell Carcinoma WP4241	7043	6513	7040	7428	54583	405	253559	6923	7942	81578	9915	79444	9978	1387	112399	7042	1026	1729	6921	112398	7422	5155	7039	3091	7030	2034	8453	1856	5546	6421	2271	29072	1513	2033
Molybdenum Cofactor Moco Biosynthesis WP4507	6821	316	4337	7498	10243	54996	4338
Neural Crest Cell Migration In Cancer WP4565	208	5063	7291	2050	627	4318	4317	30849	387	2047	106821730	5290	2151	2049	4804	2048	10000	2051	23533	3725	6272	8503	7204	146850	25791	57144	5062	375	1009	57498	4915	5294	6774	7074	4313	5879	2353	207	10298	5058	5291	5293
Cancer Immunotherapy By PD 1 Blockade WP4585	4773	917	3458	29126	5133	915	4772	10725	926	3725	916	80380	925	4775	3105	5781	6774	10538	7535	3932	4776	3123	4790
Head And Neck Squamous Cell Carcinoma WP4674	208	1021	6009	2475	4853	2549	9817	6794	841	8772	5728	2260	6194	5966	1978	8626	5290	1956	595	7157	3845	114788	3664	4851	1869	3480	10000	5296	23533	253260	5170	8650	8452	329	1026	5563	7249	5970	2064	4089	5295	9794	7422	4780	2280	1029	1499	2263	4790	79109	7187	6199	5294	64223	84962	2195	7015	7248	5562	83667	57521	5925	4791	207	1019	7048	2261	5291	27244	4893	3265	1977	54541
PKC Gamma Calcium Signaling In Ataxia WP4760	773	2892	5332	2890	5330	2891	9454	5582	2776	7222	2893	767	2769	491	23236	2767	9630	5163	3708	5331	6263	2911
1Q21 1 Copy Number Variation Syndrome WP4905	5571	7082	607	27134	149013	2697	26108	2330	9557	5563	5564	51205	2700	2703	1499	55243	53632	100506658	4301	51422	5562	50848	90780	2702	9414	5565	265
Airway Smooth Muscle Cell Contraction WP4962	3596	3710	23236	2776	154	2664	4632	952	6261	4638	94274	801	5500	387	6093	9475
Sphingolipid Metabolism In Senescence WP5121	2475	5579	1901	8560	5594	29956	7357	166929	79603	1017	2629	1869	8877	427	1026	23236	2720	9294	53637	2531	10558	7015	10557	5925	1019	5578	81537	55512
2Q11 2 Copy Number Variation Syndrome WP5221	51252	150771	81562	54910	84191	5594	9391	387	1353	56910	5595	55683	51647	431705	10865	2064	93082	55486	200539	23654	151	55654	64210	26505	7783	23020	23397	51239	90342	26504	1844	1280
2Q21 1 Copy Number Variation Syndrome WP5223	113457	387	205147	5879	90557	324	445582	11075	344561	50649	146849	653784	55041	6774	996	130074
8P23 1 Copy Number Variation Syndrome WP5346	10445	7013	9258	203076	8658	649	55613	1509	5594	6281	6517	8879	137075	1475	56955	79660	2626	5595	6910	4482	9108	1508	203074	253012	2212	252969	66036	90459	83650	3329	613210	115004	1499	613211	9107	4926	83595	8312	3651	7099	286046	7015	5894	83648	613209	2213	7097	640	4825	54984	7884	94137	2222
DNA Damage Response Only ATM Dependent WP710	5728	5594	30849	387	5328	3949	5880	604	1026	5934	4089	6932	5106	356	5601	4193	5879	10023	7472	7476	596	25	7471	5286	5287	54361	5288	5289	595	5296	51384	7473	7474	3725	2538	998	847	896	81029	6464	1027	89780	901	5291	5293	208	4088	7161	5599	472	2932	8061	7040	638	6934	5529	7157	3845	7475	4214	578	572	5602	4609	5163	5294	83439	1856	3146	1855	80326	6885	324	197259	4791	6655	10018	3265	5881	894	3643	7477	51176	3667	6342	5527	5290	2309	10000	23533	8503	7481	2064	2885	5295	1029	1499	8312	5366	7480	27113	4216	7482	581	1857	207	4893	4790	6654
Thyroxine Thyroid Hormone Production WP1981	5604	50506	5605	5594	2002	55107	1184	6528	5595	7253	7200	7173	1385	5563	7038	65010	53905	1081	5894	5562	5908	95	5906	5578	4790
Selenium Metabolism And Selenoproteins WP28	10587	54952	57190	7296	2878	9403	6414	114112	6670	118672	85465	257202	1390	22928	6301	6415	1491	79048	5451	51734	3725	83642	55829	348303	51540	6667	5970	280636	60678	54938	8991	2879	4780	1734	22929	140606	2877	1733	2876	51714	2353	58515	2168	51091	1735	4790	6156
Serotonin And Anxiety Related Events WP3944	23237	1394	22871	3358	5579	1392	84812	3356	2353	5530	2906	5341	3350
NO cGMP PKG Mediated Neuroprotection WP4008	4881	596	3553	5138	7124	4747	1258	1260	3458	2906	816	815	4792	4843	2983	1262	2905	54205	4846	5593	4879	1385	2904	2903	5970	572	4842	54714	817	801	2982	331	1259	5481	818	5139	1261	2902	1742	10142	706	2977	88	4790	842	4878
Exercise Induced Circadian Regulation WP410	7341	4618	9444	2950	10787	3422	7122	8341	1982	51663	1407	2120	2674	9802	5516	5187	1051	5281	7360	50486	11030	10381	9709	9218	8987	23118	1408	11335	7352	406	26059	3312	8031	51582	5507	8864	6612	10140	9575	694	2947	9975	687	10946	3108	3301	5685	5813
Tumor Suppressor Activity Of SMARCB1 WP4204	1021	8193	57492	5977	86	3020	6597	8289	2737	51412	2735	23512	6602	6604	1029	8110	2146	2738	6603	6605	6601	8726	5928	5727	5925	6598	6608	1019	6599	2736
Hippo Merlin Signaling Dysregulation WP4541	4914	5332	3679	3678	1000	1001	7010	5576	5568	389421	1004	3791	3696	960	57144	5062	3685	3693	5566	1969	28513	1005	3815	3673	3672	1015	2261	60485	9730	154796	1006	1016	3688	1003	2260	3690	3674	3689	595	3695	1007	9978	3694	3480	9113	94274	1642	5567	3655	5501	25937	26524	2263	4915	2264	2324	8516	64403	28316	4659	10298	5058	7003	5063	1495	2305	5575	8463	5159	3681	3845	3691	3687	1013	3676	5499	999	7005	3682	1490	6788	3627	22801	4609	5500	84962	8451	10413	7004	1014	1012	5156	4771	3265	1002	3684	3643	4233	2322	5573	106821730	1956	8515	64405	4804	3683	1436	3680	1009	2321	4485	1499	9686	5747	1010	1008	3675	4893	5577
Omega 3 Omega 6 Fatty Acid Synthesis WP4723	54898	3992	8398	51	5322	2180	8310	641371	100137049	5321	60481	2181	10965	2182	9415
SARS Coronavirus And Innate Immunity WP4912	3445	3716	23586	6772	3456	3446	3439	10379	3448	64135	3451	3454	3444	3443	3455	7297	7187	29110	3449	3441	57506	9641	59272	6773	3442	3661	148022	3452	3440	7098
Congenital Generalized Lipodystrophy WP5101	208	8694	2885	84803	23175	857	3630	3667	3691	2534	284119	9663	3091	64900	26580	10555	5290	84649
Hemesynthesis Defects And Porphyrias WP5169	1371	212	2235	3145	210	7389	5498	211
Inflammatory Bowel Disease Signaling WP5198	3596	4087	8807	7124	7040	3595	6095	3606	6772	3458	50943	3558	3566	3552	4094	6775	4772	3561	112744	30009	3725	50615	7100	149233	59067	64127	3594	51561	2625	6774	3586	6097	7099	50616	6778	3565	3592	3567	3569	7097	3459	3108	4790
PtdIns 4 5 P2 In Cytokinesis Pathway WP5199	54443	4633	387	4952	4478	11021	5962	60312	4735	7430	29127	9493
17Q12 Copy Number Variation Syndrome WP5287	101060376	54883	5892	146857	6346	57636	11072	414062	79148	8557	22806	91608	3980	7703	93210	6360	162394	9349	54752	729877	284106	6352	146853	7006	11056	342667	284099	414059	57151	80179	84152	10693	440435	31	6359	54475	10948	9326	91607	6871	79893	101060351	388381	246176	57125	91603	8148	163	256957	55106	6928	6347	6358	3975	782	4302	11276	388372	79154	2886	124842	84299	146861	6355	494188	100170841	201299	342618	26574	5469	8396	80725	84961	102723859	390790	117584	102724862	5193	101060321	146862	30837	40	6362	6354	414060	3927	2064	51755	284098	5409	6348	4761	6357	79922	6356
Lacto Series Sphingolipid Metabolism WP5303	2523	8708	2525	84002	8707	2524
7Q11 23 Distal Copy Number Variation WP5401	23136	7532	83862	136853	23604	3315	10749	10146	22917	57414	144404	4000	51657	7783	114971	7784	4191	5894	5447	2810
8Q11 23 RB1CC1 Copy Number Variation WP5412	7157	7124	5925	11345	4217	8408	60673	9821	23710	2185	7186	11337	5747	9776	56270	55054
Prostaglandin Synthesis And Regulation WP98	302	6916	1645	6915	308	9536	5468	6281	1583	306	5730	6662	4286	1906	7356	5743	10891	5729	5742	301	3290	5733	1909	5738	5734	8644	5732	307	5731	5321	309	873	5737	5739	5740	133522	231	27306	10257	3248	6277	1646	3291	1910	5617
Cell Differentiation Expanded Index WP2023	6722	4208	10637	4205	5081	3196	860	3195	4209	9314	2146	6774	4654	7044	10014	100271849	30012	6657	3398
Microtubule Cytoskeleton Regulation WP2038	6010	5786	983	4914	2932	5728	25	50855	2011	6714	4137	2151	2776	90102	161742	22919	2048	23332	4139	1729	9261	7204	11004	998	814	5566	11076	4131	4915	6774	6093	7074	4916	3984	1073	6249	1855	5879	324	89780	1808	207	9212	5058	57551	5578	10420	3925
Drug Induction Of Bile Acid Pathway WP2289	5243	9970	10599	6554	6822	1576	1581	1244	10257	9971	8856	200931	8647	7421	123264	570	8714
NAD Biosynthesis II From Tryptophan WP2485	8564	55191	23475	125061	23498	8942	6999	64802
MYD88 Distinct Input Output Pathway WP3877	92610	51311	7334	51284	3654	7097	7335	3725	10333	81793	7099	54106	7100	7189	3552	4790	4615	7096
BMP Signaling In Eyelid Development WP3927	2255	6422	4090	2303	6469	2296	1956	3625	5595	4851	3725	4214	4089	4086	2263	5601	7039	27123	5308	652
OSX And miRNAs In Tooth Development WP3971	1758	4853	860	249	4851	1834	9314	655	4854	1499	4855	121340	50964	22943	6927
Oxysterols Derived From Cholesterol WP4545	7376	1628	23597	9420	2100	641372	1880	80270	6342	1109	64806	9023	11332	122970	284486	10005	51302	1581	641371	112744	3605	3290	8856	2053	1593	23600	2099	27189	55856	11001	1576	6718	3929	1717	1582	3638	6097	10998	570	10965	8309	53342	134526	26027	10682	6820	27190	6822	10858	133688	3291
Biomarkers For Urea Cycle Disorders WP4583	445	5009	383	27165	2159	2593	2155	435	2805	2628	2875	162417
3Q29 Copy Number Variation Syndrome WP4906	7629	84984	10445	30061	55294	57817	255798	840	79659	6993	102	7037	7040	4241	8349	83657	23411	116211	7018	131540	2890	8655	80235	200933	375387	9025	55112	140735	348793	9857	11159	205564	1620	6990	165918	4686	3725	11158	8503	22916	123264	5130	11116	6777	5062	3077	4609	200931	93183	9587	26043	3091	54965	54752	255758	7334	89891	83658	6776	1739	4771	23077	51626	5829
Proline And Hydroxyproline Pathways WP5026	8659	4942	5184	5625	5831
Network Map Of SARS CoV 2 Signaling WP5115	3434	71	8807	4914	6729	10956	9540	841	3603	5777	2920	6346	7018	2011	55240	3552	10563	5054	5743	6731	3717	10379	2244	25940	64135	1051	1234	5196	10146	11101	1522	6374	9133	4775	3273	84335	814	2934	7226	8754	10410	350	50616	3592	64223	6241	65082	3567	4343	637	55823	715	5879	3932	58191	6352	2335	23367	3045	7048	6288	1369	10344	54541	2534	6403	3553	7124	836	6388	11119	4090	116844	23586	6194	8743	6237	1978	9755	5104	6387	81631	4884	3486	2537	926	537	57534	2266	347	3605	7186	3725	10038	84985	891	27072	6359	23155	3240	8542	9332	286827	183	51512	29110	27248	5976	7189	9776	8554	1235	3569	11345	731	6364	3123	8836	1977	6009	5599	2475	1974	7090	7850	1958	3716	8519	917	3606	335	838	213	1509	3458	5588	9512	3456	91754	1401	55922	22861	4615	3699	920	8517	10964	716	6347	64798	2963	708	3043	8408	4939	2919	2921	388372	916	196	2811	1514	6372	3726	79572	59067	684	84433	925	51028	3543	3627	10850	90865	629	3929	6728	336	3091	57506	3312	83737	3565	3122	59272	3579	64386	57521	60	9908	6355	3654	4791	2353	55757	919	6289	6367	114548	842	3429	983	3596	64601	3959	55937	3700	9868	6772	7088	3127	5910	3578	2247	6366	2243	4599	1294	3576	10280	1508	57617	332	3574	3426	7173	51156	23195	341	8631	4086	7187	10666	54663	3586	6348	7535	79934	914	10531	929	92105	3675	6356	3075	3577	1843	3661	4283	5199	57142	207	7216	10394
Lipid Metabolism In Senescent Cells WP5149	8398	5322	7157	81579	5743	6578	1026	26279	255189	123745	5321	7941	50487	8399	240	8605	84647	283748	3265	5319
2Q13 Copy Number Variation Syndrome WP5222	84639	10461	64425	150465	3553	150468	6772	80117	5594	3558	84910	10849	3552	27179	5441	10563	27178	5435	3557	727851	25885	6574	1437	2621	5437	8808	51082	129804	9021	2885	64682	84269	3556	376940	5336	284958	51561	8651	2625	84524	5747	1435	7287	55289	23550	382	26525	3958	56300	84172	5879	221830	3569	10018	5440	9533	5434	30834	3554	27177
2Q37 Copy Number Variation Syndrome WP5224	5414	19	130916	117581	54600	375318	2997	796	23677	440738	10325	84557	1058	7852	1915	140739	4792	381	84289	23178	150678	401036	51665	5154	4644	4738	2637	54576	4654	79781	5879	9208	8527	23192	3553	4656	7124	55230	10691	285193	6194	3690	6387	81631	3069	54578	79054	3725	375316	64121	51078	54658	10267	150681	9855	375	23710	801	3651	2859	5510	64284	10123	3597	8864	6694	10670	11345	339766	10494	3705	189	151176	5617	57817	4208	666	4205	429	9265	5133	6373	151507	51052	58528	339768	9759	7157	377007	51281	57007	124404	10203	54577	150677	116987	55355	1293	547	50636	653437	9267	23157	4735	4705	26146	9266	80895	54657	55502	2817	10920	27128	728294	1956	389090	25992	79083	129807	11132	51540	27185	57140	4134	7187	8837	11337	3280	285093	3611	5873	1841	64090	3394	79919	54575
1P36 Copy Number Variation Syndrome WP5345	3434	388585	55174	984	2563	54991	51573	126792	64135	3872	56257	83756	728661	4089	5828	26683	5261	83858	84808	81556	7706	375790	26155	54998	57721	219293	199990	9978	57801	7186	1994	85452	401934	84612	7422	55052	2782	11079	126789	4038	79501	27122	11126	81669	339451	7292	29101	7188	4087	7040	8995	80772	148398	5590	4171	4593	55726	84069	7293	3312	382	54973	79906	1855	163688	441869	8510	55229	28514	8764	9651	150684	8784	1743	9636	55756	142678	339456	7448	643988	5830	5193	388581	55210	6339	8452	728642	118424	2099	64856	151888	5192	65220	92105	2898	116983	54587	6497	51150	4088
17P13 3 YWHAE Copy Number Variation WP5376	10971	1644	1621	10540	7532	11258	1020	10671	1639	7054	51164	81565	1778	27185	7533	7529	5048	5515	84516	7531	7534
Sulfation Biotransformation Reaction WP692	9061	27233	6783	6820	391365	6822	25830	6799	445329	6819	9060	2936	442038	27284	2539	6817
Serotonin HTR1 Group And FOS Pathway WP722	5604	6722	2770	3356	5923	673	5605	5594	387	3352	5290	2005	2776	5595	3717	5170	4214	3351	2771	1385	9261	2775	5608	7867	3354	3355	6774	9252	3708	3350	1432	5906	2353	10125	2773	5606	2002
Phase I Biotransformations Non P450 WP136	1066	5444	5446	2098	8824	3988	5445	221223
Nicotine Metabolism In Liver Cells WP1600	54657	316	1548	54600	2328	1555
Apoptosis Modulation And Signaling WP1772	5414	10017	841	3303	4792	4170	598	834	1676	330	356	8737	8718	637	8793	640	1616	596	2021	839	836	837	8743	54472	56616	4217	4671	3725	835	317	7189	90427	1677	8797	27429	7133	5599	840	7850	666	638	8682	4615	7132	7157	79444	5783	329	599	578	572	84883	355	113523636	3654	10018	2353	3551	664	8717	8738	842	597	8772	9131	8739	9020	5595	843	54205	332	8794	826	1029	7187	5587	8837	51651	55367	5366	331	27113	8771	581	8567	9531	3554	8795	4790
Cardiac Progenitor Differentiation WP2406	55897	145873	83881	4208	7040	2932	649	4624	64321	3170	79923	22943	4920	6331	2247	7137	7852	2626	6910	4851	6862	3630	389421	3791	50805	3084	70	79727	5080	3670	7139	132625	9241	6656	57057	1482	290	91807	5460	3479	4633	1432	3815	7070	4838	89780	4684	6657	5156	140885	3481	652	3624
MECP2 And Associated Rett Syndrome WP3584	3065	2475	9315	2892	26084	4208	627	5728	6194	344	25942	80312	2890	4099	6670	6750	2247	54790	3185	54715	4661	50937	604	815	1869	2248	4354	2530	2893	1660	2894	3480	2521	9611	1749	4904	4204	1385	6667	4986	2571	114787	5978	6446	23435	1465	2593	11168	5454	2146	3187	2290	1750	7337	3479	5457	84950	9126	1052	6890	2289	200424	10664	4763	6872	2249	4155	2250	207	2570	1267	3481	2902
Striated Muscle Contraction Pathway WP383	7168	4606	7138	71	10398	7136	4624	7273	4621	1674	7137	8736	4607	7125	7169	1756	4632	7140	4703	89	4634	4604	70	8557	4626	7170	7431	59	7171	7111	81	7135	4633	7134	4635	88	7139	58
Kennedy Pathway From Sphingolipids WP3933	56994	5833	1120	1119	10400	55224	55500	23761	9791	8879	5130	10390	9468	81490
ROBO4 And VEGF Signaling Crosstalk WP3943	5879	7422	3791	9353	54538	6714
TYROBP Causal Network In Microglia WP3945	202309	3071	6039	51411	3684	64764	4066	5996	54502	3606	23307	6696	10261	6510	7305	5341	4094	822	3689	375387	10577	170954	3142	920	6195	4688	26157	54518	3687	375035	654346	10184	84695	10019	79690	10312	718	714	7046	678	3587	64092	3059	1806	951	9056	2000	3597	864	55803	58191	2876	54360	6776	10257	113277	10008	8832	29108	7133
Prader Willi And Angelman Syndrome WP3998	1021	51151	6870	2488	2563	4808	2562	4928	7337	4193	990	585	23511	85378	9972	27229	23225	4194	6396	627	10844	2569	57194	123606	2691	283685	595	5020	3972	2565	3630	4692	9631	6638	9818	8086	8480	8926	7299	23636	7334	5925	7175	2733	2570	5108	8924	4948	653061	4803	1030	11097	1977	5122	114791	3358	348995	2332	25909	5443	129401	79023	8021	9025	2558	7157	5590	55746	23279	1869	53371	1749	54551	2566	9638	1081	7681	1031	10426	1019	9688	894	51738	23191	4927	57122	23165	79902	55706	2567	200959	2796	81929	3814	81614	9637	1029	10762	4487	23742	5903	9883
Eukaryotic Transcription Initiation WP405	2968	64425	2967	4331	5430	661	5439	6877	6879	2068	2071	5435	2963	5432	25885	2959	5436	5438	51082	171568	5431	6884	2958	6908	902	55703	6883	2961	6878	3611	2960	1022	84172	2966	55718	5440	51728	5434	6880	5437	2965
PI3K AKT mTOR Vitamin D3 Signaling WP4141	2475	942	2932	3939	5160	5290	3101	5210	7421	5563	7249	5970	6256	4609	3586	941	7248	3592	3122	6515	1591	207
LTF Danger Signal Response Pathway WP4478	929	3553	3576	7124	3569	3654	51135	54210	7097	4057	7189	5594	177	7099	3456	3552	4790	4615
Vitamin D In Inflammatory Diseases WP4482	7124	9282	5534	4772	8517	1147	4792	4214	5530	7421	5970	4089	5608	2908	6256	4790	1432	1843	3569	3551	5606	4088
Cysteine And Methionine Catabolism WP4504	51380	4548	6821	1036	635	2937	1491	2729	4143	191	4357	2805	58472	102724560	23474
Metabolism Of Alpha Linolenic Acid WP4586	3992	239	5743	240	246	9415
Urea Cycle And Associated Pathways WP4595	27165	10166	445	3945	4843	4846	5831	4942	5009	4842	10165	4191	2875	162417	2746	8659	8604	1373	2271	2806	383	4190	435	2805
Mitochondrial Complex III Assembly WP4921	7386	7385	790955	55245	90624	7388	7381	29796	1537	84300	617	27089	7384	10975	54902
16P11 2 Proximal Deletion Syndrome WP4949	253982	5528	8085	653808	841	6693	4478	5728	83723	124446	143	9961	9989	5966	5468	7290	3476	5531	10497	226	112476	3486	57223	7157	5595	55671	10693	58508	908	5516	8841	7203	79447	6950	7186	5111	22976	10694	83719	4150	2099	8030	5518	5606	5608	9344	2908	6477	23475	6911	3835	79153	57718	7189	7430	253980	8479	26470	11151	151987	2186	8448	283897	10576	10574	10575	5515	23025	22948	10423	283899	4790
Disorders In Ketone Body Synthesis WP5175	5019	38	622	3158	3155
Cytokines And Inflammatory Response WP530	3596	3553	7124	7040	3458	2920	3558	3456	3593	3552	3562	920	1437	2919	3574	5154	3586	1435	1440	3565	3122	3567	3569	3589	3123	3600
Calcium Regulation In Cardiac Cells WP536	3709	7532	5997	1133	1132	155	811	112	409	57620	1131	10636	775	94235	111	5576	81025	5577	844	774	6547	8786	814	2280	2868	127534	5566	489	146	309	3762	1129	10804	57165	5998	2787	6263	3760	779	2784	2783	153	1128	113	2773	5578	107	6000	10971	115	114	5579	2870	6001	8490	148	492	784	10287	5582	6262	2701	2771	5567	776	3710	2775	108	2767	2703	2785	2782	801	3708	147	488	5350	2791	818	777	2702	51764	26575	5570	5581	5583	2778	2770	2869	84876	5575	6546	5588	2705	5590	2792	815	490	782	9628	10052	6261	59345	2700	2707	817	57369	5569	5331	11142	2810	64407	483	8536	5580	6004	2788	773	5996	5573	54331	2776	816	2706	2697	109	845	55970	482	491	8787	2709	7533	154	8601	2786	196883	7529	408	2781	481	5587	486	3745	5999	7531	7534	10681	480
NF1 Copy Number Variation Syndrome WP5366	545	51466	3205	5594	387	1407	55763	7398	23265	898	10640	54536	4170	5982	5931	57599	11336	1786	2124	10746	65078	6383	596	79736	5888	23586	84282	8350	3720	890	5883	4974	5111	5187	5985	2123	8661	3632	8726	5983	84440	4803	8766	1072	3456	9475	60412	6853	51379	4214	5442	23512	6829	9134	1876	57506	382	55770	5894	79915	4763	55803	55352	121504	10419	203068	126961	5984	2145	1956	4661	5595	4804	10988	149371	55813	3198	1950	3984	6654
Complement And Coagulation Cascades WP558	712	5329	2153	5627	2149	2165	1378	5328	2157	2161	5104	5327	4179	5054	716	2147	2244	7450	2155	3998	3426	710	3818	718	714	1213	729	728	730	719	462	629	1675	735	5345	3053	623	5648	5265	10747	1604	3827	715	733	2158	713	1361	3075	2159	5340	7035	1191	7056	2152	1380	5624	717
Vitamin A And Carotenoid Metabolism WP716	124	157506	4023	5594	6257	5915	8854	949	53630	1592	50700	158835	29881	948	220	5950	1571	6121	54884	64241	6256	1381	5947	1382	6258	83875	195814	6817	8694	5914	5916	216	6017	6820	64240	9227	5959	9249	5948	127	116362	145226	56603
Amyotrophic Lateral Sclerosis ALS WP2447	596	5532	7124	836	4747	5630	5605	2890	5533	7132	7157	4744	4217	10452	5530	9973	598	572	5608	834	4842	317	4741	847	6506	637	6647	581	79139	1432	5868	1471	5879	2876	113523636	57679	1616	842
Polycystic Kidney Disease Pathway WP2571	7479	6794	5136	6714	112	8325	11211	6195	5568	3791	5564	8322	8326	7472	2773	3783	7476	6424	7124	7471	54361	595	3480	51384	7473	7474	3725	2771	7249	2767	53632	5310	5562	81029	8321	89780	673	6009	7423	7484	2475	2778	2770	2932	1080	3845	7475	6558	5563	5336	8323	4609	3479	1856	1855	80326	2535	2353	3551	3265	5565	5571	7477	7483	5605	7478	2776	5595	5311	7855	7481	7976	2064	2321	1499	6752	7248	7480	51422	7482	1950	1857	8324	4893
Aryl Hydrocarbon Receptor Pathway WP2586	5604	3320	7124	9612	405	4023	9049	5594	6346	5979	57491	6714	1956	1017	5743	3845	26291	1869	84722	1543	1544	948	1026	196	2099	5970	1728	7422	11140	2729	4780	4609	1545	8204	135112	5894	1316	4763	5925	1027	27306	2033	4893	3265	5325	4790
IL1 And Megakaryocytes In Obesity WP2865	3553	7076	2149	3606	4318	3458	5290	4615	6347	2147	2205	8991	4790	1232	7941	7096	3383	6280	3654	7077	7097	3554	1839	114548
Aryl Hydrocarbon Receptor Pathway WP2873	54657	3484	2939	3320	3553	26509	4257	7040	7124	54600	405	9049	3458	3558	3593	57491	6714	1956	5055	10728	51426	54578	3727	1543	3725	1544	3726	54658	196	54577	8140	218	1728	11140	4780	3280	1545	3592	581	8648	10486	27190	1027	23491	2033
NAD Metabolism Sirtuins And Aging WP3630	142	6098	2309	23411	10135	23410	3091	5468	2308	4790	7019
Hfe Effect On Hepcidin Production WP3924	654	57817	3397	3077	164656	4092	148738
Pancreatic Adenocarcinoma Pathway WP4263	1021	5604	5594	387	1870	5880	1026	598	4089	57144	5062	1848	5601	6774	5879	7048	5898	5900	5888	595	51426	675	5296	5970	998	10928	7422	1871	6199	5925	10298	5058	5291	673	5293	208	5599	2475	5063	4087	7040	3716	7157	8517	3845	1869	7042	10912	578	572	5337	5602	1647	7039	5894	9459	1019	3551	5881	1643	5580	842	7043	5037	6772	5605	106821730	5290	1956	5595	1147	4616	10000	8503	2064	5295	7046	1029	4790	7074	5899	581	1950	207	6198	369	4088
LDLRAD4 And What We Know About It WP4904	4087	7046	56937	753	7048	4734	55054
Mitochondrial Complex II Assembly WP4920	57001	644096	6390	6391	135154	54949	6392	6389
Mitochondrial Complex IV Assembly WP4922	1351	389203	51204	1347	51241	1349	388753	90639	1353	1350	10063	1329	84987	152100	25994	100131801	1355	285521	1340	1327	6834	4697	25953	100303755	1345	1352	28958	116228	9377	1337	80775
Glycogen Synthesis And Degradation WP500	5528	5256	2932	2997	5522	2992	3099	5834	5527	3101	5523	28227	5529	5257	2632	5516	5837	80201	7360	5526	2998	8908	5518	5255	2931	801	3098	5521	5519	5261	5236	5260	178	5525	5515	5524	5836	5520
Glycine Metabolism Including IMDs WP5028	23479	51218	11019	200205	150274	388962	27247	2731	2653	387787	55163	1738	6470	275	51601
Amino Acid Transport Defects IEMs WP5029	6519	9056	6520	11136	153201	340024	54716	57393	6505
Progeria Associated Lipodystrophy WP5103	5965	3763	4087	2339	4001	7040	5468	23463	2865	10269	3630	84823	83932	135656	7486	4089	4000	142	2200	8815	5424	4088
Th17 Cell Differentiation Pathway WP5130	5599	2475	4087	3320	3553	7040	3716	6095	917	6772	5588	3458	50943	3558	5594	3566	3570	915	1407	4772	920	3717	27040	4792	4783	3605	112744	3662	3725	5187	30009	916	196	50615	3559	149233	5530	9021	59067	7297	7046	5335	51561	6256	2625	9466	406	6774	3091	6097	7535	50616	6778	3565	861	9572	5914	1432	3932	9575	3569	6776	2353	919	246778	3551	3459	3108	4790
Disorders Of Galactose Metabolism WP5173	5236	2584	2592	2632	231	2997	5836	2992	6523	6514	8908	2998	2582
Metabolic Pathways Of Fibroblasts WP5312	6513	649	6566	2260	283208	6510	387	3939	5832	9509	948	7360	5723	10536	5831	871	7358	5335	2821	1902	2264	5033	2744	2746	5236	10609	8974	29968	26227	5351	4017	2645
Enterocyte Cholesterol Metabolism WP5333	6307	1595	2224	4547	19	6309	3422	4047	335	10654	7108	3949	29881	4597	948	39	1718	50814	2169	4245	51128	64241	1717	51478	8694	3157	3930	10682	64240	337	3156	338	4598	6713	10999	2222
Omega 6 Fatty Acids In Senescence WP5424	2950	239	6916	23411	9536	1666	9415	5730	10	7157	10728	5054	5743	5742	4056	2053	1026	6578	59344	54898	11283	64174	2678	1800	5600	8644	127281	4048	5321	873	3992	241	2687	216	247	240	2876	5740	5925	231	27306	10257	3248	80142	246	145482	60481	10800
Ebstein Barr Virus LMP1 Signaling WP262	5599	3320	7124	5594	3456	9260	8517	9020	1147	3576	7185	4792	5970	7189	4215	6885	6352	3654	4791	6364	3551	8717	4790
Hematopoietic SC Differentiation WP2849	4582	3071	4601	4773	3553	4066	55502	51176	4005	10661	3690	2354	3552	3663	3674	3562	399	7852	5292	8780	4261	2624	2993	3757	4851	2313	7148	1437	80342	7409	2815	7173	23541	7068	4602	2056	1440	1435	947	90485	28	91	4778	79366	3567	861	23650	2623	4254	3569	6776	2353	863	6688	10320
Overview Of Nanoparticle Effects WP3287	3909	596	7124	1001	1282	1401	3681	5743	3576	5742	10000	3162	4798	5747	896	581	3569	2335	5293
Melatonin Metabolism And Effects WP3298	15	348	2932	23411	1407	8863	1906	815	5187	1543	1544	43	438	1408	5578	1453	4544	4790	406	1565	801	7189	2308	4543	1545	6817	4128	8864	1889	9575	3654	153	4133	1557	1454
Tgif Disruption Of Shh Signaling WP3674	7080	4087	2737	2253	4838	7050	2290	6469	60436
Leptin Insulin Signaling Overlap WP3935	8471	8835	8660	3643	8525	3717	3630	3667	3952	8651	207	5170	6774	5294	8503	3953	9021
PTF1A Related Regulatory Pathway WP4147	5629	2255	11317	4851	256297	1499	8850	4825	3651	3280	3516
Mitochondrial Fission And Fusion WP4318	581	51024	51537	57534	5245	5337	6456	9927	4976	55669	10059	664	598
Nonalcoholic Fatty Liver Disease WP4396	841	1347	1339	4720	3570	4711	1350	3552	4712	1329	84701	1965	7494	6389	3953	5564	4718	4713	4729	6256	9370	2931	356	5601	4709	637	1050	440567	5879	10062	1337	468	3553	7124	836	7381	4707	1349	22877	6391	4726	54539	4717	3630	4217	5296	4092	7186	3725	126328	1571	6720	4725	5970	998	1327	9451	4697	170712	53632	4700	5562	9167	100532726	7388	4715	3569	125965	4723	5291	5293	208	4704	5599	5465	840	7040	2932	51079	4695	1537	4714	4296	6392	374291	7132	51085	51094	6347	4710	4702	56901	5563	9021	578	4731	8660	1340	6390	1649	83737	79602	7386	7385	355	4694	7412	10018	9971	9377	55967	3551	4708	5565	4705	7384	5571	1351	4701	2081	3643	4696	3667	3952	341947	4724	5290	4698	4706	5313	3576	4722	10000	6945	54205	8503	4716	27089	4728	5295	1346	1345	51422	10975	27113	581	207	29796	4719	4790
IL10 Anti Inflammatory Signaling WP4495	3162	644	6773	3587	3569	3588	3716	6772	6774	3586	645	3552
Signal Transduction Through IL1R WP4496	3656	5599	7043	11213	3553	7124	7040	54472	3456	3552	4615	9020	1147	3557	4792	3725	4214	7042	51295	5970	3556	5608	7189	1432	10454	6885	3569	3654	3554	5606	4790	3551
Sphingolipid Metabolism Overview WP4725	7368	8560	8879	29956	7357	6609	166929	79603	2629	8877	130367	253782	9517	56848	64781	10715	427	8613	8612	57704	2531	10558	259230	123099	8611	204219	81537
COVID 19 Adverse Outcome Pathway WP4891	7113	1440	6347	3553	3576	7124	3569	3627	3558	183	3586	6348	3559	3574	59272
DNA Repair Pathways Full Network WP4946	545	11201	55247	5591	1161	3014	7398	7515	252969	5982	83990	7486	57804	57599	672	4350	3980	100526739	5981	902	22909	2237	55215	5886	5395	4968	3978	23583	2189	27434	2074	56655	201254	4437	2968	2073	10714	91442	1069	4331	5888	3981	7508	2956	5889	4361	5425	7520	51426	675	9978	5887	1111	5111	10038	5985	2547	1642	51455	6118	2175	27343	27301	142	2966	5980	2176	5983	57697	2187	11284	7507	4436	8930	472	4683	54107	2178	4255	79728	6119	5893	404672	9156	6996	3146	1022	7014	8451	4292	10111	2177	80233	2965	55120	79840	5423	1643	2967	4913	5984	2068	7518	2071	4595	328	2188	2072	5429	5427	25788	7374	5426	6117	2067	5906	64421	5424	8450
16P11 2 Distal Deletion Syndrome WP4950	4773	7410	4352	27342	3643	25970	83985	8519	10806	975	3717	27040	7185	487	3791	7186	79874	7284	930	2885	718	3276	3565	5350	5867	5868	84901	6588	3732	11273	1380
P53 Transcriptional Gene Network WP4963	9540	5728	3663	7057	6303	5054	10379	898	1026	5564	84335	356	64223	3976	8793	57103	63970	27244	54541	2073	7124	27165	575	7508	79923	5268	84129	9618	7520	1017	51426	5111	9997	55332	7249	900	53632	317	50484	5562	80329	2876	2176	6376	64393	136	56475	4436	2475	23657	10879	4688	6347	64798	4255	8408	5563	10572	1647	8659	355	57521	4292	2810	5565	993	1643	5571	2517	6513	9636	7832	6790	126129	4851	995	9706	64065	5371	5429	144455	55367	5366	51422	27113	94241	83667	581	3383	80328	8795
Biotin Metabolism Including IMDs WP5031	56922	5091	3141	32	5096	5095	686	31	64087
COVID 19 Structural Coverage Map WP5145	9636	54834	9868	335	8829	23070	140733	9716	26019	7314	91662	28992	10605	83666	340024	55506	5976	29960	64398	59272	54625	10454	7316	3508	7311	9555
Disorders Of Fructose Metabolism WP5178	2538	132158	5236	216	5211	2821	229	3795	6523	7167	6514	3098	6652	2203
GNAQ Pathways In Port Wine Stain WP5437	5604	154796	2475	5607	5605	5609	5594	387	5290	5595	2776	7204	5608	5163	5894	10413	5879	6416	207	5606	4790
Alanine And Aspartate Metabolism WP106	5091	445	2571	443	2806	18	435	2805	189	1615	2875	2572
Ganglio Sphingolipid Metabolism WP1423	2523	9197	8708	29906	51046	30815	6482	8705	6483	127550	6489	2583	8869
Codeine And Morphine Metabolism WP1604	5243	54600	10599	54578	1576	1244	1565	7364	54658	7363	54575	54576	1558	8714
Cholesterol Biosynthesis Pathway WP197	3157	1595	2224	6307	50814	6309	3156	3422	4047	4598	1717	4597	6713	10654	2222
RalA Downstream Regulated Genes WP2290	5898	5880	998	149371	5879	3845	10928	8531	4893	3265	5881	55770
Glucocorticoid Receptor Pathway WP2880	347902	8436	3320	56262	9792	29103	1907	1028	6591	5375	5997	79056	92737	6397	11214	9982	27063	8972	8507	8553	80315	81706	6286	10560	5743	6347	9970	10728	387509	4616	2040	55224	8856	3725	57007	5272	329	10602	1836	121512	5552	7546	4240	7128	2908	330	221079	221393	6256	5142	5460	1831	153218	10769	51129	3895	241	84002	89795	6337	7049	7056	4791	8454	6364	54566	3589	11057	84951	10252
Wnt Signaling In Kidney Disease WP4150	7484	5599	7476	7477	7471	54361	387	27130	4041	8325	7475	51384	7473	7474	7855	7481	7976	8322	8323	8326	1499	5602	5601	7480	1856	7482	81029	1855	8321	80326	4040	2535	1857	8324	89780	7472
Immune Response To Tuberculosis WP4197	3659	3434	3716	8519	6772	4599	3717	10379	3430	3454	3455	7297	3460	8651	4938	3437	8554	6890	5771	6773	5696	3459
Urea Cycle And Related Diseases WP4571	1373	445	5009	383	27165	435	10165	10166	162417
Genes Controlling Nephrogenesis WP4823	4853	3688	8440	2303	5159	6469	54361	5979	2296	6387	6943	6928	7852	2737	2297	3975	3791	948	2668	2253	4010	2018	7422	23607	1499	2263	55243	5155	3611	2118	8516	7490	3913	3675	2138	6092	7827	3237	4690	6495	9353	4868	3207	5076
SARS CoV 2 And COVID 19 Pathway WP4846	7113	949	51284	340024	8829	5045	56649	38	1514	59272
Non Classical Role Of Vitamin D WP5133	185	1594	120227	5972	183	1636	186	59272
Urotensin II Mediated Signaling WP5158	4088	983	5599	4087	19	596	3553	7124	7040	2932	836	5728	4318	3306	7223	5594	387	1956	1017	1281	6624	5595	1147	4688	3717	815	898	1387	5111	4689	4879	3162	50507	5970	185	10911	2837	1499	2931	5566	59	1649	5601	5781	6774	84883	5350	1536	10014	581	1432	4313	3383	3661	3569	1277	2335	240	7412	207	4878	2033	1535	3551	9700	653361	4790	842	1280
Cholesterol Synthesis Disorders WP5193	1718	1595	2224	3157	6307	3930	10682	6309	3156	3422	4047	4598	1717	4597	6713	10654	3284	2222
Sulfatase And Aromatase Pathway WP5368	3294	3293	2099	3292	6783	2100	10599	3283	11309	28231	353189	28234	1588	6579
GLP 1 In Pancreatic Islet Cells WP5447	6513	3569	3630	2641	6514	2740	3570
Serotonin Transporter Activity WP1455	6532	3553	7041	4842	5516	121278	6804	10066	3554	3690	4128
Integrin Mediated Cell Adhesion WP185	5604	7791	858	5607	3679	3678	5594	6414	6714	5880	6300	8874	3696	5062	9564	3685	3693	7094	3673	5879	5596	3672	5606	5598	2534	1445	3688	3690	3674	3689	3695	3694	5296	5170	23473	3655	998	857	7414	9815	825	11131	1793	8516	10753	6464	10298	5058	673	859	208	5063	9475	7408	3681	7145	3691	3687	84665	3676	85366	53358	3682	22801	5602	10451	827	5894	3265	5881	6010	7410	3684	5605	824	106821730	823	8515	3683	10000	10580	11132	2885	3680	826	5608	5747	6093	3611	5908	3675	2889	5906	207	5597	369	726	1398	5829	6654
Parkinson 39 S Disease Pathway WP2371	7327	1644	839	840	836	7332	7326	5413	7054	7318	5603	9627	5071	898	23208	6300	65018	54205	118424	7314	835	6311	5600	11315	9134	120892	6531	2861	317	6622	9246	1432	7345	2058	51465	7317	27429	842
Nanomaterial Induced Apoptosis WP2507	596	2021	839	840	5551	836	841	8772	9131	56616	54205	578	356	317	8837	637	581	355	27429	842
S1P Receptor Signal Transduction WP26	208	1901	2770	5287	5594	5330	5595	6610	8877	10000	6300	56848	1903	427	2771	29127	23236	9294	53637	5331	5596	207	5597	2773	5598
Nod Like Receptor NLR Signaling WP288	5970	5599	8517	1147	6885	2048	3551	958	55914
Nuclear Receptors Meta Pathway WP2882	2950	3320	4257	8553	6530	30	1622	11254	1576	10998	1969	3592	10486	89795	10062	1577	6526	3553	7266	81031	595	51426	55554	29988	54658	1544	10602	79571	5360	64241	9152	5166	5265	6594	7049	7056	2194	6364	144195	3589	1839	3337	5465	9792	29103	2953	335	11214	81706	51	10599	6535	3084	7042	196	1579	8660	7128	6554	2729	340024	4609	8850	6531	117283	7039	25800	1066	66035	10257	221074	983	23516	8884	159963	6514	6532	3727	29985	5052	7546	2908	66002	6817	8714	3895	581	6515	84951	55334	2948	6714	10560	29986	154091	873	57181	2946	23764	84002	2949	2939	9817	1907	376497	55117	57491	6286	10891	54578	2040	1376	8647	2944	4240	2941	64116	100861540	2877	1545	51129	1027	7040	6591	1958	7296	3458	3558	3593	22949	7295	1962	5226	6347	2539	3162	6518	91252	2289	8431	241	4097	8454	54566	9971	54657	6513	5375	9049	27063	1956	8507	6528	4616	3082	348932	5272	6649	6667	11140	6523	56606	10769	1244	1557	56262	23054	5997	3303	160728	2042	2730	5743	388662	4259	1581	8824	6540	6529	330	57678	6256	153218	283848	7124	92737	9970	387509	55224	3725	6720	7364	10499	6337	27190	2947	131	6533	2033	11057	211	10252	23657	5243	28968	7922	1374	221223	1543	3726	1836	34	54577	1548	221357	218	4780	336	1831	27286	8436	2878	115584	60482	54716	7421	874	3280	201266	6822	5524	283375	140809	5105	26509	54600	11182	9982	80315	10728	4199	8202	6538	8140	5244	221393	11309	6774	1582	8204	7048	1559	9965	2258	3484	5467	200010	645	5055	6524	6527	2936	6319	5155	8648	2168	177	347902	114134	3326	2512	8878	405	79056	6536	2940	55630	2495	57007	329	121512	155184	5705	2678	5460	570	4791	1019	125206	9588	4258	1028	116519	10057	6397	6342	6517	114112	7363	345	1555	8856	5552	2099	27173	8243	1728	221079	5142	2308	2938	64240	23491	6534
Cannabinoid Receptor Signaling WP3869	5599	221955	5575	5573	5594	5603	5595	5568	2166	6300	1543	196	222236	5567	1269	135	5600	1559	1576	5602	5566	5601	747	1432	1268	113	1557	107	5577
White Fat Cell Differentiation WP4149	7090	1495	6095	10365	5468	2122	2624	23090	3630	1879	3662	1051	1385	6720	28999	6777	2908	9314	2625	1649	2308	83439	7480	1052	1959	5914	1050	3661	688	7026	10062	6776
7 Oxo C And 7 Beta HC Pathways WP5064	1628	23597	4864	641372	6342	10577	11332	122970	284486	10005	1581	641371	3290	2053	1593	23600	55856	11001	1717	10998	570	10965	8309	134526	26027	10682	3291
Regulation Of Actin Cytoskeleton WP51	5604	71	10787	54434	2149	2259	1133	1132	5594	30849	2245	387	22800	2251	1131	22808	5880	5962	8874	2246	10297	57144	5062	5154	8045	9564	2934	7430	623	2768	1129	54961	138429	624	8395	5879	5596	3672	2335	4342	2261	1128	8936	9965	2258	1445	8394	2260	81624	8074	4638	5286	5287	6237	5288	5289	87	2256	5296	4634	10163	8822	5305	998	55740	2909	10672	5216	2263	5155	8823	2264	2257	7414	1793	1073	55845	2249	4659	2250	7454	10298	10458	5058	5291	673	5293	28964	5063	2255	6548	5159	4628	7429	1072	9475	27006	3845	4893	4632	2248	85464	1729	2253	23396	5294	2254	10152	5894	8826	60	324	9459	6655	8817	50649	5156	5881	8396	26999	4478	5605	106821730	2247	5290	1956	5595	26291	2147	9138	10092	23533	7409	8503	55970	5295	7114	5747	6093	929	1950	3984	79837	26281	5597	1398	5829	2252	6654
Familial Partial Lipodystrophy WP5102	208	5465	2339	4001	63924	10365	4023	5468	23463	10269	5290	11343	2624	1149	3630	84823	6720	57104	6777	4000	2167	2625	5601	5396	3991	5346	1050	8815	688	687
Familial Hyperlipidemia Type 1 WP5108	51129	3949	5360	6400	3990	27329	337	338328	64788	335	116519	344	336	4023	4035	1071	55908	3931
Familial Hyperlipidemia Type 2 WP5109	3949	7391	5360	3990	337	338328	26119	338	335	4023	336	2053	1071	2690	3931	255738
Familial Hyperlipidemia Type 3 WP5110	3949	5360	949	3990	337	348	335	4023	336	4035	1071	3931	7436
Familial Hyperlipidemia Type 4 WP5111	4547	3990	64788	335	116519	344	4023	4035	84649	3949	2646	84532	64714	5360	6400	338328	336	3931	355	337	1071	2645
Familial Hyperlipidemia Type 5 WP5112	3949	5360	6400	3990	337	338328	64788	335	116519	344	336	4023	4035	1071	3931
Iron Sulfur Cluster Biogenesis WP5152	2232	23479	51218	9054	150274	57128	4682	27247	2230	2395	10101	51647	3313	26502	22
Markers Of Kidney Cell Lineage WP5236	9096	7040	6422	655	4090	79633	54583	284252	4907	5159	1674	54361	6927	5915	163	182	5175	5087	6943	6928	8854	2297	4851	84870	3975	3791	7474	112399	2668	130497	10736	4435	3195	3172	9423	112398	2253	2018	5972	1499	6299	4086	59	2056	338917	284654	3371	5914	7490	8313	3815	2138	7827	6495	1634	4868	2252	652	5076
LDL Influence On CD14 And TLR4 WP5272	84699	3553	64764	90993	5966	5603	6347	6300	1385	9586	5970	5600	5971	3586	7099	10488	929	1432	3569	4791	468	148327	4790
Mineralocorticoid Biosynthesis WP5279	1585	6716	1645	8644	6715	6718	1584	7364	3290	1109	54575	1646	1589	3291
Lactate Shuttle In Glial Cells WP5314	6506	9194	6515	6513	3945	762	256281	6566	3098	9123	8671	760	3939
10Q22Q23 Copy Number Variation WP5402	27156	26103	6457	4142	10274	54537	102	143241	2838	10939	4143	701	5995	5468	374407	11155	6623	23409	5885	23244	89765	8600	83853	2894	92211	83861	94233	10771	23047	81492	23063	8243	7422	10974	2066	650	8382	81619	340745	100133093	657	79812	149840	9126	2746	387694	10718	1050	345895	154865	112441434	221421	56241	54462	387695	84293	10262	10459	88	84332	4790	27069
13Q12 12 Copy Number Variation WP5406	7188	5599	338872	6640	387	4099	1756	7185	1837	387911	7186	2318	6442	6443	221178	998	84894	9370	8082	7187	5601	26278	6444	6445	1605	65078	6310	4285	5879	57142	55504	6641
15Q11Q13 Copy Number Variation WP5407	1139	1525	3065	728498	653125	321	9578	4308	286053	54893	26287	653073	728047	100820829	25942	727909	161725	6812	80036	197370	57530	4286	63941	7082	493861	55719	27134	29855	2697	6804	1387	23359	25876	79608	871	5970	101059918	23268	23137	8850	22909	801	653075	100506658	84250	55215	57165	51621	56160	351	6352	2177	130574	112755	9414	821	125111	79677
PAFAH1B1 Copy Number Variation WP5409	1641	5048	6249	5050	7846	81565	5649	10726	1778	5049	7436
Target Of Rapamycin Signaling WP1471	6009	5571	2475	3422	1978	55615	79899	10325	58528	253260	8408	9706	64121	5563	54541	7249	5564	998	84335	2280	79109	53632	64223	7248	51422	5562	25989	57521	5879	10670	3156	207	6198	5578	5565	115265
Type III Interferon Signaling WP2113	7297	6773	282616	163702	3588	10379	282618	3716	6772	282617
Retinoblastoma Gene In Cancer WP2446	1021	4863	5591	81620	24137	4173	1870	3275	6240	898	1026	54443	5931	9133	8819	5947	1786	4193	6241	8318	2189	6502	10714	25	6839	4172	2956	595	1017	890	1111	5111	5985	891	8030	6118	10733	580	1871	11124	896	6595	5925	1027	5983	3925	8317	7027	25942	7157	5877	1869	4998	6119	5557	7153	9134	4609	1719	7029	3146	6596	5894	1019	993	983	3065	5984	3148	5603	7298	7465	1633	79027	10592	8243	7272	5427	5422	4175	5426	9126	4176	6117	5928	994	3015
Cardiac Hypertrophic Response WP2795	208	5604	118142757	5599	2475	5607	4773	7124	7040	2932	1025	4205	5605	5609	5594	2247	7132	9759	8517	9020	5595	1147	5170	4214	3084	5530	51564	5320	5608	7046	2263	817	5592	801	5587	3479	9641	5894	10014	1950	1022	1432	9734	5879	6885	6416	207	11184	3551	5578	5606	4790	5598	4878
Mesodermal Commitment Pathway WP2857	268	6169	80312	1466	3064	3169	5087	8325	8553	3251	8091	23373	6925	3717	154091	29970	4089	85363	8322	11190	9314	79035	23528	5566	92	7044	10155	2131	10973	4838	9573	22823	27244	8646	57198	203228	6722	7403	27245	6001	10637	2260	79923	54799	5915	11169	4211	2005	90	595	3720	26610	9113	7473	131405	31	5080	8030	3172	8728	9241	56946	2625	9421	23181	8554	84667	5090	79977	89780	6657	659	27324	652	63035	4088	4087	7003	80304	115825	7547	11166	2132	64321	8463	2296	121536	23576	708	55704	2253	79776	4780	6926	6899	5460	1789	657	10451	83439	5916	2627	29072	10413	5515	28514	51701	10124	23007	58499	83881	51176	655	2303	1488	3170	5573	93	22943	84295	84159	8320	4091	54892	7855	8928	343930	7546	6615	55809	85416	4086	6911	8312	57045	79668	5308	23499	9760	8313	51366	688	57669	8450	3624
FTO Obesity Variant Mechanism WP3407	10891	79068	63976	6899	10265	7350	79191	84159
Wnt Signaling And Pluripotency WP399	5328	387	26190	8325	11211	3949	5523	10009	960	6932	8322	8326	120892	5601	333926	5584	2103	4040	10023	6416	7472	5578	5520	7476	5579	4316	7471	5467	79923	54361	28227	595	5582	51384	7473	7474	3725	29127	1487	896	5519	5048	81029	8321	89780	6657	2033	7484	5581	5583	2932	8061	5522	5588	6934	5529	85409	7157	1500	5590	7475	1387	27022	8323	5602	4609	5460	85407	83439	1856	1855	80326	6885	324	2535	5515	51701	894	1454	5580	7477	51176	1488	5527	4041	5516	4800	7855	7481	7976	5518	1499	8312	5587	5521	7480	7482	8313	1857	8324	5524
Caloric Restriction And Aging WP4191	2475	7157	10891	207	23411	10135	3479	5565
Ebola Virus Infection In Host WP4217	3134	10461	71	858	2317	3678	5594	387	3119	1965	8218	219931	30835	85477	153090	3836	10332	3685	3113	2934	5981	3135	9641	65082	4734	8575	55823	3384	3673	5879	3672	3117	3688	4864	3120	23586	3690	3118	87	2348	3480	5296	9367	2621	27072	3655	5970	4240	1213	998	857	29110	1212	6868	3111	2316	11314	3123	2033	5058	5291	3665	859	7879	5293	5610	7251	4153	91937	432	3133	7301	3107	708	1387	2318	3676	1514	84868	9021	684	26762	5971	3105	27183	7099	3565	81	3122	2060	8826	60	4791	93978	3108	23339	64601	10462	389	7410	3109	6772	5966	3127	10577	558	5290	1956	3115	5595	388	1508	57617	3385	8503	7020	5922	5295	339390	3106	1211	7074	5868	3675	3661	3112	7150	207	4790
Interferon Mediated Signaling WP4558	3445	3588	3716	6772	3458	3456	56832	3446	5290	3439	3717	10379	3448	3451	282617	101180976	3454	3444	3443	3455	7297	5295	282616	3460	163702	5578	282618	3449	3441	6773	3442	3452	3440	3467	3459	338376
Cytosolic DNA Sensing Pathway WP4655	9636	3553	3445	841	9447	8772	79671	3606	661	23586	3456	3446	5441	8517	5435	1147	3439	54941	10623	4792	7706	3448	843	3451	388372	4793	5437	11128	3444	1540	3443	3665	51082	10622	171568	5970	11277	834	3627	115004	8737	90865	29110	3449	3441	57506	55703	9641	9140	11035	340061	3442	103	3661	6352	3452	3569	55718	3440	9474	5440	9533	51728	5434	3551	29108	81030	8717	4790	84265	10621
Cytoplasmic Ribosomal Proteins WP477	6191	6129	6169	6168	6142	6196	6195	6122	9045	6138	6207	6130	6181	6187	9349	6206	7311	6188	6173	6224	6194	6217	6160	6202	6223	6218	3921	6171	6134	6199	6164	6139	6147	6230	27330	6156	6128	6135	6192	6233	6123	6228	6132	6234	6158	6165	6231	6167	6159	6176	6197	2197	6193	6203	6229	4736	6208	25873	6222	6205	6137	6144	6175	11224	6232	6201	6141	6189	6209	6227	6235	6161	6210	6204	6146	6152	9801	23521	6124	6136	6157	6125	6143	6154	6170	6198	6155
Glycosaminoglycan Degradation WP4815	3423	2588	411	3425	4669	10855	23553	2720	3074	3373	60495	6448	8692	2799	3073	2990	138050
Leukotriene Metabolic Pathway WP5171	241	2687	64174	4363	2678	1800	240	4056	26063	4051	4048	1666	22949
Primary Ovarian Insufficiency WP5316	268	346673	221711	1621	2100	5728	2334	23304	402381	342977	284417	2488	23305	5054	8891	2492	1581	3791	8892	23438	326	84057	7486	10456	639	672	254394	8192	26284	2661	656	29893	11077	1352	1586	26047	23514	56979	11144	3815	4313	79065	164045	23395	7048	2189	2074	57505	4853	7124	2592	627	646	5110	84733	5888	23411	54361	6387	641	675	5170	2701	594	30812	2547	7249	10657	57167	658	9241	857	2175	668	6134	56478	3623	142	7490	64374	7049	2176	3569	659	57697	3123	3640	84690	93426	5122	6770	55213	1312	1901	472	2778	2332	3558	4683	56945	3915	7252	5432	269	57510	1618	1730	5746	59067	56652	171568	9210	113510	254528	9156	2304	5460	10734	657	7784	2827	3295	344018	431707	284403	4591	84168	116039	4438	55120	3429	5373	57122	256006	92667	93	8626	100526761	64506	4439	7518	2626	2309	135935	5096	5095	186	1588	8890	10857	139324	2099	3973	7038	9401	10533	8991	4000	5618	8894	2308	5428	9581	2516	7516	84515	8893	207	80067
Glycolysis And Gluconeogenesis WP534	6513	5315	229	7167	1738	6514	6517	3099	3939	5160	226	3101	5223	5211	8789	5313	3945	5232	51660	2597	92483	2026	25874	3948	2203	230	5224	5230	2538	6518	5214	2821	5213	3098	4191	5091	6515	2806	2023	1737	4190	2027	2805	5105	2645
Metabolic Epileptic Disorders WP5355	27304	229	55526	10166	226	28972	51660	1491	25874	686	5723	2821	2593	5213	2746	1036	1373	383	1737	4338	48	2027	2628	5315	27165	7167	3099	5160	5223	6821	8789	4337	3033	7498	92483	3948	58472	5224	2538	5214	2731	4191	102724560	38	3141	4190	29968	435	26227	6510	501	3101	445	3945	2597	2026	1892	2203	5230	6518	5009	10243	3098	2639	2023	10157	6470	6472	292	94081	6513	1738	6514	6517	3939	6542	5211	5313	5232	230	6576	2875	23474	5091	6515	2806	51166	2805	5105	275	2645
Primary Ovarian Insufficiency WP5461	268	158401	346673	221711	2100	402381	342977	2492	8892	23438	326	84057	7486	654	10456	639	254394	147872	8192	26284	2661	29893	55366	1352	1586	55215	23514	4486	11144	79065	164045	23395	2074	1967	375757	57505	4853	2592	1062	646	3981	5888	124045	641	675	30812	10657	57167	658	1993	3292	857	2175	668	157777	56478	7490	64374	7049	2176	78995	659	57697	132243	5495	93426	84464	6770	55213	9692	164127	348995	472	2778	7512	2332	3161	4683	56945	3915	5432	269	1618	1730	56652	171568	9210	254528	113510	55159	9156	10734	657	7784	3295	344018	431707	4292	284403	84168	4438	55120	239	5373	57122	92667	79983	8626	100526761	367	64506	4439	7518	204801	135935	5096	5095	388553	326340	8890	1588	10857	2099	9401	10533	151246	4000	5428	9581	2516	7516	84515	8893	80067
Selenium Micronutrient Network WP15	19	6414	85465	3949	5054	5743	1491	2244	8942	4353	7001	51714	25824	6288	3553	7124	57190	949	3630	7498	2266	2155	55312	2936	55829	348303	5970	280636	2879	140606	2877	847	102724560	4548	2876	3569	338	6291	80308	7296	335	213	3458	9403	7295	1401	257202	5327	6347	5742	3043	83642	2678	1734	1733	241	247	5340	4791	58515	6289	10587	3643	12	2878	55163	114112	22928	2243	6415	2147	51734	6648	6649	10935	5052	8564	4524	6647	3383	240	10549	1735	4790
Neural Crest Differentiation WP2064	5376	388585	1000	6663	6662	3196	10215	6925	3397	1004	3516	7545	3670	4855	10683	1638	2637	3211	1005	4155	2261	4762	9965	4853	3688	5077	7471	2260	6660	4286	7021	9355	2263	79885	9421	10014	9734	10013	89780	652	4359	1280	83933	116448	64211	283659	54567	2932	6591	429	4488	2705	127343	9759	3975	8841	55869	27022	1749	8929	999	3066	2253	4609	4602	83439	1856	8190	1855	2670	4791	28514	167826	3065	7291	4854	655	1488	2247	23493	7478	2113	5081	4851	388	7020	7976	51564	6615	85416	1302	1499	4086	6911	8312	3198	3280	8313	4487	1857	4790
Farnesoid X Receptor Pathway WP2879	7363	10891	1581	8647	8660	5244	6554	6256	1576	11309	117283	1582	10998	570	2289	8431	6822	9971	9965
Apoptosis Modulation By HSP70 WP384	839	840	836	841	8772	9131	3303	7132	4214	54205	835	356	5602	8737	317	637	355	4790	842
TLR4 Signaling And Tolerance WP3851	11213	7124	3456	4615	23471	114609	8517	1147	3576	4792	23118	51135	8737	7187	29110	7189	7099	9641	3635	10454	3661	6885	3569	3654	148022	3551	3665	4790
Mitochondrial Gene Expression WP391	3054	51001	2551	4899	7019	7978	64216	2101	10891	5530	5442	1385	6667	814	23082	51106	133522	2553	50804
Neovascularization Processes WP4331	4088	5599	4087	4093	7043	54567	7040	2050	4854	4090	4318	5966	5594	6387	182	7852	5595	4851	2048	3791	284	7042	5970	7046	5971	4855	4086	5155	5601	3091	2324	3815	4254	4791	94	207	4790
Inflammatory Response Pathway WP453	3568	942	959	3911	7448	3560	3458	3558	3566	7132	3912	3915	7057	3561	1281	940	7059	1278	3559	7535	941	3565	3567	3913	3932	1277	2335	3918	958	7133
Aerobic Glycolysis Augmented WP4628	6513	5315	5230	2023	2821	5213	2597	7167	3098	2875	5224	3939	226
Omega 9 Fatty Acid Synthesis WP4724	54898	3992	2180	64834	79071	2194	83401	79966	6319	60481	2181	10965	2182	9415
Phosphoinositides Metabolism WP4971	5333	23007	8776	9110	5332	5728	55529	54893	22908	8897	55613	81846	5286	5287	8394	30849	6305	5330	5288	5290	90809	5289	51196	84812	54545	9108	4534	5305	66036	10903	23236	5336	23396	5335	9107	4952	5294	113026	5331	3635	8395	79837	89869	8898	5291	9651	8396	200576	5293
Riboflavin And CoQ Disorders WP5037	57017	2110	27235	10229	51004	54840	56997	55065	55312	57107	23590	79581	80308	2108
T Cell Activation SARS CoV 2 WP5098	5604	942	5728	5594	6775	3717	4792	8809	1026	598	51561	941	64223	3592	3932	64207	10125	6363	2534	7124	10892	915	5533	4772	595	940	27040	3605	5170	3725	4049	3454	7249	5970	29851	3594	3708	3123	5293	6009	2475	2932	917	5588	3458	3558	3456	3593	4615	920	7157	8517	64798	253260	916	149233	1493	84433	5335	3565	8915	3122	5894	57521	2353	919	3551	3265	3937	3595	5605	56477	5595	1147	2309	3455	2885	7297	5295	1029	7535	7248	9402	581	207	5788	4790	6654
Ulcerative Colitis Signaling WP5174	3567	4772	3596	3561	64127	6778	7124	7040	7097	2625	3458	3586	50943	3108	3566	3565	4094	4790
Mitochondrial Beta Oxidation WP5241	1962	1632	2181	10449	3028	1666	1892	36	33
Glycosphingolipid Metabolism WP5292	7368	10825	7357	2583	8869	8708	2629	9514	129807	410	9334	2581	57704	9331	8703	53947	84002	8707	2717	127550	8702
4P16 3 Copy Number Variation WP5365	10460	2549	10818	867	5594	25920	339983	7468	2247	5595	8218	118424	401115	617	90459	2885	5295	152877	5335	3954	7469	353497	51497	9793	2261	7884	7936	92305	6654
Vitamin A1 And A5 X Pathways WP5397	5916	5914	6256	6258	6257	5915
ADHD And Autism ASD Pathways WP5420	316	2892	2643	6327	58512	775	6530	6335	8942	22863	79581	55054	50507	2571	1576	3354	8029	2326	64223	4128	1036	27244	9455	3176	6948	148	2560	5582	85445	223	27255	59283	55034	147	9140	80852	351	1268	231	5291	6900	208	3704	5575	353	5159	6331	3357	64798	7166	50508	253260	4846	6844	200909	285242	6697	5336	6531	747	10840	11280	59284	84105	25974	55163	9787	2752	6532	7298	8503	3620	2903	5295	3067	2017	1499	79400	159	10165	57084	7248	6324	6647	83667	2806	50944	10368	5826	81693	248	6794	23410	387	3251	1491	22941	883	2562	6014	5566	3743	873	9379	55800	2917	10815	23464	23284	635	158584	3356	53942	6855	2166	2893	169355	4843	6804	2185	4204	5567	7249	471	2550	2557	9776	102724560	8604	59285	83734	3736	5805	5067	221955	3054	1645	3458	908	8408	2912	55972	113278	8678	23475	6328	786	55191	5156	1739	1742	51629	9231	6472	1740	5580	9456	64802	5053	1816	6573	3643	4860	2346	6999	5290	1956	8566	2776	1741	1636	6649	27430	5092	10533	154	60673	1565	2911	3614	6332	207	1557	102	79937	2710	121278	3360	30849	2890	6812	84557	2891	5568	6336	55768	1272	10369	445329	158	9369	6529	84335	3742	3355	1786	26047	2628	1644	152330	7124	160428	25	2916	2915	5289	2348	2565	7498	5296	56267	55312	2905	3741	6323	438	1716	4842	55065	2554	4594	801	4129	5562	3739	140679	6009	2475	3363	1312	4522	134864	22871	23130	5590	8470	54413	217	6616	2555	249	6329	8506	26100	57521	4684	51293	6470	5021	15	1813	2350	5573	115201	3737	10000	6648	26	2572	392636	8564	5972	5409	6334	9229	6326	10327	27249	9177	1621	5728	4143	27	2563	27232	10797	9378	118788	18	1815	2914	6330	27092	55788	146	2744	22839	3362	3815	2913	1559	5578	2902	116443	5579	11152	27165	5860	2906	55879	6947	9454	5020	9821	31	113235	4548	57555	9474	80318	5293	51380	57502	191	867	2558	6570	5563	4988	2566	2918	185	23426	5335	55062	8644	2561	10243	1719	4160	1605	100	81034	270	27035	27091	2556	2694	3738	6857	3352	7054	4552	441024	2904	25902	1269	135	166785	79109	4524	51166	170572	64422	116444	5577
Post COVID Neuroinflammation WP5485	7113	3553	7124	3606	3458	5594	3558	3552	3576	51284	3586	7099	3565	3592	59272	3146	6356	3569	2670	3440	5045	7098	51311
Pentose Phosphate Metabolism WP134	5226	7086	25796	6120	22934	6888	2539
Iron Metabolism In Placenta WP2007	57817	341208	4891	7037	7036	48	57192	7018	55240	3658	30061
Pregnane X Receptor Pathway WP2876	5243	54657	2939	3320	54600	7266	6714	1555	10891	8202	10599	54578	8856	54658	5705	1548	1559	6256	1576	66002	100861540	10499	2308	8204	8714	8648	27286	6822	10257	1244	1577	1557
Lipid Particles Composition WP3601	3949	348	338	335	344	4023	336	1071	3931	345
Thiamine Metabolic Pathways WP4297	10560	80704	27010	7086	593	4967	10295	60386	5160
GPCRs Class A Rhodopsin Like WP455	4829	2838	2149	886	887	81696	9934	1133	1132	3360	144124	3361	155	2865	26211	1131	7852	26658	2492	5029	26659	266747	10803	1815	2854	4992	2843	94233	8388	1234	1241	1909	5733	150	64805	135948	4995	1524	2357	151	5028	719	3354	3355	611	27334	8390	56923	26212	146	623	2845	3350	1129	4923	8383	338674	5737	624	2840	3362	7932	390892	5739	6754	2866	153	1128	100996758	8392	26538	1910	11255	10800	4985	26493	3356	1236	2844	9248	5956	148	11250	2587	29909	2830	2867	8111	3274	26692	2151	5729	26707	140	643	2359	23432	283160	2848	2925	134	10798	1230	1122	4986	4994	56670	26716	2852	7201	2829	81697	135946	2864	54328	26188	147	1812	4886	2859	4889	1235	2850	26664	11251	57121	1268	116511	2853	10888	552	554	1240	9283	136	2693	4142	3358	3363	4987	152	6753	10316	8387	9293	6915	8590	26333	5724	3357	4158	2826	81797	158131	27198	51554	6751	10936	26531	9034	729230	8477	3062	57007	2358	101060233	2841	4988	2835	2825	54329	185	3061	144125	8386	10161	5731	4160	2827	4543	442186	53829	3579	4887	1814	120776	79541	4159	680	26539	6010	2834	1816	10692	2863	2847	5021	9002	26476	10886	2150	1233	53836	126370	1813	8811	2828	4157	2846	5032	442191	3352	2842	3269	8843	26189	442185	3351	186	1269	3973	4991	187	8484	135	154	5734	553	4544	2833	4161	5732	64106	2861	442184	5031	4993	81491	6752	23596	23620	1238	1232	283297	2862	1237	2831	26696	6755	3577	27202	2857	57105	26532	5030	84636	2832	56656
Glucocorticoid Biosynthesis WP5280	1585	6716	1645	8644	1576	6718	1584	6715	3290	1109	1589	1646	873	3291
Rubinstein Taybi Syndrome 1 WP5367	2091	4089	64425	4862	4097	8202	9575	9188	1387	406	3660	5111	2308	1385	8092
15Q25 Copy Number Variation WP5408	6457	6513	85358	8943	123720	4829	57188	83640	646	3064	2915	8120	64282	53346	26052	28972	64506	9789	53339	9154	1176	84942	23478	8867	6261	9640	116986	57538	123207	4828	5151	643707	8731	10947	3708	5894	60559	1950	2911	50944	7150	123722	54993	6262	9455
Type II Interferon Signaling WP619	5610	3659	9636	3553	3716	6772	3458	3456	2537	4261	3717	10379	3662	4843	9021	3460	3106	8651	3627	5781	3660	5967	5698	4938	6890	1536	6773	3383	4283	3433	3440	3394	3459	6688	5580	2633
Androgen Receptor Signaling WP138	23028	5728	387	811	6714	8202	898	9611	860	51588	4089	672	29893	6774	4193	7337	2119	5879	1616	7341	2274	23411	595	3985	5883	7050	5296	3725	23598	7182	5970	6013	10399	998	857	10499	573	24149	8031	8554	8648	11143	5925	7041	2316	2033	64800	6047	11034	10498	2932	10524	7329	25942	5901	9475	9063	1387	10273	57178	8850	6605	8431	113523636	3065	9612	106821730	1956	367	388	1385	6667	5052	5295	11315	1499	9604	5747	2308	6093	2288	166	207	6049	4088	10401
Cell Differentiation Index WP2029	10014	6722	3196	10637	30012	6774	7044	3195
Glial Cell Differentiation WP2276	5354	4478	4155	2596	1267	11076	4099
Sulindac Metabolic Pathway WP2542	4482	1544	253827	22921	1545
Vitamin D Receptor Pathway WP2877	3294	4773	248	386679	56262	1594	387267	2050	26239	112802	4814	23274	6696	64806	81037	9914	727936	3663	113835	795	283229	7078	604	3397	898	1581	634	3965	1026	50486	85285	654	639	9314	6256	1576	6304	623	3592	3860	8204	1050	386676	6280	6277	3117	11221	10125	1577	7869	1559	386675	4345	3484	997	6273	168002	5467	8074	8853	92737	337879	6279	4982	3118	23581	9926	3486	595	1017	126364	25928	400830	29923	1469	820	5653	632	8600	768	5005	29785	9365	1305	57167	1474	6275	147	102724560	7077	1027	7056	387264	3488	8687	3123	5368	7292	1030	373863	5243	78989	7040	6422	6546	838	892	9173	5588	55503	6927	1032	490	3662	1543	8027	5744	3726	6819	7042	2539	200407	1493	1992	7128	56302	4609	1647	3091	3400	3827	1946	10568	79689	1031	353134	27035	928	958	7168	84766	3684	251	5741	353137	22997	219855	412	6517	100289462	4041	1555	11096	4084	4650	6699	7421	353323	1045	3885	154	55090	5734	3868	1029	4600	1565	5004	386672	9075	2308	151888	54901	79789	929	22906	240	54210	1591	976	6822	3394	215
RAC1 PAK1 P38 MMP2 Pathway WP3303	5599	4436	3925	3688	840	5888	9046	5594	51378	1978	7075	6714	7010	5290	1956	7157	5603	5595	8517	1147	4893	3845	4792	79155	6300	284	4843	332	285	10318	5970	572	2064	2885	5295	6777	5600	4842	2886	1499	4609	79931	5781	5601	6774	5747	2308	3265	5921	581	2888	1432	4313	5879	6247	10413	6776	2335	9068	207	4690	5058	3551	1398	5829	4790	842	6654
GPCRs Class B Secretin Like WP334	23284	2642	1394	2740	5745	2692	1395	64123	9340	5746	7434	10203	2696	7433	30817	10149	6344	117	976	799	23266	2015	22859
Neurotransmitter Disorders WP4220	1644	1312	7166	1621	121278	5409	6531	6571	7054	4128
Non Small Cell Lung Cancer WP4255	208	1021	5604	5579	836	841	83593	5605	5594	6257	6789	5915	5290	1956	595	7157	1870	5582	5595	51426	2309	4893	3845	4616	1869	10000	5296	54205	1026	8503	10912	578	572	2064	27436	2885	5295	6777	5336	5335	5578	6256	1029	1871	1381	1647	1382	5163	6258	6774	7039	2272	5894	238	637	581	1950	5925	6654	6776	6655	3718	207	1019	11186	369	5291	673	3265	1643	842	5293
Oxidation By Cytochrome P450 WP43	113612	1595	9420	1594	51167	1553	1557	1583	285440	1555	1562	8529	126410	1585	1549	80777	1592	51302	57404	1581	51700	1543	339761	1544	4051	260293	64816	1588	1593	1558	1571	29785	1579	284541	1572	11283	1548	57834	51706	1559	1528	120227	1727	1576	66002	1584	1565	100861540	199974	1582	54905	1545	340665	1573	5447	1591	10858	1580	1577	1586	56603
Hippo Signaling Regulation WP4540	4914	5332	1000	1001	387	7010	5576	5568	1004	3791	5564	23236	6932	5566	1969	28513	5584	1005	3815	5879	1015	2261	5578	2773	1006	5579	1016	23683	1003	2260	5330	5582	1007	3480	9113	2771	5567	2767	998	25937	26524	2263	53632	4915	2264	2324	5562	64403	28316	7003	2475	4087	5581	5583	2778	5575	8463	5159	5588	2774	6934	5590	1013	5563	999	7005	6788	83439	5331	10413	7004	1014	1012	5156	4771	5565	5580	5571	1002	3643	51176	4233	2322	5573	1956	64405	2776	4804	1436	1009	2321	4485	1499	1010	51422	1008	4088	5577
Nucleotide Excision Repair WP4753	7507	2968	2073	10714	2967	1069	4331	7508	5984	1161	2068	5425	2071	54107	9978	5887	5985	5111	6119	2965	1642	5982	57804	2072	6118	404672	5427	5981	902	5426	5886	6117	2067	1022	3978	8451	2966	5983	5424	2074	56655	1643	8450
Fluoroacetic Acid Toxicity WP4966	55902	50	224	223	1431	217
Lung Pathology Of COVID 19 WP5146	3553	7124	3606	23586	6373	6347	51284	64135	1437	3627	115004	29110	57506	3661	3569	4283	7098	51311	4790	340061
TROP2 Regulatory Signaling WP5300	596	3688	5728	3678	6772	6714	5175	1956	595	1017	4192	3717	4851	898	3480	1111	3725	1366	999	5295	7431	10399	9076	1029	1499	5747	3479	7094	581	4322	4363	5879	3482	5925	5664	1027	2335	94	1019	4070	10298	3481	5578	4790	5580
5Q35 Copy Number Variation WP5380	102	11285	9026	54732	1350	6714	4149	3014	51499	57179	1329	7852	10636	1581	2246	672	114787	1627	80758	5601	84364	6622	5771	1337	2773	345456	9965	2902	54540	55294	2549	2870	25	10818	9577	1349	9500	51491	4648	7169	26262	23567	79184	3480	3725	2771	84142	9423	57104	1327	23119	580	1212	2264	6620	825	3635	51428	8726	79930	192286	6569	10972	53917	10083	5599	51720	2770	23197	53841	257629	23135	2161	285598	3101	27166	3092	22838	1340	253314	5335	5602	4609	375484	5799	51099	10959	9377	1351	10960	5741	1813	29086	25920	9260	54825	64324	2904	2885	5295	1346	1345	83463	90249	6654
Pancreatic Cancer Subtypes WP5390	93273	1510	6513	6273	6318	54474	53836	3855	131177	3866	83998	79170	11199	119467	9982	51442	4680	374	4640	3853	23584	3872	6699	84985	10551	7031	6707	3960	4069	100861540	1474	8796	8581	79908	10170	155465	286887	8399	7033	6317	7032	728113	1515	1015	27290	7103	55808	84951
6Q16 Copy Number Variation WP5400	4852	2693	3643	627	3630	3952	405	181	4160	5443	4915	51738	3953	6492
TGF Beta Receptor Signaling WP560	4088	4087	4093	7124	7040	51176	3716	10637	4090	7471	6696	6772	3458	9839	7057	5054	5595	23090	4091	3694	7050	25805	4092	1387	3725	860	8928	4089	9241	7046	2280	1499	4086	4790	5601	10468	6774	4052	2022	7030	6498	7044	3976	1950	864	7049	2353	9372	6497	2033	7048	3265	652	3624
Interferon Type I Signaling WP585	2475	3667	3716	6194	867	5966	5777	6772	1978	1975	6775	27250	10379	5296	1973	5293	7409	4214	1385	3454	9021	3455	7297	5295	8660	5608	10399	8651	8986	79109	5781	9846	6774	1399	9252	7535	3276	64223	8554	1432	57521	6773	5879	3932	2889	6776	5906	6198	1398	5788	5606	1977	10401	2534
Toll Like Receptor Signaling WP75	5604	942	841	6696	54106	5594	3663	51284	4792	6300	257397	8737	5601	941	9641	3592	7096	1432	10454	5879	6352	3452	6416	5606	10333	3553	7124	54472	3451	3725	3454	23643	5970	23118	5600	51135	29110	7189	3442	148022	3569	3440	3665	51311	208	5599	3445	5609	6373	3456	3593	4615	114609	8517	388372	4793	3444	3443	3627	5602	3929	7099	6885	3654	2353	7097	3551	958	8772	6772	5605	3446	5603	5595	1147	3439	3576	3448	10000	7100	3455	5608	7187	3449	3441	6348	929	3661	100302736	4283	207	1326	7098	4790
Type II Diabetes Mellitus WP1584	5599	2475	773	3643	5256	7124	122809	3667	2710	6514	5594	6517	5590	23533	3767	6834	389692	9370	3651	3551	723961
Fluoropyrimidine Activity WP1601	2356	1807	7371	7083	10057	9429	2068	7157	7378	6240	7298	10864	8824	5471	2030	7517	1548	83549	1806	978	1719	6996	51733	6241	4524	8714	7372	1066	10257	23583	8836	1890	151531
Integrated Cancer Pathway WP1971	545	983	4436	596	4087	472	836	841	3716	5728	10811	5347	2956	6772	4361	641	7157	1017	4217	1869	5451	1111	1026	466	572	672	580	4609	4193	11200	27113	581	10111	5925	571	1027	994	207	1019	1030	4312	993	4088	842
Fatty Acid Omega Oxidation WP206	124	216	130	1548	131	217	126	127	1543	1565	1544	1576	125	1571	1579
Trans Sulfuration Pathway WP2333	51380	4548	2730	1491	4357	191	1786	2805	102724560	27430
Dopaminergic Neurogenesis WP2855	1644	7040	1028	7471	429	3170	6469	5979	6571	7054	63973	2020	2735	5309	4009	2253	4010	6531	6774	2637	4929	216	4487	6657	4821	4825	5015	2019	4760	2736
Estrogen Receptor Pathway WP2881	2099	8431	5465	51	57678	5105	1543	3725	1544	5166	6774	1545	6667
Triacylglyceride Synthesis WP325	116255	8443	3990	2710	4023	80168	8513	84649	10554	8613	8540	2712	8612	56895	57104	57678	3991	56894	346606	8694	2819	8611	55326	10555
NAD Biosynthetic Pathways WP3645	8658	952	143	23411	23410	93100	6999	80351	23409	22933	51547	10038	683	3620	23475	142	51548	130013	55191	10135	23408	64802
TGF Beta Signaling Pathway WP366	5604	10131	55802	50855	5594	9146	387	22938	2354	6714	7057	4739	5576	7071	860	1278	1026	6935	4435	5934	4089	5062	9133	9564	5601	10987	6500	6498	1432	10454	9972	3673	5879	5596	2335	6416	7048	5606	7341	3688	54778	3690	57559	9839	595	3985	467	9978	9765	7050	5296	4092	3725	1601	79753	998	857	7189	4321	102724428	8554	6464	351	7049	7041	64219	2033	1030	5599	4087	1874	4208	7040	7027	7329	4205	25942	163126	57154	8021	7157	9063	3691	1387	64750	3726	5494	1386	8462	4609	5163	83737	7015	5894	10413	6885	8454	2353	8945	11171	11184	4312	983	3065	5933	4233	5605	50943	2113	3727	51377	8928	6667	2885	5295	5371	5608	7046	11059	8312	5747	6093	3371	6711	1875	1316	207	9372	6497	4088	23327	6654
Oxidative Damage Response WP3941	712	596	4794	7124	836	1028	9530	7133	51567	5603	716	7185	717	7186	5111	4214	54205	1026	727	578	572	714	998	728	719	5602	7187	1647	317	4293	7189	10188	715	713	1027	6416	1380	4790	842
Non Homologous End Joining WP438	7518	7520	64421	3981	27343	27434	5591	2547	79840	7486
Ketogenesis And Ketolysis WP4742	788	6513	5019	6566	622	1376	7351	38
Proteoglycan Biosynthesis WP4784	9469	2137	26229	55790	113189	2131	347734	64132	11285	126792	22856	54928	2132	51000	9060	1836	64131	124583
Somatic Sex Determination WP4814	268	2626	7490	30812	50846	668	54361	284654	6736	6662	2254	5730	1761	2516
Proximal Tubule Transport WP4917	527	5243	6513	9550	523	146802	6520	153201	6550	6575	245972	117247	6514	9356	160728	6522	9429	6524	358	64849	6528	528	11136	54716	10864	348932	57393	23428	6582	6505	760	8671	525	51382	51606	6560	476	529	8992	50617	9056	65010	142680	340024	533	6523	481	486	6519	55867	9296	762	9376	10257	55244	1244	6569
Unfolded Protein Response WP4925	596	2081	3553	51493	51360	3309	7157	1965	7494	22926	835	9451	4780	8720	10628	1649	5366	27113	637	23645	10018	468	8795
Iron Metabolism Disorders WP5172	7386	1356	57817	4891	2495	7037	7036	3077	2512	80025	55240	79901	7018	148738	9843	617	30061
Matrix Metalloproteinases WP129	64066	4316	4320	7124	7076	4326	4318	4317	4324	682	10893	7078	79148	4327	56547	118856	4314	6942	4325	4319	4321	9313	64386	4322	4313	8510	7077	4323	7079	4312
Fatty Acid Beta Oxidation WP143	788	2180	3990	2710	4023	7167	1666	1738	3032	1374	2181	8513	55902	23305	51703	2820	1384	3033	1376	1892	2182	33	34	1632	2712	57104	1120	3991	38	2639	1375	35	3030	37
Synaptic Vesicle Pathway WP2267	22999	1175	773	6572	291	4905	6857	6812	6571	594855	163	26052	10497	6532	8775	440279	2055	1173	8218	6853	6855	6804	5864	477	6844	6570	6616	8224	774	140679	23025	1213	10814	161	11315	160	6854	1211	57030	10059	1785	57084	6809	246213	6581	112755	2054	6507	10815	1759	81539
Gastric Cancer Network 1 WP2361	57122	1894	86	8900	22974	6286	4173	11065	6790	4851	286826	54891	54476	8209	8607	11082	4605	7153	55125	144455	9585	64094	324	56992	121504	1063
Gastric Cancer Network 2 WP2363	51316	5884	29089	1299	27101	255488	92140	25909	5984	1956	7157	11065	1297	84823	29028	63922	7153	55299	1499	962	4609	8926	157769	55215	3930	55593	6277	5983	10153	79075	54921
Endoderm Differentiation WP2853	54623	80155	1112	80312	6875	3169	57690	5087	5083	3251	23373	6925	9350	79577	3175	23682	154091	3227	7080	4089	85363	6932	11190	79035	23528	2186	2131	1844	10973	4838	9573	10153	22823	27244	63978	57198	5606	23286	5077	27245	6001	6877	79923	54799	11169	123169	2005	51460	3720	64864	26610	4830	7473	1994	30009	131405	31	1601	9241	56946	26986	23181	9425	1847	8554	5090	351	79977	6657	5015	27324	10459	63035	4088	4087	115825	7547	23168	1846	6422	7040	11166	64321	121536	3915	6928	23576	3975	708	5744	9044	79776	2146	5460	1789	657	10451	83439	5916	2627	324	3087	9682	51701	23007	58499	83881	51176	655	1488	6772	3170	22943	84295	7478	8320	2626	4851	55832	54892	8928	140597	6478	10128	55809	2908	85416	1499	7709	83595	3198	2308	79668	9760	6671	51366	9646	57669	8450	2736
Ectoderm Differentiation WP2858	6907	5420	6238	57621	56963	8325	1004	51762	7704	57462	170302	1952	7593	29970	8820	4089	8322	460	2300	8473	7226	6498	54828	6622	10486	11177	9924	8848	2534	1006	10253	5077	345557	23229	2274	79731	7471	8495	5467	114822	151613	4982	9079	1501	4772	10634	7022	9935	4204	5080	1487	6781	8345	2263	6386	25806	5236	23133	54806	10013	6657	152789	7903	27324	54207	652	83933	55843	57476	440193	5452	4920	5297	5362	157807	57154	114815	22871	2737	5292	6347	8675	25987	3975	91653	3853	5783	54880	5150	5787	51222	1896	6929	79776	4609	5010	4926	398	657	54903	83439	60401	79658	8835	2627	51043	7343	81576	27352	1496	10257	51701	5269	4771	51592	3170	6469	3148	50937	6785	1756	7855	54521	7020	56913	54898	2720	1499	9687	6016	56899	51422	4061	166	7026	3728	3801	4990
Liver X Receptor Pathway WP2874	64241	64240	6256	1581	1576	2194	10062	6319	1555	6720
Lipid Metabolism Pathway WP3965	208	5571	593	5575	5573	5160	55902	5576	5568	29923	10000	31	5563	5567	5564	23205	57104	5566	53632	3991	5346	51422	5562	51099	207	2194	47	5565	5577
Oxidative Stress Response WP408	25828	10587	4257	7296	2878	2953	4784	4501	50508	54578	7498	1543	6648	3726	2936	6649	6667	3162	50507	1728	4780	2729	5602	79400	847	4128	1536	6647	1432	2876	2353	27035	4790
G1 To S Cell Cycle Control WP45	1021	84699	983	472	4331	1028	7027	90993	23594	4172	8900	23595	993	23649	595	1032	1017	1870	4173	4174	4661	7157	4171	898	1869	4998	5111	6119	1026	891	7465	1385	5557	6118	5000	1029	9134	5427	902	1871	1647	4175	4193	4609	1388	10488	5426	4999	5558	7029	896	4176	6117	1022	5925	8318	1031	1027	1019	901	1030	894	148327	5001
Endochondral Ossification WP474	2688	5167	4208	5741	7040	1028	655	9507	4318	6696	2260	6660	6772	5328	50515	6662	2247	5327	9759	2737	5745	7078	54407	9510	11096	3480	7067	85477	5744	860	7042	2690	55553	871	654	1280	1473	11127	6777	249	8100	7422	2487	4921	5566	801	657	51719	3479	3549	3157	864	4322	5727	579	1515	176	8817	207	2261	3481	4256	1300
Galanin Receptor Pathway WP4970	10413	1028	3569	1027	9370	3630	10018	2353	7422	6517	5468	5443	1026	6844	1401	1385
Glycolysis In Senescence WP5049	7157	5315	5925	5230	2023	2597	3098	2539	230	3939	5562
Kinin Kallikrein Pathway WP5089	2161	624	710	3818	3827	623	1369
Ether Lipid Biosynthesis WP5275	7368	5191	8443	5189	55711	5824	9409	387521	25979	9514	9663	51555	410	8540	79888	84188	64900	23175	8504	10390
KCNQ2 Related Epilepsies WP5360	5514	1457	23621	5533	288	6804	3786	3785	185	5336	5028	5566	801	3708	6324	624	9495	1128	5578
Effects Of MFN2 Mutation WP5443	79659	841	836	1780	1639	6856	7157	55112	79969	5864	10381	1778	55288	1783	10567	6622	581	22906	89891	9927	23095	4133	5865	7879
Oxidative Phosphorylation WP623	4704	4701	4696	4695	4724	4707	4714	4720	4711	374291	9551	4712	4698	4726	4706	518	4710	4717	4722	537	4702	56901	515	4716	126328	506	4728	4725	27109	539	4718	514	4731	4713	4729	4697	4700	513	10632	522	516	517	4715	498	521	3002	4719	4723	4708	4705	10159	10476
Benzo A Pyrene Metabolism WP696	1645	8644	1576	1543	10327	1109	1646	1545	2052
Homologous Recombination WP186	4361	57804	5425	6117	10714	472	675	10111	5888	5424	25788	4683	5893
Effects Of Nitric Oxide WP1995	316	4842	7498	4843	4151	4846
B Cell Receptor Signaling WP23	5604	4773	5777	5594	4149	6195	6850	5880	118788	604	4792	29760	4775	2931	5601	1399	695	1432	8395	3932	5596	5879	7006	640	4690	2534	974	2549	5579	8394	10892	975	27071	5296	5170	3725	2969	5970	998	3635	6464	7462	673	2002	5599	2932	867	8517	815	6452	930	84433	5336	23396	5335	3059	26469	1386	933	8462	4609	5781	5294	8915	5894	6885	11184	3551	3265	5580	7410	5605	5966	4067	2113	1147	7409	1385	2885	5295	5608	25780	9846	973	2308	2889	207	1380	1398	5788	4790	6654
Alpha 6 Beta 4 Signaling WP244	3909	2475	2549	3667	3911	5594	1978	387	6714	3912	3915	5595	3691	5296	3914	3655	2885	5295	8660	5781	5747	284217	1432	6464	3913	5879	3918	207	3908	5578	3265	5580	6654
Gastric Acid Production WP2596	2520	5225	2922	2694	643847	643834	6343	5222	885	7432	4588
Pre Implantation Embryo WP3527	3182	1958	366	126206	79923	4603	1746	7538	6597	2354	201516	5087	55509	2101	6496	7021	4306	2297	11189	2624	503582	3662	1994	8570	10265	4084	326340	57504	30812	503834	999	7080	8538	1045	284355	132625	476	678	6664	94234	9314	360030	6926	2625	1649	359787	55506	5460	83439	3159	1875	353238	29947	342900	360	7004	4342	6657
GABA Metabolism Aka GHB WP4157	137872	2571	1800	5446	27165	18	7915	8574	4129	2572	2744
GABA Receptor Signaling WP4159	1175	9568	2563	163	55879	2558	2560	6538	1173	2568	2565	18	2564	2567	2559	2572	2566	2555	2571	2562	223	6529	161	160	2550	2554	2561	10243	2557	140679	2556
Acute Viral Myocarditis WP4298	1525	841	4624	27	199	5594	6714	7852	5880	6442	1234	598	834	1676	8651	6774	6444	941	6445	3592	1604	637	2534	79886	596	2021	839	7124	836	25	3689	595	1906	663	100507436	835	857	4842	26986	142	148022	3569	1677	3908	840	7040	2932	3716	4318	3458	3558	3593	920	7099	1605	5921	60	4791	3108	5881	842	959	1982	3856	6772	5595	3683	1756	54205	7100	1385	6443	64127	5295	3586	1232	3611	581	54108	207	1981	7098	29108	171558	6654
Canonical NF kB Pathway WP4562	5970	8517	4794	1147	4792	5966	3551	4790
Measles Virus Infection WP4630	1021	841	8667	1459	3306	3560	3303	54106	3552	4179	1965	51284	4792	10379	898	30835	64135	440275	598	10332	27102	356	5601	6774	9641	3592	3305	637	3452	6776	596	3553	836	23586	915	283106	595	1017	940	51209	5296	9367	3451	3725	3559	3454	5970	6777	10399	23118	9451	51135	29110	317	7189	896	1460	6773	3442	103	3569	1027	3440	3718	4940	5291	3665	5293	5610	7161	5599	3445	1457	3716	917	3558	25898	3456	3593	868	4615	3561	7157	8517	4939	916	4793	3444	578	3443	572	7128	9134	5602	57506	3312	7099	4938	355	6885	3654	2213	4791	2353	1019	7097	3551	894	8717	842	6504	4478	8772	6772	3446	5290	3310	4599	1147	3439	3448	54205	8503	3455	81607	7297	5295	7187	3449	3441	27113	581	3661	4790
GDNF RET Signaling Axis WP4830	51668	79633	2303	64321	5979	2296	10252	6928	2737	8854	2674	3975	26585	2668	186	10736	3227	6664	1499	6299	2625	7490	2138	6092	3237	9353	11020	3207	652	5076
TCA Cycle In Senescence WP5050	7157	2271	4199	4190	5163	2805	673	4200	57546	5160
Fatty Acid Transporters WP5061	23205	51703	23305	2169	2180	2172	81616	2167	2171	646480	2170	2168	10999	948	1622	2181	2182	2173
Prostaglandin Signaling WP5088	3553	7124	7040	114548	4318	9536	3458	3552	374	6347	3576	940	3605	729230	2919	112744	196	3665	5734	3824	834	3627	7422	5732	1435	6348	5294	3592	3569	4283	29108	4790
Orexin Receptor Pathway WP5094	5333	5604	2920	5594	2890	2488	409	6195	2641	860	50507	6446	9370	5601	885	6774	3060	1432	5578	5598	3553	5579	7124	6993	836	4090	6194	1978	3972	632	5296	5170	64121	4986	2767	10645	5562	6506	4852	3569	6770	5599	2475	5581	2778	2770	7428	5443	5590	6990	3062	4780	3061	5337	5781	5163	3091	657	3565	747	1081	64111	51738	5580	842	2688	6513	5162	655	3952	5605	3578	6517	1975	7054	2776	5595	3576	1385	2796	5295	408	4086	64106	5587	3586	2308	6198
Inclusion Body Myositis WP5120	351	55851	5664	4791	5663	2660	23411	23385	23621	4790	4137
NRXN1 Deletion Syndrome WP5398	2891	22871	57555	116443	9378	2892	57502	54413	2906	2902	2893	1742	2905	116444	2890	2904	2903
NPHP1 Deletion Syndrome WP5399	5595	2317	9564	2316	2318	261734	27130	5594	2185	23322	4867
Biogenic Amine Synthesis WP550	43	1103	1644	1312	2571	3067	438	15	1621	7166	5409	5053	2572	7054	4128
T Cell Receptor Signaling WP69	5604	5599	3937	4773	28988	917	867	5588	10892	5594	5605	5966	868	915	4772	920	8517	9020	2533	1147	940	27040	5595	4792	5296	5170	3725	7409	916	2185	1385	10019	5970	84433	2885	5295	925	29851	998	7454	5335	8631	1386	5781	5601	3702	9846	7189	1399	8767	3708	10451	7535	8915	5894	9402	1432	6464	3932	6885	6654	2353	207	1326	4690	11184	919	5058	3551	1398	3265	9051	4790	5580	2534
Vitamin B12 Metabolism WP1533	19	3553	2694	3643	348	7124	12	4143	335	213	3458	1401	6948	6947	5327	2243	3949	5054	326625	6347	4552	949	2147	3630	1491	2244	2266	3043	2155	84693	6648	6649	4353	6288	5970	4594	8029	102724560	4524	4548	6647	3383	5340	6352	3569	4791	338	6291	6289	4036	6472	4790
Metastatic Brain Tumor WP2249	1021	7157	5295	998	4609	1871
Glioblastoma Signaling WP2261	1021	5604	5607	5728	5594	6714	898	1026	672	4193	5584	6416	5578	5606	4194	2549	5579	10253	2260	5286	2956	5287	5288	595	1017	5582	675	3480	5296	5170	7249	2263	54206	5925	1027	2033	5291	673	1030	5293	208	5583	472	867	5588	5609	5159	7157	5590	3845	1869	5336	5335	5294	5894	4763	1031	1019	5156	3265	894	5580	4303	3667	4233	5605	5290	1956	5595	2065	2309	10000	2064	2885	5295	5608	1029	2308	7248	207	369	4893
Oncostatin M Signaling WP2374	5604	5599	2475	5579	5581	840	5583	836	1958	3667	3716	6194	6772	5605	5594	6714	3572	1017	5595	3845	3717	4792	3727	253260	1051	10401	3726	2185	1385	9021	5970	2885	7297	5295	6777	5008	7422	5781	5601	6774	3091	3265	5894	3977	1432	6464	1027	9180	2353	207	3718	5578	5829	4790	5580	6654
Fatty Acid Biosynthesis WP357	2180	55825	1666	2181	55902	23305	51703	3033	1892	31	6319	2182	10449	55862	1891	5091	32	55268	79746	2194	51102	47
Circadian Rhythm Genes WP3594	4547	4914	5551	5728	2673	6550	121278	5591	1407	8863	1364	8553	25819	5054	23373	9915	1815	128674	7071	9611	94233	7080	85457	9956	60675	56339	55269	10911	1453	9370	55366	5601	8473	6500	7337	8204	6421	4297	50865	7316	6440	687	10135	10062	220202	1128	3398	468	107	7311	2063	1644	1655	1628	10514	1392	8403	6839	23411	9500	2691	1859	5730	148523	9967	5582	4669	10891	2155	3399	1660	4843	3725	5187	134	5593	6720	5501	2767	2837	10499	23291	1812	102724428	5562	56938	8864	90134	1471	3569	2033	23064	6770	5599	5465	3363	1141	4987	2932	83759	1958	6095	191	405	84432	6233	25942	5468	1374	9475	6928	6496	22871	7157	5936	129521	7166	114781	594857	8841	9607	57805	4783	3062	4841	196	5499	5563	54551	10887	3192	3066	112464	5971	7153	3061	5602	2146	5500	3400	6097	4543	463	4916	9572	100	4887	355	1814	9575	551	9099	8454	1019	8945	9975	10419	4159	5927	51738	26224	1454	9456	3751	3065	1960	15	3952	1813	6096	181	8792	79723	1390	7054	3778	23239	6532	5629	2776	4804	3727	10743	7298	1385	9112	139135	4862	135	5371	1408	4544	1406	406	23596	22809	8914	7150	3184	79365
VEGFA VEGFR2 Signaling WP3888	5329	3320	2317	8985	5328	9146	6142	409	8550	81873	2244	598	660	50507	6921	25865	5062	1465	9564	4193	7430	64223	6778	1969	1796	1432	5654	10973	2335	10755	8665	3045	56999	596	2549	23597	2274	55692	6748	6194	1666	3690	6301	6747	3486	595	357	9510	4217	2266	9898	52	83442	9365	26986	1847	4691	10014	6595	9734	2876	29109	144195	1839	1977	10231	54567	1901	6546	5609	6624	8013	347688	301	253260	9034	4846	23753	7170	83939	10525	1386	5781	10061	382	2060	4633	8826	10130	5867	5515	9584	27289	27044	3164	6772	2817	3939	29766	5784	2309	2697	8650	5780	8794	1192	2885	5295	1499	6401	3984	81567	27302	2889	2058	79094	5604	5803	8667	387	84952	6714	1200	54505	6300	51763	115098	9344	529	326624	3685	3693	7001	8718	8575	5584	4343	5879	6416	55872	5606	653361	9168	57381	6722	9325	5322	682	4772	9114	441478	91010	813	152273	2185	3998	3418	9645	9451	857	7422	10645	51278	55379	2926	5058	5954	4641	4208	1958	7295	9475	7019	5226	9759	6347	3315	83473	1387	8027	5530	5230	56905	148254	5717	57326	80031	79812	83737	4736	3146	5894	5034	22899	3748	5580	3065	1175	55854	4860	824	22943	22820	5290	2113	124491	3576	29924	2887	2078	54205	23196	6478	6541	51564	8821	154	23521	9047	650	6924	5747	207	2152	1398	5829	4790	4773	102	1466	3303	811	5743	4792	2048	832	4646	84335	4855	5601	8754	2746	274	4313	4690	8664	5757	1445	3688	1003	25	10963	5296	81575	3725	5228	5170	9709	2035	1213	5216	11124	6386	7414	23476	23291	5562	32	6464	2002	8766	9444	2475	7086	5581	1495	2932	213	8411	1827	4688	5590	8775	56907	5710	7220	2597	5499	1490	10628	2022	378	4319	5331	7111	23215	355	7004	23339	9578	7410	2081	57758	24147	1982	2130	5605	2243	6732	3490	8402	6648	332	8867	1385	3491	9100	170506	11080	5608	2321	5770	8569	5587	23189	4929	6125	10574	5868	4323	5795	6154	6198	10056	71	6729	6129	5777	5594	182	226	2523	7222	219931	3791	9261	4189	6181	160	6774	9252	1536	8974	1267	114789	8936	468	5578	3301	2534	154796	5579	1397	10818	6155	6418	9079	10397	31	1558	25759	5970	10399	998	7024	4952	100506658	91624	6461	1823	5599	10758	405	867	1072	4673	1500	57007	5563	84790	9209	5335	6886	4627	5321	8828	4301	26058	6205	51309	3265	9588	6902	9659	389	4303	1960	8772	8813	2314	3142	5595	2624	7148	51574	781	5496	7114	22926	79109	9513	5592	4629	2308	6093	5908	3383	5906	7531	1981
Leptin And Adiponectin WP3934	5571	5564	51094	9370	3952	31	1374	79602	3953	5562
Small Cell Lung Cancer WP4658	1021	3909	841	5728	4149	1870	5743	1163	4792	898	1026	598	1284	3685	330	6256	6500	2272	637	3913	3673	2335	3918	596	3688	22798	836	5915	3674	9618	595	1017	51426	5296	4843	7186	3655	5970	1871	317	7189	3910	284217	5925	1027	3908	5291	1030	5293	208	7188	6257	3912	3915	7157	8517	79444	7185	1869	329	3914	4793	10912	578	9134	4609	1647	1285	1287	1019	1286	3551	1643	842	1028	3911	1282	5290	1164	1147	4616	10000	54205	1288	8503	5295	7709	7187	6258	5747	581	3675	207	10319	4790
Netrin UNC5B Signaling WP4747	5604	59277	7124	6018	836	1003	4756	5605	5594	56963	81501	387	23365	54538	3552	6714	5290	1612	7157	5595	6347	3691	3791	3725	2185	5499	57475	116986	9423	1490	249	6401	5781	219699	3586	5747	4917	5519	4617	5894	3635	1432	10413	5879	3383	1277	7412	5524	207	5578	57650	2534
Alzheimer 39 S Disease WP5124	5691	5604	113457	5692	3709	7846	102	841	89953	5332	51806	1459	81027	8851	4035	23621	5534	5594	30849	3552	8325	11211	5682	775	1965	5743	7494	5713	22863	322	10297	50507	23236	7417	8326	5601	489	1435	27123	6622	1536	637	6263	3799	4040	779	10023	7472	5695	468	2902	7476	3553	5719	6424	7124	348	836	7471	3831	54361	1020	3798	2906	5330	5533	441925	4137	283106	5289	7979	7280	5702	3630	3800	122011	4217	5296	9821	4843	7186	293	2905	51384	7473	7474	10381	776	7416	5970	3710	9451	7419	4842	112714	64837	317	778	801	9776	3708	488	5481	5686	1460	347733	81029	23401	8321	7277	351	6868	3028	3569	5664	10888	5663	84617	89780	1452	147700	10213	5291	177	673	5293	208	5610	5599	2475	9861	840	2932	10105	11047	1457	291	5688	5609	7132	5689	23130	347688	3845	4893	7475	55102	5710	8408	487	2597	5530	5535	572	91860	5705	8660	5693	84790	51807	8678	55062	810	8323	83464	10383	5602	79861	1649	23385	10382	51107	5331	1856	5701	5894	26100	355	1855	80326	163688	324	2535	5694	27035	4311	3551	5690	3265	203068	3416	842	1454	1139	292	5683	5715	5532	2081	3643	7477	83447	8772	3667	10313	55626	4023	5605	824	5687	22943	4041	90550	5290	823	5700	8471	2776	5595	1147	5714	5707	7278	10000	9706	7855	54205	29982	8503	7481	2904	7976	2903	5295	22926	5684	5704	5709	1499	60673	27121	8312	5718	8883	7480	143471	7482	8313	55851	10376	5706	57142	1857	8324	207	369	5708	4790	5685
Disorders In Ketolysis WP5195	3157	5019	38	622	39
Acetylcholine Synthesis WP528	43	1103	5161	1119	10400	5130	5160
Acute Myeloid Leukemia WP5293	208	5604	2475	3684	51176	5467	2322	8900	3551	5594	1053	1978	5605	5290	3562	6934	595	5292	8517	5595	3845	1147	4893	890	10000	1436	5296	5293	1437	7704	8503	4353	2735	11040	5970	572	2885	5295	6932	5371	6777	4609	1848	6774	6199	3265	83439	862	929	5894	5914	8864	1050	861	3815	6654	6776	6655	207	6198	369	2209	673	5291	3728	6688	4790	597
Cholesterol Metabolism WP5304	6307	1595	2224	4547	19	6770	3990	4864	348	6309	3422	26119	4047	335	344	4023	4035	10654	345	7108	10577	255738	3949	949	27329	27141	6646	1581	29881	4597	6272	948	8647	29116	39	1593	9218	7416	1718	9388	50814	2169	10948	4245	5360	64241	341	4043	51128	706	3988	1717	336	4018	350	55908	51478	3931	8694	3157	3930	10682	64240	337	3156	338	4598	114879	6713	1071	10999	2222
Aflatoxin B1 Metabolism WP699	22977	1576	1553	1544	2944	8574	2052
Glutathione Metabolism WP100	2878	2953	26873	2730	2937	2944	2936	2539	221357	2678	290	2879	2729	2877	2946	2938	2687	2876	3417
Osteopontin Signaling WP1434	5604	5970	9020	5595	1147	3685	4318	6696	5594	3551	3690	5328	4790
Proteasome Degradation WP183	3134	5691	5683	5715	5692	9861	5719	5687	3458	5688	3133	6185	5700	3014	5689	7318	5682	5714	5702	3107	5707	5710	5699	5713	7323	7314	5705	5693	5720	5684	5709	5704	3106	3105	5721	7320	3135	5717	10197	5718	7347	5698	5716	7321	4734	5701	5711	6184	5686	7345	7322	7316	5706	5694	5696	7317	5695	5690	5708	3015	5685
Pilocytic Astrocytoma WP2253	5894	2885	4763	5781	673	6654
Histone Modifications WP2369	126961	55209	56950	8085	133383	79918	55870	64754	6839	10919	3020	6418	79723	121536	114826	9739	2145	83852	7799	8369	23067	8350	58508	9869	84193	54093	387893	80854	84444	64324	150572	51111	10322	55904	6419	2146	79813	26040	8726	4297	29072	9757	121504	84787
Blood Clotting Cascade WP272	2153	2165	5328	2157	2161	5327	5055	2243	5054	2147	2244	2266	7450	2155	3818	3816	5345	2160	2158	5340	2159	2152
Kit Receptor Signaling WP304	5604	5599	5579	6194	867	5605	5777	5594	6772	4067	6714	4286	4137	6195	5595	2309	3717	2887	5296	7409	10603	572	2885	5295	1398	6777	5335	8651	2886	6197	5781	9846	6774	1399	9306	1796	5894	695	3635	1432	6464	3815	4145	4254	6654	6776	7006	207	2033	6198	5578	3265	2534
Valproic Acid Pathway WP3871	1962	3032	3065	3712	1548	3028	3030	18	1559	36	1555	116285
Amino Acid Metabolism WP3925	1621	6898	50	2730	8802	1491	8639	30	6389	6723	790	10993	8050	4967	2744	2746	4128	1373	383	26275	8974	57818	23395	10841	47	635	1644	5315	3176	4953	5160	3376	5832	2937	3033	2936	4594	5166	7407	4191	102724560	92935	1431	131	4190	384	3417	128	549	501	1962	445	7166	5917	5831	34	5009	3158	6611	56922	216	2271	440	127	84706	1743	2184	11112	1738	2752	6999	3939	7054	84532	4357	3155	3034	7173	4942	7453	3067	5409	586	5091	151742	2806	2058	126	2805	10056	5105
Serotonin And Anxiety WP3947	23237	7442	3358	5579	816	1392	2911	84812	3356	2332	2353	2554	5443	5530	5341	3350	148
Prion Disease Pathway WP3995	596	5079	4208	5621	836	5993	53335	2260	5594	5452	5885	3309	1106	5595	1879	3662	1385	7184	6256	6908	4790	6774	5747	10538	9126	10664	4684	2033	6688	2923	2002	2534
Krebs Cycle Disorders WP4236	1743	8803	2271	3945	8802	5106	51660	8050	8801	55526	3948	2875	3939
Breast Cancer Pathway WP4262	1021	5604	545	5241	2100	388585	5728	1459	5594	2251	8325	11211	1870	8202	2246	1026	10297	672	6932	8326	4855	10683	6500	3815	4040	10023	1070	7472	9965	4853	7476	6424	5888	7471	2260	8074	54361	4361	283106	595	51426	675	122011	3480	5296	8600	51384	7473	7474	3725	8822	25759	1871	8823	6199	2324	81029	1460	142	6464	23401	8321	8648	5925	2249	2250	89780	1452	673	5293	208	2475	2255	54567	472	2932	1457	4683	27006	6934	7157	3845	7475	1869	2248	10912	53358	578	2253	8323	4609	1647	3479	83439	2254	1856	5894	399694	1855	80326	10111	324	2535	4791	6655	8817	1019	2353	28514	3265	1643	7477	51176	4854	5605	4041	2247	23493	5290	1956	5595	23462	26291	4851	4616	10000	7855	8503	7481	7976	6667	2099	2064	2885	5295	1499	26508	8312	3714	3280	7480	7482	581	8313	1950	26281	1857	8324	207	6198	369	4893	2252	6654
Vitamin B12 Disorders WP4271	4548	81693	326625	4552	2694	25974	166785	4594	51293	8029	6948	27249	6947
Hepatitis B Infection WP4666	5604	4773	841	3339	5594	6714	6775	3717	64135	6300	1026	9586	4089	1654	4775	356	5601	6774	1388	9641	6778	637	1432	10454	3452	6416	7048	468	5578	6776	5606	10971	84699	596	5579	7124	64764	836	90993	23586	4772	5582	537	5296	3451	3725	5111	2185	1642	3454	5970	6777	23118	5600	7419	51135	29110	317	7189	10488	1959	6773	3442	148022	3569	3440	3718	2033	5291	3665	673	148327	2002	5293	208	4088	5599	4087	3445	7040	3716	4318	5609	3456	4615	114609	8517	3845	1387	4214	7042	3444	3443	572	6554	1386	5602	4609	57506	7099	5894	355	6885	3654	6655	2353	7097	3551	3265	1643	842	7043	1960	8772	6772	5605	3446	5290	5603	5595	1147	3439	3576	3448	10000	843	54205	332	8503	1385	2885	7297	5295	5608	7046	7529	7187	3449	3441	581	3661	100302736	4776	207	7534	369	4893	7098	4790	6654
Cellular Proteostasis WP4918	5201	7411	5203	5202	10471	5204
N Glycan Biosynthesis WP5153	2683	1798	7991	5373	79796	8813	4248	152586	84920	6480	23193	10195	6185	4122	4121	7841	11253	10905	8818	2530	3703	29880	57171	25834	201595	79053	440138	146664	4351	199857	4245	79644	2821	4124	1603	11282	29925	29929	54344	29926	8704	11320	8703	4249	1650	6184	91869	9526	57134	85365	79087	84620	79868	144245	56052	4247	22845
Glyoxylate Metabolism WP5166	112817	1610	9380	2806	58510	54363	5827	189	3939	8659	10861
Bardet Biedl Syndrome WP5234	55081	57560	51684	582	284086	388939	168507	132884	80184	9657	92482	166379	403	28981	80199	55764	200894	585	5727	6608	51715	129880	9731	167691	8195	6102	23432	80173	51057	4750	22897	51473	4952	5310	583	27031	5147	95681	54585	26160	11020	55212	79659	1258	10806	57539	27130	132320	57728	55112	2737	79738	27241	114327	5314	123016	54903	8239	1259	79809	255758	157657	26146	201163	23059	112752	374654	755	56623	84314	91147	80258	22858	5311	49855	4117	9742	7546	2121	1406	406	84100	51259	89891	22954	51626	51098	2736
IDO Metabolic Pathway WP5414	883	7124	2806	51166	8564	169355	56267	3458	8942	6999	3620
EPO Receptor Signaling WP581	5604	3667	6772	5605	5594	6714	5595	3717	10076	2057	1154	2885	8660	6777	8651	2056	5163	6774	5294	5921	5894	6464	207	6776	5788	6654
Sphingolipid Pathway WP1422	7368	55304	57515	8879	29956	7357	166929	79603	2629	9514	8877	130367	253782	9517	56848	64781	427	91012	5499	125981	57704	9331	2531	10558	259230	56624	5515	8611	10087	204219
Vitamin D Metabolism WP1531	1594	5741	6256	120227	1591	1717	6257	7421	1593	2638
RANKL RANK Signaling WP2018	208	5604	7188	5599	2475	2274	8878	6772	867	5609	5594	8792	4982	4067	6714	4286	4772	6850	8517	5595	1147	7185	4792	5296	8600	7186	3725	5970	5295	5608	998	5971	5335	23118	7187	5601	9846	7189	5747	9060	1432	10454	5879	6885	4791	2353	207	3551	4790	6688
One Carbon Metabolism WP241	635	10588	275	4143	2745	191	4522	2346	6948	10797	4552	55349	7298	2618	27430	25902	471	123263	23382	1719	1789	1786	4524	4548	10840	1788	6470	10841	6472
Cytosine Methylation WP3585	3418	3417	53615	80312	1786	6996	4204	54790
Tryptophan Metabolism WP465	316	1644	15	121278	6772	1738	6999	7166	3033	217	169355	56267	1543	26	1892	196	125061	8942	3620	883	438	8564	64577	23498	38	847	4128	2639	11185	2806	51166	130013	259307
Base Excision Repair WP4752	10714	8930	4913	55247	5425	4595	54107	7515	252969	328	10038	5111	57804	4350	3980	5427	27343	6996	7374	5426	27301	2237	3146	142	4968	3978	23583	5424	11284	56655	5423
Purinergic Signaling WP4900	136	346562	2778	2770	2780	5032	9934	2846	22953	9127	5029	140	5023	134	2771	2779	5027	24145	2775	64805	135	2767	5028	2781	10161	5031	27334	53829	5024	286530	5025	5026	5030	2773
Pleural Mesothelioma WP5087	23012	5328	1944	5176	11091	58508	2246	1026	6374	672	4908	5062	5154	8473	4193	64223	1969	1005	1432	2335	1015	7472	60485	4194	1911	596	3553	6424	80310	6194	8074	54361	3690	9448	29128	3689	595	1017	9510	4217	9113	147111	8822	3710	580	1943	6199	8491	3908	5291	4803	1839	208	5063	3150	472	6520	2323	5159	5609	4296	4920	29119	3912	3915	64798	2919	4314	999	6788	1386	4609	1649	5163	6045	3091	7039	1022	1496	1014	4771	5565	894	7477	6772	2551	374	4804	1436	1825	3620	83937	2885	4485	1499	6401	59	3586	7248	7480	51422	7482	581	8324	64840	5604	4914	83999	1000	1459	171023	6714	8325	6195	4192	389421	898	1004	3965	960	6932	8045	3685	1435	27123	6352	4040	3918	6416	5606	58	5598	1006	23286	1016	2260	283106	10891	9675	23043	122011	7474	146433	1487	7249	7422	53632	4293	2264	2257	9776	59343	3910	1460	64403	8321	10298	5058	1942	7003	2255	3054	6422	8061	7040	57680	27006	7157	6347	7475	2248	8408	9770	4214	388372	70	3676	7005	8678	8323	3627	6197	5602	83439	7015	3146	5894	60	1946	10413	324	8454	5156	11184	114548	6513	3643	7424	22943	90550	2247	5290	1956	64405	3082	4919	1437	7855	54205	7976	6667	4209	27121	11113	8312	5747	3675	1857	207	11186	4790	6015	9686	3909	5607	2259	7010	2251	11211	9869	57144	834	84335	8326	5601	9894	11098	4313	3672	3481	283349	7138	7476	3688	7403	627	1003	7471	50964	1978	29126	1945	1007	3630	3480	51384	7473	3725	5228	3655	25937	26524	2263	2324	5562	81029	284217	8726	6464	23401	28316	2249	3569	9064	2250	2002	6009	50488	7423	2475	1495	2932	1457	2305	3716	4085	8463	6934	284	3914	23512	1490	2146	2167	961	5294	5542	2254	1856	57521	1855	7004	685	8817	1012	8945	11197	1454	5571	51176	8379	4233	5605	51378	4041	26291	10000	285	1385	7481	5608	2321	9532	1029	8569	27113	4216	4323	100532731	6198	6654	6425	71	5420	5332	5728	1001	5594	166824	4149	3791	8314	9350	4170	9493	4294	72	9261	8994	5564	1284	8140	653247	1440	9252	10746	28513	3913	3815	3673	10023	2261	5871	9965	2258	55209	154796	2277	7528	6387	92597	467	2256	9821	7186	10397	55233	5155	4915	4909	896	89780	1452	177	5293	5599	4318	83593	64321	115908	1869	3691	6259	5281	1013	5563	2872	578	2253	56034	3479	1285	84962	29072	80326	1287	2535	1019	1286	3265	6423	1002	3911	1488	2322	1282	106821730	1975	5595	9706	1288	6678	1009	7529	2308	1010	1008	1950	4215	5928	4254	26281	1981	2252	10319
Sildenafil Treatment WP5294	208	2932	5144	5141	4899	7019	10891	5071	10000	4843	2597	2983	4846	155061	4842	5142	5592	2982	8654	207	5143	2977
Complement Activation WP545	712	716	727	718	714	720	729	730	629	1675	735	5648	10747	1604	715	733	713	5199	731	732	717
ACE Inhibitor Pathway WP554	624	1585	3827	4142	4306	185	1215	4846	7040	5972	183	1511	1636	623	186	10159	59272
Eicosanoid Synthesis WP167	8398	239	5322	6916	9536	5730	5743	5742	4056	100137049	2678	1800	8644	127281	4048	5321	873	241	247	240	5740	80142	246
Prolactin Signaling WP2037	5604	5599	2475	7410	3688	2932	836	3667	3716	7532	6194	867	1509	5605	5594	1978	5777	6772	6196	6714	5479	5290	5595	3717	4792	5296	7409	3725	5478	1154	4793	4752	9021	5970	116986	2064	2885	8660	5295	6777	8651	5618	5770	4609	4790	5781	5601	9846	6774	5747	5294	3265	7535	5894	8835	1432	6464	5879	6654	2316	6776	5617	7006	2353	207	6198	7534	5058	5291	5829	140885	2002	10401	2534
Endothelin Pathways WP2197	5604	2778	2770	4638	5594	796	148	1906	1264	4632	284485	55811	2769	4846	10267	1909	10203	790	23236	801	4886	488	5894	4852	1889	5739	153	5578	10681	1910	51764
Allograft Rejection WP2328	3134	712	942	5551	841	1459	55825	3552	10563	3119	727	356	3113	120892	3135	50616	941	3592	1604	3567	713	23743	3002	3117	6363	3553	7124	836	3035	3118	6387	100507436	940	643	3605	3559	714	720	729	7431	7422	730	1289	3111	731	3123	10578	717	5243	840	7040	3458	3558	6373	3133	3593	5590	3107	2668	1493	59067	718	185	3105	3565	3122	355	5156	958	3108	842	3596	959	3109	6772	2551	50943	3127	6366	3115	3576	3106	735	3586	10376	3112	4283	732
Dopamine Metabolism WP2436	6647	1644	1312	5568	1728	5516	5515	5566	7299	4129	5567	7054	4128
Osteoblast Signaling WP322	5745	5741	1277	3685	3381	632	8600	5155	5156	5159	8074	3690	4982	10246
BDNF TrkB Signaling WP3676	6009	5604	2475	2549	627	5594	1978	23237	6195	7222	3845	4893	7225	1385	7249	2885	29904	5335	8569	9846	4915	5294	7248	6464	6654	2902	207	1742	6198	673	3265	107	9456
Chemokine Signaling WP3929	5604	5332	5594	6346	26230	112	409	10563	7852	94235	111	5568	3717	5880	4792	10803	5196	6374	23236	1524	6011	9564	9547	2868	6774	1399	2787	5879	58191	6352	2784	2783	113	6363	2773	107	653361	10344	1445	115	114	3055	5579	57580	2870	1236	5330	6387	156	643	5296	2185	2771	1230	6359	5567	25759	5473	5970	108	6777	998	2829	6369	2785	2782	2791	1235	56288	6464	6773	6376	3718	6364	7454	5058	5291	673	51764	2790	5293	208	2770	2869	2932	10235	6373	9475	8517	5590	3845	2826	4893	2792	1794	2793	6370	729230	2921	388372	4793	8976	59345	53358	3627	10850	3702	5294	10451	5331	5894	3579	399694	6655	5613	3551	3265	6367	5580	2788	7410	1233	6772	4067	54331	5290	6366	56477	5595	1147	2309	6375	10663	10000	23533	109	7409	8503	6354	55970	2885	5295	6361	2786	196883	9844	408	2833	2268	6348	5747	6093	7074	1232	1237	5908	6356	5906	4283	207	1398	5829	10681	4790	6654
NRF2 ARE Regulation WP4357	23657	5599	7965	2939	9817	7525	3643	2932	4094	6714	5290	2730	9978	2048	1051	8452	3162	1728	4780	2729	192111	5578	2534
Hippo YAP Signaling WP4537	50488	7003	23012	8463	9448	23043	9113	10397	7005	6788	25937	3627	26524	4485	10413	7004	8491	11184	11186	4771	5871	60485
Steroid Biosynthesis WP496	3294	3293	3292	3283	2165	1586	3284	1369	51478	3295
Estrogen Metabolism WP5276	3294	1312	7923	574537	54575	1544	1588	1558	3292	6783	1559	8644	1576	7364	100861540	1545	54576	51478	3295	3293	3028	51171	1577	1557
TGFB Smad Signaling WP5382	4087	4089	5054	7046	1490	25937	7049	10631	7532	7048	6678	4088
Tamoxifen Metabolism WP691	54657	1557	7366	1543	1544	1558	1571	1548	6783	1559	1576	1565	7364	2326	1545	54576	6817	6822	1577	2328	54575
Arylamine Metabolism WP694	10	54657	54600	6799	1544	6817
Methylation Pathways WP704	11185	1312	4837	7172	4143	5409	3176	27430	4144
Translation Factors WP107	5610	8662	8637	10209	1964	1974	7458	8663	8667	2107	3646	1978	1975	1979	1915	1965	8891	1936	8672	1973	8892	8890	1983	9086	1933	1937	29904	1938	8661	27102	9451	10605	8669	8894	9669	26986	8666	1917	23708	8668	23277	1968	3692	8893	8665	1981	8664	1984	1967	1977
Osteoclast Signaling WP12	5599	7965	9550	8111	56302	1513	54	6696	5155	6548	8600	4982	8792	3690	3456	3454
TNF Alpha Signaling WP231	10131	3320	841	124056	5594	4792	6610	8844	598	257397	8439	330	8737	5601	6500	637	10454	5879	6416	5836	1535	5871	5606	4794	7124	836	283455	56616	4217	55312	7186	3725	23118	29110	317	23291	7133	5599	840	1457	5609	5708	7295	7132	8517	5590	3845	7185	1387	4214	329	4793	572	7128	10010	11035	5894	56957	6885	4791	5515	8454	27035	8945	3551	3265	8717	842	117584	8772	5347	5966	2752	9020	5595	1147	2885	5608	5790	11140	8837	581	8567	4215	207	1326	4893	4790	6654
Spinal Cord Injury WP2431	5786	5803	199	2920	5594	56963	387	6662	3552	7538	5743	1464	1241	727	50507	5320	2280	653247	65078	3958	5879	383	713	4155	4282	361	176	11202	5578	1948	2902	6403	8398	3553	5322	7124	627	836	64131	595	1017	2596	4843	4974	63827	2212	7431	9423	998	900	4842	4321	57556	5925	3569	1027	9353	1280	1462	7040	1958	4318	10673	3458	3558	50515	5362	9475	6585	6869	7157	6347	1869	301	729230	2919	2668	5530	6098	3627	4609	1647	4050	961	7099	5542	3565	8741	2670	2353	1019	983	389	3164	7832	3952	1282	4099	1956	358	6586	5595	4804	3576	2309	388	2697	328	5173	1463	2043	1875	3383	57142	3554
PPAR Alpha Pathway WP2878	983	5465	54600	335	116519	376497	6342	1374	345	1962	595	55554	1581	30	1376	1622	1579	34	5360	6256	4609	336	1582	1019	2168	10062
Copper Homeostasis WP3286	4490	2932	102	5621	836	4493	4494	5728	4501	261729	23621	538	55240	1353	10063	1318	5290	4137	595	7157	4504	2309	4496	3725	1317	4502	4520	6649	84560	9973	4489	6667	54739	4891	4495	4193	8754	2308	6341	26872	331	6647	351	6868	324	79689	540	207	22823	150684	475
Benzene Metabolism WP3891	27294	1728	2944	1571	4353	2052
Mevalonate Pathway WP3963	3157	2224	3156	4598	4597	10654	39
PDGFR Beta Pathway WP3972	5610	5604	5599	6722	5579	3716	6772	5159	5290	5595	3717	3725	4214	2885	5295	6777	5335	6774	6778	5921	5894	6464	6776	6416	2353	5578	3265	2002	6654
Macrophage Markers WP4146	929	968	972	5880	942	4069	9332	2152	9308
Endometrial Cancer WP4155	208	5604	1495	2932	51176	5728	2260	5605	5594	29119	2247	5290	1956	6934	595	7157	51426	5595	3845	4893	2309	4616	10000	5296	5170	2246	1026	8503	10297	10912	999	578	572	2064	2885	5295	6932	1499	4609	2263	1647	8312	83439	3611	5894	581	8313	1950	324	1496	6654	6655	2353	207	2261	369	5291	673	3265	1643	2002	842	5293
PI3K Akt Signaling WP4172	3320	3563	5523	1944	2246	1026	1292	598	672	4908	5154	1311	4193	64223	1969	2335	2784	5520	54541	5528	596	80310	90993	6194	8074	3690	595	1017	3695	8822	3559	3454	1943	6199	5519	1101	3908	5291	4803	1977	1280	208	2323	5159	23035	7143	3912	3915	8517	3845	4846	1386	4609	7039	5515	894	54331	4804	2309	5516	1436	8503	55970	5518	2885	5295	5618	1902	7248	4893	55844	5604	4914	6794	3679	2997	5649	7057	94235	898	7058	1278	9586	5934	3685	3693	1435	1388	2787	5879	3918	57818	10110	2260	92579	7249	7422	2785	2264	2257	10488	9170	2791	8516	3910	1027	3440	1942	9470	2255	3445	1299	3558	3456	27006	3561	7157	2248	3676	3443	253314	1291	22801	3575	5894	1946	6655	5156	2788	3643	3667	7424	3566	2247	5290	1956	8515	3082	5526	3455	2786	11140	2689	5747	3675	5585	207	256076	10681	4790	3909	1441	3678	2149	2259	6696	3560	3570	7010	2251	6446	1442	356	5586	1129	3672	3452	2783	1128	3481	23678	1298	3688	22798	1443	627	131873	1978	28227	1945	3630	3381	3480	5296	3451	5170	5228	3655	2263	2324	5562	284217	57121	2249	3569	2250	148327	51764	6009	7423	2475	2932	3716	284	2690	3914	2998	3444	572	23566	10161	4602	5294	7099	2254	3565	1293	57521	8817	3551	4233	2846	5605	51378	5527	3446	26291	3439	10000	285	3574	1385	7184	3680	2321	3449	3371	9623	6198	5105	6654	1021	5728	5594	6850	118788	3717	7450	3791	4170	29941	3696	146850	1284	5106	2056	1440	3913	3815	3673	63923	2261	468	5578	9965	2258	84699	64764	2277	3674	117145	2256	3694	7059	2538	5970	8115	5155	2782	4915	4909	896	3442	5525	3718	2790	5617	5293	3326	5522	3562	5529	2792	1297	2057	2793	3691	5563	930	59345	2253	5008	9134	56034	3479	1285	1287	7060	1277	10018	1019	7097	1286	3265	842	2688	3911	7448	2322	1282	1975	23239	5595	1147	3448	23533	7148	55012	1288	3441	5521	1950	4254	9180	26281	2252	10319
Hedgehog Signaling WP4249	596	374654	8643	6469	51684	157	57154	339745	409	1455	156	595	2737	50937	53944	5568	132884	91653	122011	23432	64750	8452	8405	5567	2735	11127	2121	1453	408	64399	5566	64839	2619	3549	5727	50846	1456	6608	1452	4036	894	1454	2736
Fragile X Syndrome WP4549	5604	6566	5728	348980	5594	2890	2563	6714	58512	2891	1915	8218	18	23405	23236	224	2571	6529	814	84335	160	5566	9894	64223	3746	5578	2534	2902	2549	627	2915	9463	81631	1979	9675	4204	7249	116986	1213	2554	1212	4915	3708	80852	7915	6464	351	1268	1845	5291	673	6895	1977	6009	2475	6457	2332	4318	6455	54869	1374	163	3845	64798	1173	815	5530	5499	2566	23426	5335	2561	10243	5781	5163	4131	1785	1605	5894	4763	57521	9524	9743	1742	27161	1759	8536	23191	9456	3751	8831	5825	1175	26999	5573	5605	23237	816	51256	1973	5526	1385	2904	2903	2885	1029	1211	8569	3218	2043	5909	7248	2911	50944	84867	9495	207	6198	369	1981	6654
Aerobic Glycolysis WP4629	6513	5315	5230	2023	2821	5213	2597	7167	3098	5224	3939	226
Aspirin And miRNAs WP4707	5465	5743	5742	7422	7471	10257	5163	4597	4846	4790
Nephrotic Syndrome WP4758	64423	27235	5373	5420	396	8565	10269	1585	51196	50485	51004	5800	3691	4643	84942	57107	7225	1493	54443	8542	4010	23607	4000	1871	950	2262	8029	4627	1285	79934	81	79809	83478	7490	3913	3675	1287	7827	977	56052	11346	1286	4868	2013	5076
Burn Wound Healing WP5055	1139	4088	7043	596	3553	7124	6591	836	7076	4318	2260	5159	3624	3456	6387	4615	5175	7852	7157	6347	3576	3082	125113	259	3853	79148	2919	7042	1278	916	79727	2312	43	50507	871	57152	2162	3956	6282	9314	7422	6876	2304	2263	10468	2264	7099	8796	284004	23476	3371	3146	5127	3579	6423	581	1950	4313	3383	6280	3569	1277	2200	6277	3440	7178	207	2261	1634	2006	3600	4312	4790	58
DNA Mismatch Repair WP531	4436	10714	2956	5984	5425	54107	5985	5111	6119	5982	57804	6118	9156	5427	5981	5426	5395	6117	3978	4292	5983	5424	56655
Kleefstra Syndrome WP5351	7403	57492	23054	171023	86	3020	6597	8289	9970	11091	58508	51412	79447	8314	55777	22976	84661	6602	6604	6256	79813	6603	6601	6595	6598	9070	5929	6599
Hunger And Satiety WP5445	4852	3952	2641	181	4160	5443	51738	5697
Estrogen Metabolism WP697	2938	1312	6783	2944	1728	54659	54578	414	54600	1576	7364	1543	412	1544	415	54658	1545	6817
DNA Damage Response WP707	1021	545	983	5884	472	836	841	25	8795	5888	85417	1020	993	5591	4683	3014	4361	5810	595	7157	1017	4616	898	1869	5883	995	84126	1111	54205	1026	891	1385	10912	5893	672	5371	6118	9133	8243	9134	4609	1647	5981	317	4193	50484	11011	55367	5366	11200	27113	896	637	581	9874	355	10111	5925	2177	1027	2810	207	1019	63970	27244	135458	894	1643	842
Monoamine Transport WP727	3553	7124	273	1621	121278	3690	4982	6999	10497	7054	6532	5819	6530	60482	6853	5516	6804	995	10066	43	7249	5934	135	6529	4842	183	6531	1432	7041	3554	114907	11255
Energy Metabolism WP1541	5571	3065	10514	5532	5465	4208	2932	4205	5467	23411	2551	5468	5534	23410	5469	5533	4899	7019	64216	2101	10891	2309	5530	1385	5563	5535	4209	5564	814	6256	1386	7352	53632	7351	2308	3276	23082	51422	5562	51106	100271849	1432	8648	818	133522	2033	5565
Heart Development WP1591	7423	6722	4773	2255	4208	2303	7424	3170	6469	5594	2296	23493	8553	4772	2626	23462	2065	6910	9464	4851	50805	8928	150572	3670	4089	2253	4775	57057	1482	7422	1499	4086	6899	5781	650	9421	657	5308	2627	27302	4776	6909	659	652
Irinotecan Pathway WP229	9429	1066	4363	54600	10599	1576	590	8824	1244	54658	1577	54575
Small Ligand GPCRs WP247	1901	6915	9248	5724	5729	1903	5733	8698	1269	5734	4544	5732	9294	5731	1902	4543	5737	5739	1268
Complement System WP2806	966	5329	3080	5621	6696	811	409	7057	4179	2244	727	2162	10332	728	2357	9370	719	1675	5566	1604	653509	3384	3673	22918	6402	5578	2773	4036	1369	6403	11326	3690	3674	6404	3381	2266	2214	6223	2771	720	729	730	5648	2159	731	7454	1452	717	2220	4153	335	213	1378	2161	7295	1401	1991	3912	3915	716	2219	325	708	930	710	3818	718	629	722	5806	2208	5340	729238	7097	958	5627	3911	7448	2243	2769	3426	10877	6401	133	735	2160	2286	10747	3075	3383	5199	27202	1380	1634
Ovarian Infertility WP34	2475	5241	472	2100	1958	2332	5888	6609	23224	4439	2492	1051	1618	9611	7421	2701	1588	1385	3973	7249	658	2661	5618	5732	6908	7783	7784	3623	8204	7248	344018	2516	11144	4292	1027	207	1019	894	4088
G Protein Signaling WP35	5136	387	112	8165	5576	94235	111	5568	10270	10566	5566	2768	5584	27115	2787	9472	3760	2784	2783	113	5578	2773	107	115	114	5579	23683	5144	6237	5533	9465	5582	2771	5567	2775	108	2767	10672	2785	9630	2782	801	3708	2791	51764	2790	5581	5583	2778	2770	5575	6548	5588	11214	2774	5590	3845	2792	2793	11215	5150	5530	5151	11216	5331	8622	8852	3265	5580	2788	5573	5137	5141	5153	2776	9138	109	2769	55970	2786	196883	2781	5142	9590	5587	9495	5143	10142	4893	10681	5577
P38 MAPK Signaling WP400	1616	3150	5923	6772	4149	8550	3315	4217	7186	4214	7042	1385	9261	4209	2885	5608	998	7046	1386	4609	8737	1649	8569	4293	5321	9252	1432	6464	5879	113523636	6885	6416	3265	8717	2002
Ciliary Landscape WP4352	246175	55388	23011	55081	4747	57560	396	582	65125	284086	2181	261726	83741	8636	55763	4173	140735	8533	80184	23265	85456	9657	92482	10640	54536	5713	79699	79874	57136	90410	30845	23019	57414	28981	7328	254394	11336	79598	80199	55764	10987	55207	585	25904	23549	5879	92104	100526737	1039	10051	23016	6103	129880	9882	64072	51646	124401	1655	5719	80232	6993	51138	4172	8655	167691	10421	54512	7021	10980	2040	7022	80173	80344	55036	4289	10726	4236	51314	203286	7431	64795	128239	25804	63929	801	4741	102724560	51143	10048	5048	2077	23301	583	79989	9255	26286	10296	5925	51552	54585	25861	26160	150737	11020	55212	9342	27429	56912	10555	10083	4704	8732	4436	9217	9125	55245	11018	51668	10939	5862	83657	339488	3934	55112	64792	60412	4174	55746	4171	815	8526	6990	1387	5393	1892	23404	3066	27241	64777	8100	27183	54994	123016	9318	54903	55770	9343	255758	25852	8826	7322	10413	5866	324	10238	83658	27152	2717	22981	4218	26146	3065	23059	112752	4927	1488	10920	80005	10424	140609	116225	4698	80258	5714	57610	2664	10788	79018	1781	7020	1778	7260	9742	7465	50813	10982	5476	10128	23233	140465	149371	5704	2720	1499	9669	4175	9859	1345	5718	4176	5899	64708	4637	89891	25980	84515	5706	1857	55812	6629	51098	4790	9883
EGF EGFR Signaling WP437	5604	858	5607	5728	5594	9146	6812	2354	6196	6714	6195	8202	3717	5801	9712	9564	160	4738	5601	6774	1399	9252	5753	4734	10746	50807	5584	1432	5879	5596	6456	4690	30011	5578	6776	5898	5598	5900	1445	2549	5579	10253	25	5287	1978	9922	2005	3636	51196	5296	5111	3725	5170	2185	9101	6777	998	6311	10928	857	23624	54206	10254	3635	6464	5338	5058	673	2002	3925	5599	2475	6457	4208	8440	3716	51079	4205	867	1072	868	163	58513	5590	3845	1173	815	1869	253260	10617	4214	10401	8027	4846	466	5335	6197	5337	5781	10451	83737	382	5921	5894	2060	8826	6655	2353	11184	9046	1398	1759	3265	5580	10188	7410	1175	4303	5359	9610	5037	6772	5605	1956	7837	9138	29924	3727	2697	2887	7409	8867	1385	6667	4209	2064	2885	10006	5295	9047	9846	5747	2308	6093	5899	9185	4216	1950	5868	4215	5782	5906	84867	207	6198	2059	3985	6654
Gastrin Signaling WP4659	5604	6550	887	5594	387	6714	182	409	5054	5743	6925	3717	4792	1026	598	960	25865	9564	330	9314	5566	5601	6774	1432	3815	5879	5578	2534	7525	4316	3688	836	6194	1978	5055	595	5296	1994	3725	5970	998	9076	7422	6464	7032	1027	5058	2002	2520	5599	2475	5581	5583	4208	2932	1958	10524	6548	5588	5468	3558	4296	8649	3845	329	999	572	5335	1386	4609	5781	5894	100271849	2353	3551	3265	5580	302	3667	1113	5290	1956	7082	2776	5595	1147	2309	3576	388	332	8503	1385	6667	4209	2885	51564	5295	3067	29984	408	1029	1499	650	5587	5747	2308	6093	64283	207	6198	1398	5829	4790	6654
Serine Metabolism WP4688	63826	7298	29968	26227	1719	6470	5723	6472
Purine Metabolism WP4792	471	100	3251	3704	3614	1716	270	7498	353	4860	5631	159	158
Neuroinflammation WP4919	5970	5599	1432	2475	1147	4792	2353	4843	3725	7099	51008
FOXP3 In COVID 19 WP5063	3572	3561	3570	6777	942	940	3569	6776	3560	6774	50943	3558	3559	3575	941
Kallmann Syndrome WP5074	10818	2260	429	5605	6663	5594	5290	745	3730	10215	3972	128674	55636	2796	2885	60675	2253	26022	5781	9723	23129	207	5015	4762
Estrogen Signaling WP712	5604	596	2778	5594	5290	8517	1147	2792	3725	1385	6667	2099	2852	4790	5566	5601	2782	1432	2353	207	3551	673	2002
Nuclear Receptors WP170	7376	2494	2063	5465	7025	3164	5241	2100	6095	5467	7101	5468	6257	5915	2101	367	9970	7067	8856	4919	7421	7182	2099	3172	2908	6256	7068	6258	6097	4929	2516	5916	5914	190	2103	9975	7026	10062
Folate Metabolism WP176	19	3553	6573	3643	7124	12	4143	2350	2878	191	335	213	4522	3458	3558	1401	257202	5327	6289	2243	3949	10797	7157	5054	6347	4552	949	2147	2348	1491	2244	2266	3043	2155	3630	55312	6648	2618	6649	4353	5970	2879	390243	4790	1719	1435	2877	2352	847	102724560	3565	4524	113235	4548	6647	3383	2876	3569	5340	4791	338	6291	6470	10588	6288	6472	80308
Leptin Signaling WP2034	5604	5599	2475	2932	5728	25970	3667	3716	3952	6194	6772	5605	5966	5594	1978	3840	5140	387	9475	6714	6195	8517	5595	1147	3717	5970	30837	5296	31	4846	1154	1385	5563	3953	9021	2099	6667	572	2064	2885	10657	5295	6777	998	5336	5335	5770	2931	4790	5781	6774	5747	2308	3265	6093	5562	5894	8835	32	1073	1432	8648	5879	6464	6654	207	6198	3551	1977	2002	2534
AGE RAGE Pathway WP2324	5604	4088	5599	4087	4303	5579	4316	3643	841	836	3667	4478	4318	5580	6772	5594	387	6714	4615	1956	3625	114609	5590	5595	1147	3717	4792	3630	4843	3725	54205	4846	1729	6667	5970	6777	998	249	177	51135	1386	5601	6774	3091	7430	2308	5321	6093	1650	5894	6647	3958	1432	4322	6464	4313	5879	4323	6776	4481	207	3551	5578	653361	4790	842
miRNA Biogenesis WP2338	57510	29102	54487	23405	5901	6895
Zinc Homeostasis WP3529	7779	23516	10463	4490	4494	4493	4501	7922	55532	55676	55630	7781	4504	29985	29986	64924	4496	4520	4502	84560	4489	27173	64116	7780	4495	169026	57181	25800	91252	4499	201266	7782	283375	148867	221074	55334
Sleep Regulation WP3591	6770	1141	5021	1392	3356	1813	3606	117194	8911	191	2691	5730	7054	8863	22871	5020	5729	114781	594857	3062	134	2903	2030	4862	135	10911	2837	4544	3061	1812	100	4887	1471	1814	3569	1737	2353	51738
MTHFR Deficiency WP4288	635	1312	836	10400	3176	10919	2906	501	56994	55349	54205	5130	2903	55471	438	1119	79813	1789	1786	4524	1788	4141	842	2902
Joubert Syndrome WP4656	6009	129880	2475	1069	472	9731	65062	10524	56623	200728	6469	51684	582	387	27130	23322	65250	91147	284086	9786	407	80776	4361	8481	5148	5145	23090	80184	10464	79583	9094	6102	5116	79600	22897	403	203286	4646	27241	57545	79598	1068	4644	79867	79848	26123	51259	123016	54903	117177	10111	200894	585	5158	583	153241	9738	1855	27031	80210	402	142	27077	54806	2316	1857	95681	5108	5147	51524	261734	468	55212	4218	51199	4867
Male Infertility WP4673	346673	2100	55170	23304	5620	904	8900	7057	54514	1106	676	339834	55423	4057	57055	27030	356	5981	30827	4193	5619	55818	5395	2119	56979	4313	5726	8290	635	596	7124	10400	3981	905	6660	7508	57491	6948	7520	675	11218	4843	9101	6406	2775	7517	440822	4842	51087	3983	847	3159	135138	113235	4548	142	340719	5444	2876	116511	338	54456	29968	2033	143689	5896	373863	5243	58531	26609	472	4318	4522	343171	128153	9319	57135	9271	283629	1387	1543	1618	55124	4846	196	10537	124404	150280	4780	124842	5445	3122	355	4292	83844	9575	6716	57054	57119	27161	6470	23369	4438	5423	8476	3643	1025	2346	4477	9985	2068	367	4439	83983	7518	140690	56603	4552	1617	6648	6649	94240	158983	8787	2099	8812	1728	222229	7320	406	5428	5192	4524	7516	84072	9194	2067	23626	3817	1191	140885	1586	7180
Hedgehog Signaling WP47	156	27148	2737	5727	374654	50846	8643	6608	25942	406	10284	2735	6469	3549	51684	2736
Insulin Signaling WP481	5604	5607	5506	6236	5728	2997	2992	5594	30849	6812	6196	6195	6814	5880	7494	6300	252983	4294	6446	8651	2931	5213	5601	10487	9252	10746	5584	2888	1432	5879	11183	5596	3799	6416	5578	23678	5871	5606	5792	5598	57381	3631	6722	9882	5167	7786	2549	5579	10110	5286	1978	9448	5288	3636	5289	4217	3480	5296	5170	3725	115703	10603	25759	7249	30846	5600	375	8986	5967	23624	6199	4293	9175	5562	6464	9064	8491	5291	27330	1977	2002	4641	208	50488	5293	5599	2475	6009	5583	57761	2932	1958	867	9265	5588	5609	4296	6810	10938	868	2319	5590	4214	6844	5563	2998	6616	53358	9021	8660	6197	5602	5781	5294	382	5894	5867	10211	6885	6655	2353	11184	3551	3265	5580	6513	3643	3667	5605	6517	5290	8471	5603	9020	5595	5211	2309	2887	10580	8503	2885	23433	5295	11127	5608	5770	6813	3991	2308	7248	4216	4215	8773	2889	207	1326	5597	6198	1398	6654
Hypertrophy Model WP516	4656	102	3606	3458	1978	3552	27063	8013	467	11072	3727	3475	6935	9948	3491	7422	2660	3554	1839	1977
Creatine Pathway WP5190	4942	2593	6535	1152	2628
Alstrom Syndrome WP5202	84984	1874	55968	51668	26052	84062	11159	23432	80173	26258	5989	7415	80124	28981	4645	5990	55125	55330	7283	353116	81	7029	23557	114928	5727	6608	128344	7840	26160	11020	6811	2647	5991
Heme Biosynthesis WP561	1371	212	2235	3145	210	7389	5498	211
CCL18 Signaling WP5097	1237	4313	1000	2185	205	9839
Dravet Syndrome WP5200	2475	7124	348980	6327	55615	6812	79899	5290	3737	1106	815	253260	6323	6330	5600	6334	79109	57526	801	64223	6328	6324	6326	207	55800	5578	4790	2258
Cancer Pathways WP5434	2950	3320	4257	9446	8900	3563	1163	7704	2246	1026	5733	598	6921	5154	10683	4193	623	6778	3592	3567	637	5914	5727	2335	2784	7472	146849	113	5898	5900	4437	596	54361	5979	5915	595	1017	5582	51426	675	3559	3454	2767	10928	6199	5925	3908	5291	1030	208	840	54567	2323	2953	5159	6257	29119	3912	3915	8517	3845	7042	4314	999	7170	5336	810	5337	4609	1647	7039	3091	3827	163688	1496	3600	894	10587	3596	7043	9002	7477	6772	7478	54331	23493	3572	3601	1436	8503	55970	2064	2885	5295	7046	653689	4485	1499	7709	1902	3714	5366	7480	331	7482	581	8324	369	4893	4088	2948	5604	4914	841	387	6775	1612	8325	7852	94235	898	26060	23236	4089	6932	3685	64399	5566	1399	2768	2946	2787	2949	5879	4040	3918	3459	6776	4853	115	114	2939	9817	836	5888	2260	4286	1906	10342	7474	4843	2944	613	5567	1487	8030	2941	7422	183	2785	2264	8031	9170	2791	3910	3597	8321	818	7175	1027	3440	7484	4436	3445	7040	2770	7296	10235	3458	3558	3593	9475	3561	7157	7475	815	23604	1387	10912	2735	3162	3443	11040	8323	5602	3575	83439	862	7015	5894	324	6655	8454	2353	5156	2788	3065	6513	4854	3595	7424	6469	7483	3566	5290	2113	1956	354	2776	816	3576	4616	3082	7855	54205	7976	6667	3455	2786	25780	5732	26508	6258	650	8312	5747	3675	1857	207	11186	1398	10681	4790	3909	7479	2100	1441	2149	3560	3570	11211	1870	5743	5568	111	5880	9915	4792	4259	1909	51561	330	8326	4855	6256	356	5601	624	1050	4313	3452	6608	2783	10125	3481	6502	107	1910	7476	3688	22798	25	7471	54583	5330	9826	3480	5296	51384	7473	3451	3725	5228	2771	3655	6777	10672	1871	2263	317	7189	2034	2324	81029	284217	23401	57121	3569	2947	2033	119391	2002	51764	7423	2475	1495	2778	2932	3716	2122	6934	5292	79444	3914	3444	572	3066	221357	112398	23566	4780	10161	817	5731	3565	5331	1856	238	355	1855	4824	4292	28514	3551	5881	4312	1643	51176	4233	2846	5605	4041	3446	367	23462	3439	4851	2147	9138	10000	109	332	3574	7481	7184	196883	1029	3449	3280	8453	27113	6198	2736	1021	6654	57449	388585	5332	5728	7849	51806	51684	5594	23365	112	182	4149	8202	3717	112399	10297	1284	8322	2056	6774	6500	9252	3913	3815	3673	10023	7048	2261	2773	5578	5579	8643	2277	5467	2956	6387	3674	9618	9978	890	7186	1613	5970	27436	108	3594	5155	2782	1439	896	6773	3442	8648	5338	89780	3718	673	652	2790	5293	7188	3568	5599	3326	4087	7428	405	83593	867	5468	3562	2940	2737	2792	7185	2057	1869	2793	329	59345	578	91860	185	3460	5335	9134	3479	1285	861	2271	80326	1287	2535	4791	10018	1019	1286	3265	842	4258	374654	8772	3911	1488	2322	1282	114112	6923	5595	1147	115727	3448	1288	2099	5371	5734	1728	7187	3441	2308	6093	1438	5899	2938	1950	8313	4254	3728	1630	10319	6688
IL17 Signaling WP2112	2932	3716	10758	5594	64806	5290	8517	9020	5595	3717	84818	3605	112744	1051	4793	6667	55540	5970	27189	7187	54756	6774	23765	7189	53342	1052	27190	6885	207	132014	4790	3551
IL11 Signaling WP2332	5604	596	7525	7040	3716	6194	6772	5605	5594	6714	3572	2242	6195	5595	1147	3717	3381	632	5296	5170	332	860	1385	9021	466	5970	2885	7297	5295	5781	6774	8554	3590	5894	3673	3383	5524	207	3589	6198	3551	3265	10401	2534
Notch Signaling WP268	3065	4853	54567	388585	4854	2648	113878	1488	9612	182	11317	4851	151636	1387	8650	1487	23220	3066	51763	9794	83464	55534	4855	8850	23385	10683	9253	196403	51107	3280	3714	3762	1856	5986	1855	6868	5664	1857	5663	28514	3955	1840	171558	4242
Bladder Cancer WP2828	5604	4318	5605	5594	6714	7057	1612	1956	595	7157	3845	3576	4893	23604	1869	5296	1026	1613	999	2064	5295	7422	1029	4609	4193	9252	1890	5894	1950	4313	5925	1019	11186	2261	369	673	3265	7380	4312	1839
NAD Metabolism WP3644	23057	349565	65220	142	22933	51548	51547	952	23411	10135	4907	23410	23409	23408	203447	64802
PPAR Signaling WP3942	5465	2180	28965	364	4973	335	116519	4023	4312	5467	5468	6257	9415	2181	1374	345	2173	6342	1962	23305	51	51703	4199	126129	81616	1581	10999	30	5170	10580	1376	948	1622	6319	2182	1593	33	34	1579	23205	2712	2169	5360	5106	2713	6256	9370	11001	2167	3158	6258	336	1582	7350	10998	8309	5346	3611	51129	1375	2172	2171	2170	2168	10062	376497	5105	8310
mRNA Processing WP411	6729	5430	10181	6432	6625	3183	3275	7307	6627	23405	24148	11129	10291	22916	53981	3190	8405	10898	56339	1653	10992	140890	58155	23450	6421	51362	9785	3191	8106	23283	6636	51692	10658	6635	10421	1196	11218	6634	1660	4686	6431	4904	55660	6638	3178	11051	57794	6626	6628	6637	5725	84991	1479	10972	1478	8732	6434	10147	10907	83443	10914	51690	1198	6426	8559	6430	6632	1659	8449	4841	10772	8683	23451	56853	3192	57819	6829	3187	8731	27316	6433	3276	6429	9343	9128	10921	10482	9584	10946	9410	10250	84844	10978	3182	6733	6633	6732	29894	8899	5094	2521	10659	57396	5496	4670	1477	8243	10594	1665	3188	5681	6427	22803	22826	10236	1195	4809	3181	8175	6428	9129	6629	11338	10262	3184
DNA Replication WP466	8317	10714	55388	23594	4172	23595	5984	23649	81620	5425	4173	1017	4174	29935	4171	4998	5985	5111	6119	5982	10926	5557	57804	6118	5000	5427	5981	5422	4175	4999	5426	5558	990	4176	6117	8318	7316	5983	5424	51053	7311	5001
IL18 Signaling WP4754	3659	8807	5579	7124	2932	836	841	5728	3606	4205	5609	5594	4615	6559	27178	7132	7157	4688	5595	1147	4792	3315	8809	1994	1051	54205	2904	6667	5970	1447	5295	55272	1499	356	5601	7189	8837	5562	637	581	32	142	2623	355	3932	6885	3654	4776	100302736	27035	6198	3551	5578	653361	4790	5580
CAMKK2 Pathway WP4874	4773	19	51024	256691	5594	1131	84557	56975	898	10803	3791	8874	375704	114625	814	5106	1727	5209	56269	92745	5879	6352	10125	6402	2628	8638	51316	9817	7124	6194	10661	23411	6279	3099	81631	6005	595	940	31	6720	28959	6786	5970	4842	801	10645	28232	142	2194	2033	5058	28964	2475	1510	9814	8878	22861	200186	6373	57539	9759	10964	3145	59341	56907	7466	2057	8408	340348	57205	999	3162	4780	6692	89874	3091	10059	3098	6007	4281	5894	57521	50614	7412	440	3600	8536	993	6513	6517	4094	388581	358	5595	6862	1385	482	5208	51327	8243	3077	4600	932	7248	1371	3383	7103	6198	2645	23327
IL26 Signaling WP5347	5599	4087	3553	7124	836	3588	3716	4318	245972	6772	5594	81501	100289462	5290	4772	2042	55801	5595	3576	3717	4792	8600	3605	1437	3725	4353	9021	5970	7297	90865	59	1649	53832	3586	5601	6097	6774	581	1432	3383	3569	1513	207	6364	4312
IL19 Signaling WP5422	5599	7124	7040	3716	4586	6772	53833	5594	3566	7132	9655	7852	5595	891	8651	59	53832	6774	6778	3565	1432	5879	6356	29949	1277	207	4312	4790
Glucuronidation WP698	7367	54657	54600	5238	574537	7363	7366	10720	54578	54579	54490	54658	7360	54577	79799	7358	5239	7364	3098	54576	54659	5236	55276	10941	7365	54575
Nucleotide GPCRs WP80	136	135	5029	5028	140	10161	2846	5030	5031	134	1241
ATM Signaling WP2516	4194	983	7161	472	25	5888	993	8120	4683	3014	4361	7157	1017	8517	4792	898	5883	995	1111	7158	3725	1026	891	1385	672	835	8243	9656	1386	8737	1647	5601	4193	55367	11200	637	9874	10111	2177	8738
Focal Adhesion WP306	3909	5604	7791	71	858	58498	2317	5728	3679	3678	6696	5594	387	5649	6714	7057	5880	394	7450	7294	7058	3791	3696	1278	103910	1292	1284	5062	5154	1311	9564	330	3685	3693	4636	5601	1399	7094	5753	3913	3673	5879	3672	2335	3918	640	63923	54776	5578	2534	596	3055	3688	5579	80310	55742	2277	4638	3690	3674	595	29895	5582	3695	87	3381	3694	3480	5296	7059	5170	3725	5228	29780	25759	3655	5501	998	857	2909	55359	7422	5155	91807	7414	1793	896	3910	8516	284217	6464	1101	2316	4659	10298	3908	5058	673	859	5291	2002	1280	208	5293	7423	5599	10398	5063	2932	5159	7143	340156	9475	83660	8711	50509	3912	3915	7408	3691	2318	3676	329	3914	5499	85366	1729	53358	572	23396	22801	5602	5500	56034	10451	3479	81	5894	4633	399694	60	7060	1277	5156	1286	2013	5881	894	3265	10188	10420	7410	6725	3911	5923	7424	4233	7448	824	1282	106821730	5290	1956	8515	5595	1290	3082	10000	7148	7409	1288	8503	64098	2064	2885	3680	5295	10627	2321	1499	93408	2268	5747	4660	6093	3371	331	3611	5908	1950	3675	2889	5906	207	1398	5829	10319	6654
Lung Fibrosis WP3624	91039	3596	1832	3553	7124	5073	7040	7076	655	4318	4092	6696	79991	2920	5328	796	3593	2247	727897	1906	6347	3576	3082	255520	26585	729230	1437	1051	10144	388372	2246	4502	23250	4204	3162	1490	1215	5154	4780	5155	7039	1440	6348	3479	6498	3565	7015	5265	51750	1232	3567	653509	1950	5806	4313	6356	6352	3569	6440	729238	57105	2006	2252
MAPK Signaling WP382	5604	5607	4914	2317	2259	3306	3303	5594	5534	22800	3552	409	2251	4149	22808	8550	775	5568	5880	5801	5778	6300	10369	100137049	2246	80824	785	51347	774	1850	9261	123745	4908	4775	5062	5154	9344	27092	356	120892	1848	5566	5601	1399	9252	2768	10746	3305	23542	1432	10454	5879	1844	8605	779	6416	11221	7048	2261	10125	468	5578	5871	5606	1616	9965	2258	5598	6722	7786	8913	3553	7124	627	836	2260	8074	6237	9448	5533	23162	4137	2005	4772	784	5582	51776	55799	2256	4217	7186	3725	8822	5567	776	255189	1852	5970	23118	998	5600	8986	2263	5155	8823	7189	778	59283	2257	2264	4915	9175	4909	59285	777	2249	2316	9064	2250	8491	1845	5058	673	4803	5495	2002	3925	208	5599	2255	8912	4208	7850	1846	7040	8911	5159	10235	5609	4296	27006	8649	5536	7132	7157	8517	3845	4893	3315	2248	782	2318	4214	7042	5530	2872	51295	5535	2253	5494	5971	6788	6197	1386	5602	4609	1647	1649	5321	3312	2254	5921	5894	4763	355	783	113523636	6885	786	4791	6655	8817	2353	27091	11184	51701	3551	3265	5881	59284	5580	1849	7043	5532	773	3164	5923	9254	5605	6789	2247	1956	3310	5603	9020	2252	26291	115727	1147	5595	3727	10000	781	55970	5922	2885	9693	5608	7046	5924	408	25780	7867	8569	93589	929	4216	5908	1950	1843	994	26281	283748	84867	207	1326	5906	9479	369	3554	1398	57551	10368	4790	6654
ATR Signaling WP3875	3364	545	6117	6118	5883	144715	84126	1111	6119	11073	5810
GPR40 Pathway WP3958	5333	23236	3710	51196	23007	2767	5336	5334	5335	89869	2864	113026	5330	5331	5310
Ras Signaling WP4223	5604	84630	4914	27	51806	5594	387	22800	7010	22808	9771	94235	5568	5880	23179	3791	100137049	26279	51365	8844	598	123745	57144	5320	5062	356	5566	5601	1969	2787	3815	5879	8605	2784	2783	8036	2261	10125	5578	5898	5863	2902	5900	8398	2549	5579	5322	25	2260	6237	391013	81579	283455	5582	2114	51196	27040	3480	5296	5567	255189	30814	64926	25759	5970	998	10928	2785	2263	2782	801	4915	2264	2324	2791	8399	6464	5338	10298	5058	5291	51764	2790	2002	208	5293	5599	3363	5063	83593	5159	10235	64600	8517	3845	2792	2793	8437	59345	53358	572	91860	5336	5335	810	5337	5602	5781	5321	9462	4301	382	55770	5894	5921	50487	4763	100271927	399694	163688	6654	6655	22821	5156	3551	3265	5881	5869	2788	8315	8831	4303	3643	9610	5923	4233	2322	5605	11145	5966	6789	106821730	54331	5290	2113	1956	5595	5878	1147	115727	4804	10000	1436	8503	2904	55970	2903	5922	2885	5295	5924	2321	2786	25780	9846	7535	7074	5899	5908	5868	84647	5906	283748	207	11186	4893	5319	10681	4790	10156
Rett Syndrome WP4312	8295	6907	3065	8831	85358	9568	4208	1108	9612	673	3064	6812	6597	2563	23224	27443	23314	6925	51412	23221	8892	55869	9611	4204	2904	2903	6323	10765	2775	9001	8243	6334	2874	56949	2290	3615	9014	10014	6595	3766	6326	6594	6792	79718	3097	1398	2556
Thermogenesis WP4321	788	71	63976	23028	6597	2181	155	6196	112	23305	6195	5568	111	51412	6300	2641	9586	5564	656	84335	8110	5566	64223	5346	55818	1375	1432	51780	113	6599	107	5606	84699	115	114	2180	64764	90993	10818	2260	86	6194	51703	10891	4217	1376	5593	2182	5567	7249	108	57104	5600	6604	53632	6199	10488	5562	6595	51548	1268	27330	148327	6009	2475	2778	8193	7350	5468	1374	8289	11343	3845	5563	152831	6197	1386	6603	6605	353500	57521	60	9658	6655	5565	3265	5571	4881	57492	123096	5603	26291	126129	109	55811	1385	2885	6602	196883	5592	3991	7248	6601	51422	6598	6198	4893	6654
Nephrogenesis WP5052	7484	80000	4853	8854	2297	2253	6943	84870	655	26281	89780	54361	130497	10736	284654	4211	182	5076
FOXA2 Pathway WP5066	4547	2939	3667	3170	3169	51085	10599	3630	31	6720	8660	2308	10998	2946	8714	2938	133522	338	2194	10257	1244
Axon Guidance WP5289	59277	3688	2770	2932	25	4233	8829	50855	22885	1947	151449	1020	2047	1072	23365	5594	56963	6237	6387	6585	6714	7852	2242	6586	5590	3897	91653	7220	6259	54361	7474	5170	84628	56896	103910	7976	25791	10371	64221	658	23380	998	55740	29984	6091	54437	9860	6093	4917	1969	5361	137970	3611	5894	5921	8482	56288	5727	5879	6092	10500	57689	1808	659	4690	9353	1630	5578	3265	1942	6469	2534
Monoamine GPCRs WP58	1816	3358	3363	152	3356	1813	1133	1132	3360	3361	3352	155	3357	148	1131	3269	3274	1815	3351	150	154	151	3354	3355	146	147	3350	1129	1812	3362	1814	153	1128
Notch Signaling WP61	3065	2475	55294	4853	54567	2932	388585	55502	4854	9612	7088	22938	6714	23493	182	3717	4851	5296	9611	23013	8650	3516	3066	5295	84441	8819	9794	4100	83464	9541	55534	4855	23385	6774	10683	9253	2273	3714	3280	51107	83737	6500	3932	6868	55851	5664	5663	8454	207	28514	2033	1840	4790	6015
ErbB Signaling WP673	5604	27	5594	6714	1026	57144	5062	2066	5601	4193	1399	2069	6416	4690	5578	6776	2549	5579	25	1978	595	5582	9542	5296	5170	3725	25759	6777	6199	10718	6464	818	1027	10298	5058	5291	673	1839	2002	5293	208	5599	2475	5063	2932	8440	867	5609	868	145957	7157	3845	815	3084	53358	572	5336	5602	4609	817	7039	5894	399694	685	6655	10018	1398	3265	5605	106821730	5290	1956	374	5595	816	2065	10000	8503	2064	2885	5295	5747	2308	1950	207	6198	369	4893	6654
IL5 Signaling WP127	5604	3568	2932	3716	6194	6772	5605	5594	3558	4067	4137	6195	6850	5595	3845	161742	2309	3717	5296	3725	2885	5295	6777	2931	5781	6774	6199	1439	5294	5894	695	6464	207	6198	6776	2002	6654
Angiogenesis WP1539	4318	405	5594	7010	2247	6714	5290	7078	3791	284	1387	4846	5335	2321	7422	4086	2263	5155	3091	5747	1432	7077	207	5156
TP53 Network WP1742	7341	7161	596	472	666	25	8743	8626	7157	1026	1029	4609	1647	4193	5366	27113	637	581	5015
IL1 Signaling WP195	3656	5604	5599	11213	3553	3316	8878	5605	5609	5594	5966	54472	3552	4615	8517	5590	9020	1147	5595	4792	5296	7335	3725	4214	4793	51295	57162	9261	5970	5295	3556	5608	23118	257397	5335	51135	1386	5781	5601	7189	10746	1432	57161	10454	4215	7334	6885	3654	6416	207	3554	5606	4790	3551
IL7 Signaling WP205	5604	2932	3716	6772	5605	5594	3561	5595	5296	2185	3574	572	5295	6777	6774	3575	3718	207	6776	2534
PDGF Pathway WP2526	5604	6722	5599	7410	3716	6772	5159	5594	387	2002	6714	23647	5595	1147	4792	7409	3725	4214	8976	2885	5295	998	5154	5335	5155	5781	6774	5321	7074	5921	5894	6464	5879	6416	2353	5058	3265	4790	6654
IL3 Signaling WP286	10971	5604	3568	5599	596	3055	942	7040	3716	867	5777	5594	969	4067	6714	3563	3562	6850	5595	3576	3717	5296	5293	7409	3725	598	572	2885	5295	6777	7529	5169	5566	5781	9846	6774	1439	1399	1232	5894	3635	6464	2889	6654	2353	207	6776	3265	2534
NRF2 Pathway WP2884	2948	2950	3320	54600	11182	3303	160728	2042	2730	4199	6538	6530	29986	4259	388662	8824	154091	6540	11254	6529	6256	873	57181	1969	2946	23764	2949	7048	6526	283848	2258	2939	9817	5467	200010	55117	645	81031	6524	6527	54578	29988	54658	2944	2936	2941	64116	5155	9152	7364	2877	5265	2947	131	144195	6533	177	1839	3337	23657	114134	3326	7040	28968	1958	7296	2512	2953	8878	7922	7295	221223	22949	6536	5226	2940	55630	2495	6535	3084	7042	2539	155184	1579	3162	54577	6518	1548	2678	221357	218	4780	2729	340024	6531	7039	25800	91252	1066	66035	4097	10257	221074	125206	9588	54657	4258	6513	23516	8884	2878	115584	159963	10057	6514	114112	6517	6528	6532	60482	29985	3082	54716	348932	6649	5052	27173	1728	874	6523	56606	8714	2938	6515	201266	23491	1244	283375	140809	6534	55334
Wnt Signaling WP363	1021	5599	2475	4773	5579	2932	51176	5594	5468	387	4920	4041	409	6934	595	53944	2646	5582	6925	607	6259	4919	1487	6929	7249	6656	1453	1499	2931	5601	8312	7248	1856	1855	8395	5879	6885	324	4040	55361	1857	10023	207	1452	51701	5578	1454
IL6 Signaling WP364	3659	5604	3065	2063	3055	2549	2932	7076	3716	6772	5605	5594	3570	1401	3572	5595	3717	5296	1387	7409	3726	7432	598	9021	572	2885	5295	639	7297	183	5781	6774	6464	8648	5879	6885	3569	6416	207	6198	51701	5580	6654
IL4 Signaling WP395	3667	3716	6772	867	5777	5594	3566	5290	9655	3561	2242	5595	1147	3717	4792	5296	1051	9021	5970	572	2885	5295	8660	6777	7297	5600	8651	1386	4790	5781	9846	6774	6778	3565	3635	1050	1432	6464	6654	2316	6776	2353	207	3718	2033	6198	3551	9046	2002	5293
Wnt Signaling WP428	4773	6425	5332	83999	1459	5328	5534	387	8325	11211	5176	9350	166336	23236	6932	4775	8326	5601	27123	5879	4040	23002	10023	7472	5578	7476	5579	6424	7471	50964	54361	5330	5533	283106	595	4772	5582	51384	7473	7474	3725	147111	1487	896	59343	81029	1460	23401	8321	818	89780	1452	5599	2932	8061	6422	1457	64321	57680	27130	4920	9475	6934	85409	56998	7475	815	6259	5530	144165	5535	2239	8323	4609	817	85407	83439	5331	1856	1855	80326	6885	324	2535	81839	51701	894	6423	1454	11197	5532	7477	51176	1488	22943	4041	57216	816	4919	7855	7481	7976	23500	1499	27121	8312	7480	7482	4776	1857	8324	64840
Ciliopathies WP4803	139212	55081	57560	161582	54919	51684	30849	582	284086	79140	23322	112	388939	84131	55130	168507	132884	80184	10464	345643	9657	92482	84140	122481	9094	55172	55624	166379	403	28981	55764	51134	9364	200894	585	9851	27019	339829	83544	55857	123872	6608	51715	7840	1063	129880	25886	124401	9731	6101	25814	167691	8195	83538	219844	6102	23432	55036	83861	51057	4867	352909	4750	79600	22897	51473	23093	203286	10733	57545	63929	51364	4952	7287	5310	93233	115948	6674	583	153241	27031	345895	54768	54806	5147	95681	54585	261734	26160	11020	55212	94137	85478	29922	79659	1768	65062	56683	1258	10806	91754	374407	57539	27130	132320	9786	8481	57728	55112	2737	23090	347736	89765	79738	282809	83479	57096	27241	114327	202018	4751	5314	79848	26123	10210	123016	54903	8239	92002	1259	79809	255758	146057	23568	51524	27152	157657	221322	8701	26146	201163	220136	84984	23059	112752	26005	374654	84662	755	56623	63917	64446	200728	23639	84314	65250	91147	80776	10309	22858	5311	2622	79583	4117	146845	9742	7546	2121	1406	79867	84100	51259	23247	89891	27077	221421	55812	22954	92749	7275	51626	51098	2736
Spina Bifida WP5150	4548	4552	23382	4143	1788	191	4522	4524	1789	6470	1786	27430
G13 Signaling WP524	5063	387	1072	9475	5290	4632	9138	10788	5296	85415	5305	8976	1729	998	10672	5216	5602	57630	11113	5500	801	398	6242	6093	4216	10188	8826	1073	3984	4608	5879	5585	7454	397	6198	5291	23191	5293
TAR Syndrome WP5362	3134	5174	57817	3688	9775	116085	7329	51463	1080	4233	2322	5824	3458	148738	23411	6583	3133	915	7295	1956	84265	7852	8515	10616	10623	3107	57805	55004	9368	4116	8799	84305	9748	10622	9112	9855	3066	1182	10158	6613	11216	3106	3105	142680	3135	6774	463	10621	2972	148741	3932	23786	200035	129531	11126	919	5045	8764	1759	4790	10401	54541
IL9 Signaling WP22	5604	2885	3561	5295	5595	6777	3581	3716	3718	1025	5296	6772	5605	6774	5594	3578	6776
Adipogenesis WP236	2971	123	10269	80339	5054	1051	9611	1026	28999	5934	5106	8651	6256	9370	434	1675	6774	6778	8204	3976	5346	5914	1050	651	4282	10135	10062	6776	6424	7124	7471	5467	10658	10891	1592	3630	3399	4692	6319	6720	6777	25937	2487	183	2625	10499	6695	2034	3159	1959	81029	3977	6773	8648	8321	5925	3569	8788	652	10555	5465	1874	57761	4208	7040	6095	4205	7350	5468	6927	1869	1879	2662	196	55847	9021	8660	5008	56729	1647	1649	3091	3479	26580	100271849	4154	355	1855	2688	7291	83881	7025	649	5933	3667	3952	2303	1271	9612	6772	4023	6517	8471	3572	2626	2624	4616	9663	1385	6667	4209	2908	4000	5618	1499	6258	650	3991	64900	2308	8609	7480	1052	1316	23175	5740	688	5105	56603	4088
Peptide GPCRs WP24	2693	5021	4987	4829	6753	1233	554	1236	886	8811	887	4157	6870	2532	255061	6869	2587	10396	7852	4158	2826	2492	6751	10663	10803	643	2359	7253	729230	2925	100996758	186	1234	1230	1909	2358	3973	4986	4988	8484	185	7201	553	1524	728	2357	6865	719	2833	4161	3061	6752	4160	623	4923	4886	4889	2798	1232	624	1235	1237	3579	4887	6754	6755	3577	552	4159	680	4985	1910
MAPK Cascade WP422	5604	7786	5605	5609	5594	6237	8649	5595	3845	4893	6300	3725	4214	2885	5608	5602	5331	10746	5894	1432	4215	4155	6655	6416	22821	4133	369	673	3265	6494	5606	2002	6654
Ferroptosis WP4313	30061	23657	5093	2180	27235	23516	6520	1645	5621	7037	2512	2643	7296	7018	6510	55240	2181	51510	440738	112483	81631	84557	2730	23305	51703	7157	6303	2937	2495	81539	1491	3315	5094	1356	2182	55847	10162	79643	3162	50507	10533	4891	7419	7417	2879	8644	2729	64116	8031	84883	102724560	1536	94033	5261	571	3156	5447	9474	27035	246	1646	3658	2222	1803
IL2 Signaling WP49	5604	3716	6194	867	3560	5605	5594	3558	6772	4137	3561	6850	5595	2309	3559	2185	1154	9021	2885	5295	6777	5781	9846	6199	1399	6774	5894	9111	6464	3932	6654	3718	207	6198	6776	3265	2534
Cholestasis WP5238	3949	949	9970	6580	8647	6579	2052	64241	5244	6554	6256	5205	8714	64240	3156	10257	9971	1244	9414
GPCRs Other WP117	2149	887	341416	144124	59352	26211	1131	57191	2492	2692	221395	1815	128674	4992	54112	1952	1234	1909	84059	81050	51289	3355	29929	8390	26212	146	4923	11245	1129	5737	2840	9290	283383	6608	23266	9287	84539	4935	8392	23284	83873	3356	393046	140	2925	4994	2837	26494	138883	1268	10888	1951	118442	3363	1901	8387	26333	254786	2532	9038	341276	2841	84658	9620	2918	27239	26245	53829	3579	29933	56413	1814	26648	59340	79541	9289	59350	5032	1880	53831	135	154	30817	2833	6752	2798	2911	3577	27202	26716	64582
Cori Cycle WP1946	5223	6888	6513	5214	5230	2821	3630	3098	5232	2597	7167	2875	6514	6517	2539	3939	226
ID Signaling WP53	5934	1017	5079	5925	5076	5933	3397	898	7849	3399	2004	3398	4654	2002	6720	2005
Cell Cycle WP179	1021	545	7532	8900	5591	4173	1870	898	1026	51529	5934	4089	9133	25847	902	4193	6500	4999	10393	990	11200	8318	6502	10971	25	4172	23595	9232	5885	595	8555	1017	9978	890	1111	5111	891	8881	64682	9184	1871	996	896	991	5925	1027	2033	1030	10459	8317	4087	27127	1874	10274	472	2932	7040	7027	85417	1032	7157	4174	4171	1869	4998	7042	10912	10926	3066	494551	699	5000	8556	9134	1647	4609	7029	1022	51433	1031	2810	1019	8454	9700	894	993	10735	10744	983	3065	7043	51343	1028	5933	8697	8379	23594	5347	9088	4616	995	7465	51434	7533	8243	7272	7529	29882	1029	7709	4175	9126	4176	1875	29945	994	7531	7534	4088	5001
Autophagy WP4923	5571	2475	55626	30849	81631	5289	64798	8408	9821	22863	5563	55054	5564	10533	8678	84335	60673	53632	9776	64223	9140	51422	5562	26100	57521	7405	79065	9474	64422	5565
Apoptosis WP254	5551	841	3663	4792	4170	598	834	1676	330	356	8737	4193	8718	637	6416	3002	3481	596	839	4794	7124	836	837	8743	3664	56616	3480	7186	3725	4049	5970	835	317	1677	3665	9169	7133	3659	7161	840	666	7132	7157	8517	7185	3662	4214	329	599	4793	578	572	5602	4609	3479	355	10018	3551	8717	8738	842	8772	8626	665	8739	1147	843	54205	332	5295	1029	7187	3660	8837	3070	27242	5366	331	27113	581	3661	207	8795	4790
Melanoma WP4685	208	1021	5604	5728	51806	5605	5594	4286	8649	2113	5290	595	7157	1870	5595	51426	4893	3845	4616	1869	10000	5296	3791	1026	8503	1385	10912	999	578	2903	572	91860	2885	5295	25759	810	2066	1029	1871	1647	801	4193	7414	3265	5894	581	4763	3815	5879	163688	5925	6654	6655	2353	207	1019	80243	369	2913	673	5058	5291	1643	2002	5293
SRF And miRs In Smooth Muscle Differentiation And Proliferation WP1991	817	2002	6722	93649	9314	100271849	1482	4208	894	4209	4205
TCA Cycle And Deficiency Of Pyruvate Dehydrogenase Complex PDHc WP2453	3419	1743	48	1431	3417	1737	1738	5160	4190	4967	5091	47	5105	2271	6389	8801
Mammary Gland Development Pathway Embryonic Development Stg 1/4 WP2813	249	2066	1364	9839	6422	7015	207	999	3688	4609	7124	3655	7040	595	10718
Initiation Of Transcription And Translation Elongation HIV1 LTR WP3414	1025	6829	4773	4776	5530	7469	5532	55869	3066	7936	6827	9759	9734	5534	4772	4775	10614	6667	3065	10014	51497	4790	4792	8841	2033	904	5533	1387	51564	5970	25920	5535
Hypothesized Pathways In Pathogenesis Of Cardiovascular Disease WP3668	5594	2022	4087	2316	285	5595	6464	7048	185	2200	10631	1490	4088	4089	7182	2201	4052	5054	7049	84467	1432	7046	860	4053	5599
TGF Beta In Thyroid Cells For Epithelial Mesenchymal Transition WP3859	5594	5595	1004	7431	1000	1014	860	3397	3371	207	4087	999	2335	6615	6591	4088	4089
Development Of Pulmonary Dendritic Cells And Macrophage Subsets WP3892	6925	7173	55509	3398	3662	860	10320	3394	1437	1435	6774	2323	6688
mRNA Protein And Metabolite Inducation Pathway By Cyclosporin A WP3953	23657	6520	468	8140	9817	6510	4780
Somatroph Axis GH Relationship To Dietary Restriction And Aging WP4186	3480	207	5728	2475	23411	2308
Chromosomal And Microsatellite Instability In Colorectal Cancer WP4216	324	5594	1026	8313	27113	1452	6934	7043	578	83439	207	10018	1647	1643	5366	4087	387	572	122011	842	10000	4616	208	5898	2932	51176	5595	581	4436	5604	9423	1499	51426	6932	7048	7157	10912	3845	596	8312	673	5879	5881	29110	5601	4088	4089	10297	2956	7042	5894	836	4437	5899	55770	4609	3725	7040	5966	2353	5602	7046	4292	26060	1630	369	54205	5743	5900	5880	332	595	5599
Platelet Mediated Interactions W Vascular And Circulating Cells WP4462	6403	6404	7097	5196	6347	7042	7412	3553	7043	3383	6401	959	7099	51284	958	6352	7040
Selective Expression Of Chemokine Receptors T Cell Polarization WP4494	729230	3593	3460	7043	2833	3594	1232	1236	388372	3558	3567	3459	3458	959	1230	6348	940	3592	3595	7042	7852	920	3565	7040	8809	3566	1437	1234	1233
Neurodegeneration W Brain Fe Accumulation NBIA Subtypes Pathway WP4577	79152	84335	57521	26100	23130	10533	64223	23400	1356	5562	80067	7248	22863	8408	8678	30849	55054	83636	9140	10558	64422	60673	54676	2512	80347	115201	84557	4204	6342	6794	7249	5289	80025	55062	9474	83734	9776	8398	64798	9821	31	2475	6009	11152
FGFR3 Signal Chondrocyte Proliferation Terminal Differentiation WP4767	5594	1026	3549	5744	8817	5933	4882	5595	6772	5604	650	6300	6615	7067	652	5894	5745	5603	5515	1432	2254	2261	9474	5600	5605	1267	6662
Host Pathogen Interaction Of Human Coronaviruses MAPK Signaling WP4877	5594	4296	4216	6416	6197	1977	4294	5595	5604	10581	596	10410	684	5601	6196	6300	6195	5894	1649	8519	5609	4293	5603	3725	3726	5606	2353	5602	1432	4214	3429	5600	5605	5608	1386	5599
Overlap Between Signal Transduction Pathways LMNA Laminopathies WP4879	324	1026	1452	6934	83439	27161	1869	4000	4087	8091	122011	1052	4128	2010	4851	23405	2932	51176	10269	3280	6932	7477	1499	1050	23592	8312	4982	7112	2339	650	60	388585	6696	4088	7088	6895	3065	7042	2660	23463	4673	5925	7480	1019	4654	5468	3726	8850	7040	860	1387	4129	1051	6720	1513
Antiviral And Anti-Inflam Effects Of Nrf2 On SARS CoV 2 Pathway WP5113	4312	3576	2983	59272	8517	9817	7113	27035	6347	3661	3553	3569	3162	2729	6256	4780	3592	1147	4314	2977	4790	4792	7124	2730	23657	2982	3551	5970	1728	5593	2939
SARS CoV 2 B 1 1 7 Variant Antagonises Innate Immune Activation WP5116	7189	23586	3661	57506	9868	3456	7187	29110	9641
Intestinal Microbiome On Anticoag Response Of Vit K Antagonists WP5273	948	949	5467	29881	5465	8856	7421	1559
Smith Magenis And Potocki Lupski Syndrome Copy Number Variation WP5381	25937	10670	2622	2538	7099	202500	1212	1211	5584	581	8741	3553	222235	84895	54472	116028	51168	7030	84612	5071	26959	639	84229	90410	351	10062	1408	56912	5105	10987	4609	7124	125170	51668	10048	2314	79781	11020	5970	26146	10920	51655	10018	3394	3984	79989	8562	9575	10890	7157	23495	7376	10980	28981	1073	54890	80232	146691	201163	150737	4790	4615	374986	4620	8533	1385	10743	55090	3169	56953	84288	4659	6720	384	57560	983	10498	2665	79018	57521	64792	7942	80173	641	222894	84223	80010	140775	5562	57600	2119	3705	55081	3939	51098	406	8100	4289	10193	23059	6093	203228	25852	29109	116442	10296	92749	56288	9318	201164	9776	50813	5728	604	54329	9020	7156	3170	51422	4218	83450	23426	322	115811	85478	1213	64223	23026	23164	51138	387	3996	55255	1819	5187	10413	329	5564	91647	8408	94274	96459	6774	60673	26160	23274	3725	2873	64795	6470	1407	55502	9821	10400	2475	9101
Wnt B Catenin Signaling Inhibitors Current Past Clinical Trials WP5442	4041	1499	1387	64840	4040
Mammary Gland Development Pregnancy And Lactation Stage 3 Of 4 WP2817	9914	2066	8792	3717	7170	5618	2065	1977	5617	8600	2706	84876	1050	51083	139728	2100	1147	7528	1447	2064	5770	2099	2001	4609	857	5241	23508	1956	7392	1051	598	595	2908
Apoptosis Related Network Due To Altered Notch3 Ovarian Cancer WP2864	5594	1026	3575	8878	3727	27242	602	207	5062	8531	2065	27018	3329	3084	7431	4092	2113	5747	2185	3309	10276	8312	2729	25	3065	840	5585	351	3315	4790	1495	1027	2149	10451	3070	8870	8065	308	7124	7185	8454	7057	348	79092	8795	9021	8767	6198	1728	332	26135	2081	9616
miRNA Targeting Cancer Growth And Vascularization Glioblastoma WP3593	55662	7424	3280	7423	7422	3091	23462
Mir 124 Predicted Interactions W Cll Cycle And Differentiation WP3595	5725	51804	6794	55437	58190	5562
Regulation Of Wnt B Catenin Signaling Small Molecule Compounds WP3664	324	27122	6925	4035	2932	51176	1452	1856	1499	8325	7471	8321	8324	6424	154141	8658	8312
Regulation Of Apoptosis By Parathyroid Hormone Related Protein WP3872	578	207	5294	10000	5744	666	3691	208	2932	637	581	10017	79370	596	4170	599	2931	597	83596	4609	440603	598	23786	3655
Dengue 2 Interactions With Complement And Coagulation Cascades WP3896	3998	462	5328	2147	623	1213	10747	730	5627	2152	7450	2165	2244	4179	3827	5648	7035	336	2157	713	716	2158	5624	7056	629	3053	710	3075	1380	717	1378	719	729	2159	735	5340	714	2161	5054	1675	715	5329	733	2149	718	5345	728	1191	3426	712	1361	5104	5265	3818	5327	2153	1604	2155
ncRNAs Involved In STAT3 Signaling In Hepatocellular Carcinoma WP4337	3716	6659	6935	3717	3569	3718	4790	5970	3589	3590	3572	3570	6774
Classcl Pathway Steroidogenesis W Glucocort Mineralocort Metab WP4523	6716	1589	1583	1584	6770	3293	1588	1586	1585	3284	3291	3283	9563	5447	3290	1528
Interactions Immune Cells And miRNAs In Tumor Microenvironment WP4559	7189	4791	7043	3560	7099	51284	1493	51311	7048	5133	6347	942	6774	3561	29126	10401	6778	3559	7042	4790	3565	7040	8651	3566	51135	3627	941	6352
MFAP5 Effect On Permeability And Motility Of Endothelial Cells WP4560	5594	5829	1385	5595	8076	87	4026	5335	7082	5588	7414	3685	3690	3708	4638	3725	5747	4633
Amino Acid Metabolism Pathway Excerpt His Catabolism Extension WP4661	144193	2746	131669	84706	3034	10841
Endoplasmic Reticulum Stress Response In Coronavirus Infection WP4861	5502	79660	89801	5500	648791	5510	5610	23645	23368	26051	5511	5501	5509	5504	51360	5506	468	1965	94274	3309	84152	596	9451	55607	27102	84919	84988	8720	54776	5499	151242	1649	6992	54866	26472	81706	4660	5514	5507	22926	4659	7494	90673	2081	84557	5599
Type I Interferon Induction And Signaling SARS CoV 2 Infection WP4868	7189	3716	4939	7098	54106	5610	7099	51284	7113	64135	7097	23586	6772	3661	57506	285852	7187	6773	29110	3455	3665	10379	10333	7297	4615	4938	51135	3454	4940	59272	9641
Extrafollicular And Follicular B Cell Activation By SARS CoV 2 WP5218	933	57823	6387	5788	151888	1401	3394	7099	6402	51284	29851	643	3312	958	9839	912	1236	3662	10673	2113	59067	10148	973	83416	3558	5133	6366	3569	57379	3458	6776	959	1380	1880	3732	3687	8741	6363	1378	29760	720	2308	3455	3592	639	9168	6850	30009	7852	8519	9636	613	3433	5079	930	7124	3565	718	60468	10563	23308	3586	4068	4240	171558	3689	931	7494	4094	604	969	941
Catalytic Cycle Mammalian Flavin Containing Monooxygenases FMOs WP688	2329	2330	2326	2327	2328
Transcriptional Activation By NRF2 In Response To Phytochemicals WP3	2730	5290	7965	23657	2048	9817	1051	4094	3162	1728	2729	2939	5578	4780	5599
Fas Ligand Pathway And Stress Induction Of Heat Shock Proteins WP314	843	84823	6885	4000	113523636	842	6416	4001	317	3552	5058	58	841	596	839	142	60	355	1677	6709	9261	840	1616	836	5591	5925	3315	356	3725	7124	4214	1676	54205	7867	8837	11124	71	397	8767	5062	8772	4799	5599
T Cell Antigen Receptor TCR Pathway During Staph A. Infection WP3863	4773	867	9402	2885	11261	6885	5788	1326	5588	207	1493	29851	8517	6654	2932	5595	6237	5133	3937	5604	5058	3558	3567	10892	801	925	3458	959	1739	915	940	5601	1605	4690	1147	10598	5894	7535	3702	5777	1019	4790	5609	2534	920	4792	3725	5335	3565	7124	27040	5290	2353	5163	8915	3586	3551	1437	5605	9020	84433	3932
Novel Intracellular Components Of RIG I Like Receptor Pathway WP3865	843	7189	8653	3576	6387	6885	55593	8517	79132	1540	64135	23586	1654	7706	338376	3661	4793	5599	57506	26007	8717	5300	3458	64343	841	7187	9140	29110	5601	6300	79671	9755	3665	1147	80143	10010	56832	4790	9636	8737	22938	3456	5603	4792	340061	7124	5602	1432	4214	7186	9474	3551	54941	3627	10521	5600	5970	8772	9641
BMP2 WNT4 FOXO1 Pathway Primary Endometrial Stromal Cell Diff WP3876	4093	7044	54361	1634	1499	6422	6750	10018	4090	22943	650	4086	2308
Exosome Biogenesis Inhib And Secretion Manumycin A CRPC Cells WP4301	5594	5869	5595	5873	6237	4893	9146	369	5894	3187	3845	22800	673	5868	3265	5878	22808	10015
Mechanoreg And Pathology Of YAP TAZ Hippo And Non Hippo Mechs WP4534	7003	5063	3695	25937	11183	9448	11184	7004	60485	3691	10971	9113	10413	10298	1499	5058	58	8491	106821730	8463	3690	4771	70	5871	60	5601	259230	8994	6788	3693	999	1495	59	3696	6714	5602	4485	72	7005	3689	71	3688	57144	5062	3694	5599
Envelope Proteins And Potential Roles In EDMD Physiopathology WP4535	5594	2885	114	7043	79188	196883	4087	161176	387	8815	6654	2010	23224	5595	5604	4893	6655	3845	23592	113	7112	3265	6901	1490	4088	112	108	55811	3930	5339	23345	55249	4089	7042	4293	23353	1072	107	7040	109	111	6722	115	5605	3799	163183
Pathways Of Nucleic Acid Metabolism And Innate Immune Sensing WP4705	103	64135	23586	115004	11277	3661	4938	57506	10535	6041	8635	3456	79621	340061	84153	25939
FGF23 Signaling In Hypophosphatemic Rickets Related Disorders WP4790	4791	1026	56975	6569	5167	6098	8074	1591	1758	2263	1594	84876	6696	5741	4790	142680	249	2261	1585	2591	5251	9365	595
Intracellular Trafficking Proteins Involved In CMT Neuropathy WP4856	5867	7879	9927	5864	5865	121512	10397	53916	26353	5376	90678	8898	9896	1959	57111	54332	1785	3315	4359	23095	10567	8766	79628	4747	81846	9230	9516
Perturbations Host Cell Autophagy Induced By SARS CoV 2 Prots WP4936	23339	23367	84335	57521	8878	7879	27072	81631	207	55102	10533	64223	4077	9528	8408	57617	55054	5563	9140	55607	338	64422	55004	55823	6194	8887	115201	5315	10241	1975	8673	11345	65082	64601	3920	79065	9474	9776	64798	9821	6198	2475	10133	6009
Genes Associated With The Development Of Rheumatoid Arthritis WP5033	3663	6583	115352	958	3123	3559	26191	1235	51744	26147	3685	23569	1493	6775	3572	7185	4261	640
DYRK1A Involvement Regarding Cell Prolif In Brain Development WP5180	2735	84335	57521	1452	92737	64223	2247	7027	5663	7029	26524	842	4137	4851	23621	286826	2932	91750	5933	1874	3280	55957	132660	7248	5978	595	7157	8893	51107	51053	388585	4772	2308	23411	10238	6598	5928	836	55851	351	1019	1408	7249	1027	1859	3092	63973	1875	23385	1385	1759	51270	23132	5934	273	1021	64798	2475	10253	7023	28514
Warburg Effect Mod By Deubiquitinating Enzymes And Substrates WP5216	207	2538	11338	78990	7422	7428	56957	5230	84101	51547	7874	3939	57695	3091	10869	2308	4609	3791	5290	2203	5223	3099	57646	6513	51633	2475
Abnormal Ca Handling And Effects On Muscle Contraction In DMD WP5343	100137049	487	6261	6442	6641	844	825	8082	7125	1837	786	10345	1756	1605
GLP 1 From Intestine And Pancreas Role In Glucose Homeostasis WP5452	2740	5126	6513	5122	2641	3630
Deregulation Of Rab And Rab Effector Genes In Bladder Cancer WP2291	5873	84958	94122	25924	79083	8567	9501	5874	22895	94121	9648	23086	54843	94120	83874	201294
Trans Sulfuration One Carbon Metabolism And Related Pathways WP2525	64902	56994	25902	587	2880	2882	191	4143	5723	5130	51380	275	6472	4548	6649	29947	2877	257202	2879	10768	5337	4144	26227	55224	2937	27430	1036	102724560	10390	29968	1788	2876	6647	1719	55500	4522	2729	1789	441024	570	5833	2936	200895	55349	1120	2878	23743	635	153328	2571	2730	1759	4524	23382	6470	10797	1491	1757	501	586	2572	1119	10400	7298	27232	29958	9468
MFAP5 Mediated Ovarian Cancer Cell Motility And Invasiveness WP3301	5594	3710	1385	8076	5595	5335	5588	3685	3690	3725	5747	7134	6263
Biosynth Of Tetrahydrobiopterin And Phenylalanine Catabolism WP4156	1621	4128	5805	1312	7054	4129	438	6697	5409	15	56521	5860	5053	1719	2643
Control Of Immune Tolerance By Vasoactive Intestinal Peptide WP4484	355	3586	3558	3567	942	3458	7432	1493	940	941	3565	7040	3592
Translation Inhibitors In Chronically Activated PDGFRA Cells WP4566	5594	9252	57521	11040	207	1974	10000	6416	5294	5292	1977	208	8986	5595	6199	5604	5295	5607	8503	1973	5578	6196	5601	6195	5291	8672	6194	5296	5580	5609	1975	5606	5290	5602	1432	1981	5163	1457	5608	5605	27250	6198	1978	2475	5566	5599
Thyroid Hormones And Peripheral Downstream Signaling Effects WP4746	2260	2932	5604	4881	3709	7067	23236	57224	7252	6714	364	1432	109	389434	7253	11183	842	10000	4851	1734	152831	7248	51412	63976	7350	7157	23028	6194	5894	6469	7249	5468	4879	4160	5290	4852	54361	7849	1733	5594	7038	84335	57521	389692	10818	4193	3685	9882	6567	7173	155	50506	1499	27330	51780	3690	57104	6256	53919	11343	117247	8458	7867	6198	6009	7200	9658	2885	114	64223	572	7270	6654	5208	9728	405753	6528	181	3265	2308	1735	7068	26291	51548	5172	5443	5346	10488	10891	1386	5593	2475	5566
Multiple Epiphyseal Dysplasia And Pseudoachondroplasia Genes WP4789	1298	4146	1311	4148	1299	1297
SARS CoV 2 Nsp1 Inhibits Translation Initiation In Host Cell WP5027	3646	8665	8661	8664	8663	8668	8667	1964	8894	1965	8662	8666	1968	8669	1983	10209
mRNA Vaccine Activation Of Dendritic Cell And Induction IFN1 WP5187	64135	3665	23586	8792	3661	7098	57506	51284	3140	51311
Amino Acid Metabolism In Triple Negative Breast Cancer Cells WP5213	5723	23657	29968	6513	6510	26227	2744
Extracellular Vesicle Mediated Signaling In Recipient Cells WP2870	324	7474	27121	7103	7043	207	4087	7048	1499	4893	3845	8312	3082	3265	8842	4088	4089	7042	5894	7049	2064	7039	7040	7046	4233	1956	89780	4240	2475
DDX1 As A Regulatory Component Of The Drosha Microprocessor WP2942	4683	29102	10111	1653	54487	472	4361
Photodynamic Therapy Induced NFE2L2 NRF2 Survival Signaling WP3612	1066	9817	140809	4835	9429	2950	3162	10257	2729	8714	1244	6300	4780	5603	3725	2353	2730	1432	368	5600	2052	1728	5599
Hematopoietic SC Gene Regulation By GABP Alpha Beta Complex WP3657	7543	2551	1786	7014	1788	596	3002	4170	2309	4089	1789	472	6597	2120	2033	2553	1387	5728	2322	598
4 Hydroxytamoxifen DEX And Retinoic Acids Regulation Of P27 WP3879	5594	4296	207	5562	1977	5595	7248	5604	5295	5293	8503	8569	2872	5291	4217	5296	5894	55872	7249	5290	5606	5608	5605	1978	2475
Regulation Sister Chromatid Sep At Meta-Anaphase Transition WP4240	324	9700	701	991	9232	9126	1062	4085	5885	8379	8243	699	9184	10274
Methionine Metabol To Sulfur Amino As And Related Disorders WP4292	191	27430	4143	1491	132	51380	1036	102724560	27232	4548	635
Cells And Molecules Involved In Acute Inflammatory Response WP4493	6403	6404	3576	7124	3552	7412	3569	3383	3689	3683	730	3688	3827	3676	718	727	729
Genes Related To Primary Cilium Development Based On CRISPR WP4536	129880	80210	403	79809	80178	55764	9742	51715	90410	56912	11158	255758	2121	51057	583	51668	84100	79583	11020	26146	51174	123811	22832	89891	79989	23288	23322	91147	582	84984	22858	54585	11159	11127	28981	57545	163786	137392	64927	27077	150737	585	55212	26123	57534	153241	51134	112752	200894	51626	57560	9851	6993	51175	7289	200728	80173	132884	8195	79659	85302	55125	55081	51098	11116	8100	166379	56623	23059	9731	80817	26005	25776	132320	60684	146057	123016	57728	51259	9371	27241	22920	65250	79363	55112	8481	80199	283643	79738	10300	85459	79959	54903	26160	84455	79770	79598	8655	84314	79600	57539	23552	10464	79867
Synaptic Signaling Associated With Autism Spectrum Disorder WP4539	5594	57521	207	23237	2902	10000	5562	2903	627	208	2932	5595	2911	5564	116444	7248	5295	4893	5293	8503	3845	4915	53632	5563	3265	116443	2906	816	5291	5296	5571	85358	8831	7249	2904	9456	5565	5290	1742	4763	775	814	5728	7337	6198	1978	2475	2905	6009	51422
Cholesterol Metab With Bloch And Kandutsch Russell Pathways WP4718	9023	54898	6721	19	6307	4597	3992	6309	2180	4047	8435	1595	3157	3156	3158	7376	2194	83401	1718	3930	10654	29116	2224	9453	2181	1593	10062	9415	51478	6713	10858	7108	2182	6646	2222	10965	4598	39	6319	10682	50814	6785	6720	1717	9619	60481	3422
Eicosanoid Metab Via Cytochrome P450 Monooxygenases Pathway WP4720	66002	1579	1558	1562	284541	2053	5465	5468	8529
MAP3K1 Role In Promoting And Blocking Gonadal Determination WP4872	5594	10023	2932	4214	2263	2254	54361	6736	1499	6093	10912	5600	8312	387	4216	668	6662
Host Pathogen Interaction Of Human CoV Interferon Induction WP4880	7189	3716	4939	6885	5610	51284	8517	9641	64135	23586	6772	3661	57506	7187	6773	29110	3455	1147	10379	4790	8737	7297	4615	4792	148022	3725	2353	1432	4938	3551	3454	4940	5599
SARS CoV 2 Innate Immunity Evasion And Cell Immune Response WP5039	23367	3716	11126	7189	3576	6387	4283	3902	51284	59272	79132	6374	2919	4599	5196	23586	6772	7706	6347	3066	7020	388372	3661	57506	8717	3569	841	6372	9540	284340	7187	6348	6773	29110	4088	682	2920	3455	3665	2921	10010	4790	8519	4928	8737	3433	3456	84868	3579	6373	7124	7040	2033	8480	10563	7188	7186	5473	3586	3627	1437	3454	164	8772	6352	3570
NAD Metab In Oncogene Induced And Mt Dysfunction Senescence WP5046	10135	2539	4191	5562	23410	23408	23057	3553	3569	7157	142	23411	1994	3159	22933	6517	10850	2805	4190	2806	6513	5970
SARS CoV 2 Mt Chronic Ox Stress And Endothelial Dysfunction WP5183	7189	183	7014	27035	5245	1636	54386	57506	3569	114548	7187	79671	51295	51548	6195	617	4790	28976	340061	51103	7124	3606	9868	5972	91942	59272
Resolvin E1 And Resolvin D1 Signaling Decrease Inflammation WP5191	5163	5291	1240	6011	1241	2048	5293	207	2475	2358	5294	5290
Cell Interactions Of The Pancreatic Cancer Microenvironment WP5284	729230	6387	1436	2833	7422	1493	1438	6347	10581	942	355	3123	7852	356	3122	1435	3791	8829	7040	9531	3627	1437	1234	941	6352	3902
Sterol Regulatory Element Binding Proteins SREBP Signaling WP1982	56681	3837	57678	6721	1622	4023	949	4597	51128	207	9632	4047	10483	820	2475	3630	5562	133522	10484	51360	51586	4800	3638	5564	23175	11236	9871	3157	3156	22937	84532	53632	7376	2194	5563	22872	5950	23411	6396	26291	8720	6667	2224	2931	7528	5571	267	47	10802	10427	5468	6713	5565	5290	1385	2222	6319	4190	22926	1024	3949	25956	51141	6720	31	1595	5566	51422	3422
Hair Follicle Development Cytodifferentiation Stage 3 Of 3 WP2840	55507	3880	5653	64919	51176	864	3866	730755	22822	4089	4086	1956	25928	337879	6925	7474	1828	27121	2304	3479	6275	64065	8626	26018	4851	11197	1747	55806	10468	3228	1490	284110	26085	2619	4790	8549	2353	6929	7704	4345	337966	6422	2736	657	11005	4853	1499	4487	43847	3516	22943	4772	652	10804	147409	947	254950	6868	2354	5650	9355	6662	2908	4254	94234	85293	8456	25818	6657	4488	404203	654	23560	3458	1523	1959	8842	2625	27122	80070	9622	1991	3725	23581	1824	3488	8321
EV Release From Cardiac Cells And Their Functional Effects WP3297	5617	2066	4602	10365	6387	6004
Physico Chemical Features And Toxicity Associated Pathways WP3680	324	5594	1026	2066	2890	867	2885	5216	8325	1855	207	9475	387	4638	5294	6416	7855	6654	2932	6464	5604	1499	5058	58	4744	6776	2876	6647	8312	375189	2335	4741	4632	4690	10096	5894	7114	7976	8324	7481	51384	1027	2064	7039	4609	8326	3725	8536	5335	23002	345456	6714	5515	4842	2002	1956	5217	8321	10097	11211	8323	4747	5747	2535	8322	5599
PI3K AKT mTOR Signaling And Therapeutic In Prostate Cancer WP3844	57521	7942	207	64223	572	5294	2932	253260	5295	4893	8503	3845	8408	4846	2309	3265	2308	2887	79109	5291	5296	7249	1027	5290	5163	9776	5728	9821	4303	1978	2475	6009
Hereditary Leiomyomatosis And Renal Cell Carcinoma Pathway WP4206	5161	4891	54583	5160	7422	9817	5562	5162	5564	3939	7157	3091	4780	8452	6194	5571	5163	6513	31	32
Major Receptors Targeted By Epinephrine And Norepinephrine WP4589	108	55811	109	111	114	150	115	196883	153	112	152	154	146	113	107	151
GPR143 In Melanocytes And Retinal Pigment Epithelium Cells WP4941	5332	196883	4157	408	434	5330	7422	7306	6490	4935	5567	3708	5568	7299	23236	108	5579	1638	2769	2776	409	5331	5443	4286	1385	5176	2315	115	2778	5566
Female Steroid Hormones In Cardiomyocyte Energy Metabolism WP5318	208	2101	6517	6648	338	4547	47	6794	5465	2099	34	4846	133522	3032
Induction Of Autophagy And TLR Signaling By Graphene Oxide WP5336	7189	3661	54106	8678	3458	4790	7099	4615	3456	7124	84557
Effect Of Omega 3 PUFA On Huntington 39 S Disease Pathways WP5470	5294	5288	637	581	253260	5604	2558	3157	3156	3553	5978	5295	30849	3158	64137	5291	5296	840	2560	2555	2559	3798	6558	1956	3064	9619	1595	146850	5286	9252	207	10018	5864	2554	2563	10000	7248	3569	8503	5293	596	2564	3708	7376	664	57468	5571	5894	54806	4790	7249	5290	1385	3551	1717	5594	84335	57521	2566	6416	5562	4294	208	2556	5595	2911	4915	4976	836	5609	79899	10858	5602	2562	5728	5605	64798	6198	5266	1978	25942	5287	6009	51422	4155	1152	6721	19	22930	2568	64223	4760	572	627	1977	2561	5564	3066	841	53632	23533	5563	3265	5601	2567	2557	9001	6667	3065	5565	2565	348	1950	2002	712	10891	598	55879	2475	5599
Transcription Factors Regulate miRNAs Cardiac Hypertrophy WP1559	208	50804	207	4790	5923	5534	7040	6774
Mammary Gland Development Pathway Involution Stage 4 Of 4 WP2815	581	4609	9021	1869	7157	999	4318	3572	1116	6774
TCA Cycle Nutrient Use And Invasiveness Of Ovarian Cancer WP2868	5594	3716	5595	1956	6774
DNA IR Double Strand Breaks And Cellular Response Via ATM WP3959	7189	5111	86	545	995	578	1869	4193	641	1029	79035	5883	842	55183	7014	9113	10413	637	581	317	64421	9025	1111	2177	7157	79648	5893	5888	8243	142	25	9656	7161	5976	675	9156	6788	836	5591	1020	9126	472	5884	672	10111	4361	11200	10155	4683	3014	11186	10524	1386	3297	7158
Epithelial To Mesenchymal Transition In Colorectal Cancer WP4239	8726	1000	8325	9069	4087	26524	4854	4324	6591	7482	2932	5604	5318	5295	3678	2335	11171	1284	4089	1287	5317	5291	7991	5296	5928	51384	8828	8788	2305	1366	4040	5606	1432	5310	81029	3397	6678	11211	7478	7473	7189	49861	7474	3398	54567	207	9518	9080	10000	4851	7157	8503	5293	9071	4088	2146	7475	5010	7042	5894	7976	7481	4855	58190	51208	149461	7040	5290	7046	89780	10016	56648	54361	5629	4209	24146	7483	2535	5594	92359	7043	9074	7472	7484	80224	6416	4853	137075	208	1288	5595	7477	7048	1282	1499	8999	5058	3845	1285	100132463	23562	3516	6615	6300	7479	10686	1832	3728	56649	9076	4041	117581	182	5600	5605	100506658	53842	7476	8322	2303	94234	4313	2885	80326	7448	9839	7855	6654	6464	1364	7082	64398	6655	3091	4318	7122	3265	7182	10683	7291	7480	8324	999	5603	26285	9073	8326	23512	114793	3714	6935	7471	1365	8321	1286	8323	5608	9075	28514	5599
Oligodendrocyte Differentiation Leading To Myelin For CNS WP4304	4155	1270	10215	2736	3479	429	2247	4099	5354	4974	3976	3553	4661	6660	650	2920	652	137814	6469	55553	6663	4821	6662	116448	7124	5155	1267	30812	2919	4340
Somitogenesis In The Context Of Spondylocostal Dysostosis WP4785	4851	84667	10683	6911	2043	3955	134701	28514	145873
Pathogenesis Of SARS CoV 2 Mediated By Nsp9 Nsp10 Complex WP4884	3576	1401	3127	916	55922	3569	925	3543	926	3123	10394	7535	64386	3122	2534	920	919	914	917	3929	3932
Interactions Of Natural Killer Cells In Pancreatic Cancer WP5092	100507436	9437	5817	10225	2214	6346	22914	6347	388372	3458	3002	259197	6348	2308	2624	374383	4609	5551	7124	201633	6868	100532731	102	4277	1437	6352	10666
Complement Mediated Inflam Of Pulmonary Alveolus In COV19 WP5148	728	731	735	2219	729	10747	730	78989	59272	718	727	719
Vitamin K Metabolism And Activation Of Dependent Proteins WP5186	8858	2159	2158	5624	154807	29914	2147	5627	2677	79001	1728	84883	2155
Mod Of PI3K Akt mTOR Signaling By Bioactive Sphingolipids WP5192	7248	3480	207	64781	4790	1903	3091	56848	10715	2475	5337	56624	1901	5290
Glucose Metabolism In Triple Negative Breast Cancer Cells WP5211	5163	6566	3939	5315	3098	54704	6513	5214
Arsenic Metabolism And Reactive Oxygen Species Generation WP5233	7416	7386	9446	847	476	6647	28958	6389	57412
Estradiol Regulation In Porto Sinusoidal Vascular Disease WP5235	6667	6670	801	3782	2099
Extracellular Vesicles In The Crosstalk Of Cardiac Cells WP4300	967	2114	3479	7099	975	3569	4318	6696	6774	3315	3791	2626	10611	1950	8470	1956	5728	332	6647
Complement System In Neuronal Development And Plasticity WP5090	8547	722	10747	730	5584	637	581	2219	5199	23418	4139	84612	720	729	23513	732	840	733	4140	148229	78989	84552	64478	842	5648	57198	57088	716	317	629	3687	7042	714	1524	3993	55061	7040	7301	54205	2011	50855	57194	23250	1604	843	7043	578	5627	3685	3684	10461	6376	710	3690	4153	717	56616	355	286410	731	9787	735	286204	331	836	1675	356	5359	718	728	3426	56288	4155	5590	9191	7448	4179	57048	10207	713	10584	81035	2220	64398	3075	3458	2621	841	1380	1378	719	725	966	5205	27202	558	715	10487	727	1191	27429	712	4240	3689
Acquired Partial Lipodystrophy Barraquer Simons Syndrome WP5104	84823	629	23463	1675	4000	4001	2339	718	727	9986
Male Steroid Hormones In Cardiomyocyte Energy Metabolism WP5320	6716	1583	8644	54658	51171	6715	3294	3293	1588	1586	3284	6817	3283
Sudden Infant Death Syndrome SIDS Susceptibility Pathways WP706	6507	1139	6750	2538	3784	3596	5576	6869	2328	133522	6532	7533	1644	3553	5087	5978	864	6752	4904	1374	9734	79923	720	4010	6330	2305	7124	4602	7054	7433	1051	2784	4150	3570	4791	7259	3576	3764	3359	117	2554	55536	1137	5354	10971	4800	367	3569	7166	5452	388585	8929	6670	226	4790	291	55800	2033	6929	1385	6331	11076	7529	5575	4152	121278	23171	6640	7434	2902	4128	3329	1103	1499	5316	4803	1958	4915	5567	1889	3030	6751	6095	7531	8553	361	836	4821	3557	5454	34	478	3032	1141	2019	30012	7534	4133	5460	6262	1143	5053	2597	6844	2908	2645	6657	429	7422	4760	3350	5979	7018	627	3280	6550	859	1746	3552	401	3091	2697	5573	2625	6616	2100	7161	7068	6667	116	7184	7532	3065	2624	5577	54862	3356	4204	9722	1129	3757	3725	6863	54738	10664	1387	3586	10891	6711	4824	4208	551	5566	1390	10522
Physiological And Pathological Hypertrophy Of The Heart WP1528	5594	1906	4776	50804	183	5530	387	5532	1489	817	801	5879	6774	5579	2626	3725	5606	2353	1432	5581	5600	3572	3977	5599
Interactions Between LOXL4 And Oxidative Stress Pathway WP3670	51295	4899	5310	23411	11140	54536	780	3490	650	1280	7040	1728	2252	2335	6839	308	84171	4780
RIOK1 And RIOK2 In EGFR And PI3K Mediated Tumorigenesis WP3873	79109	208	83732	253260	1956	7157	207	64223	5728	55781	6135	2475	10000	2309	5290
Degradation Pathway Of Sphingolipids Including Diseases WP4153	129807	410	5660	3074	2760	10825	4864	950	3073	2629	2720	3988	2581	4758	10577	4759	2717
lncRNA In Canonical Wnt Signaling And Colorectal Cancer WP4258	10023	23401	8313	5328	8325	85407	6259	7482	2932	51176	6423	50964	283106	10297	467	51384	4609	4040	5176	81029	4919	85409	11211	894	7473	8061	7474	27121	1855	122011	3192	11197	6425	7020	6424	2146	7475	7976	7481	1454	6929	1457	89780	54361	4920	2535	595	6934	6422	83439	147111	7472	9350	83999	1857	7477	1499	55506	896	8312	22943	1487	57680	64840	64321	1460	4041	1488	51701	27123	7476	324	1459	59343	1452	1856	6885	80326	7855	6932	56998	8607	3190	7480	8324	8326	3725	7471	1021	8321	1024	8323
Altered Glycosylation Of MUC1 In Tumor Microenvironment WP4480	1147	3551	3569	4582	4790	5970	8517	4792	7124
Gamma Glutamyl Cycle For Glutathione Including Diseases WP4518	2937	1800	79017	2729	26873	2678
SMC1 SMC3 Role In DNA Damage Cornelia De Lange Syndrome WP5118	9656	22976	4683	56852	10111	5885	8243	9126	472	672	4361
Roles Of Ceramides In Development Of Insulin Resistance WP5181	5590	389692	207	2180	1375	5610	3630	7132	3651	5295	53632	55512	5515	6517	7185	7124	3643	948	8660	3667	6198	2081	5599
Relevant Molecular Pathways And Targeted Agents In TNBC WP5215	5594	84335	57521	2885	10038	207	64223	10000	6654	208	5595	7248	253260	5604	5295	4893	6655	367	3845	673	142	3265	79109	9894	5894	8821	7249	79899	5290	5163	369	5728	5605	64798	3667	6198	1978	2475
Nanoparticle Mediated Activation Of Receptor Signaling WP2643	5594	2885	10000	374	6654	5604	4893	5293	3845	2335	1277	3265	6300	5601	3672	5894	5603	6714	5829	5602	1432	1956	5600	5605	3688	7094	5747	5599
Mammary Gland Development Pathway Puberty Stage 2 Of 4 WP2814	8061	1950	5241	7431	8204	2335	4609	6776	2064	7076	2099	374	595
Photodynamic Therapy Induced Unfolded Protein Response WP3613	4189	5611	27113	10018	23645	440	10130	468	3309	9451	51726	57761	4780	811	467	7184	1649	6783	7324	4677	7453	22926	9695	7494	121506	2081	83939
Metabolic Pathway Of LDL HDL And TG Including Diseases WP4522	336	348	3990	3931	1071	255738	19	4023	949	26119	335	3949	302	4547	9388	338	344
Transcription Co Factors SKI And SKIL Protein Partners WP4533	7003	3622	9113	23314	3065	4763	7005	6788	8463	4204	6497	7004	6498	26524	25942	10461	8841	10419
mBDNF And proBDNF Regulation Of GABA Neurotransmission WP4829	4804	2566	3717	160	2568	2554	2563	387	5294	627	2556	6464	2561	2558	5295	8503	4915	2564	57468	2567	2557	6774	163	5291	5296	2560	6093	2555	161	5335	5290	2559	2565	1385	2562	5728	55879	1390
Prostaglandin And Leukotriene Metabolism In Senescence WP5122	1026	127281	5734	5730	5731	9536	5733	5742	4048	239	2770	3265	23236	23411	5732	6916	240	5925	2776	247	10800	109	5743	5321	3488	246	5600	4056	2778	5740	241
Disorders Of Bile Acid Synthesis And Biliary Transport WP5176	3295	6555	123264	1581	8647	10998	1582	10257	8714	1244	11001	2172	5205	570	5244	6554	1593	6342	8309	1109	28234	6718	23600	80270	5243	10599	9420	5825	200931
Prostaglandin And Leukotriene Metabolism In Senescence WP5321	1026	127281	5734	5730	5731	9536	5733	2678	2687	5742	4048	239	2770	3265	23236	23411	5732	6916	64174	240	5925	2776	247	10800	109	5743	5321	3488	246	5600	4056	2778	5740	241
Involvement Of Secretase In Neurodegenerative Diseases WP5372	627	208	23621	5641	6772	6733	6418	6622	4129	207	351	1051	4915	10000	4137	23435	5516
Growth Factors And Hormones In Beta Cell Proliferation WP5385	5594	5154	3479	207	3630	10000	200186	3651	208	5595	4092	3480	3845	339122	673	1017	2308	1019	4609	8788	2305	3643	7046	2321	11186	5228
Electron Transport Chain OXPHOS System In Mitochondria WP111	6834	7388	10632	4711	4715	4706	6391	9016	4707	6341	4719	27089	4724	515	4702	93974	9551	4714	506	55967	4709	1347	4718	4708	4726	1349	4713	4696	27109	7350	51079	4697	4701	514	518	4695	4728	7384	291	1345	4729	29796	7385	10063	4704	126328	516	292	9167	539	1329	10975	6390	522	293	4723	374291	7351	9481	4694	10476	4716	1351	1353	7352	4731	7381	4710	4722	1350	6389	4725	498	4720	513	4700	521	4712	4717	4698	1340	509	6392	9377	1339	7386	517	1346	1327	1355	1337	4705
Nucleotide Binding Oligomerization Domain NOD Pathway WP1433	834	147945	8517	842	10392	84674	199713	58484	9744	50506	22900	9447	64170	51079	3553	114548	55655	14	841	5879	10980	22861	1147	338322	4210	639	29108	840	331	4792	3320	4671	55914	10910	91662	3606	3551	64127	8767	5970	838
TNF Related Weak Inducer Of Apoptosis TWEAK Signaling WP2036	5594	4791	6885	207	8742	5971	208	2932	5595	329	84676	1499	4793	841	7187	5879	5601	1147	3065	840	5894	836	330	4790	8737	4792	3725	7124	7185	1432	7188	7186	51330	3551	5970	9020	8772	5599
Photodynamic Therapy Induced HIF 1 Survival Signaling WP3614	665	4843	1906	5160	54583	7043	578	7422	5366	405	3486	285	5230	637	581	6515	3939	7157	5211	3098	3091	4170	2056	664	3485	284	6566	597	5054	5315	7039	3484	55662	5743	6513	598	332
Photodynamic Therapy Induced NF kB Survival Signaling WP3617	7189	4312	4791	4313	3576	7422	5971	7132	329	3552	3553	3558	3569	959	4318	112398	599	2920	1147	4314	7412	330	597	3383	4790	7124	5966	5743	3551	8837	6401	1437	5970	332	595
H19 Rb E2F1 And CDK Beta Catenin In Colorectal Cancer WP3969	7289	6659	1499	5925	1869	182	1024	1019	5469	999	5366	1466	9555	595
Metabolism Of Sphingolipids In ER And Golgi Apparatus WP4142	2583	64781	2683	2589	7368	8706	166929	81537	8704	57452	8707	259230	2531	8708	8877	56848	7357	204219	256435	8879	130367
Regucalcin In Proximal Tubule Epithelial Kidney Cells WP4838	5594	578	207	4087	5153	842	7132	581	317	8600	796	841	673	2865	5534	4089	4217	5741	9104	5894	836	90550	59	7040	5290	4842	7046	56302	89866	2475	10146
Overview Of Proinflammatory And Profibrotic Mediators WP5095	51561	3596	6346	6354	1489	59067	8741	5197	388372	282617	3553	3567	6372	2056	6360	3592	4314	6358	2921	90865	1435	10850	6367	55801	7124	3600	10563	26525	3627	3442	3439	29949	27190	3441	2919	6356	112744	3593	3576	4283	6357	6369	374	6374	50604	10148	3444	3449	3569	56477	6348	3562	3574	84639	6362	4790	3456	9547	6373	3565	27189	7040	53342	4312	1270	6387	3589	3452	5008	3605	3440	6347	3976	3451	6376	64806	6366	11009	284340	6363	3443	3445	6368	3448	56832	3557	3578	6846	5473	3606	1437	6352	27179	27178	6364	85480	282616	282618	7422	6361	6370	6355	414062	10344	5196	10673	3446	3552	3558	6375	3458	1440	386653	6359	4318	6696	27177	2920	50616	56300	3467	246778	3586	4049	58191
Fatty Acids And Lipoproteins Transport In Hepatocytes WP5323	4035	2170	376497	255738	19	1622	10999	949	4018	2180	337	10577	114879	8435	10948	51703	2169	2167	341	338	11000	29116	6770	26119	2168	2181	3988	348	7416	6646	6272	3949	11001	23305	344
SREBF And miR33 In Cholesterol And Lipid Homeostasis WP2011	51586	51548	6721	19	3156	3157	10891	6319	3949	10062	6720	5465	2194	2475	5562	23411
Photodynamic Therapy Induced AP 1 Survival Signaling WP3611	7189	1026	4313	602	578	10018	1029	6416	7132	898	5156	637	581	3558	890	3569	7157	3458	596	4170	2252	355	6300	4780	4217	5925	356	1839	5609	5603	8743	3725	7124	3726	5606	3320	2353	1432	2002	7188	1956	7186	8837	5600	5608	598	1386	90427	595	5599
lncRNA Mediated Mechanisms Of Therapeutic Resistance WP3672	1026	7475	7157	598	3091	5243
ApoE And miR 146 In Inflammation And Atherosclerosis WP3926	7189	348	4791	7097	3654	5970	7099	6688
Mitochondrial Complex I Assembly Model OXPHOS System WP4324	4726	4720	4713	4711	4715	4706	90871	4700	80224	54539	4723	4696	4712	4717	51079	4698	4707	25880	4701	51300	55101	4719	4724	4694	51295	4702	4716	4695	55863	4714	28976	51103	55967	55471	4731	4709	4729	55744	137682	4718	55572	4710	29078	54968	4722	91942	4708	4705	25915	4725
Ca Mediated T Cell Apoptosis Inclusion Body Myositis WP5142	824	4773	85450	5530	5532	3066	23523	801	925	926	3065	7535	920	5335	2033	487	5533	3164	4209	3932
Biosynthesis And Turnover Of 1 Deoxy Sphingoid Bases WP5179	9517	427	2531	130367	8877	56848	81537	10558
Hair Follicle Development Organogenesis Part 2 Of 3 WP2839	2735	7474	5154	5727	2736	8626	5156	51176	2263	1499	1896	23560	2246	4684	6615	3911	652	6469	4790	999	10804	4609	344167	4041	10913	860	8321	3688	6608	894	3624	595
NOTCH1 Regulation Of Endothelial Cell Calcification WP3413	4851	3714	2702	249	813	10683	54567	2261	3672	182	1902	6303	55553	7422	4256	5327	28514
ncRNAs In Wnt Signaling In Hepatocellular Carcinoma WP4336	10023	23401	5328	8325	85407	6259	7482	2932	51176	6423	50964	283106	51384	4609	4040	5176	81029	4919	85409	11211	894	7473	8061	7474	27121	1855	122011	11197	6425	6424	2146	7475	7976	7481	83595	1454	1457	89780	54361	4920	2535	595	6934	6422	83439	147111	7472	9350	83999	1857	7477	1499	896	8312	22943	1994	92140	1487	57680	64840	64321	1460	4041	1488	51701	27123	7476	324	1459	59343	1452	1856	80326	7855	6932	56998	9314	7480	8324	8326	3725	7471	8321	8323
Intraflagellar Transport Proteins Binding To Dynein WP4532	64792	83658	89891	55112	79659	83657	1783	6990	55764	28981	9742	1780	56912	51143	255758	1781	51668	8655	11020	112752	140735	51626	1778	57560	57539	57728	6993
Vitamin D Sensitive Calcium Signaling In Depression WP4698	493	121278	5816	793	2902	2539	7421	2678	2903	2915	491	55818	1594	23028	596	3708	7166	3709	2729	1128	6256	4780	6546	3710	2906	3786	2936	490	1593	2904	3785	221656	775	492	2905	23135
STING Pathway In Kawasaki Like Disease And COVID 19 WP4961	4794	79792	8517	2152	3661	3553	114548	3708	29110	79671	1147	2212	115004	4790	3456	4792	340061	5966	3551	5970	9641
Nucleotide Excision Repair In Xeroderma Pigmentosum WP5114	1022	1642	121504	5111	5981	5984	56655	1643	10714	1161	2068	5982	2072	8450	5427	5985	5429	51426	56852	6118	7874	1069	9978	5887	5426	3150	7515	2074	142	3980	8451	5424	7507	54107	57654	2071	7508	4331	2965	5425	9557	672	2873	2966	84464	57804	3978	5886	6117	2967	2968	404672	6119	56949	5983	2067	8334	3020	902	128710
NIPBL Role In DNA Damage Cornelia De Lange Syndrome WP5119	9656	11335	3014	545	9025	165918	472	25836
Neurogenesis Regulation In The Olfactory Epithelium WP5265	6925	2066	3398	4914	23129	6387	4804	6657	5649	429	27185	4760	4131	5663	5979	55179	8650	23462	4137	627	4851	3084	9253	2932	3605	64218	3280	81565	51738	4803	23028	8851	4915	50674	5048	6774	351	1020	4204	9148	1600	4609	57142	375790	4361	7436	6929	4916	5080	4133	3397	2011	182	65078	4208	7804	28514
Genetic Causes Of Porto Sinusoidal Vascular Disease WP5269	695	5594	1535	54567	54106	653361	2969	4688	79801	51311	4689	4851	5595	57514	285556	51119	25998	3516	51142	5879	998	79631	3692	6667	285203	4790	4855	2099	84701	221336	1716	79415	51523	3782	57572	50508	1536
Chronic Hyperglycemia Impairment Of Neuron Function WP5283	8277	4312	4843	5590	4313	6335	4317	8510	5588	7442	4327	4324	64066	627	5584	6334	6515	23683	4318	4325	4316	5578	118856	6616	5579	9313	4314	6336	4322	79148	4323	64386	177	5580	6652	718	4326	4320	8989	5581	4319	6513	4321	5583	10893	5582
Insulin Signaling In Adipocytes Diabetic Condition WP3635	208	6194	9882	6198	3667	2475	6517	3643
Cell Type Dependent Selectivity Of CCK2R Signaling WP3679	887	6261	952	747	1268	885	2776	6262	7220	2770	3708	23236	6263
MAPK And NFkB Signaling Inhibited By Yersinia YopJ WP3849	5594	7189	1147	4214	6237	5894	3551	5608	4790	9020	8517	4792
miRNA Regulation Of P53 Pathway In Prostate Cancer WP3982	27113	4193	64065	1643	5366	842	637	581	9538	317	7157	841	6477	192668	64393	836	143686	5054	472	51246	11200	8795	5728	63970
Mevalonate Arm Of Cholesterol Biosynthesis Pathway WP4190	10654	38	2222	2224	4598	39	3156	3157	9453	4597	3155	91734	3422
Suppression Of HMGB1 Mediated Inflammation By THBD WP4479	3146	1147	7056	3551	177	4790	5970	8517	4792
Endochondral Ossification With Skeletal Dysplasias WP4808	2737	5328	5167	5727	9507	3479	207	2247	657	7422	3549	5744	8817	1473	1515	2260	9510	6772	654	11096	3157	6777	864	3480	801	9759	4921	4318	4256	11127	8100	6660	7067	6696	7078	871	5741	7042	4322	579	5745	655	55553	176	2487	2690	50515	85477	7040	249	54407	860	2261	3481	51719	1028	1280	1300	4208	5327	2688	5566	6662
TGF Beta Receptor Signaling In Skeletal Dysplasias WP4816	3716	8928	7044	2022	4091	4087	2280	9839	4093	23090	5595	51176	4092	6772	3976	7048	1499	864	2200	3458	6497	9241	7030	10468	4090	3265	5601	6696	4088	6774	4089	652	4052	5054	4790	7049	81794	6498	4054	3725	7124	4086	7040	7050	7057	2033	2353	9719	1950	7046	10637	860	1387	7471	9372	25805	3694	3624
Kisspeptin Kisspeptin Receptor System In The Ovary WP4871	5594	5332	5588	207	408	3814	5330	5294	208	5595	1583	5604	4893	268	5293	3845	4318	2492	3265	5578	23236	5579	5291	5894	6770	5580	409	4790	84634	5331	5290	5163	9210	5581	5605	5583	3283	5582	2661
JAK STAT Signaling In The Regulation Of Beta Cells WP5358	84335	57521	3460	2057	3717	207	64223	5618	8835	10000	5617	208	6772	4893	6777	3569	3459	3458	3845	6776	896	2056	3265	6774	1019	2305	2690	1154	8651	9021	894	2475	2688	3570
Bone Morphogenic Protein Signaling And Regulation WP1425	10140	860	4091	4089	57154	657	659	9241	10766	650	4086	658
Interactome Of Polycomb Repressive Complex 2 PRC2 WP2916	2146	23064	8726	3720	22823	2145	23515	5928	5931	11329	8178	121536	23512	9967	23087	9774
Nuclear Receptors In Lipid Metabolism And Toxicity WP299	1571	19	5467	1581	5914	7421	1591	8647	1579	5915	1582	1576	1594	8714	1244	1555	1559	1580	5244	9971	64240	5916	10062	5468	225	1592	9970	1544	9619	5243	5465	8856	5825
Amplification And Expansion Of Oncogenic Pathways WP3678	4851	6932	51176	3371	6934	7412	83439	182	7852	7422	10631	9595	7472	7428	2034	5294	6714
Mitochondrial Long Chain Fatty Acid Beta Oxidation WP368	55825	37	2182	35	80221	1376	3030	1632	33	788	2181	1962	2180	6342	3033	1374	34
Factors And Pathways Affecting IGF1 Akt Signaling WP3850	84335	57521	3611	3479	207	64223	4087	5294	7132	5337	1977	2932	253260	5564	84676	3480	93	4703	114907	4088	79109	8892	8744	2660	4790	8976	5163	10891	3488	5728	64798	3667	3688	6198	2475	84557
Bile Acid Synthesis And Enterohepatic Circulation WP4389	5594	5595	8087	64241	9965	6555	6554	64240	3949	1581	2264	8647
Type I Collagen Synthesis Osteogenesis Imperfecta WP4786	10491	121340	9509	8792	387733	4015	5033	649	64175	51360	8600	79709	4982	60681	3708	1277	375056	871	8720	5479	5034	8974	5351	4040	55214	90993	5176	4041	1278	55151	7471	8321	5352
Cholesterol Biosynthesis With Skeletal Dysplasias WP4804	3930	10682	50814	6309	1717	1595	1718
Host Pathogen Interaction Of Human CoVs Autophagy WP4863	10533	53349	9706	89849	8408	8678	30849	55054	9140	64422	115201	5289	55062	9474	83734	9776	9821	2475	84557
Host Pathogen Interaction Of Human CoVs Apoptosis WP4864	27113	207	10018	572	842	637	581	317	841	596	4170	6300	840	836	356	5603	7124	1432	5600	598	8772
SARS CoV 2 And ACE2 Receptor Molecular Mechanisms WP4883	1636	183	185	4142	5972	59272	7113
Development Of Ureteric Derived Collecting System WP5053	2735	23426	5076	79633	2737	3611	2296	2736	80144	3207	657	10736	10252	3730	5914	2668	5979	8516	6495	57216	5915	10220	2263	1499	5087	6091	51232	7490	10468	23399	650	4613	341640	3237	6092	2118	2625	652	3975	9353	9620	7042	6469	655	653	5916	7481	659	80000	158326	2138	4086	2674	168667	2719	6299	3688	6608	6928	595
Modulators Of TCR Signaling And T Cell Activation WP5072	7189	6923	1606	9402	2885	9158	1326	5588	207	399	11184	7409	10672	8517	921	868	916	7128	3937	5295	10892	925	10019	677	915	5922	940	26523	1147	8525	4716	84065	5296	6598	7535	3702	5777	4790	1027	4792	5170	5335	8065	27040	5966	53347	10425	8651	8915	919	917	3551	58490	4068	5970	9020	84433	4209	5094	9616	3932
Brain Derived Neurotrophic Factor BDNF Signaling WP2380	3781	10399	4804	4914	1000	10817	653361	4688	5923	391	6197	2932	23373	5604	5295	1739	4904	5879	998	4684	2891	1147	6195	5296	5580	10451	5781	4082	1072	6714	1432	10048	5970	1808	6853	7189	9252	2890	8878	5792	140885	207	5864	1938	55816	2185	6776	23191	6792	6194	5894	1268	8894	4790	7249	84894	5170	5335	8536	1385	1457	3551	10746	5594	5906	3717	10818	2902	5562	4205	5595	6772	1499	4803	57498	8851	4915	2892	4905	2309	4690	25759	836	1020	2534	10603	5515	4792	5602	6868	2562	8660	4908	5605	6198	1978	10642	324	23426	1795	25970	7410	4776	2885	53358	572	8517	4137	627	1977	8440	6464	5607	6777	1965	3738	399694	5563	3265	5601	6774	2904	3725	815	5598	4214	2002	7074	4916	814	6272	3667	4208	2475	32	8844	5599
Insulin Signaling In Adipocytes Normal Condition WP3634	208	6194	9882	6198	3667	2475	6517	3643
Splicing Factor NOVA Regulated Synaptic Proteins WP4148	5590	5332	1000	2566	22854	2902	23136	2035	2898	858	10752	4134	334	54386	5596	288	23154	2054	5601	1946	6813	3763	22883	3778	490	2037	22938	23332	1600	10243	2904	375790	5909	57863	23705	3785	2036	8573	4756	9568	818	1448
Effect Of Progerin On Genes Involved In Progeria WP4320	53615	1869	11335	51176	10951	3066	7157	23028	9219	3065	1107	5928	5925	126961	6839	1108	57504	8350	8932	51763	5931	3020	6720	23468	9112
Relationship Between Inflammation COX 2 And EGFR WP4483	5594	4312	5734	207	5731	5294	10000	5733	80142	208	5595	4893	51365	5293	3845	673	3265	5291	5732	1588	2099	6714	5290	1956	5743
FBXL10 Enhancement Of MAP ERK Signaling In DLBCL WP4553	5594	8726	84678	84759	9555	3015	5595	474382	55506	54880	1848	2146	94239	126961	23512	55766	6045	3014	8350	3020	604	474381
Affected Pathways In Duchenne Muscular Dystrophy WP5356	2735	4843	4313	10105	6261	5328	55013	4087	7225	2280	781	842	5562	2244	1756	2266	825	783	7135	782	817	7048	3552	6786	185	3569	5320	84876	778	3708	4318	5563	3709	10345	1490	6696	1605	2813	51669	642658	3710	50507	6442	4088	4089	10394	5054	1991	7220	4790	844	2243	90550	1837	786	4792	7124	7040	7222	7416	7046	3313	487	4353	9804	6641	5321	3586	6588	10280	779	8082	292	1536
HDAC6 Interactions In The Central Nervous System WP5426	5052	55140	4087	1080	2932	581	60672	84790	50943	5887	5879	5071	9734	203068	2891	2521	4739	7415	2931	7277	2547	1956	3700	3064	10146	6647	1536	285025	2890	8878	207	7428	3312	10537	2185	7001	596	6446	5499	6469	22933	9636	4615	6790	55288	10121	92482	3320	2033	10273	11076	332	3297	84557	5594	7278	9627	4723	2617	5595	10381	7431	1499	4627	57634	2078	10013	991	156	4217	3315	22919	1781	1460	4287	8518	10524	4190	5460	2908	324	1459	57472	8997	5590	4131	23400	4137	23678	23435	627	1639	4092	79885	2017	3091	3301	8842	6667	7291	3308	1740	5829	348	1742	11315	6622	5581	1820	4282	10133	5599
Arrhythmogenic Right Ventricular Cardiomyopathy WP2118	6443	8515	10368	3674	3695	1000	6934	1496	83439	4000	3685	3679	781	88	1756	8516	3691	783	2010	782	6932	51176	87	3673	1499	22801	5318	59283	1829	3678	3690	778	93589	2697	60	3908	6546	1605	3694	6442	81	1832	488	9254	3672	55799	784	89	59284	1495	3728	786	3696	3675	3676	3680	776	785	27092	1674	59285	1824	775	6262	10369	779	29119	71	27091	6444	3688	3693	3655	6445
Primary Focal Segmental Glomerulosclerosis FSGS WP2572	3664	5076	1026	5111	1000	64423	3611	84063	207	84623	4868	3685	55742	7225	7099	50485	7448	23607	3691	10971	4851	7431	7402	5747	1499	3913	3987	4627	950	7414	1285	3690	7490	3856	22943	1378	1605	1287	4690	4643	81	2195	816	3911	4010	5420	5800	4288	5329	1027	2534	3675	5335	375790	7827	9076	4040	977	11346	1514	1759	4041	7040	7471	1028	182	1286	3688	7094	51196	4311	941
Transcription Factor Regulation In Adipogenesis WP3599	9370	1052	23175	8204	5599	3569	3952	1050	6256	2308	7291	6517	5468	7124	3643	1385	8660	10891	1051	5106	3667	2908
Development And Heterogeneity Of The ILC Family WP3893	51561	8320	3398	85480	3593	6927	3596	9760	374	196	3605	64919	3553	64806	3567	3569	3458	2625	6095	4783	3574	3592	50616	2672	30009	90865	3578	7124	3565	3600	7704	3606
Tryptophan Catabolism Leading To NAD Production WP4210	93100	54981	10135	27231	6999	23498	23475	55191	8942	64802	125061	3620	349565	8564	51166	23057
Transcriptional Cascade Regulating Adipogenesis WP4211	1052	10365	5468	28999	2624	688	1051	1649	1050	6720	1959	1054	2625
Non Genomic Actions Of 1 25 Dihydroxyvitamin D3 WP4341	5594	3716	4791	5590	4939	5332	3576	3460	6258	100289462	5588	5330	7099	820	5971	958	7132	1591	7421	51311	83982	7097	5595	817	3440	2113	6347	5336	6772	4893	1594	3569	3459	3458	3845	959	6257	6256	3265	6773	5578	5601	6300	23236	3455	5579	91543	816	6667	6670	5580	9636	4790	7297	5603	5331	3725	815	7124	857	5598	1432	10964	5333	5581	3551	64127	5469	5600	818	5583	51196	5582	5599
Alternative Pathway Of Fetal Androgen Synthesis WP4524	6716	1583	8630	1646	6770	3293	1586	3284	5447	1109	1528
Osteoblast Differentiation And Related Diseases WP4787	8325	4854	5294	2249	7482	5288	2260	5584	5295	30849	390992	650	4089	2248	5579	5291	5296	51384	5580	4654	659	5289	4086	4040	1432	81029	11211	7478	23493	5582	146850	2251	5286	7473	7474	54567	2255	3549	8817	4851	2263	5293	8503	2252	2246	7475	7976	5587	7481	4855	2264	5468	5290	89780	860	2261	54361	54626	6608	7483	2535	5594	2737	5727	2736	2247	657	7472	7484	4853	4093	5595	7477	6772	1499	3516	4090	5578	6300	5597	7479	652	658	5602	4041	2254	182	5600	7476	5287	8322	6662	5590	5588	80326	7855	23462	5596	23533	5601	2250	10683	5591	7480	8324	5603	8326	2253	3714	5598	7471	5581	8321	55502	8323	5583	28514	5599
Conversion Of Angiotensinogen To Angiotensin II WP4818	1509	1215	1636	1511	5972
Linoleic Acid Metabolism Affected By SARS CoV 2 WP4853	54898	10965	3992	9415	60481	59272
Kynurenine Pathway And Links To Cell Senescence WP5044	7850	1026	23475	440275	847	7099	169355	51166	196	6999	23498	7157	3458	2308	27102	125061	3456	3620	7124	4842	688	8942	130013	8564
Cholesterol Biosynthesis Pathway In Hepatocytes WP5329	9023	54898	19	6307	4597	6309	2180	1581	4047	1595	3157	3156	3158	7376	83401	1718	3930	10654	29116	2224	9453	2181	1593	10062	9415	51478	641371	403313	10858	7108	2222	10965	4598	39	6319	10682	50814	6785	6720	9619	60481	91734	3422
EPAC1 And PKA Reduction Of Retinal Inflammation WP5440	3553	140609	114548	10411	5567	5576	5575	5573
Serotonin Receptor 2 And ELK SRF GATA4 Signaling WP732	5594	5923	3357	5595	5604	4893	2005	3845	3708	3265	9261	5894	2776	3356	2626	10125	2002	6722	3358	5605
Gene Regulatory Network Modeling Somitogenesis WP2854	4851	2253	84667	3280	89780	6911	2043	3955	134701	28514	145873
Senescence Associated Secretory Phenotype SASP WP3391	79813	121504	8338	8348	29945	119504	6197	25906	64682	6195	1019	94239	7314	1051	8334	5970	51434	3576	255626	8345	3015	474382	3569	1017	11065	3018	10393	4790	1027	126961	55766	3013	2353	8970	10919	1031	6233	3012	5594	1029	5595	996	8340	27338	6196	29882	1030	8697	7321	1032	51343	8350	8342	27287	1026	51529	246184	7311	3552	3490	890	8331	723790	6774	8349	51433	3017	7316	8881	3725	8341	7324	5598	3014	8900	54145	1021	3020	85236	128312
Angiopoietin Like Protein 8 Regulatory Pathway WP3915	55908	867	4023	2538	4216	5294	6197	5288	2932	8986	6199	253260	5604	5295	1398	7786	30849	7067	6195	5291	2931	5296	10211	5105	10062	9175	4293	5289	5606	1432	5286	9252	11183	9448	207	2997	23433	1734	7248	64241	5293	8503	2194	5571	5894	64240	7249	5170	5290	6720	10746	5594	57521	4215	1326	4296	11184	1581	6567	3630	6416	5562	4294	208	868	5595	1576	27330	5871	1555	2309	6256	6300	6196	5597	9064	25759	79109	53919	4217	2889	143686	5609	8471	6517	2203	5602	23265	8660	2319	6319	5600	5605	6198	9020	1978	6009	51422	53358	6885	6721	64223	6654	1977	6464	5564	5607	6655	8491	5596	53632	5563	3265	5601	2308	7068	9322	5603	5770	10487	50488	5565	3643	23624	4214	5598	5608	6513	51085	3667	2475	5599
Ethanol Metabolism Production Of ROS By CYP2E1 WP4269	1571	6667	7975	5604	23764	4097	5605	4780	5599
Neural Crest Cell Migration During Development WP4564	7204	4313	5063	4804	4317	2048	207	387	5294	10000	627	208	10298	5058	106821730	5293	375	8503	30849	4318	2151	5879	23533	6774	25791	5291	7291	2050	3725	2047	5290	2353	2049	7074	2051	1009	57144	5062	146850
Biomarkers For Pyrimidine Metabolism Disorders WP4584	1807	30833	1723	1152	1806	80324	7084	51733	1890	50484	7298	6241	7372	51251	6240
Activation Of NLRP3 Inflammasome By SARS CoV 2 WP4876	29108	834	3553	114548	4790	5970	7187
Pluripotent Stem Cell Differentiation Pathway WP2848	4254	1270	238	7474	5154	1436	7043	3479	2247	7422	3589	2255	7472	3630	2249	7018	7482	4851	7173	7477	4907	4909	8600	3569	9241	2056	3082	10468	2323	2246	3577	22943	3815	3562	652	6469	3624	1435	7040	2253	8200	1950	4838	5155	10637	89780	7471	3570
Myometrial Relaxation And Contraction Pathways WP289	9628	2792	2785	5576	3486	59350	5570	6000	7533	3553	122042	23764	70	3709	5579	3710	8525	467	488	816	5144	27297	5580	2787	5331	55970	109	2982	71	2784	11318	2778	5582	5999	2786	6261	2869	196883	2551	408	10266	133	10971	26575	5336	85366	796	3569	468	801	3708	8787	60	5998	6263	112	4633	3487	5587	4790	5335	800	10287	2353	8601	1385	4842	2981	115	10268	7529	5020	818	5575	2870	1265	5997	2783	3489	1388	11142	817	58	489	10267	10636	5567	3485	4846	5578	6546	7531	108	2810	5142	2791	784	2776	6013	59345	1264	7534	64407	5021	6262	2868	51764	466	5590	8490	2980	114	2114	9446	5588	1394	2788	5569	4635	1902	6004	113	2697	5573	8786	6667	7532	22809	57007	5577	10699	409	59	3484	3725	815	10681	107	2553	94235	2782	111	10488	5333	6001	5581	3488	1392	5996	1386	5583	5566	54331
Pathways Affected In Adenoid Cystic Carcinoma WP3651	23774	7994	7403	26292	55294	207	284058	29072	10933	63035	4603	9863	8823	4851	4149	58508	9611	84159	1111	7157	10847	4781	1050	6595	23220	54880	8243	2309	3265	4613	3008	51742	5894	8289	1487	5591	2264	2064	54756	55534	9223	472	221037	672	4609	55783	5290	11200	27255	2033	55914	3645	4602	1387	93986	5728	5605	9874	29128	546	64324	23269	6605	23135
Hypothetical Craniofacial Development Pathway WP3655	3664	9181	9411	7020	7043	387	8626
Toll Like Receptor Signaling Related To MyD88 WP3858	5594	7189	4791	7098	54106	3654	7099	5971	51284	8517	51311	7097	3661	54472	7187	7096	7100	29110	3665	1147	114609	10333	100302736	4790	4615	148022	5966	3551	51135	5970	9641
miRNA Regulation Of Prostate Cancer Signaling WP3981	5594	1026	5154	2885	4193	572	8517	842	10000	6654	2932	6932	5604	1499	367	7157	3845	354	596	2308	5894	4790	1027	4792	5159	5290	90993	1387	5605	2475	595
SCFA And Skeletal Muscle Substrate Metabolism WP4030	2867	5467	5697	2865	2641	6517
Vitamin B6 Dependent And Responsive Disorders WP4228	249	8566	501	11212	55650	248	55163
Cerebral Organic Acidurias Including Diseases WP4519	79944	95	3418	501	728294	4191	137872	2639
Eicosanoid Metabolism Via Cyclooxygenases COX WP4719	8310	66002	100137049	5729	127281	5730	5467	22949	9536	30	51	1579	5742	284541	5322	231	11251	5739	6916	5737	8309	5468	8529	5743	5321	3248	6915	1962	8398	145482	5740
GPCRs Class C Metabotropic Glutamate Pheromone WP501	51704	846	2911	9052	2916	2912	2918	9568	55507	2917	2913	2914	55890	2550	2915
Neuroinflammation And Glutamatergic Signaling WP5083	6507	3716	5500	4087	3596	26227	3553	2918	29968	23236	6536	63826	3592	2891	5579	4089	816	6778	80131	5331	7124	57084	1072	7133	109	2897	1738	5582	3570	4791	2890	5160	3593	3479	207	6506	5330	5501	2903	2915	84230	3587	3569	801	3459	2917	596	3597	2901	3554	116443	4088	2900	84254	7042	5499	4790	3565	7040	2353	1385	4842	7046	3566	2805	7188	9021	818	2905	2670	5594	7850	1270	5332	5723	3460	7043	6472	2902	27185	2247	10645	7132	5595	817	2911	6772	3976	6515	116444	7048	4803	3588	1610	2892	5578	27165	7049	2899	54407	55144	6509	2893	2898	2744	54795	6505	114	56301	23237	56262	627	4092	3552	3458	2914	2912	6774	2906	1737	26012	2904	6511	815	92745	2752	107	3643	6470	3586	4049	814	81539	6513	57030	3667	3572	10991	5566	23507
NRP1 Triggered Signaling In Pancreatic Cancer WP5144	5594	4791	4313	7043	207	4087	7422	5971	10000	6591	208	898	5595	7048	5604	9134	4318	1017	5879	3082	1277	6615	1490	5362	4088	4089	2931	7042	1003	4790	7049	1027	5361	3791	1106	1105	6714	8829	91584	5966	55630	1950	7046	1278	2321	4233	1956	5605	5970	9564	5747	5175	10371
Clock Controlled Autophagy In Bone Metabolism WP5205	121340	81631	10507	10533	10131	1489	650	50964	4089	64422	7415	51384	1435	659	56955	5289	4086	5176	9975	7189	7474	8878	9842	6096	3479	207	4851	9575	796	3569	8678	596	55054	3562	5741	7040	3920	393	860	84557	3717	79443	4093	3952	406	4090	22943	4772	8553	652	115908	651	4041	4862	9474	8646	79365	9776	1513	3146	8792	1948	5187	654	8600	8408	4982	5563	9140	60673	128338	7480	653	84938	83734	1407	9821	2475	55626	10371
Autophagy In Pancreatic Ductal Adenocarcinoma WP5331	3146	8878	7942	81631	10526	10533	4193	81671	65018	7157	3845	8678	7030	5071	4780	6774	177	4790	8036	4286
10Q11 21Q11 23 Copy Number Variation Syndrome WP5352	9031	7913	5111	55693	3727	55753	83737	3299	657	1161	196740	8505	55183	4093	1103	9575	9188	114548	4221	4641	57705	143162	596	6924	9241	406	4090	282966	2074	650	23411	51548	6572	56478	285704	8467	6598	57654	999	8065	4086	658	1743	8200	2002	1738	170371	4756	644168	2073	10514	474354	23451	58504	170370	1386	6601	3297	5599
Cell Lineage Map For Neuronal Differentiation WP5417	6507	8500	4804	1000	3172	6529	10716	23504	2249	6591	201456	6532	51176	10840	1739	3866	390992	9455	79923	6536	6572	43	4010	161	57084	9456	7054	9568	3655	50944	10215	2173	160	27445	6506	2627	4851	8825	7168	6091	2743	7166	6530	388585	2550	2526	5010	3975	6285	3371	85358	6862	5077	22871	10763	150	10369	2128	152	9152	132625	3688	23025	2670	4340	151	8001	2902	4929	10381	3361	1103	359787	4487	8927	151871	1741	23085	4741	6615	6531	652	361	3763	6663	2103	10243	2626	2741	64321	947	8573	4838	5080	117581	4133	5460	2572	1267	1464	9454	3170	5175	6662	2744	4155	2742	6657	3266	4488	3350	3280	100133941	6616	9699	1641	7291	9314	6855	1740	999	2904	2752	83881	2571	1742	54738	27022	57030	4747	146713	28514
PGK1 PKM2 KHKC KHKA Acting As Protein Kinases WP5433	5230	8773	5163	3014	84335	5631	3795	5315	8678	3020	6774	5062	9184	4633
GLP 1 Secretion From Intestine To Portal Vein WP5446	6514	2776	6523	5122	2641
Folate Alcohol And Cancer Pathway Hypotheses WP1589	1571	1385	4524	216	102724560	1051	4548	10840	128
Androgen Receptor Network In Prostate Cancer WP2263	3716	2549	86	545	4087	3284	10397	253260	581	5604	1111	1398	3082	2118	2289	1399	6602	51478	1019	4609	5781	1432	6601	3295	1869	207	6603	10252	842	7248	4436	51412	5921	367	7157	2185	596	1017	3817	4088	6599	253314	5894	7249	472	5290	2353	3169	6690	983	595	5594	1369	4312	5906	57521	11184	4193	641	2165	5595	1793	6772	5058	3292	354	2078	2889	836	5925	10111	672	5347	5728	5605	1978	466	6009	10253	6604	580	2885	572	6654	5908	993	5599	3294	841	10257	57492	3265	6774	6667	2956	8289	5591	994	1586	3725	6597	4361	11200	5829	2002	3293	2475	3283	10811
Nanoparticle Triggered Autophagic Cell Death WP2509	10533	3630	81671	7248	22863	9706	8408	8678	285973	596	51100	55054	9140	64422	115201	10036	7249	3643	7405	9474	83734	55626	84557
T Cell Receptor And Co Stimulatory Signaling WP2583	4773	1452	207	5530	1493	2932	5133	5921	3558	801	925	940	5578	926	2931	7535	3702	5777	4790	2534	1859	4792	5335	8445	10125	5163	5728	3932
Differentiation Of White And Brown Adipocyte WP2895	10205	51316	56301	3224	133522	9370	4093	23090	63976	3225	3952	1050	4090	1054	650	652	1149	655	253738	7545	5468	4086	10891	1051	27129
Nanomaterial Induced Inflammasome Activation WP3890	27035	29108	834	3553	1508	4790	7099
MET In Type 1 Papillary Renal Cell Carcinoma WP4205	116328	5594	238	1026	2549	5063	867	5906	2885	3718	207	572	10000	6654	208	3640	5595	5908	2113	10298	5604	5295	5058	4893	6655	106821730	5293	1398	8503	3845	673	6924	5879	3082	7030	998	3265	6774	5291	5296	1399	2889	5894	3725	5335	5781	6714	5290	4233	5546	369	6135	5605	57144	6801	5062	5747	5599
Disorders Of Folate Metabolism And Transport WP4259	6573	6472	4548	10841	160428	10840	5860	1719	4522	113235	441024	471	4524	6470	10797	2618	2348	7298	10588
Glycosylation And Related Congenital Defects WP4521	7841	5373	29925	2683	85365	10195	79644	8818	79087	84061	199857	29929	79796	54344	7991	1798	56052	4247	8813	79053	9526	79868	4351	440138	22845
Eicosanoid Metabolism Via Lipooxygenases LOX WP4721	8310	66002	5467	1800	22949	7442	30	51	1579	2687	4048	284541	239	56413	240	8309	2358	10800	8529	8989	1241	57105	3248	246	1962	4056	145482	5465
Pentose Phosphate Pathway In Senescent Cells WP5043	6888	221823	25796	22934	7157	2539	51071	6120
Mitochondrial Fatty Acid Oxidation Disorders WP5123	80221	33	3033	2180	37	1632	1376	1374	3030	6584	2181	6342	34	3032	55825	2182	35	788	1962
Metabolic Reprogramming In Pancreatic Cancer WP5220	587	2673	5160	6675	4199	593	8140	6510	5162	64841	3156	3939	7157	5211	3098	3845	22934	3158	2194	2875	6120	27165	1431	6566	1737	5315	47	8501	9122	6646	8050	2805	1738	4190	5238	3099	2806	3949	6513	2821	10498	2746
Macrophage Stimulating Protein MSP Signaling WP5353	2549	121340	1000	632	4087	6591	6197	6495	2260	10397	2932	8986	5604	5295	3553	3480	1374	2335	5579	6590	6195	1399	7124	4086	6714	1432	4485	2321	3627	5970	31	2919	9252	5111	3576	4091	207	6374	3569	7157	142	3381	4088	1848	6194	5894	4790	3456	5170	5335	3791	7040	2353	8651	9021	3688	5594	1846	55554	4093	5595	7431	6347	1282	1499	3939	1958	4090	25	3315	8431	4486	9076	5159	3164	3099	5728	1437	5605	100506658	6198	27250	1843	2885	7422	9839	5156	6464	7082	1440	4318	7122	5563	5601	2920	7480	999	59	3725	2002	6935	10891	3586	8321	6513	2475	5747	5599
Thymic Stromal Lymphopoietin TSLP Signaling WP2203	695	5594	3716	4791	3575	85480	3717	207	3055	5971	3932	9846	2242	5595	6772	5604	6777	6776	6775	5601	6774	6194	6778	64109	4790	2534	4792	5781	6714	4067	1432	7525	5605	5970	1978	7006	5599
Parkin Ubiquitin Proteasomal System Pathway WP2359	80086	51182	7327	51465	5704	7278	834	9627	55294	5701	5705	7317	5707	3312	898	10381	3313	5706	2861	5413	84790	3305	81027	3309	841	79861	10382	5071	5717	5702	6477	9246	203068	5714	5715	113457	5711	7277	3310	5710	3308	5709	118424	5700	10376	5718	10213	51807	347733	8454	3306	8573	7280	10383	10273	3303	6622	5716	112714	5719	25897	84617	7332	5708	7326	5713	347688	7846	9861	6478
miRNA Targets In ECM And Membrane Receptors WP2911	6383	3910	1293	1282	22801	3913	7148	1281	2335	1284	50509	3694	3672	1290	7058	1291	7057	1278	3915	1292	3693	1289
Canonical And Non Canonical Notch Signaling WP3845	4237	54567	84441	92737	9794	5663	4854	4853	23462	4851	51176	6237	3280	3516	5664	65989	4236	1147	10683	4855	55534	8788	27255	3714	102	182	28514
Canonical And Non Canonical TGF B Signaling WP3874	1432	7046	7048	5599	7040	4089	4017	5601	26585	4015	657	649	659	4087	84171	4088	4016
DNA IR Damage And Cellular Response Via ATR WP4016	995	545	79728	1111	79648	55775	84142	5965	5932	2305	11073	79184	8493	6601	5111	7398	84126	1869	3364	83990	8924	6118	4436	7157	7520	5423	1017	5888	5893	8243	142	472	5884	8318	983	63967	9400	4193	9521	5371	5883	5810	80010	55215	9401	9156	7507	10111	672	9937	5347	6117	4171	1196	2237	353497	604	7156	22897	7158	580	7486	8517	50485	2177	51720	55159	9656	5976	675	6667	7323	5591	4361	11200	10155	2175	4683	3014	7979	4292
Leukocyte Intrinsic Hippo Pathway Functions WP4542	7003	90417	5906	4023	3683	7004	26524	387	23012	60485	10971	10397	9113	1236	10413	8463	50943	83706	5879	5872	2309	6901	2308	639	6788	930	1432	4485	7005	55233	4303	2533	83593
Influence Of Laminopathies On Wnt Signaling WP4844	324	1452	6934	83439	27161	4000	8091	122011	9370	1052	2010	23405	2932	51176	10269	3280	6932	1499	1050	8312	2339	388585	6696	7088	6895	23463	7480	6517	5468	26092	860	1021	1051	6720	595
Disruption Of Postsynaptic Signaling By CNV WP4875	5594	50944	2902	23237	2903	5595	817	2911	9379	7082	1739	23191	22895	57502	2906	816	9369	7532	6804	1740	2332	54413	8831	2904	815	57555	9456	22871	9378	6262	818	9229	2905
Mitochondrial Immune Response To SARS CoV 2 WP5038	7189	4791	11331	7098	4715	51284	7113	64135	23586	27035	5245	1636	3661	57506	185	7187	29110	79671	51295	3665	617	115004	186	4790	28976	340061	51103	148022	1514	9868	5972	59272	9641
Pro Survival Signaling Of Neuroprotectin D1 WP5182	581	7186	840	7124	7132	836	330	54205	11035	8717	8737	841	842	8772	5516
Synthesis Of Ceramides And 1 Deoxyceramides WP5194	127550	2583	79603	64781	8694	2683	29956	91012	7368	253782	166929	10558	53947	259230	427	84002	2531	8877	10715	7357	204219	1674
Hippocampal Synaptogenesis And Neurogenesis WP5231	5594	9252	127833	10645	627	5617	1734	801	596	1812	4684	5578	3191	816	6195	84254	815	1385	1432	91683	9378	10891	814	894
Cardiomyocyte Signaling Converging On Titin WP5344	5594	27063	23636	2273	84665	2983	4193	200539	4077	7273	5604	84676	89869	4881	5567	5568	5573	5578	5894	8557	2274	154	26287	815	1410	8048	6722	84675	153	5605	5593	5566	83606
UDP Derived Sugars Synthesis In Fibroblasts WP5394	2673	2645	3099	5238	5236	3098	7358	2821	3101	80146	2582
Metapathway Biotransformation Phase I And II WP702	2947	113612	57106	445329	54600	2879	2948	2328	25830	92292	1573	1572	653689	57834	2950	10249	8509	29785	11185	55501	54657	1543	2953	64579	4166	79807	6817	221357	9196	54575	9951	56548	1592	3176	55226	1595	9420	83539	2939	7363	9514	1571	113189	2880	7364	8534	442038	4837	9435	2877	9469	7366	266722	2329	2937	2330	1589	9027	80218	1582	2954	54658	23563	373156	120227	24142	9953	2944	54490	1580	22977	64816	2936	574537	9956	8574	2940	222537	4258	1109	54578	8529	1545	1558	27233	1584	119391	9957	1645	6822	79799	9348	8514	8644	1581	1553	7172	11283	1591	10	9955	1312	1576	2053	1646	1594	10164	27284	4051	1555	2938	1559	79829	570	57404	100861540	1593	9653	7367	1549	50515	10858	7881	126410	64090	6718	2326	1585	2327	260293	3340	339761	66002	79690	285440	122830	4259	9394	9446	64377	54579	9486	2949	6799	2946	1565	1557	26151	1562	1583	1548	231	10327	4257	340665	10941	6820	54659	2878	1588	1586	54905	57016	6783	89792	90161	1577	391365	56603	51126	2941	10720	339983	1544	2052	199974	51302	64711	54577	166012	219970	6819
Follicle Stimulating Hormone FSH Signaling WP2035	5594	207	5595	6199	5578	2308	6194	6446	5894	7249	8290	6714	1385	1432	1081	26060	2488	6198	1978	2475	2870	5566	6009	2492
Quercetin And Nf kB AP 1 Induced Apoptosis WP2435	2353	4312	4842	7975	5743	1548	3551	4097	4790	7422	8309	4792	9817	3725	4780
Hepatocyte Growth Factor Receptor Signaling WP313	5594	2549	5906	2885	11184	6654	5595	5908	1793	5604	5058	5921	2185	1398	3082	3265	6774	1399	3672	5894	2889	3725	5781	6714	5290	2353	5829	2002	4233	5728	5605	3688	5747	5599
EDA Signaling In Hair Follicle Development WP3930	7473	2735	27121	10913	1896	5727	6469	25928	649	5971	128178	22943	4050
Pyrimidine Metabolism And Related Diseases WP4225	64902	1807	790	1890	6240	50484	7372	27165	1723	51733	6241	51251	30833	1806	7084	7298	5009	4329	1373	18
Statin Inhibition Of Cholesterol Production WP430	4035	19	4023	949	1581	337	4547	8694	336	3931	1071	64241	3156	84532	64714	341	338	116519	64240	335	345	6713	3990	348	6646	2222	3949	5360	344
Mitochondrial Fatty Acid Synthesis Pathway WP4317	51144	54995	27349	51102	31	109703458
Sphingolipid Metabolism Integrated Pathway WP4726	9517	8612	79603	64781	29956	91012	7368	253782	81537	166929	10558	259230	427	123099	2531	6609	8877	56848	10715	7357	8611	8613	204219	8879	130367	8560
Autosomal Recessive Osteopetrosis Pathways WP4788	7189	8792	9842	7879	28962	1186	3551	29887	8600	10312	4790
Nitric Oxide Metabolism In Cystic Fibrosis WP4947	54496	3275	4843	4842	3276	55170	4846	23576	10419	10196	10498	23564	56341
Cohesin Complex Cornelia De Lange Syndrome WP5117	5528	324	157570	114799	10734	23383	151246	9212	5527	9700	55869	10735	23063	23244	5519	27127	8243	9985	5525	5529	23047	151648	5518	5526	5885	5515	9126	5524	5516	5347	9232	113130	983	25836
Glycosaminoglycan Synthesis In Fibroblasts WP5395	3340	9348	113189	64131	8534	26229	64132	9394	9469	266722	9955	27087	54480	2131	51363	8509	29940	55501	55790	26035	9953	64579	2132	135152	2135	9956	9653	11285	10090	337876	90161	50515	2134	126792	56548	22856	55454	79586	2137	9957	166012
Acetaminophen In Analgesia And Antipyresis WP5444	3785	8989	5742	5743	8912	3786	7442	3350	2166
Serotonin Receptor 4 6 7 And NR3C Signaling WP734	5594	9252	5906	5595	5604	3363	2005	1958	673	3360	9261	3362	1385	2002	6722	5605	2778	466	2908
Thyroid Stimulating Hormone TSH Signaling WP2032	5594	3716	5906	3717	7253	207	10672	5337	898	2771	30818	5595	5908	6772	5604	2768	5295	2773	3480	2775	896	673	1017	2770	3265	23236	6774	108	5144	23513	6195	6194	5296	5894	103910	2776	5925	1019	7252	1027	328	5170	5909	6714	5606	5290	1385	109	2782	1432	1081	5934	5900	5608	2778	6198	2475	54331
Corticotropin Releasing Hormone Signaling WP2355	8912	7099	3284	10499	5584	2932	5604	2775	2355	5579	3713	1393	5580	1432	9095	2784	5970	31	2778	6925	8061	3576	207	408	842	1589	5336	7020	10411	596	2770	142	3848	157	2767	5894	4790	5335	3726	7040	3320	2353	1385	2081	1584	2870	6822	5594	2783	3727	2781	4929	2771	5595	1499	673	1889	4846	5578	4217	836	6770	2776	3728	4792	3606	3164	2354	3861	5588	387	1394	5908	1583	3558	2697	5563	5601	6667	409	815	5443	10681	1395	10155	2782	2002	1392	3283	5747	5599
Nanoparticle Triggered Regulated Necrosis WP2513	2512	5321	7124	8717	11035	8737	841	148022	7132	8772	142	5599
Common Pathways Underlying Drug Addiction WP2636	5594	5502	1815	2890	5906	114	5500	2902	2705	5501	2903	2915	5595	5908	2911	5604	801	2770	1812	2892	5567	5568	5582	60	5578	2891	5579	5499	5894	815	1813	107	1385	72	369	814	71	5605	2778	2893	5566
Let 7 Inhibition Of ES Cell Reprogramming WP3299	9314	5460	6657	1958	131405	4609
Dual Hijack Model Of Vif In HIV Infection WP3300	7314	6923	865	861	6921	9978	60489	8065
Interleukin 1 Induced Activation Of NF kB WP3656	7189	5590	8878	92610	3552	3654	7334	7335	4790	84962
Embryonic Stem Cell Pluripotency Pathways WP3931	3716	2549	8325	2475	2249	7482	2260	2932	5604	4089	2248	5296	51384	2256	659	5781	4086	4040	5606	1956	81029	9965	369	8822	3977	2251	7473	7474	5154	4091	1855	207	2255	10000	8817	2263	5293	2252	2246	7475	5894	7976	7481	2264	2353	89780	54361	2261	90	10097	2535	5594	6927	4193	2247	657	8074	7472	7484	8823	1857	208	4093	7477	3976	1499	26281	673	8312	4090	6300	5597	652	2259	658	5159	4041	2254	5728	5605	7476	8322	324	2885	1856	80326	3266	6414	7855	6654	5156	4092	2257	5607	5596	93	2258	9241	3265	6774	2250	26291	7480	8324	8326	3725	2253	5598	1950	2002	5155	7471	27006	8321	5608	8323	3572
Hormonal Control Of Pubertal Growth Spurt WP4194	3479	6750	2691	2796	2688
Tyrosine Metabolism And Related Disorders WP4506	2954	3081	6898	2184	3242
Renin Angiotensin Aldosterone System RAAS WP4756	64764	1215	183	1511	5330	3284	1388	1589	817	1636	1583	810	3283	185	468	801	84699	3708	163688	3709	3710	816	186	2776	9586	57172	6770	51806	57118	815	8536	90993	1385	10488	91860	814	148327	5972	818	1386	1585	466
EGFR Tyrosine Kinase Inhibitor Resistance WP4806	3716	2549	3084	2932	6199	581	5604	5295	3480	3082	5579	5291	5296	2064	4609	6714	4233	1956	369	5582	3570	5154	3479	207	10018	10000	5336	2263	3569	8503	5293	9470	56034	596	6194	5894	5170	5335	3791	5290	4763	2261	595	5594	3717	2247	208	5595	6237	4893	3845	673	2309	22808	5578	25759	22800	7039	5159	5728	5605	6198	1978	80310	2885	53358	7422	572	2065	6654	1977	5156	6464	6655	399694	2621	3265	6774	9542	558	5155	1950	598	2475
MAPK Pathway In Congenital Thyroid Cancer WP4928	2353	238	5595	2002	6464	5604	4609	5894	6655	3845	5605	673	150946	3725	8844	6654
SARS CoV 2 Altering Angiogenesis Via NRP1 WP5065	7422	3791	59272	8829	5045
Octadecanoid Formation From Linoleic Acid WP5324	1579	1558	1557	79852	5742	1576	242	246	1544	2879	59344	1559
Pathophysiological Roles Of DUX4 In FSHD1 WP5342	100288687	2033	1026	391769	4656	4617	5976	340096	84676	10891	154	4654	7422	5081	4609	5979	114907	2100
Catabolism Of Skeletal Muscle In Cachexia WP5474	3716	4791	84335	57521	3479	207	64223	4087	8742	5971	8517	7132	84676	3552	3553	3480	3569	92	2309	114907	3554	4088	6774	4089	1147	2660	4790	4792	7124	5966	2033	5163	51330	3551	1051	5600	5970	2475	3570	84557
Arachidonate Epoxygenase Epoxide Hydrolase WP678	1558	1573	1351	2053	2950	1559	9377
Alzheimer 39 S Disease And miRNA Effects WP2059	10023	23401	8313	1139	3416	8325	4023	5694	823	7482	2932	637	5604	3831	5295	3553	84790	30849	79861	778	9451	3709	5702	23236	5691	203068	283106	3028	10297	1147	3710	5291	488	5296	840	7277	5688	5709	351	177	51384	1435	90550	5331	57142	10376	5289	7124	347733	4040	3798	7280	487	112714	55062	81029	369	5695	22926	11211	5970	7494	347688	11047	4311	1536	7473	7474	824	5690	27121	23130	1855	5705	207	55102	5701	5610	5330	5663	122011	10000	842	2903	10888	317	810	5684	3569	468	8678	801	8503	5293	6424	3708	81027	5534	6263	5714	5715	7475	113457	83447	5894	7976	5710	1649	7481	4790	291	5700	5718	776	1454	5290	5692	7416	4842	1457	2081	7186	89780	54361	5719	775	54205	441925	3551	84617	83464	3799	8883	5535	7419	2905	64837	292	2535	5594	10313	5687	5332	7278	143471	2902	5530	7472	5707	3630	5532	293	7132	3800	1857	208	5595	10381	27035	7477	1499	4893	5689	489	3845	8851	10382	673	8312	5664	163688	22943	355	5685	29982	4217	836	2776	1020	5609	55626	8471	51807	23385	1460	6868	5602	4041	8660	91860	5533	779	9776	5605	5713	27123	7846	2597	7476	324	4035	1459	4843	322	5704	10105	1452	26100	1856	80326	89953	572	4137	7855	23621	22863	5706	3552	9706	8408	1965	51107	841	5682	3265	5601	60673	2906	50507	55851	7480	8324	51806	2904	8326	10213	3643	7417	348	7979	147700	10383	5743	6622	7471	5693	102	8321	8323	5708	9821	3667	5686	2475	8772	5683	9861	5481	5599
Glycerophospholipid Biosynthetic Pathway WP2533	56994	57678	346606	253430	2819	5294	10423	114971	23175	54675	8760	10390	8443	5320	5293	9489	8540	5291	9663	5833	1120	150763	137964	55361	5290	84803	9791	10400	8394	2710
exRNA Mechanism Of Action And Biogenesis WP2805	23405	57510	29102	27161	54487	90459
Constitutive Androstane Receptor Pathway WP2875	23054	54600	10499	1579	1557	1576	1548	54658	8648	8243	8714	1555	1244	1559	6256	2308	54657	6667	7266	6817	54578	1577	5524	3320	10891	9970	1962	211	5243	2939	6822
miR 517 Relationship With ARCN1 And USP1 WP3596	1026	7398	3398	3397	372
Hepatitis C And Hepatocellular Carcinoma WP3646	3716	1026	4312	4843	7410	3576	2885	6927	207	7422	1870	842	6654	5595	51176	3569	7157	2017	3091	5879	3577	1284	4088	6774	4089	5420	840	836	330	960	4790	356	26509	4609	6241	3725	2487	672	5781	7040	1432	7046	5743	7345	598	332	3570	595	5599
ATM Signaling In Development And Disease WP3878	23300	84823	545	2539	8517	9212	9810	55183	993	79840	64421	9025	1111	7157	9759	165918	1017	8243	3150	5536	6300	9656	80254	5591	1020	3315	4790	6794	5603	7249	5932	5515	472	10111	4361	11200	10155	1432	4683	56254	10524	8493	5600	1386	2475	699	7158
Ethanol Effects On Histone Modifications WP3996	1571	191	55140	6573	4143	7298	125	4548	126	8520	55869	3066	217	9759	1719	9734	10013	3065	10014	83933	55902	8841	220	8850	4524	10919	216	124	51564	1386	8854
Clear Cell Renal Cell Carcinoma Pathways WP4018	113675	197257	405	26227	5230	7167	29968	2027	5214	8242	8314	2321	1956	55193	31	8082	2023	84969	10993	8878	1012	207	29072	3101	7428	7248	2194	5232	7042	226	7249	3791	8536	7040	2033	5236	84335	57521	229	5723	7043	6472	4199	5313	5213	9771	3948	3939	3098	5169	2887	2026	146779	5315	47	79605	5159	230	4190	80184	3099	79365	5728	64798	2821	5352	2597	6009	64223	7422	5156	5211	3091	6774	3759	3945	55276	5155	6470	6935	1387	6513	2475	32	8844
Leucine Isoleucine And Valine Metabolism WP4686	587	11112	56922	593	1892	4594	3712	23417	54511	3028	26275	38	36	5095	5096	1629	549	27034	1738	594	64087	586	197322	4329
Mammalian Disorder Of Sexual Development WP4842	1761	50846	269	5730	6715	668	284654	6736	3640	84733	2263	2018	1499	5087	268	7490	10468	2626	23543	2254	54361	2516	5600	30812	6662
Urea Cycle And Metabolism Of Amino Groups WP497	1152	5831	2746	1158	2593	4953	6611	95	445	6723	435	383	1757	65263	4942	5832	162417	384	5009	1373	2628
Vasopressin Regulated Water Reabsorption WP5085	64764	84516	6810	554	360	396	5878	5868	79659	1639	10671	1783	84699	5567	4905	5568	112	361	10540	9586	1780	51164	51143	1781	398	5869	90993	1385	109	6844	9230	10488	8766	359	115	8655	148327	397	2778	51626	1778	140735	551	5566
COVID 19 And Endothelial Cell Senescence WP5256	3605	7099	84818	196527	23765
Immune Infiltration In Pancreatic Cancer WP5285	53342	51561	6364	3593	112744	3576	3965	6387	7043	7422	3596	6374	3605	6347	3553	64806	3558	3567	3569	3458	83998	56477	4318	2277	3592	3958	7042	7423	7124	3565	27189	7040	7424	3586	3956	1437	6352	27190	2919
miRNA Regulation Of DNA Damage Response WP1530	1026	27244	84126	995	545	27113	9133	5981	1869	1647	4193	1643	5366	5371	5883	842	5810	4616	898	637	581	891	993	317	6118	1111	2177	10912	135458	9134	7157	841	896	1017	55367	5888	5893	50484	8243	355	25	11011	2810	836	5591	900	5925	1019	1020	1027	4609	85417	472	672	5884	10111	4361	11200	1385	4683	3014	8795	54205	1021	9874	894	983	63970	595
Nicotine Effect On Dopaminergic Neurons WP1602	1814	1815	1137	8973	51305	1644	84152	2770	108	5499	1138	1020	1813	1141	2782	7054	3777	1136	6571	5566	54331
HIF1A And PPARG In Cardiac Hypertropthy WP2456	84803	7167	948	3939	6513	3091	2819	5468	2597
Microglia Pathogen Phagocytosis Pathway WP3937	5286	7410	1535	2209	10095	653361	3055	4688	7409	3684	5294	4689	713	5336	5295	5293	8503	7305	5879	5881	5291	5296	6850	714	5777	10451	27036	5289	27040	4067	2207	5290	54210	54209	712	3071	3689	5880	146850	1536
Phosphodiesterases In Neuronal Function WP4222	2890	5147	1139	114	5143	196883	2902	2983	5153	8654	5158	2903	10846	5136	5152	84152	113	1812	5151	135	112	108	55811	5140	2906	5144	50940	2977	5141	5592	5142	5137	5138	2905	5139	2904	5145	815	1813	107	201626	5146	1385	109	111	4842	27115	115	2982	8622	5149	5150	5566	5148
Purine Metabolism And Related Disorders WP4224	3251	10606	353	7172	4144	2915	158	4860	270	316	5471	50484	100	3704	159	471	55034	5631	1716	2618	7498	3614	5198
Metabolic Reprogramming In Colon Cancer WP4290	10606	5723	229	5160	3418	9123	6472	5831	2539	29920	3101	4191	6390	6510	50	5162	5230	57103	3939	5211	5471	22934	29968	2271	2194	3419	7086	5315	47	8801	6888	1743	5223	5226	2618	2806	6513	2821	2023	2597	2746	2744
miRNA Role In Immune Response In Sepsis WP4329	7189	4791	3576	6885	10454	3654	7099	5971	51284	8517	51311	3659	388372	3552	3569	3002	7187	6348	3934	3665	1147	23118	7412	1991	3383	4790	4615	4792	7124	5966	3663	1432	3586	3551	51135	5970	5599
Resistin As A Regulator Of Inflammation WP4481	5594	5332	3576	3593	207	5330	8517	5294	10000	84812	113026	208	5595	5336	3569	5293	3708	23236	3592	1147	5291	4790	4792	5331	5335	7124	5290	1432	5333	3551	5970	56729	51196
Peroxiredoxin 2 Induced Ovarian Failure WP4873	5602	581	1583	10038	836	6770	7001	3284
COVID 19 Thrombosis And Anticoagulation WP4927	5340	2147	2243	2162	2165	2244	2266
RAS And Bradykinin Pathways In COVID 19 WP4969	5594	1369	183	623	59272	387	7421	1591	3827	1636	1576	3552	3553	185	710	4881	4846	624	5592	2161	186	5054	6093	4790	7124	4842	5972	3818	3816
ROS In COVID 19 Endothelial Dysfunction WP5258	27035	7132	3383	4790	3454	59272	7124
Neolacto Series Sphingolipid Metabolism WP5302	8702	84002	6484	2524	2527	2523	8703	4668	4759	2517	2683
Enterohepatic Circulation Of Bile Acids WP5396	2172	28234	6555	6554	200931	123264	5243	10257	10599	8714	1244	8647
Phosphatidyl Inositol Phosphate Pathway WP5411	4952	79837	22908	5286	93492	5332	5298	9107	8395	5330	253430	5294	84812	90809	5288	113026	8776	5336	55613	8898	5293	9896	55300	4534	56623	23236	5291	3631	5297	3635	8821	5331	5335	55361	200576	23396	5290	55529	51763	5333	5728	51196	8394	5287	5305	8396
AMP Activated Protein Kinase Signaling WP1403	79602	1026	57521	3172	3991	126129	207	2997	1375	5209	1938	10645	2475	5294	5562	133522	200186	9370	208	7248	6199	5564	891	5295	3156	890	3952	7157	8503	5293	147	53632	5567	1374	2194	5563	5568	92335	55437	23236	1994	5291	84254	5296	5571	3953	51094	6794	7249	6517	5289	5565	29904	3643	5290	8900	56731	2998	51719	6720	148	723961	1978	6198	31	32	51422
MicroRNAs In Cardiomyocyte Hypertrophy WP1544	1022	1906	3572	10454	5294	1489	3084	2932	5604	5295	3480	8893	5879	9734	1147	5579	5291	5296	7124	4878	4040	5606	1432	91807	9641	1025	7474	183	1855	3479	207	5330	9475	2263	5320	5293	801	8503	1827	5592	5894	4790	5170	4879	7040	5290	89780	3551	2535	5594	2247	5530	5532	6416	208	5595	817	3976	1499	9759	10014	6093	5609	2626	1154	4041	51564	5605	9020	4776	50804	387	4638	8517	5607	5596	6774	5598	1950	8321	5608	2475	5599
miRNAs Involved In DNA Damage Response WP1545	898	1026	1385	3014	993	1021	1869	7157	896	1027	5893	4609	472	25	595
Genes Targeted By miRNAs In Adipocytes WP1992	3753	2078	9464	6722	7114	3759	3479	9759	3784	10021	58155	2697	610
Methionine De Novo And Salvage Pathway WP3580	191	4143	4548	253827	7295	4144	51074	27430	262	259307	4953	6611	58478	55349	6723	635	4482	22921	84245	6898	55256	4507
Wnt Beta Catenin Signaling In Leukemia WP3658	324	8313	1452	5467	207	5371	5914	2932	607	51176	11197	1499	22943	3728	4609	57167	4040	6929	7704	4041	7471	8323	2322	26108	862	595
ERK Pathway In Huntington 39 S Disease WP3853	627	5594	1385	1950	2002	2911	9252	5595	1956	840	5604	5894	836	3064	5605	4915	3265
Focal Adhesion PI3K Akt mTOR Signaling WP3932	3716	64344	3575	4804	10161	3718	2792	113791	2785	3683	9180	2034	5294	2249	7450	8516	2260	2932	6199	5604	5295	7059	3480	10319	3678	30849	2056	2335	3082	1284	3908	5529	3909	3455	2248	5523	3911	1311	5291	5296	7058	55844	1435	2256	1975	2787	3696	1943	55970	3675	23035	1441	51552	1278	2321	3915	1956	4233	9965	51378	1280	1292	2784	284217	8822	3454	31	1301	3655	2251	3570	5286	64764	8515	2786	5521	5154	3991	3560	3479	207	2997	3910	5649	2255	7010	10000	842	8817	5527	7248	200186	2263	5862	6514	3444	10890	5293	468	9470	56034	5210	2252	2246	1128	3563	3687	92335	3381	2277	5525	3561	81617	1944	284	6194	57121	3371	253314	9170	5894	7423	9586	5518	2264	7249	1027	5526	3456	3914	5170	3791	2690	5290	3320	5516	90993	1385	4842	3566	7060	2261	3169	3551	51719	148327	5207	3688	6720	3693	3694	5594	1302	84335	2783	57521	3717	4193	2247	3685	1388	285	3630	3684	5562	5008	8823	3691	5617	208	1288	8115	5595	54541	1969	6515	3673	1282	4893	4803	3845	26281	84699	3690	7148	1277	4846	2309	3815	50509	7143	1994	11140	1290	2791	23566	6794	63923	2259	5515	8471	6517	2149	5159	59345	7057	7424	2254	8660	5728	5605	6198	1978	51764	23239	5287	6009	1289	4218	5528	4254	2846	1026	1101	3674	3695	4843	80310	2057	2885	1436	1942	64223	5618	5209	3679	7422	572	8517	7448	6654	1977	5156	5208	3681	2257	5519	2788	3558	22801	3913	1902	8408	1440	1442	2258	2790	1281	3091	5522	5563	55012	23533	3265	6696	9623	1946	2308	26291	53918	7184	3912	3559	2793	1129	3676	3680	3643	2253	94235	1950	2782	3918	9230	10488	2998	5155	5228	10891	3326	2324	27006	3689	1286	3682	6513	23216	1386	1945	3667	2475	5747	54331
miR 509 3P Alteration Of YAP1 ECM Axis WP3967	7003	5090	10413	7005	10082	7058	7291	6678	8463	7004	1281	9564	2335	1277	1909	6591	1289
Fibrin Complement Receptor 3 Signaling WP4136	7189	4843	3593	7098	3654	207	7099	387	8517	3684	2244	2266	868	6347	3661	3569	7305	3656	1147	114609	2921	5340	6850	100302736	4790	2243	4615	3456	23643	148022	929	7124	6714	5290	5966	3551	51135	3627	3689	5970	5327	3929	83593
Regulatory Circuits Of STAT3 Signaling WP4538	3716	3575	3572	3718	9180	3568	1438	1489	163702	253260	2151	3455	5579	9002	10401	58985	186	6714	1441	1432	1956	3454	3977	3570	3560	3581	225689	53833	185	3459	3587	3563	3561	3595	3601	1439	1844	53832	2690	9021	11122	5594	9466	84335	57521	3460	5788	3717	80854	3590	5595	3588	6300	5597	79109	5789	7297	2149	5159	5602	5600	64798	3925	64223	5156	5596	5601	6774	3559	1271	5603	10155	5598	1387	50615	4352	2475	5599
Cancer Immunotherapy By CTLA4 Blockade WP4582	5291	3123	5296	5295	5293	942	8503	5777	1493	5515	940	5781	941	5290
22Q11 2 Copy Number Variation Syndrome WP4657	8220	9464	54584	5500	23617	9127	7450	5901	5625	2260	51586	5430	91179	3842	70	998	5071	55752	9681	128977	8452	1399	5308	57142	1592	1013	1956	10587	79680	2814	421	2928	3837	7625	2296	80764	5649	2255	29801	85359	2263	6097	10892	7157	9978	596	5905	7353	5894	284361	6469	5077	8841	6899	8036	84861	8318	8659	2812	6720	128989	6545	8131	64976	2811	1312	9611	29102	388849	5413	27037	406	2637	60385	7290	5297	5902	10641	150209	8216	6517	9076	5347	8646	4942	9342	3170	2303	6721	4099	3280	10298	23176	3053	6576	7122	8218	340665	8479	7514	400891	59	1813	25842	2815	9993	2253	56603	6722	1365	65078	54487	23468	8854	1482	1104	2746
Glycerolipids And Glycerophospholipids WP4722	56994	57678	84649	56895	8694	5337	23761	10423	54675	57104	55500	5319	8525	5833	1120	137964	1040	9791	80339	10400	5130	81490
Hijack Of Ubiquitination By SARS CoV 2 WP4860	6923	8453	865	79699	6921	9978	8883	9039
7Q11 23 Copy Number Variation Syndrome WP4932	695	9031	23636	135886	3084	9451	51160	515	23122	506	4609	155382	135892	1072	84277	1738	23451	31	5111	8878	137492	3984	83451	2969	9605	3224	7462	468	8678	514	518	9246	79720	5592	23332	8841	2006	1743	64756	1028	516	9275	539	5313	114049	5982	7472	5985	5595	7458	1499	9188	4641	63922	355	55048	10013	23476	5925	155368	9076	3306	4967	10514	7391	2597	6844	10516	23426	498	8468	7913	2885	1213	26608	513	2199	10477	1364	3066	91647	2200	8408	7122	2074	6616	3159	7251	8467	29914	93343	6804	7461	517	8326	9569	7324	3014	1365	51085	32	83939
15Q11 2 Copy Number Variation Syndrome WP4940	81614	123606	10426	114791	85378	2332	23191	27229	10844
15Q13 3 Copy Number Variation Syndrome WP4942	727909	1139	728047	51621	22909	728498	2916	2177	4308	54893	10936	871	101059918	89832	2534	161725	8850	1387	89839	6352
Angiotensin II Receptor Type 1 Pathway WP5036	5594	10399	80310	3727	183	3589	3590	6237	7048	185	3091	1277	1490	4088	4089	50507	6667	5894	2161	4142	59	5781	7040	7046	1278	5608	3572	59272
T Cell Modulation In Pancreatic Cancer WP5078	953	6387	3965	7043	5817	7422	6361	1493	958	29851	7292	79679	80381	4907	5133	64115	567	3569	942	80380	959	3604	355	940	2277	29126	3958	8744	7042	7423	356	3620	84868	6367	7040	383	201633	7424	5228	3586	3956	2191	7293	941	10666	3105
Steroid Hormone Precursor Biosynthesis WP5277	6716	1589	1583	6715	6718	1586	3284	3283	1645
Ganglio Series Sphingolipid Metabolism WP5299	129807	6483	6482	6484	6489	3074	2583	8869	29906	10825	3073	8705	338596
Sebaleic Acid Formation And Metabolism WP5315	240	3992	2180	9415	4051
11P11 2 Copy Number Variation Syndrome WP5348	3340	3108	8534	967	57586	2737	3109	9537	56981	9409	81839	93010	387763	90139	51317	8504	11041	120071	2131	51176	284359	963	9575	93185	5978	7157	3732	406	7076	143678	8702	60529	2132	4166	6469	221120	3959	3122	1408	1839	920	930	3675	3676	9479	55343	10478	162540	6386	977	9378	3689	931	84680	3688	3655
Osteoarthritic Chondrocyte Hypertrophy WP5373	5594	8061	4914	3727	3717	207	54681	7422	8074	5971	405	2034	7428	10000	208	2260	1734	5595	2263	4803	4921	3091	1281	2355	1277	1490	5578	6696	3381	11061	55004	6774	4322	2595	176	4790	2264	3791	3725	3726	5290	2353	860	2261	2354	1280	1051	1300	5970	6662
Cytokine Cytokine Receptor Interaction WP5473	51561	83729	3575	4804	151449	3596	643	958	6346	2658	3568	6354	7292	149233	10220	59067	163702	5197	4055	388372	1896	282617	3567	4782	6372	2056	3623	4050	3455	2689	6358	58985	2921	2829	7852	90865	1435	659	3598	10850	6367	55801	7124	8809	3600	1441	7133	9210	10563	3625	10913	26525	3627	8807	29949	84818	3454	27190	3977	2662	2919	3570	133396	6356	2688	608	112744	3576	27242	3560	4283	6357	9518	8784	6369	6374	50604	53833	3587	3569	3459	23495	56477	959	8718	92	3597	3577	6348	23765	3554	3562	3561	3595	3574	84639	6362	7042	2660	3601	655	1439	1524	51554	53832	10803	3456	9547	6373	9966	3565	2690	27189	7040	7046	3566	1237	84957	51330	90	10541	1234	2661	9466	53342	1270	7850	3460	6387	269	7043	8742	657	3589	3590	3626	8808	7132	5617	970	55540	7173	3605	3440	7048	6347	3976	6376	64806	146433	6366	3952	3588	268	4803	3556	1230	11009	284340	3604	8794	355	6363	656	652	6368	56832	3557	3578	356	91	943	9573	3579	6846	94	8740	658	8764	651	8200	4838	2826	5473	3606	130399	55504	1437	23529	115650	7293	6352	27179	1233	27178	729230	8797	8792	6364	85480	2057	1436	282616	282618	2657	5618	6370	6355	3594	10344	1232	1236	5196	10673	654	3552	3558	1235	8600	6375	93	1440	3458	4982	386653	6359	9173	27177	60401	2920	8744	50616	3559	1271	939	57007	3953	653	392255	56300	27302	8743	3467	246778	8795	3586	4049	50615	58191	4352	10663	3572	3624
TCA Cycle Aka Krebs Or Citric Acid Cycle WP78	3421	3419	1743	8803	1431	1738	8801	3418	8802	6390	4967	3420	2271	6389	4191	50	6392	6391
Pathogenic Escherichia Coli Infection WP2272	7278	7454	10095	7099	9475	387	10552	10971	8440	10381	81873	1499	84790	81027	7430	79861	10382	2017	998	7100	60	25	5578	4690	10093	203068	9181	113457	10092	3875	7277	6093	999	2534	8976	23643	929	10376	51807	347733	9076	7534	7280	10383	112714	3059	84617	10109	71	4691	100506658	3688	347688	7846	10094
Interleukin 1 IL 1 Structural Pathway WP2637	5594	4155	7189	9252	6294	6885	10454	4215	3654	1326	257397	6416	1977	5595	5604	4793	3552	3556	54472	3656	5601	3554	3665	1147	8569	2872	23118	9261	4790	5609	4615	4792	4609	5606	2353	5602	1432	4214	2002	3551	51135	5600	5605	5608	5970	1386	9020	10010	5599
Imatinib And Chronic Myeloid Leukemia WP3640	1436	1647	5292	9846	5156	200734	4066	3815	2309	25	1027	613	4609	4839	5159	2321	6502	5243	11040	9429
Type 2 Papillary Renal Cell Carcinoma WP4241	1026	6923	54583	1856	8453	7043	7942	6921	29072	7422	405	2034	7428	1729	253559	112399	2271	9978	3091	7030	112398	6421	7042	7039	7040	2033	5155	79444	5546	1387	9915	6513	81578	1513
Molybdenum Cofactor Moco Biosynthesis WP4507	6821	54996	4338	4337	316	7498	10243
Neural Crest Cell Migration In Cancer WP4565	7204	4313	5063	4804	4317	2048	207	387	5294	10000	627	208	10298	5058	106821730	5293	375	57498	4915	8503	30849	4318	2151	5879	23533	6774	25791	5291	7291	2050	3725	2047	5290	2353	2049	7074	2051	6272	1009	57144	5062	146850
Cancer Immunotherapy By PD 1 Blockade WP4585	4773	4776	916	5133	925	3458	80380	915	4772	29126	6774	926	4775	3123	7535	4790	10725	3725	5781	10538	917	3105	3932
Head And Neck Squamous Cell Carcinoma WP4674	3664	4791	1026	2549	27244	57521	1869	207	64223	9794	7422	83667	1029	2280	9817	10000	8650	4853	8626	5294	5562	1977	208	114788	2260	4851	54541	329	2263	6199	253260	7048	1499	4893	7248	5295	3480	7157	3845	841	7187	23533	5563	3265	4780	4089	79109	8452	2195	5291	6194	5296	7015	5925	1019	4790	6794	7249	2064	5170	84962	5290	5966	1956	2261	1021	5728	5970	1978	2475	8772	6009	595
PKC Gamma Calcium Signaling In Ataxia WP4760	2890	5332	5330	491	2911	3708	2892	23236	6263	2891	2767	2769	2776	9630	5331	767	7222	5163	773	2893	9454	5582
1Q21 1 Copy Number Variation Syndrome WP4905	149013	2700	265	27134	5562	2330	607	5564	51205	7082	1499	53632	2697	5563	9414	4301	90780	5571	2703	9557	5565	2702	50848	100506658	55243	26108	51422
Airway Smooth Muscle Cell Contraction WP4962	3710	6261	5500	952	6093	2776	154	801	94274	9475	3596	2664	387	4638	4632	23236
Sphingolipid Metabolism In Senescence WP5121	5594	1026	1869	79603	2720	10557	29956	1017	81537	166929	53637	55512	23236	5578	10558	427	5579	2531	7015	5925	1019	8877	7357	2629	9294	2475	8560	1901
2Q11 2 Copy Number Variation Syndrome WP5221	5594	431705	23020	84191	9391	56910	55654	51252	200539	387	81562	51647	5595	23654	7783	54910	150771	93082	51239	64210	26505	1353	1844	2064	10865	55683	23397	55486	1280	90342	26504	151
2Q21 1 Copy Number Variation Syndrome WP5223	324	344561	113457	653784	90557	996	387	205147	146849	55041	5879	50649	445582	130074	11075	6774
8P23 1 Copy Number Variation Syndrome WP5346	5594	253012	1475	613211	9107	79660	613210	7884	7099	649	6910	8658	83648	3651	137075	3329	7013	5595	7097	55613	9108	1499	1508	4825	8312	90459	2213	66036	203076	2212	115004	9258	252969	5894	7015	94137	83595	286046	83650	6517	2626	56955	4482	203074	640	1509	54984	6281	8879	2222	4926	613209	10445
DNA Damage Response Only ATM Dependent WP710	10023	5328	2538	4216	5294	7482	5288	2932	51176	581	5295	30849	197259	5879	998	5529	4089	638	5291	5296	51384	2064	4609	5289	81029	894	5286	7473	4791	8061	7474	1855	207	10018	847	5366	10000	5527	7157	8503	5293	596	4088	7475	6342	4790	7481	1027	472	7040	5290	89780	54361	3949	5880	595	5594	27113	6934	578	83439	4193	1029	7472	1857	208	7477	1499	4893	3845	896	8312	5881	2309	25	356	5602	901	5106	5728	604	7476	5287	324	3146	1026	2885	1856	6885	80326	387	572	6654	6464	6932	6655	23533	3265	5601	7161	7480	3725	3643	5163	4214	7471	5934	3667	5599
Thyroxine Thyroid Hormone Production WP1981	5594	7200	7038	5906	55107	7253	53905	5562	7173	50506	5595	5908	5604	6528	5563	5578	95	5894	4790	1184	1385	2002	1081	65010	5605
Selenium Metabolism And Selenoproteins WP28	8991	7296	2877	257202	58515	2879	140606	6414	85465	6301	5451	51734	1734	83642	51091	6415	60678	348303	54952	2876	114112	4780	51714	1735	6667	6156	79048	6670	2168	4790	2878	22929	3725	51540	57190	2353	1491	9403	10587	118672	55829	5970	1733	280636	54938	22928	1390
Serotonin And Anxiety Related Events WP3944	2353	5579	2906	1394	22871	5341	1392	3356	3358	23237	5530	3350	84812
NO cGMP PKG Mediated Neuroprotection WP4008	4843	2902	2983	572	1261	842	88	2903	817	3553	801	3458	4881	596	4846	1259	2906	816	2977	5138	331	5139	54714	4790	2904	4792	1260	815	7124	4879	1262	4878	10142	1742	1385	4842	54205	2982	706	818	5970	4747	5593	1258	2905	5481
Exercise Induced Circadian Regulation WP410	5281	3108	2947	9802	5813	8987	7360	3312	51582	5187	11335	10381	9575	2950	7122	406	3301	10946	5685	687	23118	1982	9218	8864	9709	1408	9444	694	6612	7352	8341	5516	2120	2674	10140	10787	26059	5507	1407	1051	50486	11030	7341	8031	4618	9975	51663	3422
Tumor Suppressor Activity Of SMARCB1 WP4204	2735	8110	8726	6604	86	2737	5727	2736	6603	2738	1029	5977	51412	8193	57492	2146	6599	6598	5928	8289	5925	6602	1019	23512	6597	1021	3020	6608	6601	6605
Hippo Merlin Signaling Dysregulation WP4541	1642	4804	4914	1000	25937	5500	3683	5576	26524	8516	2260	1004	3480	3678	5568	1002	3672	2305	4609	3696	3675	1015	4485	2321	1013	1956	4233	3627	1010	57144	3655	7003	8515	1012	7010	5501	1008	2263	4771	9978	3687	1490	5499	6788	2264	154796	3791	84962	2261	4659	1009	3688	5575	3694	3693	595	1001	5063	5332	3685	7004	3684	3691	9113	5747	1969	3673	1499	5058	4893	106821730	64403	3845	4915	3690	5567	3815	960	1016	5159	64405	7005	5062	1007	9686	28513	3674	3695	1436	3679	60485	5156	10413	3681	10298	22801	8463	94274	5573	3265	8451	5577	1003	1006	999	1495	3676	3680	3643	1014	28316	2324	9730	3689	3682	389421	2322	1005	5566
Omega 3 Omega 6 Fatty Acid Synthesis WP4723	8310	100137049	54898	2182	10965	5321	5322	3992	2181	8398	2180	9415	60481	641371	51
SARS Coronavirus And Innate Immunity WP4912	3716	7098	3452	64135	23586	3440	6772	3446	3451	3444	3449	3661	57506	7187	6773	29110	3455	3443	3445	10379	3448	7297	3456	148022	3442	3439	3454	59272	3441	9641
Congenital Generalized Lipodystrophy WP5101	208	84803	5290	3691	10555	23175	9663	2885	64900	84649	2534	26580	3091	3630	8694	3667	284119	857
Hemesynthesis Defects And Porphyrias WP5169	210	212	7389	2235	5498	211	1371	3145
Inflammatory Bowel Disease Signaling WP5198	51561	3108	112744	4087	7099	3596	3594	7097	149233	6772	59067	3552	3558	6097	3567	3569	3459	3458	50943	6775	7100	2625	4772	6095	3561	3595	6774	3592	50616	6778	30009	4790	3725	7124	3565	7040	3566	3606	3586	50615	64127	8807	4094
PtdIns 4 5 P2 In Cytokinesis Pathway WP5199	4952	11021	9493	60312	5962	29127	54443	7430	4735	387	4478	4633
17Q12 Copy Number Variation Syndrome WP5287	117584	414060	6871	6346	84299	6354	782	101060376	91607	26574	388372	146861	84152	729877	11072	6360	284099	163	6358	342618	84961	2064	440435	80179	9326	162394	9349	31	55106	6356	388381	342667	6357	100170841	4302	414059	57636	54752	11056	10693	91608	6348	54883	3980	6362	3975	2886	57151	8557	30837	80725	390790	5469	8396	10948	54475	284098	6347	124842	7703	284106	5892	79148	101060321	8148	5193	91603	79922	146857	3927	6928	6352	101060351	11276	246176	51755	79893	146862	6355	79154	414062	256957	102723859	57125	5409	6359	146853	201299	22806	93210	494188	40	7006	4761	102724862
Lacto Series Sphingolipid Metabolism WP5303	8707	2525	84002	2524	8708	2523
7Q11 23 Distal Copy Number Variation WP5401	83862	136853	10749	4000	23136	5447	4191	7784	114971	7783	22917	144404	7532	2810	5894	3315	23604	51657	57414	10146
8Q11 23 RB1CC1 Copy Number Variation WP5412	11345	60673	23710	4217	7186	7124	2185	7157	5925	9776	8408	56270	9821	11337	55054	5747
Prostaglandin Synthesis And Regulation WP98	1906	27306	5738	7356	5729	8644	5734	5730	306	5731	3291	9536	5733	133522	5617	309	5742	1583	1910	1646	231	307	10257	5739	5732	6916	5737	6277	302	5468	308	301	4286	6281	5743	873	5321	3248	10891	6915	5740	1909	1645	3290	6662
Cell Differentiation Expanded Index WP2023	3398	7044	6657	4205	5081	6774	2146	3195	9314	10014	100271849	3196	4654	30012	10637	860	6722	4208	4209
Microtubule Cytoskeleton Regulation WP2038	324	7204	5786	4914	3925	2048	6010	1855	207	3984	57551	4131	11004	9212	4137	2932	161742	6249	1729	5058	4915	2151	4139	5879	10420	998	5578	25	6774	1073	9261	6093	2776	23332	22919	6714	7074	4916	89780	11076	90102	814	2011	50855	5728	1808	983	5566
Drug Induction Of Bile Acid Pathway WP2289	7421	570	1576	9971	9970	6554	200931	123264	1581	6822	5243	10257	10599	8856	8714	1244	8647
NAD Biosynthesis II From Tryptophan WP2485	6999	23498	23475	55191	8942	64802	125061	8564
MYD88 Distinct Input Output Pathway WP3877	7189	7097	81793	10333	92610	3552	54106	3654	7334	7335	4790	7099	4615	51284	7096	3725	7100	51311
BMP Signaling In Eyelid Development WP3927	2303	6422	2296	2255	4851	5595	2263	4090	5601	4089	652	6469	5308	7039	3725	4086	4214	3625	1956	27123
OSX And miRNAs In Tooth Development WP3971	4851	1834	249	121340	860	9314	1499	655	6927	4855	4854	22943	4853	50964	1758
Oxysterols Derived From Cholesterol WP4545	9023	53342	11332	112744	1628	284486	1581	3291	10998	55856	10005	3605	3638	1582	1576	64806	6097	2053	641372	7376	11001	2100	27190	6820	570	23597	1593	6342	134526	6822	8856	8309	2099	1109	641371	27189	10858	10965	10682	6718	122970	23600	133688	80270	51302	26027	1717	9420	1880	3929	3290
Biomarkers For Urea Cycle Disorders WP4583	383	27165	2159	2805	5009	2593	445	435	2628	162417	2875	2155
3Q29 Copy Number Variation Syndrome WP4906	4686	5130	2890	4241	123264	55294	83658	3077	5062	26043	93183	55112	89891	79659	7018	54752	375387	9587	83657	9857	9025	6777	6990	84984	8503	1739	4771	3091	11116	11159	165918	23077	23411	80235	131540	8349	840	54965	348793	7629	11158	255758	7037	4609	3725	7040	1620	5829	255798	22916	6776	205564	200933	102	8655	7334	30061	116211	140735	51626	57817	6993	200931	10445
Proline And Hydroxyproline Pathways WP5026	8659	5831	4942	5184	5625
Network Map Of SARS CoV 2 Signaling WP5115	51512	3716	3240	4914	27072	350	81631	3596	3486	1974	2475	6346	8836	637	59067	8631	388372	3553	3567	5199	6372	5879	2335	5910	7088	9755	3592	6403	347	926	3045	9908	3434	2921	10394	64386	90865	5777	51028	3122	8542	11119	10850	929	6367	3675	57142	4086	7124	64601	3699	10563	7226	3700	9868	1051	3627	71	8807	213	10146	2919	3929	6356	3932	7189	4791	25940	3576	10038	183	8754	83737	207	4283	84985	3127	3312	842	2244	6374	336	716	916	23586	3661	629	1294	3043	55922	3569	114548	925	6289	286827	6288	27248	3577	6348	60	91754	10531	29110	3574	22861	4775	55823	6194	5054	2243	4615	3456	8554	3565	3726	2353	1514	57534	7186	917	5104	2011	332	9512	84433	59272	983	1234	6728	3543	23367	1369	7850	84335	4939	57521	6387	55240	3717	9133	3654	2247	7090	2811	2266	4599	4343	7173	3605	54541	23195	6237	6347	6772	7048	57506	6366	1958	6388	1508	10410	7187	3603	4090	55757	116844	731	79572	836	3273	335	3578	2534	3579	11101	11345	1509	3429	2963	2934	3426	10956	919	914	3606	9776	64798	1978	6352	10666	1522	6009	2537	6364	1843	5588	9332	1401	64223	4884	51156	6355	8517	7018	1977	64135	196	10344	5196	891	3552	1235	3075	3458	8408	841	3091	6359	9540	684	57617	341	6729	2920	5976	50616	10379	3123	7535	55937	715	3959	8519	920	6241	3725	8743	537	65082	7216	92105	23155	10964	5743	10280	3586	814	58191	6731	838	708	54663	79934	5599
Lipid Metabolism In Senescent Cells WP5149	1026	283748	6578	84647	8605	7941	81579	5322	7157	26279	3265	5319	50487	240	8399	5743	5321	123745	255189	8398
2Q13 Copy Number Variation Syndrome WP5222	5594	51561	25885	84269	5441	2885	221830	10018	6574	84172	10461	382	8808	5437	84910	10849	5336	6772	3552	3553	3558	150465	3569	3556	64682	2621	55289	5879	2625	3554	27177	3958	84639	284958	30834	376940	5435	3557	56300	1435	23550	150468	5434	727851	5440	9533	8651	10563	7287	129804	26525	64425	9021	1437	51082	80117	5747	27179	84524	27178
2Q37 Copy Number Variation Syndrome WP5224	10670	81631	23178	54600	375318	10203	377007	140739	5414	3553	285093	9208	79919	25992	5879	50636	54657	84289	23710	7852	4654	51281	79054	7124	54575	150678	79781	1956	51665	26146	10920	4656	5154	116987	381	3611	2997	3394	1293	3651	23192	9265	51078	9266	54658	796	7157	801	64284	64121	80895	3597	6194	55230	130916	79083	1058	6373	653437	54578	51052	151507	54576	11337	440738	339766	2817	23157	84557	339768	6387	5510	27185	728294	389090	666	1841	4205	4134	129807	5617	9267	3705	401036	58528	375	9759	10267	3690	7187	2637	285193	5873	8864	4792	4644	51540	11345	57140	117581	64090	8837	4735	1915	57817	55355	375316	19	4738	2859	429	6694	10123	150681	5133	3280	3069	150677	10494	10691	23677	57007	11132	9855	3725	189	8527	151176	547	55502	124404	10325	4208	54577	27128	4705
1P36 Copy Number Variation Syndrome WP5345	83858	51573	339456	126789	4087	382	7292	55210	85452	7706	6497	80772	29101	84612	4089	8452	3434	441869	142678	26683	118424	81556	5192	64856	5828	79501	219293	4038	26155	1855	151888	54587	2563	3312	8784	728642	55229	55174	84069	55756	9978	388585	4088	9636	148398	150684	7040	1743	57721	56257	7188	5261	7186	728661	65220	55726	81669	79906	11126	401934	388581	643988	116983	4593	3872	54998	51150	84808	54973	163688	1994	2099	375790	8764	6339	4171	57801	83756	54991	5193	7293	2898	5590	8510	7422	7448	64135	8995	27122	199990	9651	984	55052	339451	126792	92105	2782	5830	11079	28514
17P13 3 YWHAE Copy Number Variation WP5376	1621	84516	27185	11258	10971	1639	10671	81565	7533	1644	5048	7531	7532	10540	51164	1020	5515	7534	7054	7529	1778
Sulfation Biotransformation Reaction WP692	6799	391365	6820	442038	27233	6817	2936	445329	9060	2539	27284	9061	6783	25830	6822	6819
Serotonin HTR1 Group And FOS Pathway WP722	5594	9252	5906	3717	3351	3355	387	3350	5923	2771	5595	5604	2005	2773	2775	673	2770	3708	6774	3354	9261	2776	3352	3356	5170	5606	5290	2353	10125	1385	4214	2002	1432	6722	7867	5608	5605
Phase I Biotransformations Non P450 WP136	1066	5446	2098	221223	3988	5445	8824	5444
Nicotine Metabolism In Liver Cells WP1600	1548	316	54600	1555	2328	54657
Apoptosis Modulation And Signaling WP1772	637	581	5414	8717	54472	8567	1677	599	638	840	7133	826	1676	835	90427	7189	834	51651	10018	5366	842	317	8771	7157	596	839	8718	664	3554	9131	597	5587	4790	8737	4615	84883	2353	54205	3551	8738	332	843	7850	27113	3654	578	8682	1029	7132	666	5595	10017	56616	7187	8794	355	4217	331	836	356	4792	640	8739	79444	5783	9531	8837	837	9020	8797	113523636	572	329	2021	55367	841	4170	1616	330	8743	8793	3725	4671	27429	3303	8795	598	8772	5599
Cardiac Progenitor Differentiation WP2406	140885	6657	3479	2247	649	6910	3630	7070	4624	55897	4851	3084	2932	5156	7139	57057	290	9241	70	3815	22943	79923	4684	4633	3670	652	6656	6862	7852	7137	2626	3791	83881	64321	7040	1432	4838	6331	5080	89780	3481	4920	5460	91807	389421	132625	50805	4208	1482	3170	3624	79727	145873
MECP2 And Associated Rett Syndrome WP3584	4155	9315	1749	2890	5457	2530	1869	207	3479	2247	4099	2902	1750	4986	54715	6750	200424	2249	23435	627	1052	3185	2290	9611	5978	84950	2593	3480	3187	6872	114787	4904	4661	2892	2248	2250	2146	2521	54790	2289	6194	6446	3065	6667	6670	4204	2894	25942	5454	9126	815	1465	4354	2571	2570	11168	1385	80312	10664	4763	3481	26084	50937	5728	1267	1660	604	2893	4208	2475	6890	7337	344
Striated Muscle Contraction Pathway WP383	7170	7169	7125	7171	1756	88	4624	7135	7431	7273	7138	4635	58	7139	7168	4703	4632	4626	70	7136	7140	4633	4634	81	4621	8557	89	7137	59	7134	4607	1674	8736	4604	7111	4606	71	10398
Kennedy Pathway From Sphingolipids WP3933	56994	9791	8879	5833	10390	1120	1119	10400	5130	55500	23761	81490	9468	55224
ROBO4 And VEGF Signaling Crosstalk WP3943	9353	54538	7422	5879	3791	6714
TYROBP Causal Network In Microglia WP3945	10184	64764	79690	23307	822	170954	10312	4688	10577	3684	6510	375387	678	4066	5341	864	3587	6776	7305	26157	2876	55803	202309	10257	3597	10261	3687	2000	54360	6696	10019	9056	3142	6039	375035	6195	654346	29108	714	64092	10008	920	51411	718	8832	7133	7046	1806	3059	3606	3071	54502	54518	951	58191	3689	84695	4094	5996	113277
Prader Willi And Angelman Syndrome WP3998	23636	2796	81614	23742	2558	9972	27229	200959	7299	6396	9638	57122	990	1019	7681	2570	3972	79902	10844	894	1749	6870	79023	123606	1869	8021	3814	7175	2563	23511	8924	5108	9025	7157	129401	23191	2733	4194	6638	2332	348995	8926	585	9631	23165	1081	1031	7334	5020	57194	3358	2569	7337	595	5903	55706	9883	2566	25909	4193	1029	3630	9688	653061	10762	51738	4487	4803	23225	81929	51151	1030	53371	5925	4948	4927	4928	8086	2562	2488	4808	9818	9637	5590	55746	10426	2691	283685	627	1977	23279	114791	54551	5122	2567	85378	11097	5443	2565	8480	1021	4692
Eukaryotic Transcription Initiation WP405	1022	6878	25885	6880	3611	84172	2068	5437	6877	2959	51728	5430	2958	661	2961	55718	5436	5438	6879	5435	2071	5439	4331	2965	6883	5434	2966	5440	55703	2960	2963	2968	2967	5431	171568	64425	5432	51082	6884	902	6908
PI3K AKT mTOR Vitamin D3 Signaling WP4141	5160	207	3101	7421	1591	2932	7248	6515	3939	942	5210	5563	6256	3592	3122	7249	4609	5290	3586	5970	2475	941
LTF Danger Signal Response Pathway WP4478	5594	7189	7097	3576	4057	3552	3553	3654	3569	51135	177	4790	7099	4615	3456	929	7124	54210
Vitamin D In Inflammatory Diseases WP4482	1843	5530	8517	7421	9282	3569	6256	5534	4088	4772	4089	1147	4790	4792	7124	5606	1432	4214	3551	5608	5970	2908
Cysteine And Methionine Catabolism WP4504	191	2937	4357	6821	2805	1491	4143	51380	1036	102724560	4548	23474	635	2729	58472
Metabolism Of Alpha Linolenic Acid WP4586	5743	240	239	3992	246	9415
Urea Cycle And Associated Pathways WP4595	4843	5831	4191	10165	2271	10166	4846	2875	27165	5009	445	435	8604	3945	383	4842	2805	8659	4190	2806	4942	162417	1373	2746
Mitochondrial Complex III Assembly WP4921	54902	29796	55245	7385	7384	617	7386	790955	7388	84300	27089	1537	10975	90624	7381
16P11 2 Proximal Deletion Syndrome WP4949	5528	22976	7189	8448	5111	283897	9344	23475	151987	124446	79447	10497	253980	3486	83723	10423	6950	7203	5595	58508	10693	83719	26470	7157	6911	7430	841	3835	55671	10575	4478	10576	6477	7290	143	57718	908	226	5518	253982	8479	283899	4790	9989	2099	112476	8841	5468	5515	5606	5516	5966	6693	5531	22948	2186	79153	8030	3476	7186	653808	9961	10694	8085	5608	5728	11151	57223	4150	23025	10574	2908
Disorders In Ketone Body Synthesis WP5175	38	5019	3158	622	3155
Cytokines And Inflammatory Response WP530	5154	3593	3589	3596	3552	3553	3558	3567	3569	3458	1440	3562	2920	3574	3123	3122	1435	3456	920	7124	3565	7040	3600	3586	1437	2919
Calcium Regulation In Cardiac Cells WP536	9628	486	2792	2785	5576	57165	5570	782	6000	7533	2773	2775	3709	5579	3710	811	816	488	5580	844	2787	5331	55970	109	773	2784	2778	482	492	5582	5999	2786	2700	3762	5350	6261	2869	196883	408	2280	10971	26575	3760	801	2709	2770	3708	1128	8787	5998	6263	112	845	2767	1132	5587	1131	3745	8536	776	10287	8601	2702	115	775	7529	818	5575	57369	2870	5997	2783	2781	11142	155	2771	817	309	480	10636	489	2706	84876	5567	5578	6546	7531	108	2701	57620	2810	2791	784	2776	10804	59345	7534	64407	6262	153	779	10052	2868	51764	5590	8490	114	5588	2705	1133	774	2707	491	6547	2788	5569	6004	147	146	113	2697	5573	8786	7532	5577	490	154	409	1129	483	2703	815	127534	107	777	10681	94235	2782	111	6001	81025	481	814	5581	5996	148	5583	5566	54331
NF1 Copy Number Variation Syndrome WP5366	121504	8726	3198	4804	545	382	51466	898	4974	3632	55813	203068	11336	3720	1072	1956	5931	6853	6829	5111	7398	6383	3984	9475	57599	23586	149371	55803	596	5888	84440	84282	2124	5894	126961	3456	5442	4763	8766	10746	51379	79736	5594	5984	1876	5883	5982	55352	5985	5595	57506	4803	60412	23265	8350	2145	10419	55763	10640	387	1786	6654	5187	8661	79915	890	9134	4170	4661	54536	23512	55770	10988	2123	3205	1950	4214	1407	65078	5983
Complement And Coagulation Cascades WP558	3998	462	5328	2147	623	1213	10747	730	5627	2152	7450	2165	2244	4179	3827	5648	7035	2157	713	716	2158	5624	7056	629	3053	710	3075	1380	717	1378	719	729	2159	735	5340	714	2161	5054	1675	715	5329	733	2149	718	5345	728	1191	3426	712	1361	5104	5265	3818	5327	2153	1604	2155
Vitamin A And Carotenoid Metabolism WP716	1571	5594	127	6258	4023	6017	949	1382	29881	5914	8694	83875	145226	5915	50700	64241	53630	6121	9249	9227	6257	6256	5950	6820	5947	64240	157506	5916	195814	5959	6817	220	158835	56603	216	1592	948	54884	124	5948	8854	116362	1381
Amyotrophic Lateral Sclerosis ALS WP2447	2890	834	5630	847	6506	5530	5868	113523636	572	5532	842	7132	637	581	317	10452	4744	7157	2876	596	5879	79139	4741	4217	1616	836	7124	1432	4842	5533	57679	9973	1471	5608	5605	598	4747	6647
Polycystic Kidney Disease Pathway WP2571	8325	7482	1080	2932	6752	2773	3480	5568	6195	51384	2064	4609	7124	6714	5310	2321	6558	81029	11211	7478	2778	7473	7474	1855	3479	7248	5336	6424	2770	112	7475	2767	7423	5571	7976	7481	7249	3791	2353	89780	54361	3551	7483	2535	595	7472	7484	5562	1857	2771	5595	5136	7477	1499	4893	3845	673	7479	2776	6794	5605	7476	6009	51422	8322	5311	1856	80326	7855	5564	53632	5563	3265	7480	8324	3783	8326	3725	5565	1950	7471	8321	8323	2475
Aryl Hydrocarbon Receptor Pathway WP2586	5594	1026	27306	4023	1869	7422	405	5979	6346	196	8204	5604	57491	4893	3845	1316	9049	1017	2729	3265	4780	1543	26291	135112	11140	5894	5925	9612	4790	1027	5325	2099	4609	7124	1545	84722	6714	3320	2033	948	1956	4763	5743	1544	5970	1728
IL1 And Megakaryocytes In Obesity WP2865	8991	3654	2147	7077	7097	1232	6347	7941	3553	114548	3458	6280	4318	7076	7096	3554	2205	3383	4790	1839	4615	2149	5290	3606
Aryl Hydrocarbon Receptor Pathway WP2873	3593	3727	10486	8140	54600	23491	405	196	51426	581	3280	57491	3553	3558	10728	54658	3458	8648	9049	4257	4780	54657	1543	3592	11140	1027	5055	26509	3484	3725	7124	1545	6714	3726	7040	3320	2033	218	54578	54577	1956	1544	1728	27190	2939
NAD Metabolism Sirtuins And Aging WP3630	10135	7019	6098	4790	3091	5468	2309	23410	142	23411	2308
Hfe Effect On Hepcidin Production WP3924	164656	4092	654	3397	3077	57817	148738
Pancreatic Adenocarcinoma Pathway WP4263	3716	4087	4616	5898	6199	581	5604	5295	5879	998	4089	1147	5291	5296	1019	5580	2064	1871	1956	369	5900	5970	57144	1869	207	1647	842	10000	9459	7157	10912	8503	5293	5888	4088	1848	7042	5894	4790	7040	5290	7046	3551	5880	595	5594	5063	7043	578	1029	1870	5337	208	5595	51426	6772	7048	5058	106821730	3845	673	5881	5925	7039	5602	5605	6198	5037	1026	1643	7422	387	572	8517	10298	10928	5601	6774	675	5899	1950	7074	1021	598	2475	5062	5599
LDLRAD4 And What We Know About It WP4904	56937	7046	4734	7048	753	4087	55054
Mitochondrial Complex II Assembly WP4920	57001	135154	644096	6390	54949	6389	6392	6391
Mitochondrial Complex IV Assembly WP4922	285521	100303755	6834	1349	1329	25953	152100	388753	4697	1340	84987	9377	25994	1351	80775	1353	1345	389203	90639	1327	1347	51241	1355	116228	1337	10063	51204	100131801	28958	1350	1352
Glycogen Synthesis And Degradation WP500	5528	5521	2997	7360	3101	5256	5255	8908	5527	5520	5837	2932	5260	5519	801	3098	5834	5836	5522	5525	5529	5523	2931	5518	28227	5526	5515	2992	5524	5516	5257	5261	2998	3099	5236	2632	80201	178
Glycine Metabolism Including IMDs WP5028	27247	6470	51218	23479	1738	387787	55163	275	150274	2653	200205	388962	11019	2731	51601
Amino Acid Transport Defects IEMs WP5029	340024	6505	6519	11136	57393	6520	9056	153201	54716
Progeria Associated Lipodystrophy WP5103	84823	4000	4087	7486	3630	8815	4001	83932	10269	2200	2865	2339	142	5965	4088	4089	3763	5424	23463	5468	7040	135656
Th17 Cell Differentiation Pathway WP5130	5594	9466	51561	3716	3108	112744	3717	5588	861	5530	4087	5914	9572	196	916	3605	149233	59067	3662	5187	6772	5599	9575	3553	3558	3569	3459	3458	6097	50943	6776	3091	406	915	6256	2625	4772	4783	6095	6774	50616	6778	3559	30009	7535	4790	7297	4792	920	3725	5335	3565	7040	27040	3320	2353	246778	1432	7046	3566	919	917	3551	9021	1407	50615	2475	3570	3932
Disorders Of Galactose Metabolism WP5173	2584	2998	6514	231	2997	5236	2632	6523	5836	2592	2992	8908	2582
Metabolic Pathways Of Fibroblasts WP5312	9509	2645	5723	5033	5831	649	7360	387	6510	26227	2260	3939	4017	1902	29968	10536	871	283208	6566	2264	8974	7358	5351	5335	948	5236	5832	6513	2821	10609	2746	2744
Enterocyte Cholesterol Metabolism WP5333	19	6307	10999	4597	6309	4047	337	29881	4547	8694	64241	2169	3157	3156	4245	338	1718	3930	10654	2224	64240	51478	335	6713	7108	2222	4598	948	39	10682	50814	3949	1717	1595	51128	3422
Omega 6 Fatty Acids In Senescence WP5424	1026	54898	27306	8644	127281	5730	1800	3992	9536	6578	11283	2678	10	80142	2687	5742	4048	10728	2053	239	231	2950	7157	2876	10257	23411	5740	6916	64174	240	5925	5054	9415	247	10800	59344	1666	216	5743	873	5321	3248	246	5600	4056	145482	60481	241
Ebstein Barr Virus LMP1 Signaling WP262	5594	7189	4791	6364	3576	6885	4215	3654	8517	8717	1147	4790	3456	4792	9260	7185	7124	3320	3551	5970	9020	6352	5599
Hematopoietic SC Differentiation WP2849	4254	3674	4773	861	399	2993	7409	80342	5292	6688	4851	7173	51176	2623	3552	3553	4066	3567	3569	6776	1440	3690	7148	2056	90485	2313	79366	8780	3562	7068	28	23541	10320	4778	2624	10661	7852	4582	1435	91	23650	3757	2815	4261	863	3663	947	2353	4601	4602	4005	3071	2354	55502	1437
Overview Of Nanoparticle Effects WP3287	1001	3576	1401	10000	5742	581	3681	1282	3569	5293	896	596	3162	2335	4798	3909	7124	5743	5747
Melatonin Metabolism And Effects WP3298	7189	1906	438	3654	8863	4128	5187	1565	1557	2932	9575	4543	801	1889	406	1453	5578	23411	2308	1543	43	8864	15	4790	1408	6817	815	1545	4544	1454	348	4133	1407	153	1544
Tgif Disruption Of Shh Signaling WP3674	2253	4838	2737	2290	6469	60436	7080	4087	7050
Leptin Insulin Signaling Overlap WP3935	8525	5170	8651	8660	5294	3717	9021	3953	207	3952	8503	8835	3667	8471	3630	3643	6774
PTF1A Related Regulatory Pathway WP4147	4851	256297	11317	3280	1499	5629	2255	4825	3516	3651	8850
Mitochondrial Fission And Fusion WP4318	57534	581	55669	5245	6456	51024	10059	598	9927	51537	4976	664	5337
Nonalcoholic Fatty Liver Disease WP4396	7388	4711	4715	4706	9370	6391	2932	637	581	5295	3553	4707	9451	4719	5879	27089	998	4724	4702	5291	2931	840	5296	22877	4714	170712	10062	7124	55967	4709	1347	4718	5970	7494	4708	3570	1571	4726	3576	1349	4713	83737	207	10018	10000	54539	4696	125965	51079	4697	3569	468	8503	5293	4701	1537	100532726	4695	4728	7384	7412	5571	1649	51094	4790	1345	7040	5290	4729	29796	7385	7186	54205	3551	9021	4704	126328	6720	9167	27113	578	4296	1329	5313	10975	6390	3630	7132	5562	4723	208	374291	6347	3952	1050	6256	355	4694	4716	4217	836	1351	356	6945	84701	4731	7381	341947	8660	4710	4722	1350	6389	51422	4725	79602	4720	56901	4700	4712	4717	4092	5564	3552	440567	4698	1965	1340	841	53632	5563	6392	5601	9377	1339	7386	9971	3953	1346	3725	5565	3643	1327	1337	51085	3667	5465	2081	4705	5599
IL10 Anti Inflammatory Signaling WP4495	3716	644	6772	645	3552	3586	3587	3569	3588	3162	6773	6774
Signal Transduction Through IL1R WP4496	7189	6885	10454	7043	3654	11213	3552	3553	3556	3569	54472	3656	3554	51295	1147	7042	3557	4790	4615	3456	4792	3725	7124	7040	5606	1432	4214	3551	5608	5970	9020	5599
Sphingolipid Metabolism Overview WP4725	9517	8612	79603	64781	29956	57704	7368	253782	81537	166929	10558	259230	427	123099	2531	6609	8877	56848	10715	7357	8611	8613	204219	8879	130367	2629	8560
COVID 19 Adverse Outcome Pathway WP4891	3574	3576	6347	3559	183	3586	3553	3558	3569	3627	1440	6348	59272	7124	7113
DNA Repair Pathways Full Network WP4946	1022	1642	11201	545	7518	1161	100526739	5427	57697	79840	79728	1111	5887	5426	7515	4913	5980	2176	55120	2547	4437	7508	8930	2965	51455	2189	57804	3978	5886	2968	6119	23583	91442	5111	7398	10038	56655	57599	80233	6996	2068	2072	2178	83990	8450	27434	7014	5429	6118	4436	7520	9978	5423	5893	5888	142	3980	201254	4255	5424	2071	4595	472	5906	5984	5982	22909	27343	5985	51426	11284	64421	25788	3981	55215	9156	7507	54107	55247	4331	5425	10111	672	6117	2237	2967	2073	2067	4350	902	3146	27301	5981	1643	10714	5889	7486	1069	2177	7374	2187	2074	675	8451	2956	252969	5591	2188	328	4968	4361	2966	2175	4683	3014	404672	5395	4292	5983
16P11 2 Distal Deletion Syndrome WP4950	5867	25970	4773	7410	2885	5350	3717	11273	5868	27342	10806	3276	975	1380	3732	79874	83985	8519	84901	930	7185	3791	3565	718	3643	27040	7284	487	7186	6588	4352
P53 Transcriptional Gene Network WP4963	995	94241	83667	4688	898	581	57103	79923	80328	2176	3383	7508	7124	3663	23657	55332	63970	5111	9997	1647	64065	5366	4851	5429	4436	317	9618	7520	1017	84129	4255	5571	5054	136	9636	7249	2517	6790	8659	144455	84335	57521	27113	126129	6303	5371	5562	5268	54541	51426	6347	7832	3976	6376	355	27165	64393	2810	900	356	7057	2073	5728	64798	10879	51422	1026	27244	64223	1643	56475	5564	993	9706	55367	8408	2876	53632	9540	50484	5563	10379	575	8793	5565	10572	4292	8795	80329	6513	2475
Biotin Metabolism Including IMDs WP5031	686	64087	56922	3141	5091	31	5096	5095	32
COVID 19 Structural Coverage Map WP5145	10454	28992	9555	54625	7311	64398	55506	83666	26019	3508	54834	5976	140733	335	9636	7316	29960	8829	23070	340024	7314	91662	9868	9716	59272	10605
Disorders Of Fructose Metabolism WP5178	7167	216	229	6514	3795	5211	5236	3098	2538	6523	2821	6652	132158	2203
GNAQ Pathways In Port Wine Stain WP5437	5594	7204	207	387	6416	5595	10413	5604	5607	5879	5894	2776	4790	154796	5609	5290	5606	5163	5608	5605	2475
Alanine And Aspartate Metabolism WP106	2571	2875	2805	443	2806	445	2572	5091	435	1615	189	18
Ganglio Sphingolipid Metabolism WP1423	6483	51046	127550	6482	6489	2583	8708	2523	8869	29906	8705	30815	9197
Codeine And Morphine Metabolism WP1604	54575	1558	1565	7364	1576	54658	54576	54600	5243	10599	54578	8714	1244	7363
Cholesterol Biosynthesis Pathway WP197	10654	2222	2224	4598	3157	3156	6307	4597	50814	6309	4047	1717	1595	6713	3422
RalA Downstream Regulated Genes WP2290	5898	8531	4893	149371	3845	5880	10928	5879	55770	5881	998	3265
Glucocorticoid Receptor Pathway WP2880	4791	27063	6364	221393	92737	79056	3589	5997	10252	8436	5272	56262	5375	6591	55224	221079	4616	121512	9792	329	7128	6347	10769	7056	10602	10728	11057	1836	1831	9982	6337	6256	8553	7546	84002	2908	3895	89795	5142	51129	387509	57007	11214	330	8972	84951	347902	7049	54566	3725	81706	80315	8454	3320	5743	6286	10560	5460	1028	8507	4240	9970	1907	5552	153218	6397	8856	241	2040	29103
Wnt Signaling In Kidney Disease WP4150	7473	7474	1856	8325	1855	80326	7472	387	7484	7855	7482	1857	7477	27130	1499	5601	7475	7976	7480	8324	7481	51384	8326	4040	5602	4041	89780	54361	81029	7471	8321	8323	7476	2535	8322	5599
Immune Response To Tuberculosis WP4197	3716	3460	3717	5771	3430	5696	4599	6772	3659	3459	6773	3455	3434	10379	3437	7297	8519	8554	8651	4938	6890	3454
Urea Cycle And Related Diseases WP4571	383	27165	5009	445	10165	435	162417	10166	1373
Genes Controlling Nephrogenesis WP4823	5076	2303	2737	6387	3611	2296	3207	4868	6928	7422	2668	5979	23607	8516	4853	6495	8440	2263	2018	1499	3913	2297	7490	6092	4690	2118	4010	3975	9353	6469	7852	3791	3675	2138	7827	5159	2253	5155	948	54361	6943	55243	3688	3237
SARS CoV 2 And COVID 19 Pathway WP4846	7113	340024	1514	38	949	51284	59272	56649	8829	5045
Non Classical Role Of Vitamin D WP5133	1636	183	186	185	1594	5972	120227	59272
Urotensin II Mediated Signaling WP5158	5594	4313	5111	1535	5350	19	3717	207	653361	4087	4688	6624	387	842	9700	4689	898	2932	5595	2837	581	3661	1499	3553	5599	185	3569	596	1017	1281	2335	1277	3162	4318	5601	4088	6774	1147	50507	2931	10014	7412	836	240	10911	1649	3383	4790	84883	7223	59	815	7124	4879	4878	7040	5781	2033	3306	1432	1956	1387	3551	1280	5728	5970	983	5566	1536
Cholesterol Synthesis Disorders WP5193	3930	10654	2222	2224	4598	3157	3156	6307	4597	10682	6309	4047	1717	3284	1595	6713	1718	3422
Sulfatase And Aromatase Pathway WP5368	6783	6579	353189	3292	3294	3293	1588	10599	11309	2099	3283	28231	28234	2100
GLP 1 In Pancreatic Islet Cells WP5447	2740	6514	3569	6513	2641	3630	3570
Serotonin Transporter Activity WP1455	7041	4128	4842	6532	3553	6804	3690	10066	121278	3554	5516
Integrin Mediated Cell Adhesion WP185	823	3683	7791	8516	825	5604	1398	7414	3678	5879	998	5296	3672	23473	10451	3696	3675	6714	5606	826	369	3655	8515	824	3611	84665	207	9475	10000	85366	3687	1445	5894	5170	857	827	5880	3688	9564	7094	7145	3694	3693	5594	5063	5906	3685	3684	858	3691	208	1793	5747	3673	11131	5058	106821730	3690	673	5881	6300	5597	2889	6093	9815	10580	2534	5602	5605	726	3674	3695	7410	8874	2885	6010	53358	3679	6414	6654	5908	6464	3681	10298	859	22801	5607	5596	3265	11132	7408	3676	3680	5829	5598	10753	3689	3682	5608	5062
Parkinson 39 S Disease Pathway WP2371	120892	7327	51465	9627	23208	7317	842	898	317	1644	2861	5413	65018	7318	9134	839	5071	9246	6300	6531	6311	840	836	118424	5603	27429	7314	1432	11315	2058	7332	6622	7054	54205	7345	5600	7326	835
Nanomaterial Induced Apoptosis WP2507	578	842	637	581	2021	317	841	596	839	56616	355	840	9131	836	356	5551	27429	54205	8837	8772
S1P Receptor Signal Transduction WP26	5594	6610	207	1903	5330	10000	208	2771	5595	2773	5596	2770	53637	23236	6300	5597	427	8877	56848	5331	5598	29127	9294	5287	1901
Nod Like Receptor NLR Signaling WP288	55914	1147	6885	2048	3551	5970	958	8517	5599
Nuclear Receptors Meta Pathway WP2882	54600	8436	10499	81031	6591	6532	55117	2950	91252	3337	60482	1839	7124	6714	7922	1956	11182	8878	7364	92737	7421	336	9049	1244	2944	11214	2940	4258	3726	8850	3320	983	241	154091	221393	7296	160728	7128	6524	1555	6256	54716	11140	5142	7049	340024	5460	6523	2908	4259	56262	155184	2258	1831	114112	6533	4257	7546	89795	114134	3484	6513	10599	200010	5052	2947	283375	5467	9817	30	3084	7056	79571	23764	1374	3592	1543	2512	10062	6817	80315	117283	6286	9965	8202	5243	159963	645	57678	3593	23491	51	64241	6514	54658	6530	116519	283848	7042	2936	23516	6342	54578	9152	55334	4199	1581	3589	10998	27286	7048	6515	10728	2938	1559	6527	8553	570	100861540	2168	84951	335	8431	7039	5226	29986	6364	10486	6649	2949	9792	1557	329	1376	221223	3558	3725	218	5155	3303	5743	10891	10560	348932	5360	5465	376497	27063	6529	221074	2678	4616	581	388662	1836	3082	2729	10057	2953	5105	1019	177	8454	6534	23657	5265	1962	6397	27190	7363	1622	10252	5375	8204	1582	8243	8714	4780	5244	81706	7040	1028	6822	27173	2539	55554	121512	6538	6347	1969	3162	6531	54566	34	2099	6517	8660	6319	8507	1907	1728	8824	1066	125206	79056	7295	28968	57181	140809	8647	2946	196	3280	1548	3458	8884	10257	25800	6667	57007	330	9971	2878	26509	115584	1577	2730	2941	4097	5166	11309	22949	201266	874	405	2948	221079	10769	3553	11057	9982	6337	9588	6536	54657	2289	84002	3895	51129	387509	347902	345	144195	131	4609	221357	5524	55630	9970	5552	2495	2939	29103	23054	4791	5705	2877	55224	2194	56606	64240	1027	1545	6535	2033	6720	8856	5997	595	66035	3727	8140	1579	51426	57491	10602	1576	1958	6540	8648	7266	6554	2042	5055	873	211	153218	66002	6594	6526	29985	6528	64116	2308	6774	6518	29988	3326	4240	11254	1544	5272	54577	2040
Cannabinoid Receptor Signaling WP3869	5594	222236	2166	196	5595	1557	1576	5567	113	5568	5573	1559	135	5601	1543	6300	1268	5577	5603	107	5602	1432	1269	747	5600	5575	5566	221955	5599
White Fat Cell Differentiation WP4149	83439	5914	3630	7090	1052	23090	3662	10365	3661	6777	2122	6776	1050	1959	2625	6095	2308	1879	9314	2624	7480	1649	10062	1495	5468	1385	28999	688	1051	6720	7026	2908
7 Oxo C And 7 Beta HC Pathways WP5064	11332	1628	284486	1581	3291	10577	10998	55856	10005	2053	641372	570	23597	1593	6342	134526	8309	641371	10965	10682	4864	122970	23600	1717	26027	11001	3290
Regulation Of Actin Cytoskeleton WP51	4628	9138	8395	10672	5294	2249	5288	2260	1729	5604	2768	7429	5295	1398	8045	7414	30849	5879	2335	998	624	4634	10297	2248	5291	10458	5296	3672	10092	7114	26999	10152	2256	929	55970	5289	1072	10163	1956	54961	9965	71	8822	57144	54434	5286	2251	55740	5154	5216	7454	2147	3984	9475	2255	7409	85464	8817	138429	2263	8936	9459	5293	8503	4632	2252	2246	50649	1128	4478	60	1073	1445	5894	1132	1131	2264	23396	5290	2909	2261	4659	5880	9564	5305	8396	5594	81624	5063	623	2247	8074	8823	5595	6237	87	1793	5058	4893	106821730	3845	26281	7430	673	5881	22808	5597	4342	6093	22800	2259	28964	2149	5159	2934	2254	10787	5605	5062	8394	5287	324	79837	8826	8874	1133	387	4638	6654	5156	2257	10298	6655	5596	5962	2258	23533	2245	55845	2250	26291	1129	5829	2253	6548	1950	5155	27006	5747
Familial Partial Lipodystrophy WP5102	84823	3991	4023	4000	3630	8815	4001	208	63924	10269	10365	6777	1050	57104	2339	2167	2625	5601	687	1149	2624	23463	11343	5468	5290	5346	688	5396	6720	5465
Familial Hyperlipidemia Type 1 WP5108	4035	336	27329	3990	116519	6400	3931	55908	1071	51129	4023	335	3949	337	64788	5360	338328	344
Familial Hyperlipidemia Type 2 WP5109	336	3990	3931	1071	255738	4023	2053	26119	7391	335	3949	337	5360	338328	338	2690
Familial Hyperlipidemia Type 3 WP5110	4035	336	348	3990	7436	3931	1071	4023	949	335	3949	337	5360
Familial Hyperlipidemia Type 4 WP5111	4035	2645	4023	84649	337	4547	336	3931	1071	84532	64714	2646	355	6400	116519	335	64788	338328	3990	3949	5360	344
Familial Hyperlipidemia Type 5 WP5112	4035	336	3990	6400	116519	3931	1071	4023	335	3949	337	64788	5360	338328	344
Iron Sulfur Cluster Biogenesis WP5152	9054	22	51647	27247	4682	10101	51218	23479	2395	3313	2230	57128	150274	2232	26502
Markers Of Kidney Cell Lineage WP5236	5076	7474	79633	8313	54583	3172	6422	6927	4868	10736	84870	5914	2668	284654	6495	4851	338917	5915	4907	2018	9423	1499	2297	112399	5087	4435	7490	2056	2252	4090	112398	3815	163	3195	652	3975	3371	9096	655	59	2138	3791	130497	7827	5159	4086	1674	2253	7040	5175	54361	1634	6299	182	5972	6943	8854	6928	284252
LDL Influence On CD14 And TLR4 WP5272	64764	4791	7099	5971	6347	3553	3569	468	84699	6300	9586	4790	5603	929	5966	90993	1385	1432	10488	3586	148327	5600	5970
Mineralocorticoid Biosynthesis WP5279	54575	6716	1589	7364	1584	8644	6715	6718	1646	1585	3291	1109	1645	3290
Lactate Shuttle In Glial Cells WP5314	760	6566	6515	9194	9123	3939	256281	6506	3098	8671	6513	3945	762
10Q22Q23 Copy Number Variation WP5402	2066	221421	340745	4143	83861	23409	345895	10459	6457	657	374407	7422	27069	54462	8382	10939	2838	92211	88	10262	79812	5995	10274	6623	701	23063	149840	23244	81492	84293	8600	1050	112441434	8243	143241	650	26103	23047	154865	89765	83853	10771	387694	54537	4142	94233	56241	2894	4790	81619	5885	100133093	11155	10974	5468	9126	84332	10718	102	387695	2746	27156
13Q12 12 Copy Number Variation WP5406	6443	6640	6310	26278	4099	4285	387	1756	9370	2318	387911	338872	7187	5879	998	5601	6442	1605	84894	1837	57142	7185	221178	7188	6641	7186	55504	65078	6444	8082	6445	5599
15Q11Q13 Copy Number Variation WP5407	23359	727909	1139	100820829	80036	23268	1525	9578	27134	57165	728047	22909	51621	821	7082	728498	2177	801	4308	54893	63941	6812	2697	653125	653075	55215	871	29855	101059918	9414	3065	653073	112755	351	84250	79608	6804	161725	26287	321	8850	493861	125111	4286	57530	25876	1387	130574	56160	23137	79677	197370	100506658	5970	55719	25942	286053	6352
PAFAH1B1 Copy Number Variation WP5409	7436	6249	81565	1641	10726	5049	5649	5050	1778	7846	5048
Target Of Rapamycin Signaling WP1471	84335	57521	10670	207	64223	2280	5562	54541	253260	5564	7248	3156	9706	58528	64121	8408	53632	5879	5563	998	5578	55615	79109	5571	115265	7249	79899	5565	10325	6198	1978	2475	25989	6009	51422	3422
Type III Interferon Signaling WP2113	3716	10379	163702	6772	282616	282617	282618	3588	7297	6773
Retinoblastoma Gene In Cancer WP2446	79027	5557	6240	3275	5427	898	1111	6595	5426	1633	5928	1019	7153	4609	2189	1871	6119	5931	7298	5111	1869	24137	7027	3015	6118	7157	4175	1017	4176	8243	5894	1027	6839	7272	8318	8819	6502	983	5877	595	81620	10592	9133	5984	4193	54443	4172	7029	1870	5985	10733	896	6596	25	5925	6117	7465	5422	25942	3146	1026	580	3925	4863	10714	8317	1786	891	993	890	4173	9134	1719	3065	2956	3148	5591	5947	4998	994	5603	6241	9126	8030	1021	11124	5983
Cardiac Hypertrophic Response WP2795	1022	5594	1025	4773	6885	3479	207	11184	2247	5530	8517	6416	7132	4205	208	3084	2932	817	5595	2263	5604	5599	5607	5320	801	9759	5879	9734	5578	1147	5592	10014	5894	5587	4790	5609	5170	7124	4878	7040	5606	5598	1950	4214	1432	7046	3551	5608	51564	5605	118142757	9020	2475	9641
Mesodermal Commitment Pathway WP2857	3251	8313	3172	8325	57669	63035	4087	2260	23373	51176	4211	5915	27324	84159	2005	5087	131405	79923	23528	4089	1789	23007	3720	84667	2132	5308	659	10451	55704	4086	58499	10637	3064	31	7003	6925	7473	7044	4091	2296	6169	29072	9760	2627	10124	57198	8450	2131	6911	92	8728	4780	4088	79977	23181	85363	22823	655	56946	343930	8554	9421	79668	6899	89780	57045	3169	7547	90	54892	595	7403	154091	8928	3717	83439	657	9113	79776	268	8312	1466	22943	6615	6926	8553	55809	652	80304	203228	5515	9573	64321	5090	4838	5080	1488	5460	8646	688	51701	3170	29970	8322	2303	27244	8320	6657	27245	23576	8091	79035	51366	7855	11190	85416	10413	8463	93	23499	9241	11166	5573	115825	2625	7546	26610	10973	84295	11169	9314	5916	121536	54799	83881	10155	2253	8030	6722	6001	708	80312	5566	3624	28514
FTO Obesity Variant Mechanism WP3407	79068	63976	10891	84159	7350	10265	79191	6899
Wnt Signaling And Pluripotency WP399	10023	8313	5328	8325	5467	85407	7482	5584	2932	51176	79923	5529	5579	5523	51384	5580	4609	5524	4040	26190	81029	85409	11211	894	5582	7473	8061	7474	5521	1855	1500	5527	4800	7157	5048	7475	7976	5587	7481	5518	5516	1454	2033	89780	10009	54361	3949	2535	595	6934	83439	7472	7484	6416	1857	7477	1499	896	8312	5578	1487	960	2103	5515	5602	4041	1488	5460	51701	29127	7476	8322	324	120892	5590	1856	6885	6657	5588	80326	387	7855	5520	6932	333926	5519	5522	4316	5601	7480	8324	28227	8326	3725	1387	27022	5581	7471	8321	8323	5583
Caloric Restriction And Aging WP4191	10135	10891	3479	207	7157	2475	5565	23411
Ebola Virus Infection In Host WP4217	3108	7879	27072	27183	7099	153090	10577	1212	3107	2318	1211	5295	3480	9367	3678	5879	998	3665	5291	3115	3672	5296	2317	3122	84868	3675	64601	5966	1956	3118	71	5970	10332	3134	3655	9641	4791	207	10462	5610	5971	3127	219931	23586	3117	7020	3661	5293	8503	7150	5922	60	29110	3112	55823	3113	4790	3565	85477	857	5290	2033	1514	7301	9021	2348	3688	3385	3105	5594	3685	5868	10461	339390	858	93978	5595	87	6772	3673	5058	8575	1508	3690	4153	81	4734	3106	389	3384	6868	2934	3120	3111	23339	7410	8826	30835	5981	3109	11314	1213	2316	387	432	388	859	1965	2621	57617	684	8218	2060	3133	558	3123	7251	3836	26762	3676	65082	7074	1387	91937	4240	4864	3119	708	3135
Interferon Mediated Signaling WP4558	3716	3460	3717	282616	282618	3452	3440	163702	6772	338376	3446	3451	3444	3449	282617	3459	3588	3458	5295	6773	5578	3455	3443	3445	10379	3448	56832	7297	3456	5290	3467	101180976	3442	3439	3454	3441
Cytosolic DNA Sensing Pathway WP4655	843	103	5441	834	3452	8517	5437	1540	11035	51728	23586	3440	7706	9447	3446	388372	3451	3449	3444	4793	3553	3569	3661	57506	841	661	84265	55718	9140	3441	29110	79671	3665	1147	81030	3443	3445	29108	115004	3448	5435	10622	90865	4790	9636	8737	3456	4792	8717	340061	5434	11128	5440	9533	55703	10621	11277	3606	9474	3551	171568	54941	3627	3442	10623	3439	51082	5970	8772	6352	9641
Cytoplasmic Ribosomal Proteins WP477	6203	6176	6142	6122	9801	6159	9045	6197	6199	6164	6187	6202	6188	25873	6146	6192	6195	6167	6181	6144	6161	6218	6171	6175	6129	6135	9349	6124	6125	6189	6206	6209	6217	6169	6227	6158	2197	6147	6155	6210	6141	6160	6152	6194	3921	6222	6134	6230	6233	11224	6136	6132	27330	6139	6229	6128	6207	6193	6196	6204	6156	6143	6201	6165	6157	6137	6232	6198	6123	4736	6224	6208	7311	6168	6173	6234	6154	6205	6170	6223	23521	6130	6191	6235	6138	6228	6231
Glycosaminoglycan Degradation WP4815	3425	2799	3373	3074	8692	2588	138050	2990	60495	23553	3073	411	10855	2720	3423	6448	4669
Leukotriene Metabolic Pathway WP5171	1666	2687	4363	4048	64174	240	26063	1800	22949	4056	4051	241	2678
Primary Ovarian Insufficiency WP5316	8991	84057	284403	10533	7518	7784	57697	256006	59067	342977	55213	8893	7490	3623	639	57122	186	26047	2176	2547	7252	55120	659	5096	93426	7124	92667	2189	9210	10857	3915	344018	171568	84515	1618	646	2778	23305	1901	3295	29893	5110	1730	2304	10734	164045	207	100526761	2592	8626	80067	3640	3569	23438	5888	56945	284417	142	56979	221711	4439	11144	5054	8894	2332	7249	254528	5095	5170	472	6134	10657	57167	3791	857	326	346673	79065	54361	594	2516	4438	5432	2661	2492	254394	5373	7038	64506	6387	8890	269	657	1581	641	4853	84733	7048	56652	1312	135935	268	2309	3815	2701	656	26284	57505	56478	9401	9156	6770	7049	2099	2626	672	658	3429	5460	2488	10456	9581	5728	30812	1621	4313	57510	116039	4000	5618	7486	139324	668	627	23304	3558	2334	93	8192	23514	5122	9241	2074	2100	2308	23411	675	8892	3973	402381	3123	5746	84168	11077	431707	1588	1586	8891	113510	2175	4683	7516	2827	84690	64374	4591	5428	1352	23395
Glycolysis And Gluconeogenesis WP534	2645	229	5160	8789	5091	2538	3101	5313	4191	5213	5230	7167	3948	6515	6514	3939	5211	2027	3098	51660	25874	5214	92483	5232	2026	1737	5315	226	5105	6517	3945	6518	2203	5223	5224	2805	1738	230	4190	3099	2806	6513	2821	2023	2597
Metabolic Epileptic Disorders WP5355	275	2538	6510	26227	1892	5230	48	7167	2593	3141	2027	29968	5214	92483	5105	435	383	1491	1738	7498	2023	5160	4337	3033	3101	6514	5232	38	4338	226	445	6542	2805	28972	27304	2806	292	55526	5723	6821	229	6472	5091	10157	5313	4191	5213	58472	3948	6515	3939	3098	10166	2875	27165	2026	5315	23474	10243	6517	2203	686	2639	5224	230	501	3099	4190	2821	2597	2645	8789	2731	51166	2746	1036	102724560	5211	6576	51660	25874	1737	3945	6518	5223	6470	94081	6513	5009	1373	2628
Primary Ovarian Insufficiency WP5461	375757	158401	284403	10533	7518	7784	164127	57697	342977	55213	124045	8893	7490	639	57122	2176	55120	659	5096	93426	92667	7512	9210	10857	3915	344018	1967	171568	84515	1618	646	78995	2778	326340	79983	157777	3295	29893	1730	10734	164045	100526761	2592	8626	80067	55366	1993	367	23438	1352	5888	56945	221711	4439	11144	2332	348995	254528	388553	5095	57167	472	10657	857	326	346673	79065	147872	3161	9692	2516	4438	5432	2661	254394	2492	5373	64506	8890	269	657	641	151246	4853	56652	135935	3292	239	268	3981	55215	26284	57505	56478	9401	9156	6770	7049	4486	1062	2099	658	10456	9581	30812	5495	4000	7486	668	654	8192	23514	2074	2100	55159	675	8892	402381	204801	84168	431707	1588	1586	113510	132243	84464	2175	4683	4292	7516	64374	5428	84057	23395
Selenium Micronutrient Network WP15	5052	55312	257202	2879	2678	3553	3383	7124	57190	4353	1491	10587	7498	5970	280636	5327	213	6647	4791	949	2147	847	4548	2877	2244	1734	6289	3043	3569	7001	6288	5340	2936	25824	5054	4790	2243	247	9403	55829	3949	1733	8564	241	2155	7296	58515	140606	85465	3630	2266	83642	6347	348303	338	51714	10549	240	335	4524	6648	8942	6415	19	6649	1401	7295	6414	55163	51734	5742	102724560	3458	2876	114112	1735	12	2878	3643	80308	6291	5743	10935	22928
Neural Crest Differentiation WP2064	3198	1000	8313	64211	4854	6591	2260	2932	1004	6660	9734	3670	1638	3196	4609	4086	4602	9965	3397	1280	7478	23493	6925	4791	1749	10215	54567	1855	4851	5376	2113	2263	7020	6911	4762	388585	3975	8929	655	7976	83933	5077	4790	7545	4855	9421	8841	167826	4286	89780	2261	3688	2670	1302	83439	127343	2247	4853	1857	55869	1499	4487	9759	3516	8312	2637	6615	10013	652	10014	3211	6663	1488	51564	9355	6662	4155	1856	429	2705	4488	85416	3066	3280	388	79885	8190	5081	3065	10683	7291	7021	999	116448	2253	4359	283659	27022	7471	1005	28514
Farnesoid X Receptor Pathway WP2879	1581	10998	8647	1582	1576	6256	2289	570	5244	9971	6554	8431	6822	117283	8660	9965	10891	11309	7363
Apoptosis Modulation By HSP70 WP384	7132	842	637	317	841	839	355	840	9131	836	4790	8737	356	5602	4214	3303	54205	8772	835
TLR4 Signaling And Tolerance WP3851	7189	3576	6885	10454	3654	7099	11213	8517	3661	3569	7187	29110	3665	1147	23118	114609	3635	4790	8737	23471	4615	3456	4792	148022	7124	3551	51135	9641
Mitochondrial Gene Expression WP391	23082	50804	7978	2551	5530	51001	133522	2101	4899	64216	6667	2553	1385	5442	51106	10891	814	3054	7019
Neovascularization Processes WP4331	5594	4254	4791	6387	54567	2048	7043	207	4087	5971	4854	4851	4093	5595	3091	4318	4090	3815	5601	4088	284	7042	2050	7852	4790	4855	3791	94	4086	7040	5966	5155	7046	2324	182	5970	5599
Inflammatory Response Pathway WP453	3560	958	7132	3568	7448	3913	3558	7059	3567	942	3458	959	1281	2335	1277	940	3561	3911	3912	3559	7535	3565	7057	3918	7133	1278	3566	3915	941	3932
Aerobic Glycolysis Augmented WP4628	5230	5224	7167	3939	5315	226	3098	6513	2821	2023	5213	2597	2875
Omega 9 Fatty Acid Synthesis WP4724	54898	2182	10965	6319	64834	3992	2181	2180	9415	79966	2194	60481	83401	79071
Phosphoinositides Metabolism WP4971	4952	79837	22908	5286	5332	10903	9107	8394	8395	5330	8897	5294	84812	9110	90809	5288	113026	8776	5336	55613	6305	9108	8898	5293	89869	54893	30849	4534	23236	66036	23007	5291	9651	3635	5331	5335	200576	5289	23396	5290	55529	5333	5728	51196	81846	54545	5287	5305	8396
Riboflavin And CoQ Disorders WP5037	57017	10229	23590	80308	55312	55065	27235	2108	57107	79581	2110	54840	56997	51004
T Cell Activation SARS CoV 2 WP5098	51561	1493	2932	149233	253260	581	5604	5295	940	3592	3455	1147	3122	7124	8809	5970	3454	3932	3593	207	29851	916	7248	10892	7157	5293	56477	3708	6775	3595	5894	4790	7249	4615	3456	5170	5335	3565	10125	2353	917	3551	84433	595	5594	57521	5788	3717	1029	3605	5595	3937	2309	6363	4772	7297	2534	4792	27040	8915	919	5533	5728	5605	64798	941	6009	1026	64207	9402	2885	5588	64223	8517	3594	6654	3558	942	3458	915	3265	3123	7535	920	3725	4049	598	2475
Ulcerative Colitis Signaling WP5174	3561	3108	7097	3566	6778	2625	3586	3567	64127	3458	4790	50943	4094	3596	7124	3565	7040	4772
Mitochondrial Beta Oxidation WP5241	1892	3028	1666	1632	10449	36	33	2181	1962
Glycosphingolipid Metabolism WP5292	9331	127550	2583	8869	2717	129807	410	57704	9334	7368	2581	53947	8707	8702	84002	8708	8703	7357	10825	2629	9514
4P16 3 Copy Number Variation WP5365	5594	2549	867	2885	7884	10818	3954	9793	2247	7469	7468	6654	5595	92305	7936	5295	401115	90459	8218	10460	617	51497	118424	5335	2261	339983	353497	25920	152877
Vitamin A1 And A5 X Pathways WP5397	5915	6258	5916	6257	5914	6256
ADHD And Autism ASD Pathways WP5420	1815	55312	6532	55065	4522	9455	5568	1605	64422	2891	5579	441024	3362	26047	2555	7124	9456	1956	2643	6647	2890	1816	5092	169355	160428	7248	5805	80852	185	8503	23464	54413	2913	22871	6331	8470	2806	5020	6014	221955	10368	6332	6472	79400	3357	4128	3363	3741	3815	2694	6570	2776	2562	4524	1716	2326	64798	18	2744	25902	26100	1786	285242	22863	5409	883	1719	60673	6324	59284	3356	84105	6329	2752	4129	9821	10815	5566	170572	23475	445329	10533	9379	10840	2350	30849	57502	248	392636	5296	6697	6948	1269	3067	10797	9378	55788	5582	53942	152330	6573	207	10000	2915	316	2185	5293	223	113278	6327	6530	15	3614	1645	84557	6335	84335	3742	5562	26	1636	23284	1499	22941	5567	1741	2892	1559	79109	3354	2346	3704	64802	6794	3620	635	786	5021	6648	9776	2572	2893	1272	6009	1621	5590	6649	55163	1565	1557	5156	56267	8408	147	146	5563	2912	2906	50507	79937	2904	57555	1813	3643	1742	6947	6470	102	5826	83734	5972	58512	148	55879	2628	22839	353	867	51380	6529	4594	158	253260	6334	5295	1644	6812	5291	81034	2560	351	140679	5067	3176	55062	7054	7498	2710	50508	23130	438	3743	2563	2166	2903	27430	5336	8678	5860	55054	9177	9231	3360	3739	159	3352	7249	8604	5335	55191	27092	4160	5290	775	747	2348	5575	121278	2905	191	4988	57521	2556	27035	1312	116444	4846	25	6531	10243	55034	59285	9474	200909	8942	9454	23426	27244	51166	3737	2561	1036	102724560	231	59283	3458	3738	9140	5573	134864	6323	5577	908	154	4204	1740	471	2571	2565	249	8506	3736	3251	83667	51629	6999	6328	2558	270	2918	1739	4684	27249	100	6900	5580	6330	57084	5289	6857	27	25974	1491	31	7298	3054	11152	50944	4548	2554	27232	23410	801	55768	158584	2917	7166	2550	116443	51293	166785	1268	115201	55800	4842	8029	10369	9229	8564	4143	2566	8644	3355	79581	2902	208	2911	4860	1576	2916	5578	113235	27165	6336	81693	9787	5159	11280	873	5728	27091	55972	5053	6844	4843	85445	64223	387	80318	6326	217	10165	2017	2914	10327	6616	135	2557	118788	9369	6855	6804	27255	8566	4552	2475
Post COVID Neuroinflammation WP5485	3146	5594	3576	7098	7099	51284	51311	7113	3440	3552	3553	3558	3569	3458	3592	7124	3565	3606	3586	5045	59272	2670	6356
Pentose Phosphate Metabolism WP134	6888	5226	25796	7086	22934	2539	6120
Iron Metabolism In Placenta WP2007	7036	48	55240	4891	7018	30061	3658	57817	7037	57192	341208
Pregnane X Receptor Pathway WP2876	66002	5705	54600	10499	27286	1557	8204	1576	1548	54658	8648	10257	8714	1555	1244	1559	6256	2308	54657	100861540	7266	54578	1577	6714	3320	8202	10891	5243	10599	8856	2939	6822
Lipid Particles Composition WP3601	336	348	3931	1071	4023	335	345	3949	338	344
Thiamine Metabolic Pathways WP4297	80704	60386	5160	27010	10295	10560	7086	4967	593
GPCRs Class A Rhodopsin Like WP455	56656	2835	1815	4887	8843	10161	4994	3351	81797	56670	643	9934	2857	2843	26212	2866	6755	26476	6752	26538	2151	624	140	53829	9002	5732	2925	3362	2864	186	2841	7852	11255	4142	611	2842	2829	23596	2828	100996758	144125	442185	84636	4544	101060233	2863	2831	1269	1241	2359	23432	2852	5029	2844	26189	135946	4987	10886	134	2850	8390	9293	1814	8392	5028	8387	5956	5729	1816	4992	5030	4889	6754	3269	4985	5032	2838	2845	2357	10888	9283	1910	4543	185	442186	11251	266747	9034	26532	2865	187	1128	3577	81697	26333	5739	27198	64805	552	3360	886	2867	57121	10316	1268	1132	94233	3352	1524	136	51554	1131	442184	10803	116511	54328	2832	4160	158131	4995	8477	144124	26692	7201	1237	3274	8590	150	8388	81491	3358	152	8383	390892	1234	2492	151	56923	23620	4988	81696	554	4991	53836	3355	5031	4157	5734	623	2853	26539	338674	3357	3061	126370	2150	155	3361	26211	3363	7932	2587	2834	2861	120776	1230	1812	10936	6751	4829	26188	135948	3354	1240	680	4993	2854	8386	29909	1238	2149	2358	10800	3579	26493	2847	26531	26707	5021	2826	4158	57105	8484	153	6915	2848	54329	64106	4161	4923	26658	1233	4886	729230	26664	2846	10798	26659	9248	6010	2833	2859	4986	5731	2840	1133	3350	442191	5733	10692	553	1232	1236	283297	26696	2830	1235	4159	8811	27334	147	146	79541	3062	719	135	8111	2862	3973	27202	887	11250	5737	57007	1122	154	3356	283160	2693	5724	1129	1813	26716	2825	2827	148	6753	1909
Glucocorticoid Biosynthesis WP5280	6716	1589	1584	8644	873	1576	6718	1646	6715	1585	3291	1109	1645	3290
Rubinstein Taybi Syndrome 1 WP5367	3660	1385	5111	4862	1387	9575	8202	8092	9188	2091	4097	64425	4089	406	2308
15Q25 Copy Number Variation WP5408	50944	8943	23478	64506	6261	6457	116986	9640	2915	123722	57538	643707	2911	123720	64282	8120	10947	123207	3708	7150	5151	53339	9455	8867	4829	53346	83640	54993	5894	85358	60559	4828	9789	1176	26052	8731	1950	28972	84942	57188	3064	6262	646	6513	9154
Type II Interferon Signaling WP619	2537	3716	4843	5698	3460	3717	4283	3394	5610	6688	3662	3440	6772	3659	3553	3459	3458	6773	5967	3660	10379	3106	3383	5580	9636	3433	3456	5781	4261	2633	8651	4938	9021	3627	6890	1536
Androgen Receptor Signaling WP138	5052	10399	9063	10499	5901	898	2932	5295	6049	5879	998	2288	4089	811	10401	5296	2274	9612	6714	1956	8202	5970	7341	6605	29893	7329	207	9475	6047	367	23028	24149	64800	166	4088	8554	857	8850	2033	7050	1385	57178	10273	860	7337	10498	595	11143	4193	5883	2119	1499	9611	106821730	11034	8648	7041	5925	6093	8431	6013	23598	672	10524	5728	25942	8031	3985	2316	387	113523636	388	573	9604	23411	2308	6774	7182	6667	3065	1616	51588	3725	11315	1387	5747
Cell Differentiation Index WP2029	3195	7044	10637	6722	10014	3196	30012	6774
Glial Cell Differentiation WP2276	4155	2596	11076	4099	1267	4478	5354
Sulindac Metabolic Pathway WP2542	22921	1544	253827	4482	1545
Vitamin D Receptor Pathway WP2877	168002	9914	3400	3965	632	5467	29923	820	1493	958	3486	634	5744	3827	7292	898	219855	5653	7056	400830	29785	248	3592	1543	639	928	4609	929	3663	3118	3397	25928	3868	5243	6277	337879	112802	78989	200407	9926	6275	151888	1647	3394	92737	353134	4600	7421	79689	5004	353137	11221	3117	8204	79789	7168	10568	85285	6280	1017	6273	7078	4650	892	5741	7042	1045	2050	3885	1027	57167	373863	4084	3726	7040	54210	22997	10125	56302	55090	1031	386676	727936	50486	8687	5368	1992	6822	4345	595	4773	113835	6422	5734	6927	8853	623	1581	8074	2539	1029	1305	251	3684	1591	3662	27035	7128	6304	11096	1576	64806	795	1594	1050	1555	6256	1559	1474	84766	6546	1030	6279	240	386672	997	1032	6517	4041	126364	386675	768	604	26239	6699	387267	1026	100289462	5588	1469	7077	386679	56262	3860	412	1565	654	215	102724560	54901	3294	8600	55503	147	3091	4982	9173	81037	6696	1946	976	2308	3123	9314	4814	5005	490	154	8027	283229	23274	3484	23581	1577	387264	22906	7869	3488	9075	838	353323	9365	6819
RAC1 PAK1 P38 MMP2 Pathway WP3303	5594	4843	4313	79931	2885	3925	207	2888	572	285	842	8517	7010	6654	5595	10413	581	4436	5295	1499	5058	4893	5921	7157	1398	3845	6777	6776	5879	2335	5888	6247	3265	5601	6300	2308	4690	6774	1147	9046	284	840	2886	4790	2064	5603	4792	4609	10318	332	9068	6714	5781	5290	5829	1432	4842	51378	1956	3551	5600	5970	3688	1978	79155	5747	7075	5599
GPCRs Class B Secretin Like WP334	10149	7434	2642	2692	117	1394	2015	10203	2740	9340	22859	799	23284	64123	976	23266	5746	6344	5745	2696	1395	30817	7433
Neurotransmitter Disorders WP4220	1621	4128	6531	1312	7054	1644	5409	7166	6571	121278
Non Small Cell Lung Cancer WP4255	5594	83593	238	1026	6258	2885	1381	578	1869	207	27436	1647	1643	3718	1382	1029	6789	572	1870	842	10000	6654	4616	208	5595	51426	637	581	5336	5604	5915	4893	5295	6655	6777	7157	10912	8503	5293	3845	841	673	6776	6257	6256	2309	3265	5578	6774	5579	5291	5296	5894	836	5925	1019	2064	7039	5335	5290	5163	1950	1871	1956	11186	369	54205	1021	5605	2272	5582	595
Oxidation By Cytochrome P450 WP43	1571	339761	66002	285440	113612	1581	1553	5447	11283	1591	1528	1579	1565	1557	1573	1562	1583	1572	1576	1548	284541	1594	57834	1582	4051	120227	1555	29785	1559	1543	340665	1580	57404	100861540	1727	64816	1593	1588	1586	54905	1549	1545	1577	8529	51700	10858	51167	1558	56603	1592	126410	80777	1584	1544	51706	1585	51302	199974	1595	9420	260293
Hippo Signaling Regulation WP4540	4804	4914	1000	25937	4087	5576	26524	2260	5584	1004	51176	2773	3480	23683	5879	998	1002	5568	23236	5579	5580	5331	1015	4485	2321	1013	1956	4233	2778	1010	5582	7003	1012	5330	7010	1008	2263	4771	4088	2767	5571	6788	2264	3791	2261	1009	5575	2774	1001	5332	6934	83439	7004	5562	2771	9113	1969	1499	64403	4915	5567	3815	5578	2776	1016	5159	64405	7005	1007	51422	28513	5590	1436	5588	387	5156	6932	10413	5564	8463	53632	5563	5573	5577	1003	1006	999	5565	3643	1014	28316	5581	2324	2322	1005	5583	2475	5566
Nucleotide Excision Repair WP4753	1022	1642	5111	5981	5984	56655	1643	10714	1161	2068	5982	2072	8450	5427	5985	6118	1069	9978	5887	5426	2074	8451	5424	7507	54107	2071	7508	4331	2965	5425	2966	57804	3978	5886	6117	2967	2968	404672	6119	2073	5983	2067	902
Fluoroacetic Acid Toxicity WP4966	224	1431	217	223	55902	50
Lung Pathology Of COVID 19 WP5146	7098	4283	51284	51311	64135	23586	6347	3661	3553	57506	3569	29110	115004	4790	340061	6373	7124	3606	3627	1437
TROP2 Regulatory Signaling WP5300	10399	4363	3717	3479	1029	4070	4192	4851	898	7431	6772	581	10298	5295	1499	1111	3480	3678	596	1017	5664	2335	5879	5578	4322	5925	1019	5580	999	1027	4790	1366	3725	94	6714	9076	1956	3481	5728	3482	3688	7094	5747	5175	595
5Q35 Copy Number Variation WP5380	2549	8726	51499	55294	7169	1212	825	4149	90249	54732	5295	22838	2773	3480	84142	3635	7852	3092	4609	6714	79184	9965	10972	1349	257629	3101	83463	57179	54825	54540	2770	2246	26262	5741	253314	2264	1345	5335	9500	64324	2870	10960	5799	375484	6569	5771	10818	2902	1329	1581	51099	1627	2771	9423	114787	10636	57104	25	27166	10959	51491	1351	192286	11285	9577	53917	672	5602	29086	79930	4648	23197	25920	1350	23135	580	2885	53841	6654	1340	51720	5601	9377	80758	6620	2161	23567	1346	2904	9260	3725	1813	84364	23119	345456	1327	285598	3014	10083	6622	102	1337	9026	51428	5599
Pancreatic Cancer Subtypes WP5390	55808	7103	53836	10551	54474	79908	84985	1510	374	3853	3872	1515	7033	8581	83998	3866	6707	728113	9982	6273	1474	11199	286887	7031	155465	100861540	51442	8796	10170	8399	84951	4069	4680	27290	6318	1015	93273	79170	119467	3960	4640	23584	6513	131177	7032	6699	6317	3855
6Q16 Copy Number Variation WP5400	627	4852	51738	3953	3952	6492	4915	181	2693	3643	405	3630	5443	4160
TGF Beta Receptor Signaling WP560	3716	8928	7044	2022	4091	4087	2280	9839	4093	23090	5595	51176	4092	6772	3976	7048	1499	864	3458	6497	9241	7030	10468	4090	3265	5601	6696	4088	6774	4089	652	4052	5054	4790	7049	6498	3725	7124	4086	7040	7050	7057	2033	2353	1950	7046	10637	860	1387	7471	9372	25805	3694	3624
Interferon Type I Signaling WP585	3716	9252	10399	5906	57521	867	5788	64223	7409	2475	9846	1977	8986	6772	3276	5295	5293	1398	6776	1973	6775	5879	6773	6774	79109	3455	10379	10401	6194	5296	1399	2889	7535	5777	7297	2534	1975	8554	5781	5606	5966	1385	4214	1432	8651	8660	9021	5608	27250	3667	3454	1978	6198	3932
Toll Like Receptor Signaling WP75	10454	7099	958	51311	5604	388372	3553	54472	5879	3592	3455	1147	3665	23118	114609	929	7124	5606	3663	1432	3627	3442	3439	5970	3454	3441	3929	9641	7189	3576	3593	54106	207	4283	10000	3661	3444	3449	3569	6348	29110	4790	8737	4615	3456	6373	2353	3551	5594	3654	1326	51284	3452	6416	208	7097	5595	3440	6772	3451	7187	6300	3443	3445	10333	3448	5609	4792	5602	5600	5605	941	6352	6885	7098	257397	8517	3446	4793	942	841	7096	7100	5601	6696	100302736	5603	23643	148022	3725	51135	5608	8772	5599
Type II Diabetes Mellitus WP1584	5594	5590	6834	389692	5256	9370	3651	6514	23533	3767	6517	7124	3643	773	3551	723961	3667	122809	2475	2710	5599
Fluoropyrimidine Activity WP1601	1807	1066	2030	1890	6996	7371	2068	6240	8836	1548	7378	7157	5471	10257	1719	8714	978	7372	10057	151531	51733	2356	83549	6241	4524	1806	7083	10864	23583	7517	7298	8824	9429
Integrated Cancer Pathway WP1971	3716	1026	4312	580	545	27113	1869	207	4193	4087	641	572	842	5451	6772	581	4436	993	1111	7157	841	596	1017	4088	1030	4217	2956	836	5925	1019	571	994	1027	4609	472	10111	672	4361	11200	5347	5728	466	983	10811
Fatty Acid Omega Oxidation WP206	1543	1571	1579	1565	127	216	130	1548	1576	124	217	125	1544	126	131
Trans Sulfuration Pathway WP2333	191	2730	27430	4357	2805	1491	51380	102724560	4548	1786
Dopaminergic Neurogenesis WP2855	2735	5309	6657	2736	429	4760	5979	4929	1644	4487	4825	2637	6774	6531	4010	6469	4821	5015	63973	2019	7040	2253	4009	216	7054	7471	1028	2020	6571	3170
Estrogen Receptor Pathway WP2881	1543	6667	57678	1544	5105	8431	5166	5465	2099	3725	1545	51	6774
Triacylglyceride Synthesis WP325	55326	56894	57678	3991	8612	4023	84649	346606	56895	2819	8694	8443	57104	10555	8540	8513	10554	80168	8611	8613	3990	116255	2712	2710
NAD Biosynthetic Pathways WP3645	10135	10038	23475	952	23409	8658	23410	23408	6999	51547	80351	142	23411	93100	51548	143	64802	22933	3620	55191	683	130013
TGF Beta Signaling Pathway WP366	9063	10454	4087	5576	10131	1874	5604	102724428	5295	9972	50943	6497	5879	2335	998	11171	4089	467	4739	5296	7015	351	22938	10987	4609	6714	5606	8454	1432	1278	4233	9146	57559	7341	7189	7329	11059	83737	207	8021	7027	6500	2113	7157	4435	1316	9978	64219	4088	3371	5894	8554	3726	857	7040	2033	2353	7050	7046	860	50855	9372	3688	9564	983	64750	595	5594	4312	8928	3727	9133	7071	11184	5371	6416	3691	4205	5933	7048	5747	54778	3673	3690	8312	7041	1030	6093	7049	1875	7057	2354	23327	5605	4321	25942	1026	2885	6885	51377	3985	387	9839	6654	55802	163126	8945	6464	10413	4092	5494	5596	5601	79753	1601	6667	3065	6498	3725	9765	57154	5163	6935	1387	5934	6711	8462	5608	1386	4208	5062	5599
Oxidative Damage Response WP3941	7189	4794	1026	5111	578	1647	572	842	6416	713	9530	716	317	1380	596	717	7187	998	719	714	836	715	4790	1027	4293	5603	7185	7124	727	10188	728	5602	7133	4214	7186	712	54205	1028	51567
Non Homologous End Joining WP438	27434	27343	79840	64421	5591	7520	7518	2547	7486	3981
Ketogenesis And Ketolysis WP4742	38	6566	1376	7351	788	5019	6513	622
Proteoglycan Biosynthesis WP4784	55790	64131	126792	113189	2131	54928	2132	347734	26229	64132	22856	51000	9060	11285	9469	2137	1836	124583
Somatic Sex Determination WP4814	1761	2254	54361	6736	50846	2516	5730	268	6662	7490	30812	2626	668	284654
Proximal Tubule Transport WP4917	6575	6505	6569	57393	8992	523	486	9550	51606	160728	760	55867	9356	6550	6514	358	6524	55244	6520	6528	528	527	476	9056	10257	23428	1244	762	153201	54716	9296	6582	64849	9376	6560	11136	245972	8671	117247	142680	533	146802	340024	6522	525	10864	50617	348932	481	65010	6523	6513	51382	5243	529	6519	9429
Unfolded Protein Response WP4925	27113	10018	5366	23645	51360	637	3553	10628	7157	468	1965	3309	596	9451	4780	51493	8720	1649	8795	22926	7494	2081	835
Iron Metabolism Disorders WP5172	7036	55240	617	4891	9843	2512	80025	79901	7018	7386	57817	3077	30061	2495	1356	7037	148738
Matrix Metalloproteinases WP129	4312	4313	4317	8510	6942	7077	4327	56547	4324	64066	4318	7076	4325	4316	7078	118856	682	9313	4314	4322	79148	4323	64386	7124	4326	4320	4319	4321	10893	7079
Fatty Acid Beta Oxidation WP143	3991	4023	33	3033	2180	1375	2820	1892	37	51703	1632	7167	1376	57104	1374	3030	1384	8513	38	2181	1120	55902	34	3032	2639	3990	2182	1666	35	1738	788	2712	23305	2710
Synaptic Vesicle Pathway WP2267	10814	6507	477	6571	160	10497	1213	10059	5864	1211	774	6532	2055	246213	1173	6812	8218	4905	6854	2054	6616	8775	163	6572	1785	6570	112755	6855	161	6804	440279	291	57084	594855	6857	140679	6581	26052	1759	773	11315	1175	6809	22999	81539	57030	10815	6853	23025	8224	6844
Gastric Cancer Network 1 WP2361	324	1894	121504	9585	86	1063	8209	11082	4851	55125	286826	4173	8607	11065	4605	57122	56992	7153	6790	54476	22974	54891	64094	8900	6286	144455
Gastric Cancer Network 2 WP2363	84823	10153	1299	25909	55593	5984	51316	157769	55299	255488	1499	7157	63922	54921	11065	55215	27101	3930	92140	1297	7153	8926	4609	5884	29089	1956	79075	5983	29028	6277	962
Endoderm Differentiation WP2853	3251	55832	3198	57669	63035	10459	4087	5744	23373	51176	6875	27324	2005	5087	131405	79923	23528	4089	1789	23007	3720	351	10451	5606	58499	3915	7080	7478	31	80155	7473	6925	9760	2627	64864	7709	57198	8450	4851	2131	4830	123169	4088	1847	79977	23181	2146	85363	22823	3975	63978	655	5077	56946	5015	83595	1844	8554	79577	7040	79668	9682	3169	7547	54892	23168	154091	8928	1846	6422	83439	2736	657	9044	9350	23682	6772	79776	1499	1112	22943	1994	55809	3175	9573	2626	3227	64321	5090	4838	23286	1488	5460	51701	6928	3170	6478	2908	324	57690	27244	8320	9646	10153	6657	51460	27245	23576	79035	6877	51366	11190	85416	6932	9425	9241	11166	115825	2308	1601	26986	54623	26610	3087	10973	5083	84295	30009	11169	5916	121536	6671	54799	10128	83881	2186	140597	6001	708	80312
Ectoderm Differentiation WP2858	57621	54898	79731	54828	8325	5467	27352	23229	1756	10634	1004	8675	1896	27324	54880	4089	57462	7022	9079	2274	1501	4609	5269	8495	7226	4926	8820	157807	81576	57476	8345	114822	55843	2720	2627	3853	5292	2263	7020	51222	4771	5452	9687	9924	152789	166	5010	3975	25806	6238	7593	6469	83933	5077	54806	6386	6929	7704	22871	8848	4920	5236	6785	56913	54521	56899	2737	4990	4061	83439	657	79658	8835	5787	6347	79776	1499	51762	151613	4772	8473	10013	5297	652	5420	1487	51043	2534	3728	23133	5783	5080	51701	50937	51592	54207	7026	3170	56963	29970	8322	51422	170302	3801	91653	1496	10486	6657	6907	1952	345557	7855	7343	460	6781	6016	4982	10257	114815	5362	60401	25987	3148	9935	7903	2300	1006	4204	54903	6498	11177	398	57154	6622	7471	440193	10253	5150
Liver X Receptor Pathway WP2874	64241	1576	6256	6319	64240	10062	1581	6720	2194	1555
Lipid Metabolism Pathway WP3965	5160	3991	207	593	29923	23205	5576	10000	5562	51099	208	5564	53632	5567	2194	57104	5563	5568	5573	5571	5577	47	55902	5565	5346	31	5575	5566	51422
Oxidative Stress Response WP408	847	6649	25828	7296	79400	4501	4128	4784	27035	2876	3162	2729	4257	4780	1543	2953	50507	6667	2936	4790	2878	54578	3726	2353	5602	1432	6648	10587	7498	1728	6647	50508	1536
G1 To S Cell Cycle Control WP45	1022	1026	5111	1869	1647	4172	4193	5557	7027	1029	1388	7029	1870	5427	898	891	6118	993	7157	4173	9134	84699	896	4175	1017	5426	4176	4661	23594	5558	1030	4999	5000	5925	4998	5001	1019	1027	4331	4609	1032	472	23649	90993	1385	8318	4171	8900	6117	1031	10488	901	1871	6119	7465	1021	1028	148327	23595	4174	902	894	983	595
Endochondral Ossification WP474	2737	5328	5167	5727	9507	3479	207	2247	657	7422	3549	5744	8817	1473	1515	2260	9510	6772	654	11096	3157	6777	864	3480	801	9759	4921	4318	4256	11127	8100	6660	7067	6696	7078	871	5741	7042	4322	579	5745	655	55553	176	2487	2690	50515	85477	7040	249	54407	860	2261	3481	51719	1028	1280	1300	4208	5327	2688	5566	6662
Galanin Receptor Pathway WP4970	2353	1026	1385	10413	1028	3569	10018	1401	7422	1027	3630	6517	5468	6844	9370	5443
Glycolysis In Senescence WP5049	5230	230	3939	7157	5315	3098	5925	2539	2023	5562	2597
Kinin Kallikrein Pathway WP5089	624	1369	2161	710	623	3818	3827
Ether Lipid Biosynthesis WP5275	64900	387521	79888	9409	8504	410	23175	84188	10390	7368	8443	8540	9663	5191	25979	51555	55711	5824	5189	9514
KCNQ2 Related Epilepsies WP5360	9495	23621	5336	185	801	288	3708	1128	5578	624	6324	3786	6804	3785	1457	5514	5533	5566	5028
Effects Of MFN2 Mutation WP5443	6856	7879	9927	5864	55112	89891	5865	79659	1639	10381	581	1783	7157	841	79969	836	1780	55288	23095	10567	4133	6622	22906	1778
Oxidative Phosphorylation WP623	4726	498	4720	539	4713	10632	4711	4715	4706	56901	513	522	4700	521	4723	4696	374291	4712	27109	4717	4697	4698	4707	10159	4701	3002	4719	514	518	4724	515	4702	10476	4695	9551	4716	4728	517	506	4714	537	4731	4729	4718	4710	4722	4704	126328	516	4708	4705	4725
Benzo A Pyrene Metabolism WP696	1543	8644	1576	1646	2052	1109	10327	1545	1645
Homologous Recombination WP186	675	57804	6117	4683	5424	10111	25788	10714	5893	5888	5425	472	4361
Effects Of Nitric Oxide WP1995	4843	4842	316	7498	4151	4846
B Cell Receptor Signaling WP23	695	933	2549	867	8395	5294	4149	2932	5604	5295	1398	5879	998	1147	5579	26469	6195	2931	1399	5296	3635	5777	5580	4609	930	5781	5966	1432	5970	6452	27071	3932	25780	207	7409	2969	9846	7462	5336	2113	10892	29760	4775	6850	5894	4790	5170	5335	23396	1385	3059	3551	5880	84433	5594	4773	5788	11184	975	673	4690	2889	2534	4792	640	8915	5605	604	8394	7410	2885	6885	8517	6654	6464	973	5596	1380	974	3265	5601	2308	118788	3725	815	4067	2002	8462	5608	1386	7006	5599
Alpha 6 Beta 4 Signaling WP244	5594	2549	2885	207	387	6654	3691	5595	6464	5295	3913	5879	3265	3908	5578	3909	3911	3912	5296	5580	3914	5781	6714	3918	1432	8660	3915	284217	3667	1978	2475	5747	3655
Gastric Acid Production WP2596	2694	5225	643834	6343	885	643847	7432	5222	2520	2922	4588
Pre Implantation Embryo WP3527	94234	360	7538	126206	6657	83439	10265	29947	7004	342900	4603	2101	3662	359787	1746	678	2297	11189	1958	55506	5087	476	8538	2625	79923	366	6926	1994	360030	8570	3159	4342	201516	9314	2624	1045	7021	1649	999	503582	1875	4084	6597	57504	6496	55509	284355	503834	2354	7080	5460	4306	353238	6664	30812	132625	326340	3182
GABA Metabolism Aka GHB WP4157	2571	27165	5446	2744	4129	1800	2572	8574	7915	137872	18
GABA Receptor Signaling WP4159	2566	160	2568	6529	2554	2563	2556	2561	6538	1173	2558	223	2564	2550	2567	2557	163	2560	2555	161	10243	140679	2571	2559	2565	2562	1175	2572	9568	55879	18
Acute Viral Myocarditis WP4298	3108	3716	100507436	1906	3683	7099	1756	2932	637	581	663	5295	3908	1677	1605	3592	199	840	7852	54108	7124	6714	27	1981	1676	6445	835	4791	3593	834	3611	207	842	5921	3569	959	596	839	142	60	7040	857	1385	4842	8651	54205	6444	5880	1234	1604	595	5594	6443	1525	5595	6772	5881	25	1982	29108	836	2534	79886	64127	941	7098	6654	4624	1232	2021	3558	3458	841	3856	4318	7100	26986	6442	6774	920	148022	3586	171558	3689	598
Canonical NF kB Pathway WP4562	4794	1147	3551	4790	5970	8517	4792	5966
Measles Virus Infection WP4630	103	3716	10399	3718	7099	898	637	581	5295	8717	3553	9367	9451	6773	940	6504	3592	283106	3455	1147	3665	5291	23118	5296	81607	1019	3442	51209	3439	5970	10332	3454	894	3441	9641	7189	4791	3593	54106	3560	5610	3312	842	916	23586	317	3444	3661	3449	3569	7157	8503	5293	6776	596	1017	4478	29110	2213	3561	8667	4790	1027	3456	4615	5290	2353	1457	917	54205	3551	4940	595	4939	27113	3654	578	440275	51284	3452	868	4599	7097	3440	6772	7128	3451	57506	3305	896	7187	355	27102	3443	3445	3448	3310	836	356	7297	4792	1460	3306	5602	4938	25898	1459	30835	6885	572	8517	4179	64135	3446	4793	3552	3558	6777	1965	9134	841	915	5601	6774	7161	10379	3559	3725	3303	1021	51135	598	8772	5599
GDNF RET Signaling Axis WP4830	5076	2303	79633	2737	2296	26585	3207	10736	6928	10252	2668	5979	1499	7490	2625	6092	652	3975	9353	186	2138	3227	64321	51668	2674	6299	11020	6664	8854	3237
TCA Cycle In Senescence WP5050	5163	2805	5160	4190	4200	7157	4199	2271	673	57546
Fatty Acid Transporters WP5061	2172	2182	51703	2170	948	2169	81616	1622	2173	646480	10999	2168	2171	2181	2180	23205	2167	23305
Prostaglandin Signaling WP5088	729230	112744	3576	834	5734	4283	7422	9536	5294	374	196	3605	6347	3552	3553	3569	114548	3458	4318	6348	940	3592	3665	29108	5732	4790	1435	3824	7124	7040	3627	2919
Orexin Receptor Pathway WP5094	632	885	2796	9370	5604	5295	3553	6990	5579	6195	5296	5580	1975	5781	7124	4086	64111	1432	3972	7054	2778	2688	2890	3576	6506	408	7428	842	64121	3569	2770	2641	4780	6194	6446	2767	655	5587	5170	3060	3565	4852	1385	1081	860	747	6993	5594	657	10645	5562	5337	3061	5162	5595	51738	3952	4090	5578	836	6770	2776	3578	6517	2488	5605	6198	64106	1978	5590	4986	3091	3062	5601	2308	2920	6774	50507	409	5443	5598	5163	5333	3586	5581	6513	2475	5599
Inclusion Body Myositis WP5120	23385	23621	4791	2660	55851	351	4790	5663	5664	4137	23411
NRXN1 Deletion Syndrome WP5398	2891	1742	2906	2890	22871	116444	9378	2903	2905	2902	2904	54413	2893	2892	57502	57555	116443
NPHP1 Deletion Syndrome WP5399	5594	5595	261734	23322	27130	2185	4867	2317	9564	2316	2318
Biogenic Amine Synthesis WP550	2571	4128	1621	3067	43	1312	1103	7054	1644	438	5409	2572	15	5053	7166
T Cell Receptor Signaling WP69	5594	7189	4773	867	9402	2885	6885	7454	1326	5588	207	11184	7409	29851	8517	6654	9846	868	916	5595	6464	8631	3937	5604	5295	5599	5058	2185	10892	1398	925	3708	10019	998	915	3265	5601	4772	4690	940	1147	5296	1399	5894	7535	3702	5580	4790	2534	920	4792	3725	5170	5335	9051	10451	27040	5966	2353	5781	1385	1432	8915	919	917	3551	28988	5605	8767	1386	2533	9020	5970	84433	3932
Vitamin B12 Metabolism WP1533	4791	4143	19	949	6472	2147	4548	1401	6649	3630	2244	2266	4594	6347	6289	3043	3553	102724560	3569	4036	3458	6288	84693	338	2694	5340	5327	12	5054	3383	335	2243	4790	7124	326625	3643	348	6947	4524	4353	1491	6291	8029	6648	3949	4552	5970	6948	213	6352	6647	2155
Metastatic Brain Tumor WP2249	1871	5295	1021	7157	4609	998
Glioblastoma Signaling WP2261	2549	867	5294	5288	2260	5584	898	5604	5295	3480	5579	5291	5296	1019	5580	2064	6714	5606	4233	1956	369	894	54206	5582	5286	1869	207	10000	7248	5336	2263	7157	5293	1017	5894	4194	7249	1027	5170	472	5335	5290	2033	1031	4763	595	5594	4193	1029	6416	208	5595	4893	3845	673	2309	5578	1030	5925	5609	672	5159	5728	5605	4303	5287	1026	5590	2885	5588	2065	5156	5607	3265	2308	675	2956	1021	5608	3667	5583	10253
Oncostatin M Signaling WP2374	5594	3716	3727	2885	3717	3718	207	9180	7422	2475	5008	6654	5595	6464	253260	6772	5604	5295	6777	2185	1958	3845	3091	1017	3265	5578	5601	6774	5579	6194	10401	840	5894	836	5580	4790	7297	1027	4792	5781	6714	3726	2353	5829	1385	1432	5581	9021	1051	5605	5970	3667	5583	3572	3977	5599
Fatty Acid Biosynthesis WP357	5091	3033	2180	1891	1892	51703	10449	55268	51102	55862	2194	47	2181	55902	79746	55825	2182	1666	6319	31	32	23305
Circadian Rhythm Genes WP3594	3184	23064	1815	3400	3399	4887	4914	4804	5500	1628	405	10499	50865	9370	2932	23373	6440	6532	2837	102724428	1644	1655	10887	1374	1453	148523	4783	100	57805	3778	594857	1019	1408	10062	7153	23596	9456	4544	8454	7054	7080	5927	7298	9975	9112	5582	4987	134	1814	3398	26224	6096	5730	90134	9475	5971	4547	5501	55366	3192	6500	4297	8204	6097	9575	4543	3569	468	112464	7157	7150	7166	1128	4669	2146	687	2767	5499	5936	23291	94233	5054	15	9956	1406	463	6839	8841	5551	5468	8914	139135	1454	2033	55269	1385	6496	10743	22871	6233	1471	5629	6720	9500	7337	129521	121278	2155	191	10135	1960	3727	60675	7071	5371	8863	9572	5562	3061	2063	3363	9611	51738	1958	3952	1812	406	355	6095	6421	8473	8553	8864	84432	6770	2776	1859	128674	1141	3751	5602	4862	79723	114781	79365	10514	5728	10419	23239	6928	25942	4843	2673	8792	2691	56339	7311	8945	196	5187	1364	3066	6550	4159	181	220202	54551	83759	3062	8403	5563	9967	5601	135	23411	3065	22809	5591	10911	9607	85457	25819	7316	3725	4841	1813	107	4916	10891	9099	9915	1407	1392	56938	1660	551	5593	5465	1390	5599
VEGFA VEGFR2 Signaling WP3888	357	9344	3418	5954	6301	10397	170506	1398	55854	26058	9451	650	10061	5579	8569	6181	2274	5329	2317	1839	5331	6714	2321	9146	55692	71	213	56999	1901	2926	9252	813	3984	124491	9034	1827	1847	23189	1445	115098	5710	8667	5587	9659	4790	4855	857	3320	1385	8766	332	2817	83473	378	6732	4929	6772	10130	10628	8575	832	3690	22899	1466	7148	6300	4772	7531	4217	23476	9168	389	4792	182	4691	1267	8402	6198	6478	3146	4189	8550	4629	6747	5780	441478	6154	2876	2697	6902	114789	3065	9261	1192	23521	27302	9209	5795	1666	10231	51763	4208	5062	8772	7019	3998	10399	6142	5328	56907	653361	79812	5230	6541	1823	2335	998	9734	6461	5296	9513	55872	7114	8974	8828	1397	2314	6129	5321	22926	1536	83737	207	9475	2035	6624	2152	8650	2244	8936	3491	2185	468	2130	596	7001	6155	8411	6194	5592	9584	5499	5803	326624	2243	154796	3791	80031	7111	10574	91010	24147	84335	4773	5496	9325	2048	7170	10818	5530	7004	5562	81873	1499	3939	4627	7024	1200	22943	2309	355	6546	4690	25759	79109	1982	5609	2534	10056	25865	1465	5226	6648	5605	4303	2597	51309	5590	7410	4736	22820	1977	5908	5563	5717	1796	50507	2624	8821	8027	409	5770	3725	57326	3303	5743	6722	102	11124	6401	1386	6205	867	5654	2022	4688	3486	9645	2932	81567	253260	5604	6748	5295	7414	23196	8775	3045	3383	660	1072	1432	1981	347688	6125	27044	824	160	219931	8665	3748	9114	1490	10755	5894	4323	23291	7220	5170	5335	5290	6386	9047	1558	8813	9564	3693	1960	56905	4193	3685	10645	2266	4343	5595	1969	6347	83442	148254	5058	9759	4641	7430	4846	25	51278	3142	2078	4301	10014	6093	3315	9444	5515	9100	51564	4313	2885	1213	7295	5757	3490	3301	3265	2060	52	11080	6729	10973	4673	57007	154	1495	2002	84952	8985	1387	5228	5608	598	32	9365	529	2746	5599	2549	5867	6921	405	781	382	5584	9510	84790	23753	6924	6595	5879	57381	9588	9079	811	6778	23597	152273	27289	7086	5777	9709	5580	144195	51574	8013	5781	5606	29924	4319	4646	5970	31	4952	3576	8664	5216	54567	8754	274	79094	23215	1500	5784	2113	8718	8867	4633	6418	226	10758	301	7222	2081	54205	10963	3688	595	5594	5906	9898	5868	6416	4860	5322	1958	8794	5578	682	2887	2889	5034	81575	29109	54505	57758	10525	3164	100506658	55379	23339	8826	2523	64223	9578	7422	29766	387	6464	5601	2308	26986	6774	6886	1003	5829	91624	1175	2058	5581	2475	5747	83939
Leptin And Adiponectin WP3934	79602	5564	5571	3953	3952	51094	31	1374	5562	9370
Small Cell Lung Cancer WP4658	1164	6258	1163	4616	898	4149	5915	637	581	5295	10319	2335	1284	3908	1287	3909	1147	3911	5291	5296	1019	4609	3675	7185	22798	1871	3915	284217	5970	2272	3655	7189	1869	207	1647	3910	842	10000	7709	6500	317	9618	7157	10912	8503	5293	596	1017	6257	4790	1027	3914	5290	7188	7186	54205	1028	3551	3688	595	578	3685	1870	208	1288	51426	3673	1282	1285	7187	6256	1030	836	5925	4792	79444	5728	1026	3674	4843	1643	8517	329	4793	3913	9134	841	3912	330	3918	5743	1021	1286	598	5747
Netrin UNC5B Signaling WP4747	5594	56963	1612	207	116986	54538	387	3691	5595	10413	4617	6347	5604	9423	5519	57650	3552	2185	7157	219699	4917	81501	59277	5879	1277	1490	5578	6018	5499	5894	836	1003	7412	3383	3635	2534	3791	3725	7124	5781	6714	5524	5290	1432	249	23365	3586	4756	6401	5605	57475	5747
Alzheimer 39 S Disease WP5124	10023	23401	8313	1139	3416	8325	4023	5694	823	7482	2932	637	5604	3831	5295	3553	84790	30849	79861	778	9451	3709	5702	23236	5691	203068	283106	3028	10297	1147	3710	5291	488	5296	840	7277	5688	5709	351	177	51384	1435	90550	5331	57142	10376	5289	7124	347733	4040	3798	7280	487	112714	55062	81029	369	5695	22926	11211	5970	7494	347688	11047	4311	1536	7473	7474	824	5690	27121	23130	1855	5705	207	55102	5701	5610	5330	5663	122011	10000	842	2903	10888	317	810	5684	3569	468	8678	801	8503	5293	6424	3708	81027	5534	6263	5714	5715	7475	113457	83447	5894	7976	5710	1649	7481	4790	291	5700	5718	776	1454	5290	5692	7416	4842	1457	2081	7186	89780	54361	5719	775	54205	441925	3551	84617	83464	3799	8883	5535	7419	2905	64837	292	2535	5594	10313	5687	5332	7278	143471	2902	5530	7472	5707	3630	5532	293	7132	3800	1857	208	5595	10381	27035	7477	1499	4893	5689	489	3845	8851	10382	673	8312	5664	163688	22943	355	5685	29982	4217	836	2776	1020	5609	55626	8471	51807	23385	1460	6868	5602	4041	8660	91860	5533	779	9776	5605	5713	27123	7846	2597	7476	324	4035	1459	4843	322	5704	10105	1452	26100	1856	80326	89953	572	4137	7855	23621	22863	5706	3552	9706	8408	1965	51107	841	5682	3265	5601	60673	2906	50507	55851	7480	8324	51806	2904	8326	10213	3643	7417	348	7979	147700	10383	5743	6622	7471	5693	102	8321	8323	5708	9821	3667	5686	2475	8772	5683	9861	5481	5599
Disorders In Ketolysis WP5195	38	39	3157	5019	622
Acetylcholine Synthesis WP528	5161	5160	43	1103	1119	10400	5130
Acute Myeloid Leukemia WP5293	5594	2735	2209	2885	1436	6934	5467	861	207	83439	5371	572	3684	10000	8517	1053	5914	6654	5292	6688	208	5595	51176	6199	6932	5604	5295	4893	890	6655	5293	8503	3845	6777	6776	1050	673	3815	3265	1848	3562	6774	1147	5291	5296	8864	5894	597	4790	3728	4609	929	5290	7704	8900	4353	369	3551	1437	2322	5605	6198	5970	1978	2475	11040	862	595
Cholesterol Metabolism WP5304	4035	55908	255738	19	6307	350	4023	4597	10999	51128	4018	6309	1581	337	4047	10577	29881	4547	8694	114879	10948	8647	336	27329	3931	1071	64241	2169	3157	3156	4245	949	27141	341	338	1718	3930	10654	29116	2224	9218	6770	64240	26119	1593	335	345	51478	3988	6713	9388	7108	348	3990	6646	7416	2222	4598	948	39	10682	6272	4864	4043	50814	3949	706	5360	1717	1595	344	3422
Aflatoxin B1 Metabolism WP699	2944	1576	22977	1544	2052	8574	1553
Glutathione Metabolism WP100	2877	2539	2879	2678	2946	2937	2687	3417	290	2876	2729	2938	2944	2953	2936	2878	221357	2730	26873
Osteopontin Signaling WP1434	5594	1147	5595	5604	5328	3551	4790	3690	3685	9020	5970	4318	6696
Proteasome Degradation WP183	5687	5704	5690	5698	5694	5699	5705	5701	5696	10197	7317	5707	3107	3015	5721	5686	5706	5684	5689	3458	7318	5682	5717	5702	5691	5685	5720	3133	5714	5715	4734	5711	7323	3106	5710	5688	5709	7316	7321	5700	5718	5692	7314	3014	6184	7347	7322	5716	5693	5695	5719	6185	7345	5708	7320	5713	3134	3135	5683	9861	3105
Pilocytic Astrocytoma WP2253	2885	4763	5894	673	5781	6654
Histone Modifications WP2369	79813	10322	121504	8726	23067	83852	7799	29072	55904	64754	84193	80854	58508	8369	4297	56950	51111	54093	84444	55870	9757	114826	133383	2146	79918	55209	6418	121536	126961	26040	387893	6839	84787	6419	10919	8350	9739	2145	79723	9869	3020	64324	150572	8085
Blood Clotting Cascade WP272	5328	2147	2152	7450	2165	2244	2157	2266	2158	2159	5340	2161	5054	2243	5055	2153	5345	3818	5327	2160	3816	2155
Kit Receptor Signaling WP304	695	5594	4254	867	2885	3717	4145	207	7409	572	4137	6654	6197	9846	5595	6464	6772	5604	5295	6777	1398	6776	3815	2309	5578	3265	6774	2887	1796	5579	6195	6194	5296	1399	2886	5894	3635	5777	2534	10603	5335	5781	6714	4067	2033	4286	1432	8651	9306	5605	6198	7006	5599
Valproic Acid Pathway WP3871	3028	3065	116285	3712	36	1548	3032	1962	3030	1555	1559	18
Amino Acid Metabolism WP3925	30	151742	4594	6999	1644	2271	3158	6611	26275	5105	8974	3376	131	8639	57818	383	3067	1491	1738	3176	7054	7453	1962	3155	7407	10993	5160	3033	2937	7166	23395	4357	2936	445	1743	216	2805	8050	5917	586	2806	384	3034	127	11112	56922	5091	5831	4191	50	10841	4128	7173	84532	3939	4953	1431	84706	5315	47	10056	635	34	92935	501	4190	4967	4942	6389	2744	1621	790	126	128	2184	3417	440	8802	102724560	5409	6723	2752	2730	2058	549	6898	5832	5166	5009	1373	2746
Serotonin And Anxiety WP3947	2353	5579	816	2911	5341	1392	3356	3358	23237	2332	148	2554	5530	3350	7442	84812	5443
Prion Disease Pathway WP3995	5594	6908	6688	2260	3662	5595	3309	596	5452	53335	4684	6256	6774	1879	7184	836	2923	4790	2534	5885	5621	5079	9126	1106	10538	2033	1385	5993	10664	2002	4208	5747
Krebs Cycle Disorders WP4236	8803	1743	8050	3948	8802	3939	5106	51660	2271	3945	2875	8801	55526
Breast Cancer Pathway WP4262	10023	23401	8313	545	8325	4854	2249	7482	4616	2260	2932	51176	6199	581	5604	5295	3480	283106	2248	10297	5296	51384	1019	2064	4609	4040	1871	1956	81029	9965	369	8202	26508	11211	8822	23493	2251	7473	4791	7474	54567	1855	1869	207	1647	3479	2255	122011	10000	1070	8817	4851	6500	7157	10912	8503	5293	6424	2252	2246	5888	142	388585	7475	5894	7976	7481	4855	472	5290	2353	1457	89780	54361	2535	595	5594	6934	578	83439	2247	8074	7472	1870	4853	8823	1857	208	5595	51426	7477	1499	4893	3845	26281	673	8312	8648	3815	25759	5925	2099	10111	672	1460	4041	5241	2254	5728	5605	6198	7476	324	1459	1026	1452	2885	1856	53358	1643	80326	7855	23462	6654	6464	6932	3280	6655	8600	399694	3265	2100	2250	26291	675	6667	10683	7480	8324	8326	3725	4361	2253	3714	1950	4683	7471	2324	1021	27006	8321	8323	2475	28514
Vitamin B12 Disorders WP4271	2694	25974	51293	27249	4594	6947	81693	166785	8029	4548	4552	6948	326625
Hepatitis B Infection WP4666	1642	3716	10454	3339	3718	4087	7099	637	581	5604	5295	6773	4089	3665	1147	5579	5291	23118	114609	5296	6778	4609	7124	6714	5606	1432	369	3442	3439	5970	3454	3441	5582	9641	64764	7189	5111	3576	207	842	10000	10971	23586	1654	317	3444	3661	3449	2185	3569	468	8503	5293	6776	596	6775	29110	4088	4775	7042	5894	9586	4790	4615	3456	7040	5290	2033	90993	1385	2353	7046	54205	3551	7529	148327	332	7419	843	5594	1960	4773	3717	7043	3654	1388	3452	6416	208	7097	5595	3440	6772	7048	3451	4893	57506	3845	84699	673	7187	355	5578	6300	4772	3443	3445	3448	836	6554	356	7297	5609	5602	7534	5600	5605	1026	4776	2885	6885	7098	1643	572	8517	6654	64135	3446	6655	6777	841	4318	1959	3265	5601	6774	100302736	5603	148022	3725	537	4214	2002	10488	1387	51135	5608	1386	8772	5599
Cellular Proteostasis WP4918	5203	10471	7411	5201	5204	5202
N Glycan Biosynthesis WP5153	25834	7841	5373	3703	29925	91869	84920	2530	4249	144245	4121	1650	2683	11282	85365	29880	10195	4124	4245	79644	8818	79087	6480	199857	29929	79796	8704	54344	7991	57134	8703	1798	10905	23193	56052	152586	4247	4122	4248	11320	146664	6184	84620	29926	440138	1603	8813	79053	11253	9526	6185	79868	2821	4351	57171	201595	22845
Glyoxylate Metabolism WP5166	58510	54363	5827	9380	8659	3939	2806	1610	10861	189	112817
Bardet Biedl Syndrome WP5234	4117	129880	403	51684	79809	157657	55764	9742	49855	51715	255758	2121	51057	583	8239	5310	168507	84100	23432	22954	80258	11020	26146	4952	5147	89891	27130	91147	582	22858	54585	28981	1259	4750	201163	1406	585	755	92482	55212	9657	112752	284086	200894	51626	57560	6608	2737	5727	80173	2736	132884	114327	8195	79659	55081	51098	406	56623	166379	27031	51473	23059	9731	388939	132320	123016	80184	57728	22897	167691	5311	51259	27241	55112	6102	10806	80199	79738	95681	7546	54903	26160	5314	374654	84314	57539	1258
IDO Metabolic Pathway WP5414	883	6999	7124	56267	8942	2806	3458	3620	169355	8564	51166
EPO Receptor Signaling WP581	5594	2057	2885	5788	3717	207	5294	6654	5595	6464	10076	6772	5604	5921	6777	6776	2056	6774	5894	6714	1154	5163	8651	8660	5605	3667
Sphingolipid Pathway WP1422	9517	9331	57515	79603	64781	29956	57704	91012	7368	253782	166929	10087	10558	259230	427	2531	55304	5499	8877	56848	5515	7357	8611	56624	204219	8879	125981	130367	2629	9514
Vitamin D Metabolism WP1531	5741	7421	1594	2638	1593	1717	6257	120227	6256	1591
RANKL RANK Signaling WP2018	5594	7189	4791	8878	8792	867	6885	10454	207	5971	8517	9846	6688	208	5595	6772	5604	5295	8600	9060	4982	7187	5879	998	5601	4772	1147	23118	5296	6850	2274	4790	5609	4792	3725	5335	7185	6714	4067	2353	4286	1432	7188	7186	3551	5608	5970	2475	5747	5599
One Carbon Metabolism WP241	191	25902	4143	275	6472	4548	1786	2745	123263	10841	27430	10840	1788	1719	4522	1789	2346	55349	635	471	23382	4524	6470	10797	2618	4552	7298	6948	10588
Cytosine Methylation WP3585	54790	53615	3417	3418	4204	6996	80312	1786
Tryptophan Metabolism WP465	64577	438	130013	847	3033	169355	26	51166	4128	1892	196	6999	259307	6772	23498	1644	316	56267	217	7166	883	11185	1543	38	15	125061	3620	2639	1738	8942	2806	121278	8564
Base Excision Repair WP4752	3146	5111	27301	10038	56655	10714	6996	5427	27343	11284	7374	5423	5426	7515	142	3980	4913	252969	5424	54107	55247	328	8930	4968	4595	5425	57804	3978	2237	23583	4350
Purinergic Signaling WP4900	22953	2846	286530	10161	24145	5031	9127	5030	5026	5032	9934	2781	2771	2773	27334	2775	2770	135	64805	5023	140	53829	2780	2767	5027	136	5025	2779	5029	346562	2778	5024	5028	134
Pleural Mesothelioma WP5087	5281	8726	4914	23043	26524	4192	10397	51176	3480	1002	4314	8569	467	6195	1839	11091	2305	1943	1015	6714	4485	8314	2321	3915	1956	71	8822	57144	2251	8061	9252	834	2551	3479	171023	23012	374	1008	7248	11197	6520	92597	3150	4790	472	1385	1009	10746	4209	2535	27113	6934	4215	6422	578	83999	3691	6772	4909	4915	3690	896	3815	8473	4217	64840	1460	5602	64798	6198	1007	11113	6352	7476	51422	83593	324	3146	59343	1436	1496	5607	8463	2258	4318	9894	9261	3912	8324	999	23512	5598	3689	389421	6513	9821	1005	5062	1022	10023	4804	1000	5328	3965	653247	4216	7482	6199	2335	9770	2248	3672	7528	5928	7015	51384	90550	3675	9675	1013	81029	9965	4919	283349	11211	3655	7474	1012	1869	207	3910	9448	2255	10000	8817	6425	7138	3569	5293	56034	596	1017	2252	1944	6194	7423	7976	154796	3791	89780	72	4920	1001	7403	5063	84335	5332	6387	11184	8074	7004	285	5562	1288	7477	1499	146433	58	4803	64403	1285	8312	22943	5609	3620	7039	57680	672	23286	9776	5605	29128	6009	28513	1452	1856	60485	7855	6654	627	8945	5156	2257	3913	83937	8408	1440	4170	5563	3725	50488	5565	3643	166824	5155	1950	4214	1014	28316	10891	27006	8321	6401	2322	1386	1945	3716	23401	8325	5294	2249	6197	898	2932	581	6423	5604	8045	3082	2167	283106	3909	55209	3911	5291	177	1019	1435	2256	1975	8454	1432	1981	51378	4233	9869	6678	1010	894	7003	5154	29072	1911	685	8678	6424	2246	60	1490	2277	7475	284	5571	1825	4323	4194	5894	7249	7040	84962	1454	5290	1457	54361	7529	57521	83439	4193	2247	3685	147111	1029	7472	9350	5595	1969	6347	1282	5058	11098	26281	9064	5420	1487	2259	1016	64321	64405	2254	7005	6015	1437	1978	27123	4254	4313	80310	2885	58508	961	9706	8491	53632	3265	6667	1006	1495	3676	2253	2002	5228	29119	5608	8323	5599	25937	6259	2260	4149	9510	1004	388372	3553	10319	4085	70	1284	3908	50964	29126	1287	3710	8994	4293	4609	5542	4040	5606	5176	9493	11186	3627	284217	2919	3054	7473	27121	1855	122011	7010	6374	2263	114548	7157	4771	2146	6788	1649	7481	2264	3914	100532731	7186	2261	54205	3688	8379	595	5594	4296	8140	3630	6416	1857	208	4294	9113	3673	106821730	2323	5871	2872	960	115908	5159	7424	4041	1488	4908	55233	5728	9686	1459	1026	580	1942	64223	7422	80326	9532	6464	6932	10413	5564	10298	3091	5601	1946	2308	2250	26291	1003	7480	59	8326	3918	5163	6045	3481	7471	3586	2324	1286	2475	5747
Sildenafil Treatment WP5294	4843	5143	207	2983	8654	10000	208	2932	4899	4846	5071	5144	5141	2977	5592	5142	155061	4842	10891	2982	2597	7019
Complement Activation WP545	10747	730	5648	713	716	629	5199	717	720	729	731	732	735	714	1675	715	733	718	727	712	1604
ACE Inhibitor Pathway WP554	624	1215	1636	183	4846	186	185	1511	623	4142	4306	5972	1585	59272	7040	3827	10159
Eicosanoid Synthesis WP167	100137049	8644	127281	5730	1800	9536	80142	2678	5742	4048	239	5322	6916	240	247	5743	873	5321	246	8398	4056	5740	241
Prolactin Signaling WP2037	5594	3716	7410	867	2885	3717	140885	207	116986	5618	7409	2316	2475	5294	8835	6654	9846	5617	2932	5595	6464	6772	5604	5295	4793	5058	6777	6776	5879	3265	5601	6196	5478	6774	5291	10401	6194	7532	5296	5479	5894	836	7535	5777	4790	2534	2064	5770	4792	4609	3725	4752	5781	6714	5290	1509	2353	1154	1432	5829	2002	8651	7534	8660	9021	5605	5970	3667	3688	1978	6198	7006	5747	5599
Endothelin Pathways WP2197	5594	1906	284485	790	4638	10203	1910	5604	796	801	10267	4632	2770	1889	4846	5739	5578	23236	55811	488	2769	5894	10681	4852	1264	153	2778	148	51764	1909	4886
Allograft Rejection WP2328	3108	100507436	730	3596	1493	643	958	2668	3107	59067	3553	3567	50943	940	720	729	3592	732	3115	840	3122	10376	7124	10563	3035	3118	5243	3134	3576	3593	2551	4283	3127	842	3117	185	959	3112	3113	714	23743	6373	5551	3565	7040	1604	3105	6387	3605	7431	6772	6366	717	355	6363	731	735	836	3106	356	718	55825	3111	941	1289	120892	1459	5590	3109	10578	7422	713	5156	3552	3558	942	3458	841	3002	3133	50616	3123	3559	727	712	3586	3119	3135
Dopamine Metabolism WP2436	4128	1312	7054	4129	1644	5567	1728	5515	7299	5568	5566	6647	5516
Osteoblast Signaling WP322	10246	5155	5156	5741	5745	632	8600	3685	8074	3690	4982	1277	3381	5159
BDNF TrkB Signaling WP3676	5594	2549	2885	207	23237	2902	7225	5294	6654	9846	627	6464	7248	5604	4893	3845	4915	673	3265	8569	6195	7249	5335	9456	29904	107	7222	1742	1385	6198	1978	2475	6009
Chemokine Signaling WP3929	3718	2792	2785	653361	2268	643	5294	6346	57580	6354	2932	5604	5295	388372	2773	1398	5879	998	5568	6773	23236	1147	5579	5291	5296	1399	2921	2829	7852	5580	5613	2787	5331	10850	10451	6367	55970	109	10563	3627	2784	5970	6356	1794	2786	7454	2869	196883	207	4283	408	5330	9475	7409	10000	6369	6374	2185	5293	8503	56477	2770	6348	112	1445	5894	3702	1524	4790	10803	9547	6373	5290	1237	115	3551	5880	9564	2870	5594	5332	2783	5906	6387	3717	3055	208	2771	5595	6772	6376	5058	4893	6366	3845	673	1230	5567	26230	2309	6363	108	25759	156	2791	6093	4792	3579	59345	2826	56288	5473	2868	51764	6352	1233	729230	5590	7410	6364	2885	114	53358	2833	6361	6370	8517	6654	10344	1232	1236	5196	5908	6464	4793	2788	1235	6655	6777	6375	399694	2790	113	6359	23533	3265	6774	6011	2793	409	8976	10235	107	10681	4067	5829	94235	2782	111	7074	58191	10663	9844	5747	54331
NRF2 ARE Regulation WP4357	7965	2048	9817	2932	9978	3162	2729	5578	4780	8452	2534	6714	3643	5290	2730	23657	7525	192111	1051	4094	1728	2939	5599
Hippo YAP Signaling WP4537	7003	23043	25937	9448	11184	7004	26524	23012	60485	10397	9113	10413	8491	8463	4771	5871	6788	50488	4485	11186	7005	3627
Steroid Biosynthesis WP496	3295	1369	3292	3294	3293	51478	1586	3284	3283	2165
Estrogen Metabolism WP5276	3295	7364	8644	1557	1312	1576	3292	3294	1559	3028	7923	100861540	574537	51171	51478	1588	6783	1545	1577	54575	1558	54576	1544	3293
TGFB Smad Signaling WP5382	7046	7048	25937	7532	6678	5054	4087	7049	10631	1490	4088	4089
Tamoxifen Metabolism WP691	1571	7364	7366	2328	1565	1557	1576	1548	1559	54657	1543	6817	6783	1545	1577	54575	1558	54576	1544	2326	6822
Arylamine Metabolism WP694	6799	1544	54600	6817	10	54657
Methylation Pathways WP704	27430	4143	1312	3176	4837	5409	7172	11185	4144
Translation Factors WP107	3646	8664	1979	8890	8663	5610	1938	1974	1983	1977	8637	1933	8665	7458	8661	8668	1964	8893	1937	8662	1965	1973	9451	1984	8669	3692	27102	23277	26986	8892	2107	8672	8667	23708	8894	8891	8666	1968	1975	10209	29904	1936	1981	1967	1917	9669	1915	1978	9086	10605
Osteoclast Signaling WP12	8111	6548	5155	8792	7965	56302	54	8600	6696	3690	4982	9550	3454	3456	1513	5599
TNF Alpha Signaling WP231	117584	55312	10454	6610	283455	10131	637	581	8717	8567	5879	1147	23118	840	7185	7124	5606	8454	5966	7133	10010	4791	207	842	56957	11035	6500	317	29110	5790	5894	23291	4790	8737	3320	1457	7186	3551	5594	8439	4215	1326	124056	6416	7132	5595	27035	7128	4893	3845	56616	5836	5871	4217	11140	836	5609	5515	4792	5347	8837	9020	4794	5590	1535	2885	6885	257397	7295	572	8517	6654	8945	329	4793	841	3265	5601	330	3725	2752	4214	1387	5608	5708	598	8772	8844	5599
Spinal Cord Injury WP2431	4804	6098	7099	653247	2668	6869	4974	8741	3553	5879	998	4050	6403	199	57556	3383	1019	11202	4609	57142	1462	5542	7124	383	1241	1956	1280	3627	2919	64131	5786	3576	1463	1869	1647	6585	9475	2280	5320	3569	7157	1017	3554	5803	1027	3565	301	7040	2353	4842	983	2670	595	5594	7538	2902	5530	5595	7431	6347	7832	9423	1282	5322	1958	3952	2043	2309	5578	9353	2212	361	836	5925	900	389	1875	50515	3164	4321	5173	1464	56963	6662	729230	4155	4843	1948	4099	387	63827	627	713	10673	388	961	3552	3558	358	3458	4318	2697	5362	2920	3958	50507	176	328	727	2596	5743	6586	65078	8398	4282
PPAR Alpha Pathway WP2878	376497	1622	1581	54600	55554	30	336	1579	1376	1582	1374	6256	116519	2168	6342	335	345	1019	10062	4609	34	1962	5360	5465	983	595
Copper Homeostasis WP3286	324	4490	4495	4520	55240	4891	8754	207	4193	6649	84560	4501	538	79689	4494	4137	4493	23621	2932	1318	54739	261729	7157	6341	26872	540	2309	2308	6667	22823	331	836	351	4489	1353	5621	3725	150684	5290	475	6868	4502	1317	102	9973	4504	10063	5728	4496	6647	595
Benzene Metabolism WP3891	1571	2944	27294	4353	2052	1728
Mevalonate Pathway WP3963	10654	39	4598	2224	3156	3157	4597
PDGFR Beta Pathway WP3972	3716	2885	3717	5610	6416	6654	5595	6464	6772	5604	5295	5921	6777	6776	3265	5578	6774	5579	6778	5894	5335	3725	5290	5159	2353	4214	2002	6722	5599
Macrophage Markers WP4146	9332	968	942	9308	4069	5880	2152	929	972
Endometrial Cancer WP4155	324	5594	1026	8313	2885	6934	1496	3611	578	83439	207	1647	2247	1643	572	842	10000	6654	4616	208	2260	2932	51176	5595	581	2263	5604	51426	1499	4893	6655	5295	7157	10912	8503	5293	3845	673	8312	2246	2309	3265	10297	5291	5296	5894	999	1495	2064	4609	5170	5290	2353	1950	2002	1956	2261	369	29119	5728	5605	6932	595
PI3K Akt Signaling WP4172	3575	4914	10161	3718	7450	3480	1147	55844	2787	1943	1441	1278	2321	3915	1956	3442	8822	146850	2251	3570	8515	2786	5521	3560	3479	2997	10018	1293	5649	7248	3444	8503	1298	3371	9170	4790	5526	2690	5516	3320	1385	3691	29941	3440	4909	4915	3690	896	7148	3815	7143	11140	2149	6198	23239	5528	2846	1436	3679	5519	1902	2258	5522	9623	3912	3559	28227	94235	2998	1021	3667	4804	8516	6199	7059	3678	2056	2335	5529	2248	3455	5296	3672	7058	3696	3675	57818	9965	2784	3439	3441	3655	64764	3910	207	2255	10000	8817	5293	3569	468	9470	56034	596	1017	2252	1944	6194	6446	7423	3791	3565	117145	90993	131873	3694	8074	3452	285	5562	5008	8115	1288	7097	3451	4893	4803	1285	2309	2791	1297	6794	63923	7039	672	5605	6009	1101	3674	3695	1299	8517	7448	23678	6654	627	1977	5156	2257	3446	3913	3558	1440	9134	4170	5563	7184	3680	3643	5155	1950	10488	5934	27006	2322	1386	1945	10110	54331	3716	2792	2538	9180	5294	2249	898	1443	2932	5604	5295	3082	3909	5523	3911	5291	5105	1019	1435	2256	1975	55970	22798	92579	51378	4233	1280	1292	894	5154	842	5527	3563	2246	1128	3381	2277	3562	284	57121	253314	5894	5518	7249	5170	5290	3566	7060	3551	3693	2783	57521	4193	2247	3685	5617	5595	1969	1282	26281	84699	1277	4846	23566	356	1291	2259	5515	7057	2254	1978	51764	4254	80310	2057	2885	5618	5586	22801	6655	1442	2790	55012	23533	3265	3676	10681	2253	2782	5228	598	2785	7099	2260	10319	5879	1284	3908	1287	2689	1311	4609	930	23035	4602	284217	5970	3454	2688	7010	2263	3449	7157	5525	3561	3574	6850	5585	9586	2264	1027	3456	3914	256076	2261	148327	3688	595	5594	3717	1388	3630	208	54541	3673	3845	2323	5578	3443	3445	3448	5159	59345	7424	4908	5106	5728	1026	1942	64223	7422	572	5520	2788	6696	1946	2250	118788	26291	2793	1129	3918	3481	3326	2324	1286	2475	5747
Hedgehog Signaling WP4249	2735	2737	1452	91653	50846	5727	64399	2736	132884	408	3549	122011	8405	51684	595	4036	596	5567	1456	11127	5568	1453	1455	8452	157	156	8643	6469	2619	409	2121	339745	53944	57154	1454	374654	23432	50937	6608	894	64750	5566	64839
Fragile X Syndrome WP4549	2549	1979	81631	27161	6529	1212	1211	5604	1374	23236	9524	1605	2891	163	8569	816	6566	5291	351	26999	5781	9675	9456	1845	6714	1759	1981	369	50944	224	2890	54869	160	207	2554	2563	2903	2915	7248	80852	23191	51256	3708	6895	5499	348980	1268	5894	2332	8831	7249	5526	5335	8536	1385	4763	5825	5594	84335	57521	2566	2902	3746	116986	5530	9743	1029	9495	6455	2911	1173	3845	2043	4915	673	5578	1785	3218	2534	10243	3751	5728	5605	64798	6198	1915	6009	18	23426	2885	9463	23237	1213	64223	6457	4131	6654	627	1977	23405	6464	2561	1973	4318	8218	5573	9894	4204	2904	815	5909	2571	1742	5163	1175	814	84867	58512	7915	2475	5566
Aerobic Glycolysis WP4629	5230	5224	7167	3939	5315	226	3098	6513	2821	2023	5213	2597
Aspirin And miRNAs WP4707	5163	5742	5743	7471	4597	4790	7422	5465	10257	4846
Nephrotic Syndrome WP4758	5076	5373	64423	396	54443	2013	4000	4868	1493	7225	50485	23607	3691	83478	79809	10269	3913	4627	950	1285	7490	51004	1287	4643	81	5420	4010	27235	57107	5800	8565	56052	8542	3675	7827	11346	977	1871	8029	84942	2262	1286	1585	51196	79934
Burn Wound Healing WP5055	3146	4312	259	4313	3576	2304	1139	6387	7043	207	7422	7099	125113	3853	6591	2260	6282	916	3440	581	6347	2263	6423	3553	58	3569	2200	7157	596	6280	2312	3082	1277	2162	10468	7076	4318	284004	4088	871	6876	50507	43	7042	3371	23476	6277	836	8796	9314	3383	7852	4790	2264	79148	4615	3456	7178	3579	7124	2006	5159	3600	1950	1278	5127	1634	2261	57152	3956	5175	2919	3624	79727
DNA Mismatch Repair WP531	5111	5981	5984	56655	10714	5982	5427	5985	6118	4436	5426	2956	9156	5424	54107	5425	57804	3978	6117	5395	4292	6119	5983
Kleefstra Syndrome WP5351	23054	22976	79813	7403	6604	86	79447	171023	6603	55777	58508	9070	51412	6595	57492	6256	6599	6598	8289	5929	6602	11091	6597	84661	8314	9970	3020	6601
Hunger And Satiety WP5445	4852	51738	3952	5697	181	2641	5443	4160
Estrogen Metabolism WP697	1543	2944	412	7364	1312	54659	1576	54658	415	1544	414	54600	1728	6817	54578	6783	2938	1545
DNA Damage Response WP707	1026	27244	84126	995	545	27113	9133	5981	1869	207	1647	4193	1643	5366	5371	5883	842	5810	4616	898	637	581	891	993	317	6118	1111	2177	10912	135458	9134	7157	841	896	1017	55367	5888	5893	50484	8243	355	25	11011	2810	836	5591	5925	1019	1020	1027	4609	85417	472	672	5884	10111	4361	11200	1385	4683	3014	8795	54205	1021	9874	894	983	63970	595
Monoamine Transport WP727	1621	995	183	6529	10497	6532	6999	3553	3690	4982	6530	114907	3554	135	7041	6531	43	11255	6804	60482	5819	10066	7249	7124	5516	1432	4842	7054	5934	273	6853	121278
Energy Metabolism WP1541	23082	5467	2551	5530	5532	5562	133522	23410	4205	2101	2932	4899	5564	3276	7351	53632	8648	5563	6256	2309	64216	5534	23411	2308	3065	5571	100271849	5468	5565	7352	2033	1385	1432	5533	10891	51106	814	10514	5469	818	1386	4208	5465	5535	4209	51422	7019
Heart Development WP1591	5594	2303	9464	4773	8928	4776	2296	657	7422	2255	6910	2627	2065	23462	4851	1499	57057	650	4772	4089	3670	8553	4775	652	7423	6469	5308	27302	659	9421	2626	5781	4086	6899	6909	2253	7424	6722	23493	50805	4208	1482	3170	150572
Irinotecan Pathway WP229	54575	1066	4363	1576	54658	54600	10599	590	8824	1244	1577	9429
Small Ligand GPCRs WP247	9248	5729	5734	1903	5731	5733	4543	1902	5739	5732	8698	5737	1268	5724	4544	1269	6915	9294	1901
Complement System WP2806	722	10747	730	958	9370	2219	4036	2773	5199	653509	10877	720	729	6403	811	2159	3911	2769	3383	5329	930	3915	1634	11326	10332	213	7454	2214	133	2244	5648	2357	716	629	3381	5340	2243	5621	22918	6404	1604	1369	5627	6402	2266	2771	7097	3673	710	3690	4153	717	2162	5578	5806	2286	731	735	1675	335	718	3080	728	7057	3384	3426	729238	3818	2160	3674	1452	2208	1401	7295	7448	4179	2220	3075	6223	1380	1378	719	6696	966	27202	3912	2161	1991	409	727	325	6401	708	5566
Ovarian Infertility WP34	207	5618	7421	7784	23224	7248	8204	7783	9611	1958	2492	3623	5888	2100	4088	2701	3973	5732	4439	11144	6609	1019	2332	1588	1027	7249	472	658	1385	5241	4292	344018	2516	1051	1618	894	2475	6908	2661
G Protein Signaling WP35	9590	9138	11216	2792	2785	5576	10672	5584	2768	2773	23683	2775	5151	5568	5579	5144	9465	2769	9630	5580	2787	5331	55970	109	2784	2778	5582	11215	2786	196883	5153	10566	8165	3760	801	2770	3708	112	9472	2767	5137	11214	5587	115	5575	2774	10270	2783	5530	9495	2781	2771	5136	6237	4893	3845	5567	5578	108	5142	2791	2776	8852	10142	27115	5533	8622	51764	5590	114	5143	5588	387	2788	2790	113	5573	3265	5141	2793	5577	107	10681	6548	94235	2782	111	5581	5583	5150	5566
P38 MAPK Signaling WP400	9252	8550	2885	6885	113523636	5923	6416	4149	6464	6772	8717	5879	3150	998	3265	8569	4217	9261	7042	1616	1649	3315	8737	4293	4609	1385	4214	2002	1432	7046	7186	5321	5608	1386	4209
Ciliary Landscape WP4352	129880	10982	396	27183	23301	6629	1892	51646	83657	1655	6990	5393	5879	55764	11018	9742	4236	3934	11336	8732	27152	7022	90410	56912	255758	10987	583	7260	100526737	51668	51552	10048	57136	25861	84515	80258	11020	339488	4174	1778	2664	26146	10920	2720	89891	79989	4436	5862	7020	25804	80344	149371	140609	582	801	54585	4175	4176	10980	28981	25980	9255	5048	5714	10238	4637	5476	80232	26286	22981	4790	150737	57610	51143	63929	1345	85456	585	92482	5718	55212	5866	8533	9125	9657	25904	83741	5719	64072	112752	4704	284086	80005	57560	6993	254394	9883	55245	79018	64792	80173	23549	4172	23016	8636	9882	10424	10939	10788	2717	1857	7431	55081	1499	6103	51098	30845	4741	8100	4289	7328	23059	5925	10726	55812	4927	55036	25852	60412	1781	8526	10296	9859	4171	23265	7322	9318	1488	7465	57414	80184	123016	79699	50813	140465	5713	1039	140735	9342	54512	4218	324	23233	55763	167691	5704	55746	54994	8826	10051	10640	10421	124401	83658	27241	9217	203286	51138	55112	23404	80199	10413	5706	23011	3066	65125	102724560	246175	4173	4698	23019	116225	128239	10555	55207	79874	54536	3065	51314	7021	54903	2181	26160	9343	5899	55770	815	261726	10128	92104	27429	64708	64795	10083	64777	1387	9669	79598	8655	4747	2077	55388	2040
EGF EGFR Signaling WP437	3716	9138	2549	867	4216	382	6197	5584	5898	253260	5604	5295	2005	1398	5782	5879	6812	998	5579	163	6195	10401	5296	1399	3635	5580	2064	10451	5781	1072	6714	10188	1759	1432	29924	1956	8202	9146	5900	54206	9610	50807	9252	5111	160	58513	1869	207	83737	7409	9846	51079	5921	2185	6776	8867	1445	5801	5894	5338	5170	5335	857	9047	2353	1385	9185	10746	9564	4209	5594	5906	3727	3717	4215	11184	5753	5868	5337	858	4205	868	6772	1173	5058	3845	673	4846	9101	25	5578	6196	2887	4690	9712	9046	4734	6456	6093	5359	10254	7837	9922	2354	5728	5605	10006	4303	1978	6198	2059	466	5037	5287	51196	5590	7410	8826	2885	4738	3925	6457	3985	3636	6654	8440	6464	5607	6655	6777	5596	10928	2697	3265	2060	5601	2308	6774	6667	6311	8027	5899	3725	815	23624	1950	2002	4214	5598	1175	84867	4208	2475	10253	10617	5747	30011	5599
Gastrin Signaling WP4659	2932	5604	5295	1398	5879	998	650	1147	5296	5580	302	4609	5781	6714	1432	1113	3067	7525	1956	5970	6925	3576	207	408	8503	29984	6194	5894	5587	5054	64283	4790	1027	2520	5335	5468	5290	2353	1385	3551	3688	9564	332	4209	595	5594	3717	4296	1029	8649	5595	5747	1499	5058	1958	3845	2309	3815	5578	1994	836	6093	2776	960	100271849	2534	5055	4792	25865	9076	10524	182	51564	6198	1978	1026	2885	5588	7422	387	572	6654	6464	329	388	6550	7082	3558	7032	4316	3265	5601	2308	6774	6667	887	9314	330	409	999	3725	5829	6548	2002	5743	5581	598	1386	3667	5583	2475	4208	5566	5599
Serine Metabolism WP4688	5723	6470	6472	29968	7298	1719	26227	63826
Purine Metabolism WP4792	100	3251	5631	353	158	4860	1716	3704	159	270	7498	3614	471
Neuroinflammation WP4919	2353	1147	1432	2475	4843	5970	51008	7099	4792	3725	5599
FOXP3 In COVID 19 WP5063	3561	3575	3559	3558	6777	3560	3569	942	50943	6776	3572	940	941	3570	6774
Kallmann Syndrome WP5074	5594	23129	9723	2885	10215	60675	207	10818	429	3730	2796	745	2260	4762	6663	5015	5781	128674	5290	2253	3972	26022	5605	55636
Estrogen Signaling WP712	5594	207	2792	8517	5604	673	596	5601	1147	6667	4790	2099	3725	5290	2353	1385	2782	2002	1432	2852	3551	2778	5566
Nuclear Receptors WP170	190	6258	3172	7101	5467	5914	7421	4929	2063	2101	5915	6097	367	7376	6257	6256	7067	2100	6095	2494	7068	7182	5916	10062	2103	2099	5468	5241	3164	2516	4919	9970	7025	5465	7026	9975	8856	2908
Folate Metabolism WP176	191	4791	6573	55312	4143	19	949	6472	2147	847	1401	2877	257202	4548	6649	2879	3630	2244	6289	2266	6347	2352	3043	3553	102724560	3558	3569	3458	7157	2350	2876	6288	1719	4522	338	113235	5340	12	5054	3383	335	2243	1435	4790	2878	7124	3565	3643	4524	80308	6470	10797	1491	4353	6291	6648	2618	3949	4552	2348	390243	5970	5327	213	6647	2155	10588
Leptin Signaling WP2034	5594	3716	25970	2885	3717	207	9475	387	572	8517	8835	5562	6654	1977	2932	5595	5336	6464	6772	5604	5295	6777	3952	8648	5879	5563	998	4846	3265	2308	5140	6774	1073	1147	6195	6194	6667	2931	5296	5894	6093	3953	30837	4790	2534	2064	5770	2099	5335	5781	10657	6714	5966	1154	1385	1432	2002	3840	3551	9021	5728	5605	5970	31	3667	6198	1978	2475	32	5747	5599
AGE RAGE Pathway WP2324	5594	4843	5590	4313	3717	207	653361	4087	1650	387	3630	842	5595	6464	6772	1729	5604	6777	6776	7430	841	3091	4318	5879	4316	998	4478	4846	5578	5601	2308	4088	6774	1147	5579	3958	6667	114609	4322	5894	836	4323	6093	177	5580	4790	4615	4792	3725	6714	3643	1432	249	3625	1956	5321	54205	3551	51135	5970	1386	4303	3667	6647	4481	5599
miRNA Biogenesis WP2338	23405	6895	57510	29102	54487	5901
Zinc Homeostasis WP3529	27173	4490	7780	4495	4520	55334	283375	29985	201266	221074	84560	4501	57181	4494	4493	91252	7781	64116	25800	55532	55676	4499	4489	23516	64924	7779	148867	55630	4502	7922	7782	10463	4504	4496	169026	29986
Sleep Regulation WP3591	191	1814	4887	5729	2030	5730	8863	2691	3061	2903	117194	2837	51738	3569	1812	3062	135	100	1737	6770	10911	594857	3356	8911	1813	4544	1141	2353	22871	5021	4862	7054	3606	1471	114781	1392	5020	134
MTHFR Deficiency WP4288	56994	79813	5130	438	2902	842	1786	2903	1312	1788	1789	2906	836	55349	635	55471	4524	10919	3176	501	54205	1119	10400	4141
Joubert Syndrome WP4656	129880	261734	65062	5147	200728	80210	79867	117177	1855	51259	27241	65250	403	203286	5158	2316	387	6102	51684	8481	1857	51524	23090	407	9738	5108	23322	79848	27130	91147	582	468	1069	5116	402	10464	56623	142	9786	57545	95681	27031	6009	9731	51199	6469	4867	27077	54903	54806	5145	4644	585	472	583	10111	9094	4361	55212	26123	153241	79583	10524	79598	80184	123016	1068	4646	284086	5148	79600	200894	2475	22897	80776	4218
Male Infertility WP4673	1617	135138	27161	7518	150280	8476	158983	5619	29968	143689	2775	4522	6660	1543	5620	3122	8812	57055	7508	905	7124	8290	9319	5192	23369	23626	55124	1618	83983	340719	5243	6716	1025	4057	140885	339834	847	4548	2068	283629	10537	9575	55818	367	7520	27030	596	5423	57135	142	7180	3817	4780	56979	8787	4439	676	472	373863	116511	5444	30827	2033	346673	4842	440822	84072	4438	54514	7320	11218	26609	4193	2119	124842	57491	406	3981	4846	355	83844	338	113235	4477	2346	6406	356	5445	635	2099	1106	58531	7057	904	4524	6648	51087	2067	1728	9271	54456	4843	4313	57119	55423	5981	55170	343171	6649	222229	196	23304	9194	2876	4318	9985	2100	57054	675	140690	3159	1586	94240	3643	3983	1191	5896	56603	8900	6470	5395	4292	7516	1387	5726	7517	124404	4552	10400	5428	6948	128153	9101
Hedgehog Signaling WP47	2735	156	27148	2737	374654	50846	5727	3549	8643	2736	6469	25942	6608	406	51684	10284
Insulin Signaling WP481	6236	2549	5867	867	5167	4216	5294	382	6197	5288	5584	2932	8986	6199	5604	5295	3480	1398	7786	30849	5879	57381	6812	5579	6195	3631	5291	115703	2931	5296	10211	5580	9175	4293	5781	5289	252983	5606	1432	7494	5286	9252	5792	3991	11183	9448	207	2997	23433	9265	7248	5293	8503	11127	6813	8773	6446	5894	7249	5170	5290	2353	8651	3551	9021	5880	3799	10746	10938	5594	6814	4215	1326	4296	11184	9882	6416	5213	5562	4294	208	868	5595	5506	27330	1958	375	4641	5871	2309	57761	5578	6196	5597	2887	9064	6300	25759	4217	2889	5609	10603	10580	8471	6517	5602	8660	2319	5600	5605	5728	6198	9020	1978	6844	6009	5590	6810	2885	6885	53358	5588	2888	23678	3636	6654	1977	6464	30846	5607	6655	8491	5596	5211	5563	3265	5601	5967	2308	6616	5603	5770	10487	3725	2992	50488	3643	23624	4214	2002	5598	2998	6722	5608	6513	3667	5583	2475	10110	5599
Hypertrophy Model WP516	4656	27063	3727	7422	1977	3491	3552	3458	11072	3554	467	2660	9948	1839	8013	6935	3475	102	3606	1978
Creatine Pathway WP5190	1152	2593	4942	6535	2628
Alstrom Syndrome WP5202	26258	4645	7840	55968	80173	5727	5990	7029	55330	7283	5989	6811	55125	1874	84984	11159	28981	81	353116	7415	26160	23557	114928	2647	51668	80124	26052	5991	84062	23432	128344	11020	6608
Heme Biosynthesis WP561	210	212	7389	2235	5498	211	1371	3145
CCL18 Signaling WP5097	4313	1237	1000	205	2185	9839
Dravet Syndrome WP5200	207	64223	3737	6334	253260	6328	6326	801	2258	6327	6812	55615	5578	79109	6323	6324	348980	4790	6330	79899	55800	815	1106	7124	5290	57526	5600	2475
Cancer Pathways WP5434	2735	1906	3575	4914	10161	3718	3596	1163	10672	3568	51684	51176	3480	1398	2950	2271	5568	650	1147	5579	4314	9002	5732	7852	2064	2787	5331	1441	4485	1871	1956	23365	3915	369	3442	2778	23493	3570	2786	9252	6923	8453	3560	196883	3479	10018	5330	5366	6500	3444	185	8503	4088	2944	9170	1439	4790	4855	2940	4258	5468	3320	2353	7046	7188	115	6608	332	2535	4312	27113	6934	578	7296	5371	4853	3440	6772	896	673	6256	3815	2776	3728	4792	2149	5602	79444	182	6198	7476	83593	324	2846	4259	114	1436	1496	10342	861	1643	5731	5979	1902	113	114112	4257	3065	3912	3559	8643	8324	999	107	94235	8030	4292	1021	4824	6513	1909	5566	8772	28514	10023	2947	8313	5467	9817	7482	1438	5915	6199	2768	653689	2056	2335	3592	624	3455	816	5296	7015	51384	4437	3675	109	81029	8202	26508	11211	2784	3439	3441	3655	5582	7189	7474	3593	183	1869	207	3910	9475	7175	7428	10000	4851	4436	317	9618	3569	5293	596	1017	5888	6775	112	7042	2767	7423	6469	7976	3565	7704	89780	7849	5880	238	5332	6387	5727	7170	2736	3452	1870	5337	6688	1288	7477	7048	3451	1499	4893	1285	5567	8312	355	2938	115727	1030	2791	613	7039	91860	5605	3674	54583	1856	8517	3594	5733	7855	2949	23462	6654	5156	329	3446	3913	3558	890	6777	9134	841	675	7184	10235	3725	5155	1950	111	5743	374654	9915	8321	2322	11040	862	54331	51561	3716	867	23401	8325	2792	4087	146849	4854	4616	3827	898	2932	637	581	5604	5295	112399	3082	1613	23236	3909	10297	2953	3911	5291	1019	55970	22798	8454	3600	4233	26060	5900	7478	894	5154	2147	27436	1647	842	7709	5336	10912	2770	3563	2246	4780	3562	2277	3595	7475	57121	5894	5335	7040	5290	4286	3566	54361	3551	7483	2783	2737	7043	83439	623	4193	3685	1029	7472	7484	2771	5595	817	1282	354	3162	7187	163688	5881	25	7479	108	331	836	6093	1487	23566	356	57449	2099	1728	51764	8031	8322	4254	4313	2057	2885	9446	2946	3280	6655	3458	2790	3265	2100	6667	2956	330	1495	51806	5899	815	10681	3714	2782	2002	8900	2941	1387	5228	29119	8323	598	3572	5599	9138	6258	1612	6921	2785	405	2034	2948	2260	5898	4149	3567	2773	10319	5879	6773	1284	3908	4089	1287	6778	840	1399	4609	7185	221357	4040	11186	10587	284217	5970	3454	2939	7473	4791	25780	3576	54567	1855	5292	2113	2263	1910	810	3449	367	3459	7157	6776	9978	6257	3597	112398	388585	3561	3574	3601	7481	9826	2264	1027	3914	5338	10125	2033	7186	2261	54205	818	119391	3688	6502	595	5594	3460	3717	5734	64399	5914	1857	208	51426	3673	3845	1050	8648	2323	5578	3443	3445	652	3448	5925	23604	5159	59345	7424	4041	1488	5728	1026	4843	7422	80326	387	572	6932	3066	2788	2122	10928	3091	5601	2308	6774	10683	2793	7480	8326	3918	3481	1630	7471	3326	2324	1286	2475	5747
IL17 Signaling WP2112	5594	53342	3716	7189	112744	3717	6885	207	8517	1052	55540	2932	3605	5595	4793	64806	7187	23765	6774	6667	4790	10758	54756	132014	27189	5290	3551	1051	5970	9020	84818	27190
IL11 Signaling WP2332	5594	3716	2885	3717	632	207	3589	3590	2242	5595	6772	5604	3673	5295	596	3265	3381	6774	1147	6195	10401	6194	5296	5894	3383	7297	2534	8554	5170	5781	6714	5524	7040	1385	7525	860	3551	9021	5605	5970	6198	332	3572	466
Notch Signaling WP268	3762	54567	1856	4242	1855	1840	9794	5663	4854	8650	4853	1857	4851	9253	3066	3280	5986	51107	23220	5664	113878	388585	151636	3065	10683	1487	9612	4855	55534	3955	8850	23385	6868	3714	11317	196403	51763	1387	1488	171558	182	2648	83464	28514
Bladder Cancer WP2828	5594	4312	1026	9252	4313	3576	1612	1869	4193	1890	7422	1029	5604	5295	4893	7157	3845	673	7380	4318	3265	1613	5296	5894	5925	1019	1839	999	2064	4609	23604	6714	7057	1950	1956	2261	11186	369	5605	595
NAD Metabolism WP3644	10135	51548	51547	4907	952	23409	64802	22933	203447	23408	349565	65220	142	23410	23411	23057
PPAR Signaling WP3942	8310	4312	2170	376497	6258	1622	2173	33	3611	126129	2171	4023	4199	2180	1581	1375	23205	5467	10998	9370	51	28965	30	336	1579	51703	1376	2169	81616	7350	1582	10999	3158	1374	6257	2167	6256	2172	116519	2713	51129	2168	2181	335	345	1593	9415	10062	8309	4973	34	5105	5170	5468	10580	364	5346	2182	948	6319	6342	5106	1962	5360	5465	2712	11001	23305
mRNA Processing WP411	3184	6634	140890	8405	6629	3275	5430	83443	4904	27316	10898	1665	8732	2521	11129	6429	3188	57396	51362	10250	1479	8106	10914	23451	8175	10972	5094	22826	4686	6829	9785	6431	1198	23450	6632	84991	6637	4670	6433	3192	9410	3276	6633	3178	58155	8243	29894	3191	10291	8559	9584	6638	6636	1653	56853	6626	23283	10236	7307	22803	6427	6432	11218	5496	51692	10907	11051	10921	6732	10978	6635	3183	3181	6421	6628	51690	1477	6625	8731	22916	9128	1196	8449	55660	24148	6426	10482	6733	5725	10421	4809	11338	10772	6627	10262	56339	10147	10659	23405	84844	10992	6428	3187	6434	9129	10946	3190	10181	6729	6430	9343	1195	1478	4841	57794	8899	57819	53981	1660	5681	10594	8683	10658	3182	1659
DNA Replication WP466	81620	5111	5981	5984	4172	10714	5557	5982	8317	7311	5427	5985	29935	6118	4173	4175	1017	5426	4176	51053	23594	5558	4999	5424	990	5000	4998	5001	7316	5425	23649	10926	57804	4171	8318	6117	6119	5422	5983	23595	4174	55388
IL18 Signaling WP4754	5594	7189	4776	6885	3654	653361	55272	4688	7132	5562	3932	4205	2932	5595	637	581	2623	3659	27035	1499	6559	5295	7157	841	142	355	5578	5601	1147	1994	5579	6667	836	1447	100302736	3315	5580	5609	4615	4790	2904	4792	356	7124	8809	3606	54205	3551	1051	8837	5728	5970	8807	6198	32	27178
CAMKK2 Pathway WP4874	56907	81631	9817	898	5879	940	89874	3383	9814	3145	7124	6007	3600	5970	4094	31	482	51327	8878	7103	28232	51316	4600	7248	6786	801	2194	8243	59341	142	4780	22861	6194	7412	5894	6862	1131	10803	3791	6373	8536	10125	2033	4281	1385	4842	6692	114625	6720	595	84557	5594	50614	4773	57521	56975	256691	3077	388581	10059	6402	10645	57205	200186	5595	5058	9759	3098	3162	6279	1727	51024	10661	7466	28964	6517	3099	23327	5106	28959	6198	1371	56269	6352	2645	340348	8874	19	2057	932	5209	8638	1510	5208	440	993	358	8408	3091	23411	999	375704	92745	6005	10964	814	6513	57539	2475	2628
IL26 Signaling WP5347	5594	3716	4312	6364	3576	3717	100289462	207	4087	3605	5595	6772	581	6097	3553	8600	3569	3588	81501	4318	5601	4772	6774	245972	836	1649	3383	90865	7297	2042	53832	4792	59	3725	55801	7124	5290	1432	4353	3586	9021	1437	5970	1513	5599
IL19 Signaling WP5422	5594	3716	4312	207	7132	5595	6772	891	53833	4586	5879	1277	6774	9655	6778	6356	7852	4790	53832	59	7124	3565	7040	1432	8651	3566	29949	5599
Glucuronidation WP698	7364	7365	54600	7360	7366	54579	54658	3098	54657	10941	54490	5239	54659	574537	7358	7367	54578	55276	54575	10720	5238	54576	5236	79799	54577	7363
Nucleotide GPCRs WP80	2846	140	10161	1241	134	5031	5030	5029	136	5028	135
ATM Signaling WP2516	1026	995	1647	4193	8517	5883	898	637	891	993	1111	2177	8120	7157	55367	1017	5888	8243	25	5601	9656	7161	4194	8737	4792	472	3725	672	10111	4361	11200	1385	4683	3014	8738	9874	1386	983	835	7158
Focal Adhesion WP306	5500	55742	2268	7791	5923	7450	8516	2318	2932	1729	5604	5295	7059	3480	1398	10319	7414	3678	340156	5879	2335	3082	998	10420	1284	3908	3909	5579	3911	1311	5291	5296	1399	3672	7058	2317	2064	58498	10451	3696	3675	6714	10188	1278	83660	2321	3915	1956	4233	1280	91807	8711	71	1292	284217	894	5582	3655	8515	824	5154	3611	3479	207	3910	5649	2013	9475	394	7409	10000	5501	85366	5293	8503	56034	596	60	3381	2277	4633	3371	5499	5894	7423	103910	3914	5170	3791	55359	23396	857	5290	4660	2909	7060	4659	5880	3688	9564	7094	3694	3693	10398	595	5594	5063	5906	64098	29895	3685	3055	93408	5753	858	3691	208	1288	5595	87	1793	3673	1282	1499	5058	106821730	3690	896	673	7148	1277	5881	50509	5578	25759	7143	81	2889	1290	54776	331	6093	63923	2534	6725	640	29780	5159	5602	7057	7424	5728	4636	5062	1101	3674	3695	80310	7410	2885	53358	7422	3679	2316	572	4638	387	7448	6654	5156	5908	329	6464	10298	859	22801	3913	399694	3265	5601	6696	3912	10627	330	7408	3725	3676	3680	5829	3918	7294	1950	2002	5155	5228	1286	5747	5599
Lung Fibrosis WP3624	729230	79991	91039	1215	1906	4313	3576	3593	5154	5328	3479	26585	2247	23250	3596	1232	6440	4092	6347	388372	3553	796	3567	3569	1440	4318	3162	2252	2246	3082	6348	653509	7076	1490	4780	6696	2920	5806	1832	7015	655	4204	727897	6498	7039	7124	3565	51750	2006	7040	255520	5155	1950	4502	57105	10144	729238	5265	1051	1437	5073	6352	6356
MAPK Signaling WP382	100137049	1849	4914	8912	10454	9344	1850	23162	781	4216	5923	2249	2318	6197	783	2260	782	8986	4149	5604	2768	3553	2005	1398	7786	778	93589	5879	998	5568	51776	2248	1147	8569	23118	1399	2317	5580	2256	9175	4609	929	55970	7124	1845	5606	1432	773	1956	9965	369	5321	5970	8822	5582	2251	7189	4791	25780	9252	283748	5154	9448	207	1647	408	2255	5971	3312	10000	8817	11221	2263	5921	7157	468	80824	2252	2246	5922	5778	5534	5536	3554	1848	51295	4775	9254	7042	55799	5801	5894	6788	1649	4790	2264	1844	9479	23542	7040	776	27092	2353	10125	7046	4763	2261	7186	775	3551	10369	5880	10746	5535	5594	7850	10368	5906	1846	3727	7043	1326	4296	11184	2247	5530	8074	6789	8649	6416	5532	7132	8823	208	5595	6237	8605	7048	5058	4909	4893	4803	3305	3845	26281	4915	673	5567	5871	5881	355	22808	5578	6300	115727	9064	4772	2872	4217	3310	836	784	3315	22800	5609	5924	2259	8911	786	356	5159	785	3306	5602	2254	59285	5533	3164	7867	4908	51701	779	5600	5605	27091	255189	9020	9693	5062	120892	8550	1843	2885	6885	8913	3925	1852	5495	57551	113523636	2316	8517	4137	6654	774	627	5908	2257	3552	5607	6655	8491	5494	59283	2258	3265	5601	2250	26291	51347	9261	1616	59284	409	994	5603	10235	3725	777	2253	5598	1950	2002	4214	5155	3303	6722	84867	27006	123745	5608	1386	4208	5566	5599
ATR Signaling WP3875	6117	11073	84126	6118	545	6119	1111	144715	3364	5883	5810
GPR40 Pathway WP3958	113026	3710	5310	23007	5336	2767	5333	2864	89869	5330	5334	51196	5331	5335	23236
Ras Signaling WP4223	100137049	2549	4804	4914	2792	2785	283455	100271927	5923	382	2260	5898	23179	5604	5295	3480	5879	998	5568	5319	1147	5579	5291	5296	84630	2787	5781	55970	27	5966	5869	2321	4233	1956	11186	5321	5900	2784	5970	57144	9610	5582	2786	25780	283748	207	84647	7010	10000	2903	9846	5336	2113	2263	810	5921	5320	5293	801	8503	5922	50487	5894	8437	8399	4790	2264	5863	8831	5338	3791	5335	5290	8036	10125	4763	2261	3551	5880	11145	5594	5063	5906	2783	2902	5868	6789	5337	9771	208	8315	5595	6237	8605	1969	3363	5058	4893	5322	106821730	3845	4915	64926	5567	26279	163688	5881	3815	22808	25	5578	115727	25759	4301	2791	9462	356	22800	5924	27040	59345	5159	5602	10156	91860	255189	5605	4303	51196	51764	5062	5878	83593	2885	53358	1436	391013	2114	387	572	8517	6654	5156	5908	6464	10298	81579	2788	6655	51365	64600	10928	2790	399694	22821	3265	5601	30814	2793	7535	51806	5899	2904	55770	10235	10681	3643	94235	2782	2002	7074	2324	123745	8398	2322	598	5566	8844	54331	5599
Rett Syndrome WP4312	6925	6594	2874	9014	3615	6907	2563	2903	55869	2556	23224	6334	51412	2290	9611	6326	8295	1398	2775	673	6595	8243	6812	3766	6792	23221	8892	9001	23314	6323	3065	10014	85358	3097	4204	9612	8831	2904	6597	79718	1108	56949	3064	9568	4208	10765	27443
Thermogenesis WP4321	8110	86	6197	2260	6199	8193	4881	6595	1374	5568	55811	6195	6602	5606	1432	2182	109	71	2778	6601	6605	23305	64764	3991	196883	6603	152831	51703	7248	51412	63976	55818	7350	23028	2641	60	112	6599	6194	5592	5571	1268	9586	7249	5468	90993	1385	115	148327	84335	57521	126129	10818	5562	155	4893	27330	51780	3845	84699	5567	57104	123096	6300	6196	108	656	4217	6598	11343	5600	6198	6009	51422	6604	9658	2885	114	64223	2180	1375	6654	5564	1376	6655	353500	53632	113	57492	5563	3265	26291	51548	8289	2181	5603	5565	107	6597	5346	111	10488	10891	788	1386	5593	2475	5566
Nephrogenesis WP5052	7484	5076	2253	4211	89780	54361	2297	655	182	26281	10736	6943	80000	8854	84870	4853	130497	284654
FOXA2 Pathway WP5066	4547	3630	133522	10998	2946	10257	2194	8714	1244	2938	338	2308	8660	3169	6720	51085	3667	10599	31	2939	3170
Axon Guidance WP5289	5594	56963	5590	7474	6387	91653	1942	3611	5727	151449	3897	6585	6259	57689	8482	2242	22885	2932	6237	1969	5921	1947	6091	137970	4917	2770	59277	5879	998	3265	29984	25	5578	9860	4690	6092	25791	9353	5894	6469	7976	103910	6093	7852	1020	10500	7220	659	2534	5361	5170	2047	1072	8829	658	6714	54437	4233	56288	23365	1630	6586	84628	54361	50855	3688	1808	64221	56896	23380	10371	55740
Monoamine GPCRs WP58	1814	1815	3351	1816	3355	3269	1133	3350	3357	155	3361	3363	147	146	1812	1128	3354	3360	3362	1132	154	3352	3356	1131	1129	1813	3274	150	153	3358	152	148	151
Notch Signaling WP61	3717	54567	2273	84441	1840	207	55294	83737	9794	5663	4854	8650	4853	4851	9253	2932	23013	6500	3066	3280	5295	9611	51107	3516	5664	4100	388585	7088	6774	3065	5296	10683	55851	9612	4790	4855	22938	55534	6714	8454	2033	23385	6868	3714	8819	6015	182	55502	9541	83464	23493	2475	28514	3932
ErbB Signaling WP673	2549	867	3084	2932	6199	5604	5295	1398	5579	816	5291	5296	1399	1839	2064	4609	6714	27	1956	369	57144	5582	2066	2069	207	10018	10000	374	685	5336	7157	8503	5293	6776	5894	145957	1027	5170	5290	818	595	5594	5063	4193	6416	208	868	5595	817	5747	5058	4893	106821730	3845	673	25	5578	4690	25759	5609	7039	5602	5605	6198	1978	1026	2885	53358	572	2065	6654	8440	6464	10298	6655	6777	399694	3265	5601	2308	9542	3725	815	10718	1950	2002	2475	5062	5599
IL5 Signaling WP127	695	5594	3716	2885	3717	207	5294	3568	4137	6654	2932	5595	6199	6464	6772	5604	5295	161742	3558	6777	3845	6776	2309	6774	6195	6194	2931	5296	6850	5894	1439	3725	5781	4067	2002	5605	6198
Angiogenesis WP1539	5594	207	2247	7422	7077	405	7010	5156	2263	3091	4318	4846	7078	284	3791	5335	6714	4086	5290	1432	5155	2321	1387	5747
TP53 Network WP1742	1026	27113	1647	4193	5366	1029	8626	666	637	581	7157	596	25	7161	5015	8743	4609	472	7341
IL1 Signaling WP195	5594	7189	5590	8878	6885	10454	4215	3654	57162	207	257397	11213	8517	6416	5595	5604	5295	4793	3552	3553	3556	7335	54472	3656	5601	3554	51295	1147	23118	9261	5296	4790	5609	3316	4615	4792	3725	5335	5781	5606	5966	1432	4214	3551	7334	51135	5608	5605	5970	1386	9020	10746	57161	5599
IL7 Signaling WP205	5594	3716	3575	3718	207	572	2932	5595	6772	5604	5295	6777	2185	6776	6774	3561	3574	5296	2534	5605
PDGF Pathway WP2526	5594	3716	5154	7410	2885	23647	7409	387	6416	6654	5595	6464	6772	5604	5295	5058	5921	5879	998	3265	6774	1147	5894	4790	8976	4792	3725	5335	5781	6714	5159	2353	5155	4214	2002	7074	6722	5321	5599
IL3 Signaling WP286	5594	3716	867	3576	2885	3717	207	3055	7409	572	3568	6654	9846	10971	1232	5595	6464	5604	5295	6777	5293	942	6776	596	3563	3265	3562	5169	6774	5296	1399	2889	6850	5894	3635	1439	5777	2534	3725	5781	6714	7040	4067	2353	7529	598	969	5566	5599
NRF2 Pathway WP2884	5052	2947	283375	5467	6529	22949	201266	221074	54600	874	2948	9817	81031	2678	3084	6532	55117	388662	23764	2950	91252	3337	3082	2729	10057	9588	6536	54657	2953	2512	177	60482	1839	144195	131	221357	55630	6534	23657	7922	5265	11182	2495	159963	2939	8878	7364	645	2877	23491	6514	54658	6530	56606	1244	8714	4780	2944	283848	7042	2936	23516	2940	4258	54578	6535	7040	3320	9152	66035	27173	55334	154091	4199	7296	2539	160728	1579	7048	6538	1969	6515	6524	1958	6540	3162	6256	2938	54716	6531	6527	2042	7039	6517	340024	5226	873	6523	1728	29986	8824	1066	6526	4259	29985	125206	6649	7295	28968	57181	140809	2949	2946	155184	221223	1548	6528	2258	8884	114112	10257	64116	6533	25800	114134	2878	115584	6518	2730	218	5155	29988	2941	3303	348932	3326	11254	4097	6513	200010	54577
Wnt Signaling WP363	324	6925	5594	10023	4773	1452	8395	1856	6885	6934	1855	207	6259	387	1857	2932	607	51176	7248	1499	8312	5879	2646	1453	5578	5601	5579	2931	6656	1487	409	7249	5468	53944	55361	4040	1454	6929	4041	4920	4919	1021	51701	2475	5582	595	5599
IL6 Signaling WP364	5594	3716	2549	2885	6885	183	3717	207	1401	3055	7409	572	6416	6654	2063	2932	5595	6464	6772	3659	5604	5295	3569	8648	5879	7076	6774	639	3065	5296	5580	7297	7432	5781	3726	1387	9021	51701	5605	598	6198	3572	3570
IL4 Signaling WP395	5594	3716	867	2885	3717	3718	207	2316	572	6654	9846	2242	5595	6464	6772	5295	6777	5293	6776	1050	6774	3561	9655	1147	9046	5296	6778	3635	5777	4790	7297	4792	5781	3565	5290	2033	2353	1432	8651	2002	3566	8660	3551	9021	1051	5600	5970	1386	3667	6198
Wnt Signaling WP428	10023	23401	5328	8325	166336	85407	6259	7482	2932	51176	6423	5879	23236	50964	283106	5579	816	51384	4609	5331	4040	5176	81029	4919	85409	11211	894	5582	23500	7473	8061	7474	27121	1855	81839	5330	9475	11197	6425	27130	6424	5534	4775	7475	7976	7481	1454	1457	89780	54361	4920	818	5535	2535	595	5332	4773	6934	6422	83439	147111	5530	7472	5532	9350	83999	1857	57216	817	7477	1499	896	8312	22943	5578	4772	1487	57680	23002	64840	64321	1460	4041	5533	1488	51701	27123	7476	324	1459	59343	4776	1452	1856	6885	80326	387	7855	6932	56998	5601	2239	7480	144165	8324	8326	3725	815	7471	8321	8323	5599
Ciliopathies WP4803	4117	25814	129880	65062	345895	2622	1063	403	27019	83479	51684	79140	23090	55624	93233	79809	55857	54768	30849	339829	157657	55764	9742	64446	27152	51715	9364	84131	255758	2121	51057	583	8239	115948	9094	29922	345643	83538	5310	168507	84100	79583	23432	22954	11020	10210	139212	26146	4952	92002	261734	219844	5147	57096	84662	89891	23639	23322	79848	27130	91147	582	84984	22858	54585	28981	1259	91754	9786	112	57545	4750	4867	27077	51364	54806	201163	63929	161582	1406	7275	585	755	92482	55212	26123	153241	7287	51134	221322	9657	112752	23247	284086	352909	6101	200894	51626	57560	9851	25886	6608	23093	8701	220136	83861	7840	200728	2737	2736	132884	56683	374407	114327	8195	79659	55081	1768	10733	51098	202018	56623	166379	27031	51473	23059	9731	89765	55812	55036	388939	26005	83544	132320	92749	23568	146057	123016	80184	57728	22897	122481	80776	4751	167691	221421	5311	10309	51259	85478	27241	124401	65250	203286	55112	6102	8481	10806	51524	79738	54919	95681	7546	282809	123872	54903	26160	94137	347736	5314	374654	146845	55130	84314	6674	63917	55172	79600	84140	57539	1258	10464	79867
Spina Bifida WP5150	191	1789	27430	4524	23382	6470	4143	4548	1788	4552	4522	1786
G13 Signaling WP524	9138	5063	8826	5216	5500	7454	3984	9475	387	4216	10672	10788	1729	5293	801	23191	4632	5879	998	1073	5291	85415	4608	5296	57630	5585	6093	8976	398	1072	5290	10188	5602	6242	397	6198	11113	5305
TAR Syndrome WP5362	6583	8515	11126	129531	3134	7329	11216	4116	8799	7295	3107	148738	2972	3932	1080	54541	9112	3066	3458	84265	200035	915	10616	23411	10158	3133	6774	1182	3135	9775	55004	10401	6613	57805	3106	10622	7852	4790	142680	463	9855	9368	8764	84305	5174	51463	1759	919	4233	1956	10621	148741	10623	5824	116085	9748	2322	3688	57817	23786	3105	5045
IL9 Signaling WP22	3561	5594	3716	1025	5595	6772	2885	5604	5296	5295	6777	3718	6776	3578	5605	3581	6774
Adipogenesis WP236	3399	25937	6258	4023	5467	434	649	2034	10499	9370	55847	4616	1874	26580	6773	650	4154	6778	9612	10062	5105	8788	7124	1592	81029	28999	80339	1051	56729	2688	3977	2662	3991	183	1855	1869	3479	1647	10269	8204	7350	3569	6776	6424	1316	4088	2971	9663	5054	1649	5468	7040	1385	8651	9021	7025	6720	5740	4209	10135	64900	6927	5914	3630	5008	4205	5933	23175	6772	3976	1499	9611	3952	1050	8648	6256	355	57761	6095	1879	652	5925	1675	100271849	8471	2626	6517	651	123	8660	6319	688	5106	2908	1026	2303	4000	5618	1052	196	6777	3091	1959	10555	6695	2625	2308	6774	6667	3159	7291	1271	2624	7480	2487	83881	5346	56603	10891	7471	5934	8321	3667	4208	4282	3572	10658	5465	8609	4692
Peptide GPCRs WP24	729230	4988	4887	6870	554	4987	7253	2833	4157	4923	623	4889	4986	6754	4985	643	6869	3061	10396	2357	1232	1236	6755	553	1910	2798	1235	185	2587	8811	4159	6865	6752	1230	2492	3577	6751	719	624	4829	552	255061	3973	886	680	887	2925	2532	186	1524	7852	2693	10803	3579	2358	100996758	4160	728	7201	1237	5021	2826	4158	8484	2359	6753	10663	1234	4161	1909	1233	4886
MAPK Cascade WP422	5594	4155	2885	4215	8649	6416	6654	5595	6237	5604	4893	6655	3845	7786	673	22821	3265	6300	5894	5609	5331	3725	5606	5602	1432	4214	2002	4133	369	5608	5605	6494	10746
Ferroptosis WP4313	5093	94033	4891	55240	8644	23305	81631	10162	6303	10533	7296	2180	5447	2879	1356	6510	7018	55847	1803	2937	51703	27035	3156	5094	112483	1646	102724560	6520	7157	3162	64116	2729	50507	2512	27235	84557	2181	3315	571	3658	23516	84883	5621	7037	7417	2730	2182	2222	23657	1491	51510	5261	9474	246	30061	81539	440738	2495	8031	7419	1645	2643	79643	1536
IL2 Signaling WP49	5594	3716	867	2885	3560	3718	207	4137	6654	9846	5595	6464	6199	6772	5604	5295	9111	3558	6777	2185	6776	2309	3265	6774	3561	6194	1399	3559	6850	5894	2534	5781	1154	9021	5605	6198	3932
Cholestasis WP5238	949	8647	64241	3156	10257	6256	6580	8714	1244	6579	5205	9414	5244	9971	64240	6554	9970	3949	2052
GPCRs Other WP117	1815	4994	59350	26212	2837	6752	2918	27239	393046	53829	140	83873	2925	9620	2841	118442	9289	59352	9287	29933	8392	8390	1901	1814	8387	54112	4992	5032	138883	10888	64582	26333	3577	56413	11245	1268	1131	1951	26245	57191	144124	221395	6608	1234	2492	26494	3355	2692	84658	9290	2911	26211	3363	23284	2798	4935	81050	2532	9038	2149	3579	128674	84539	283383	30817	51289	4923	1880	84059	2833	254786	2840	1952	146	79541	341276	29929	59340	135	23266	27202	887	5737	154	3356	341416	1129	26716	26648	1909	53831
Cori Cycle WP1946	6888	5223	5230	5232	7167	6514	3939	226	3098	2539	2821	6513	3630	5214	6517	2597	2875
ID Signaling WP53	5076	5933	898	2002	3398	3399	3397	7849	5934	2005	5925	4654	6720	1017	5079	2004
Cell Cycle WP179	1022	995	545	10459	4087	29945	4616	898	2932	1874	7533	1111	64682	23594	4089	990	5001	1019	5885	4609	8454	1871	4174	894	51434	699	5111	9088	1869	1647	7027	7709	10274	10971	6500	7157	10912	8556	4175	9978	1017	4176	8243	4088	10744	7042	10393	1027	7272	472	7040	2033	8318	1031	1028	7529	6502	8379	983	595	8555	9133	7043	4193	4172	7029	1029	1870	9700	5933	10735	996	896	25	29882	7531	1030	4999	991	8697	2810	5000	5925	1032	51343	1875	10926	5347	4171	7534	7465	902	1026	51529	8317	891	3066	993	890	4173	27127	9134	25847	3065	7532	51433	5591	4998	994	8881	85417	9126	11200	494551	8900	9232	5934	1021	23595	9184
Autophagy WP4923	84335	57521	26100	81631	10533	64223	5562	22863	5564	8408	8678	30849	53632	55054	5563	9140	64422	60673	5571	5289	5565	79065	7405	9474	9776	64798	9821	2475	55626	51422
Apoptosis WP254	637	581	3659	5295	8717	3480	1677	599	3665	1147	840	4609	7185	7124	3663	7133	1676	5970	835	3664	834	9169	27242	3479	207	10018	5366	842	8626	317	3661	7157	596	839	8718	4790	8737	5551	7186	54205	3551	8738	332	843	665	27113	578	4193	1029	6416	7132	666	3662	56616	7187	355	331	836	356	4792	3070	8739	5602	8837	837	4794	572	8517	329	4793	841	3002	4170	7161	3660	330	8743	3725	4214	8795	3481	4049	598	8772
Melanoma WP4685	5594	1026	2066	2885	578	1869	207	1647	4193	1643	1029	572	1870	10000	8649	6654	4616	2903	208	5595	51426	581	2113	5604	5295	810	5058	4893	6655	7157	801	10912	8503	5293	3845	673	7414	5879	163688	3815	3265	25759	5291	5296	5894	5925	1019	80243	999	51806	2913	3791	5290	2353	4286	1385	2002	1871	91860	4763	369	1021	5728	5605	595
