SRF And miRs In Smooth Muscle Differentiation And Proliferation WP1991	4209	100271849	6722	93649	4208	1482	9314	4205	817	894	2002
TCA Cycle And Deficiency Of Pyruvate Dehydrogenase Complex PDHc WP2453	5091	1743	2271	3419	1431	1737	4967	4190	3417	48	47	1738	5105	6389	8801	5160
Mammary Gland Development Pathway Embryonic Development Stg 1/4 WP2813	1364	3655	595	10718	3688	7124	249	6422	7040	2066	4609	207	9839	7015	999
Initiation Of Transcription And Translation Elongation HIV1 LTR WP3414	3065	4773	5532	1025	904	5534	25920	5533	10614	4772	9759	4792	8841	1387	55869	5530	6667	5535	5970	51564	3066	6829	4775	7469	10014	6827	9734	4776	51497	2033	7936	4790
Hypothesized Pathways In Pathogenesis Of Cardiovascular Disease WP3668	5599	4087	2201	5594	84467	5054	5595	860	285	7182	4089	185	1490	7046	4053	4052	2022	1432	6464	7049	10631	2316	2200	7048	4088
TGF Beta In Thyroid Cells For Epithelial Mesenchymal Transition WP3859	4087	4089	6615	5595	7431	6591	2335	3397	1014	1000	207	1004	5594	860	3371	4088	999
Development Of Pulmonary Dendritic Cells And Macrophage Subsets WP3892	55509	860	1435	6925	2323	3662	1437	3394	6688	3398	6774	7173	10320
mRNA Protein And Metabolite Inducation Pathway By Cyclosporin A WP3953	23657	9817	8140	6520	4780	468	6510
Somatroph Axis GH Relationship To Dietary Restriction And Aging WP4186	2475	5728	3480	207	23411	2308
Chromosomal And Microsatellite Instability In Colorectal Cancer WP4216	208	5900	5604	5599	4436	596	4437	4087	7043	7040	2932	836	51176	2956	5966	5594	387	6934	595	7157	51426	5595	5743	5880	5898	3845	4616	122011	10000	3725	54205	332	1026	26060	7042	10297	10912	578	572	4089	6932	9423	7046	1499	5602	4609	1647	5601	29110	8312	83439	5366	27113	55770	5894	5899	581	8313	4292	5879	324	10018	207	2353	1452	6035	7048	369	1630	673	5881	1643	4088	842
Platelet Mediated Interactions W Vascular And Circulating Cells WP4462	6403	7043	958	3553	6347	51284	3383	959	6352	6404	7040	6401	7097	7412	7042	7099	5196
Selective Expression Of Chemokine Receptors T Cell Polarization WP4494	7043	7040	959	1233	3595	1236	3458	3558	3566	3593	920	7852	940	8809	729230	1437	388372	7042	1234	1230	3594	3460	2833	6348	3565	3592	1232	3567	3459
Neurodegeneration W Brain Fe Accumulation NBIA Subtypes Pathway WP4577	6009	8398	2475	11152	6794	2512	30849	6342	115201	80347	84557	5289	23130	64798	8408	9821	83636	31	22863	1356	54676	4204	55054	7249	10533	79152	8678	55062	84335	80025	60673	10558	9776	64223	7248	9140	23400	5562	26100	57521	83734	9474	64422	80067
FGFR3 Signal Chondrocyte Proliferation Terminal Differentiation WP4767	5604	4882	5933	6772	5605	5594	6662	5603	5595	5745	7067	6300	5744	1026	6615	5600	650	3549	2254	5894	1432	5515	9474	8817	1267	2261	652
Host Pathogen Interaction Of Human Coronaviruses MAPK Signaling WP4877	5604	5599	596	8519	5605	5609	5594	4296	6196	6195	5603	5595	6300	3725	4214	3726	4294	684	5608	5600	6197	1386	5602	1649	5601	4293	10410	5894	4216	1432	6416	2353	10581	5606	1977	3429
Overlap Between Signal Transduction Pathways LMNA Laminopathies WP4879	3065	4087	2010	2339	7040	2932	388585	51176	7477	6696	7088	7112	23463	5468	4982	10269	6934	4673	8091	4851	23592	1869	122011	23405	1387	1051	3726	1026	860	7042	6720	6932	4000	1499	8850	650	8312	83439	3280	4129	4654	1052	4128	7480	1050	60	5925	324	1513	1019	2660	1452	27161	6895	4088
Antiviral And Anti-Inflam Effects Of Nrf2 On SARS CoV 2 Pathway WP5113	23657	7113	2939	3553	9817	7124	2730	8517	6347	1147	3576	4792	2983	5593	4314	3162	5970	1728	4780	2729	6256	2982	3592	59272	3661	3569	27035	3551	2977	4312	4790
SARS CoV 2 B 1 1 7 Variant Antagonises Innate Immune Activation WP5116	3661	9868	7187	23586	29110	7189	57506	3456	9641
Intestinal Microbiome On Anticoag Response Of Vit K Antagonists WP5273	5465	949	7421	29881	8856	5467	948	1559
Smith Magenis And Potocki Lupski Syndrome Copy Number Variation WP5381	84895	55081	5728	57560	23274	84288	387	3169	1407	4620	604	8533	54890	374986	1819	222235	322	90410	28981	5564	639	51655	10987	6774	7030	64223	79781	5584	116028	2119	96459	10062	203228	146691	3553	7124	80232	83450	51138	10400	54472	7942	641	10980	7156	2665	80173	9821	4289	8562	3725	5187	94274	55255	6720	9101	222894	2538	5970	84612	1213	25937	64795	1212	9776	10048	5562	23164	79989	1073	56288	10670	351	10296	4659	384	29109	3705	26160	150737	11020	85478	56912	7376	2475	10498	56953	51668	115811	4615	7157	64792	23495	5071	8408	10193	329	493901	54329	23426	8100	4609	116442	9318	7099	8741	25852	84223	57521	10413	9575	125170	2873	10018	6470	4218	26146	201163	80010	983	201164	84229	23059	55502	3170	10920	2314	51168	3939	57600	9020	23026	2622	10743	79018	202500	1385	50813	3996	55090	1408	60673	1211	406	10890	6093	51422	581	3984	91647	140775	26959	3394	92749	5105	51098	4790
Wnt B Catenin Signaling Inhibitors Current Past Clinical Trials WP5442	4040	1499	64840	1387	4041
Mammary Gland Development Pregnancy And Lactation Stage 3 Of 4 WP2817	5241	2100	84876	8792	7528	9914	1956	595	2065	1147	3717	139728	2706	8600	1051	598	2099	1447	2064	51083	7170	2908	857	2066	5618	5770	4609	23508	7392	1050	2001	1977	5617
Apoptosis Related Network Due To Altered Notch3 Ovarian Cancer WP2864	3065	2081	1495	840	602	348	7124	27018	25	2149	8878	308	8065	8870	5594	7057	2113	26135	3309	8531	2065	7185	3727	3315	9616	4092	3084	332	1026	2185	9021	79092	7431	5062	3329	10276	1728	2729	8312	3070	5747	8767	3575	27242	10451	351	1027	5585	8454	207	6198	8795	4790
miRNA Targeting Cancer Growth And Vascularization Glioblastoma WP3593	7423	23462	7422	7424	3091	3280	55662
Mir 124 Predicted Interactions W Cll Cycle And Differentiation WP3595	58190	6794	51804	55437	5725	5562
Regulation Of Wnt B Catenin Signaling Small Molecule Compounds WP3664	8325	154141	8321	6424	8658	2932	324	6925	27122	51176	1499	8324	7471	1452	8312	4035	1856
Regulation Of Apoptosis By Parathyroid Hormone Related Protein WP3872	208	10017	596	2932	666	3691	10000	4170	5744	599	598	578	3655	2931	4609	440603	5294	83596	637	581	23786	79370	207	597
Dengue 2 Interactions With Complement And Coagulation Cascades WP3896	712	5329	2153	5627	2149	2165	1378	5328	2157	2161	5104	5327	4179	5054	716	2147	2244	7450	2155	3998	3426	710	3818	718	714	1213	729	728	730	719	462	629	1675	735	336	5345	3053	623	5648	5265	10747	1604	3827	715	733	2158	713	1361	3075	2159	5340	7035	1191	7056	2152	1380	5624	717
ncRNAs Involved In STAT3 Signaling In Hepatocellular Carcinoma WP4337	3590	5970	3572	6659	3717	3569	3716	3718	3589	6774	6935	3570	4790
Classcl Pathway Steroidogenesis W Glucocort Mineralocort Metab WP4523	3293	6770	1585	6716	1586	3283	1589	1528	5447	1584	3290	9563	1583	3284	1588	3291
Interactions Immune Cells And miRNAs In Tumor Microenvironment WP4559	7043	942	7040	3560	5133	29126	3566	3561	6347	51284	7042	3559	1493	8651	3627	51135	6774	7189	7099	941	3565	6778	6352	4791	7048	51311	4790	10401
MFAP5 Effect On Permeability And Motility Of Endothelial Cells WP4560	7082	4633	8076	5595	5335	87	3685	4638	5588	3725	5594	5747	3690	3708	7414	4026	1385	5829
Amino Acid Metabolism Pathway Excerpt His Catabolism Extension WP4661	144193	131669	84706	10841	3034	2746
Endoplasmic Reticulum Stress Response In Coronavirus Infection WP4861	5610	89801	5599	596	2081	5506	5514	51360	84557	3309	23368	81706	84152	151242	79660	1965	7494	5511	94274	5504	55607	84919	5499	26472	5501	22926	6992	648791	5509	27102	9451	8720	1649	5500	4660	90673	5507	5510	23645	84988	26051	5502	4659	54776	468	54866
Type I Interferon Induction And Signaling SARS CoV 2 Infection WP4868	5610	7113	3716	23586	6772	54106	4615	51284	10379	64135	4939	285852	3454	3455	7297	51135	7187	29110	7189	57506	7099	9641	4938	59272	6773	3661	7097	4940	7098	3665	10333
Extrafollicular And Follicular B Cell Activation By SARS CoV 2 WP5218	57823	958	9636	57379	5079	931	7124	959	4068	1880	1236	8519	10673	1378	3458	3558	5133	969	1401	4094	3689	6387	2113	10563	9839	6366	7852	6850	51284	604	7494	643	3687	3662	30009	613	930	29760	59067	3455	639	718	4240	720	29851	171558	933	973	3586	2308	3312	941	151888	3592	10148	3565	7099	8741	3569	6776	3433	60468	83416	3732	912	1380	3394	6402	6363	5788	9168	23308
Catalytic Cycle Mammalian Flavin Containing Monooxygenases FMOs WP688	2329	2327	2330	2328	2326
Transcriptional Activation By NRF2 In Response To Phytochemicals WP3	3162	23657	2730	5599	7965	2939	9817	1728	4780	2729	2048	1051	5578	4094	5290
Fas Ligand Pathway And Stress Induction Of Heat Shock Proteins WP314	5599	596	71	839	840	58	836	841	8772	4001	7124	5591	3552	3315	843	84823	3725	54205	4214	9261	5062	1676	4000	7867	11124	356	317	8837	8767	4799	142	355	60	113523636	6885	5925	1677	6416	6709	397	5058	1616	842
T Cell Antigen Receptor TCR Pathway During Staph A. Infection WP3863	5604	4773	3937	7124	959	2932	867	5588	3458	10892	3558	5605	5609	5133	915	5777	6237	5290	920	8517	9020	5595	1147	940	27040	4792	1437	3725	11261	1493	84433	2885	925	29851	10598	5335	5601	3702	801	3586	5163	7535	1605	3565	8915	3567	5894	9402	3932	6885	6654	2353	207	1019	1739	1326	4690	5058	3551	5788	4790	2534
Novel Intracellular Components Of RIG I Like Receptor Pathway WP3865	5599	8717	9636	7124	841	8772	79671	10521	26007	23586	3458	9755	22938	3456	56832	6387	64343	5603	8517	1147	3439	3576	54941	4792	79132	64135	6300	843	80143	7186	4214	4793	1540	5970	1654	5600	3627	8653	5602	8737	10010	5601	29110	7187	7189	57506	9641	9140	5300	1432	55593	3661	6885	7706	9474	3551	3665	338376	4790	340061
BMP2 WNT4 FOXO1 Pathway Primary Endometrial Stromal Cell Diff WP3876	4093	6422	4090	1499	10018	4086	650	54361	1634	22943	2308	6750	7044
Exosome Biogenesis Inhib And Secretion Manumycin A CRPC Cells WP4301	5894	22808	5595	5868	4893	5878	3845	5873	10015	3187	9146	6237	5594	369	673	3265	22800	5869
Mechanoreg And Pathology Of YAP TAZ Hippo And Non Hippo Mechs WP4534	10971	7003	5599	71	5063	1495	3688	8463	3690	9448	106821730	6714	3689	3695	3691	3694	9113	3696	70	60485	72	999	7005	8994	57144	5062	6788	25937	4485	1499	5602	3693	59	5601	259230	60	10413	11183	7004	8491	10298	11184	5058	4771	5871	58
Envelope Proteins And Potential Roles In EDMD Physiopathology WP4535	5604	6722	4087	115	114	2010	7043	7040	163183	79188	23353	5605	7112	5594	387	1072	23224	112	6901	5595	3845	111	23592	109	55811	161176	7042	23345	2885	4089	108	1490	196883	55249	4293	3930	3799	6655	8815	5339	113	4893	3265	107	4088	6654
Pathways Of Nucleic Acid Metabolism And Innate Immune Sensing WP4705	84153	103	3661	115004	10535	64135	23586	79621	25939	6041	8635	11277	57506	3456	4938	340061
FGF23 Signaling In Hypophosphatemic Rickets Related Disorders WP4790	5167	1594	5741	84876	6696	8074	5251	595	1585	56975	1026	9365	1758	6098	249	142680	2263	2591	1591	4791	6569	2261	4790
Intracellular Trafficking Proteins Involved In CMT Neuropathy WP4856	5376	9230	7879	4747	81846	8766	9896	3315	53916	9516	79628	5864	10397	121512	54332	1785	10567	26353	1959	90678	5867	9927	23095	8898	5865	57111	4359
Perturbations Host Cell Autophagy Induced By SARS CoV 2 Prots WP4936	6009	64601	2475	5315	8878	6194	115201	1975	81631	64798	4077	55102	8408	55004	9821	57617	55607	10241	5563	27072	55054	8887	10533	8673	84335	9528	9776	64223	65082	9140	55823	3920	57521	79065	11345	10133	338	9474	207	23367	64422	6198	7879	23339
Genes Associated With The Development Of Rheumatoid Arthritis WP5033	3572	1235	115352	23569	4261	6583	958	7185	3685	51744	640	3123	26191	3559	26147	6775	3663	1493
DYRK1A Involvement Regarding Cell Prolif In Brain Development WP5180	1021	2475	1874	10253	273	836	2932	388585	5933	7027	132660	23411	92737	23621	1859	7023	2247	4137	51270	4772	595	7157	64798	63973	4851	55957	286826	1385	91750	2735	3092	7249	5934	5978	1408	84335	26524	23385	2308	51107	3280	64223	7248	7029	1875	57521	5928	351	55851	10238	6598	1027	8893	5663	1019	1452	28514	51053	1759	842	23132
Warburg Effect Mod By Deubiquitinating Enzymes And Substrates WP5216	2475	6513	78990	7428	3099	3939	5290	84101	5223	51547	10869	3791	2203	5230	2538	57695	7422	51633	4609	3091	2308	7874	57646	56957	207	11338
Abnormal Ca Handling And Effects On Muscle Contraction In DMD WP5343	10345	1756	6641	786	1837	487	6261	8082	100137049	844	6442	825	1605	7125
GLP 1 From Intestine And Pancreas Role In Glucose Homeostasis WP5452	5122	6513	5126	3630	2641	2740
Deregulation Of Rab And Rab Effector Genes In Bladder Cancer WP2291	9648	8567	83874	5873	23086	79083	25924	5874	22895	94120	54843	94122	84958	201294	9501	94121
Trans Sulfuration One Carbon Metabolism And Related Pathways WP2525	51380	635	4143	10400	2878	2882	191	4522	1757	257202	501	9468	27232	2730	10797	56994	2937	55349	1491	7298	55224	441024	2936	29958	5130	5723	6649	2572	27430	25902	200895	6472	587	2571	1120	23382	2879	1119	2729	5337	2880	1719	1789	2877	570	102724560	586	153328	4524	4548	6647	1036	29947	5833	2876	23743	64902	1788	55500	29968	26227	6470	10768	1759	10390	275	4144
MFAP5 Mediated Ovarian Cancer Cell Motility And Invasiveness WP3301	3710	8076	5595	6263	5335	3685	5588	3725	5594	5747	3690	7134	1385
Biosynth Of Tetrahydrobiopterin And Phenylalanine Catabolism WP4156	56521	6697	1312	438	15	1621	5860	2643	5409	1719	5053	4129	5805	7054	4128
Control Of Immune Tolerance By Vasoactive Intestinal Peptide WP4484	3567	355	942	940	7040	7432	3458	3586	3558	941	3565	3592	1493
Translation Inhibitors In Chronically Activated PDGFRA Cells WP4566	208	5604	5599	2475	1974	5607	1457	6194	5605	5609	5594	1978	6196	1975	5290	27250	6195	5292	5595	10000	8672	1973	5296	8503	11040	5295	5608	8986	5602	5566	5601	5163	6199	5294	9252	1432	57521	6416	207	6198	1981	5291	5578	5606	1977	5580
Thyroid Hormones And Peripheral Downstream Signaling Effects WP4746	5604	50506	3709	405753	63976	23028	5172	7849	5594	155	6714	51412	7067	7253	23236	84335	3685	6256	5566	4193	8458	64223	5346	1432	11183	51780	389434	7270	9882	114	364	10818	2260	117247	6194	54361	3690	57224	10891	7200	5593	7249	57104	10488	4852	51548	9728	27330	6009	2475	2932	7350	5468	5443	11343	7157	7252	4879	572	152831	389692	1386	1734	4160	1733	5894	57521	9658	3265	842	4881	6469	181	5290	6528	26291	4851	10000	109	7173	6567	7038	5208	2885	1499	7867	53919	7068	2308	7248	6198	1735	6654
Multiple Epiphyseal Dysplasia And Pseudoachondroplasia Genes WP4789	1298	1311	1297	1299	4148	4146
SARS CoV 2 Nsp1 Inhibits Translation Initiation In Host Cell WP5027	8666	8662	8661	10209	8668	1964	1965	1968	8663	8667	8669	8894	8665	3646	8664	1983
mRNA Vaccine Activation Of Dendritic Cell And Induction IFN1 WP5187	51284	3661	64135	23586	8792	7098	57506	3665	3140	51311
Amino Acid Metabolism In Triple Negative Breast Cancer Cells WP5213	23657	6513	29968	26227	6510	5723	2744
Extracellular Vesicle Mediated Signaling In Recipient Cells WP2870	2475	4087	7043	7040	4233	1956	3845	3082	7474	7042	2064	4089	4240	7046	27121	1499	7039	8312	8842	5894	7049	324	7103	89780	207	7048	4893	3265	4088
DDX1 As A Regulatory Component Of The Drosha Microprocessor WP2942	4361	472	10111	54487	29102	1653	4683
Photodynamic Therapy Induced NFE2L2 NRF2 Survival Signaling WP3612	5599	2950	9817	368	4835	9429	2730	5603	6300	3725	2052	3162	5600	1728	4780	2729	8714	1066	1432	2353	10257	1244	140809
Hematopoietic SC Gene Regulation By GABP Alpha Beta Complex WP3657	596	472	5728	2322	2551	7543	6597	2120	2309	1387	4170	598	4089	1789	1786	7014	1788	2553	3002	2033
4 Hydroxytamoxifen DEX And Retinoic Acids Regulation Of P27 WP3879	5604	2475	5605	5594	4296	1978	5290	5595	4217	5296	8503	2872	7249	5295	5608	8569	7248	5562	5894	207	55872	5291	5606	1977	5293
Regulation Sister Chromatid Sep At Meta-Anaphase Transition WP4240	5885	9126	10274	8243	324	9184	699	1062	701	8379	4085	9700	9232	991
Methionine Metabol To Sulfur Amino As And Related Disorders WP4292	51380	27232	4548	1036	635	1491	4143	191	102724560	132	27430
Cells And Molecules Involved In Acute Inflammatory Response WP4493	6403	3827	718	729	3576	3383	3683	3569	3688	730	6404	7124	7412	3676	3552	3689	727
Genes Related To Primary Cilium Development Based On CRISPR WP4536	55081	57560	582	23322	23288	51175	132884	11159	10464	90410	80178	166379	403	28981	23552	11116	85459	79598	80199	55764	55125	51134	200894	585	9851	51174	51715	129880	79363	9731	6993	80817	7289	8655	25776	8195	79959	57534	80173	11158	51057	79600	10300	57545	137392	583	153241	79989	80210	85302	54585	26160	150737	11020	55212	56912	79659	51668	57539	132320	8481	57728	55112	79738	27241	8100	22832	26123	123016	54903	79809	255758	146057	283643	60684	26146	9371	84984	23059	112752	79770	26005	22920	56623	200728	163786	84314	65250	91147	22858	79583	9742	11127	2121	79867	84100	51259	84455	89891	27077	64927	123811	51626	51098
Synaptic Signaling Associated With Autism Spectrum Disorder WP4539	208	5571	6009	2475	116443	8831	85358	2932	627	5728	5594	1978	2906	5290	23237	775	816	5595	3845	10000	5296	5293	2905	8503	5563	2904	2903	7249	5564	5295	814	53632	7337	4915	3265	7248	51422	5562	4763	57521	2911	2902	207	1742	6198	5291	116444	4893	5565	9456
Cholesterol Metab With Bloch And Kandutsch Russell Pathways WP4718	6307	1595	2224	7376	19	2180	6309	3422	4047	10654	9415	9023	2181	7108	6721	6785	6646	83401	4597	29116	6319	2182	1593	39	6720	54898	1718	50814	8435	9619	3158	1717	10965	51478	3992	3157	3930	10682	3156	10858	2194	4598	10062	9453	6713	60481	2222
Eicosanoid Metab Via Cytochrome P450 Monooxygenases Pathway WP4720	5465	1562	1579	66002	5468	2053	284541	1558	8529
MAP3K1 Role In Promoting And Blocking Gonadal Determination WP4872	6093	4216	387	5600	2932	1499	10023	2263	668	8312	4214	5594	6736	54361	2254	6662	10912
Host Pathogen Interaction Of Human CoV Interferon Induction WP4880	5610	5599	3716	23586	6772	4615	8517	1147	51284	4792	10379	64135	4939	3725	3454	3455	7297	8737	7187	29110	7189	57506	9641	4938	1432	6773	3661	6885	148022	2353	4940	3551	4790
SARS CoV 2 Innate Immunity Evasion And Cell Immune Response WP5039	7188	4088	7124	7040	9540	841	8772	3716	8519	3902	23586	6772	2920	6373	3456	3570	682	6387	10563	4599	6347	3576	51284	79132	7186	1437	2919	2921	388372	7020	6372	84868	3454	5196	5473	3455	6374	3066	4928	8480	3627	284340	8737	10010	7187	29110	7189	3586	6348	57506	164	59272	3579	6773	3661	6352	3569	7706	4283	3433	11126	23367	2033	3665	8717	4790
NAD Metab In Oncogene Induced And Mt Dysfunction Senescence WP5046	6513	3553	23411	23410	6517	7157	22933	1994	2539	5970	10850	4191	3159	5562	23057	142	2806	3569	4190	10135	2805	23408
SARS CoV 2 Mt Chronic Ox Stress And Endothelial Dysfunction WP5183	7124	79671	3606	9868	28976	6195	54386	91942	1636	617	51295	5972	183	4790	7187	51103	7189	57506	59272	51548	7014	3569	5245	27035	114548	340061
Resolvin E1 And Resolvin D1 Signaling Decrease Inflammation WP5191	2475	6011	2358	2048	207	5163	5291	5294	1240	1241	5290	5293
Cell Interactions Of The Pancreatic Cancer Microenvironment WP5284	942	7040	3902	8829	6387	7852	6347	1436	3791	729230	1437	1234	1493	3627	7422	356	2833	1435	941	1438	3122	355	6352	3123	9531	10581
Sterol Regulatory Element Binding Proteins SREBP Signaling WP1982	5571	1595	2224	2475	7376	6396	3422	4047	51586	23411	4023	51360	5468	11236	7528	5290	6721	10802	3949	51141	9632	84532	26291	10427	949	9871	3630	820	4800	4597	31	1622	5950	25956	1385	5563	6319	6667	6720	5564	22926	51128	10484	57678	2931	8720	267	5566	53632	10483	3638	1024	51422	5562	3157	3837	22937	22872	23175	3156	133522	2194	207	4190	56681	47	6713	5565	2222
Hair Follicle Development Cytodifferentiation Stage 3 Of 3 WP2840	64919	1523	1824	3866	2354	6662	6925	43847	7704	3516	654	4089	10804	55806	3880	5650	11005	25818	4853	4345	337879	22822	23581	4772	25928	9355	5653	7474	3725	9622	94234	2625	26085	2619	6275	947	1959	8321	3228	6868	27122	6657	3488	284110	8456	652	8549	6422	1747	3458	4488	730755	1991	404203	23560	6929	1490	2304	657	147409	3479	864	26018	2353	254950	1828	11197	80070	51176	85293	22943	8626	1956	4851	337966	64065	2908	1499	27121	4086	10468	8842	4254	55507	4487	4790	2736
EV Release From Cardiac Cells And Their Functional Effects WP3297	6004	2066	10365	4602	6387	5617
Physico Chemical Features And Toxicity Associated Pathways WP3680	5604	5599	5217	2932	10096	4747	4638	867	5594	387	2890	9475	6714	1956	11211	8325	4632	4744	51384	7855	3725	375189	1026	7481	7976	2064	2885	7114	8322	5335	8323	4842	2066	8326	1499	4609	5216	7039	8312	5747	5294	4741	5894	6647	6464	1855	8321	2876	324	1027	2335	23002	2535	207	8324	10097	6416	4690	5058	5515	6776	345456	8536	2002	58	6654
PI3K AKT mTOR Signaling And Therapeutic In Prostate Cancer WP3844	6009	2475	4303	2932	5728	1978	7942	5290	3845	2309	253260	2887	5296	9821	8408	4846	8503	7249	572	5295	79109	5163	5294	2308	9776	64223	57521	1027	207	5291	4893	3265
Hereditary Leiomyomatosis And Renal Cell Carcinoma Pathway WP4206	5571	6513	9817	5162	54583	6194	3939	5160	7157	8452	31	5564	4891	7422	4780	5163	3091	5562	32	5161
Major Receptors Targeted By Epinephrine And Norepinephrine WP4589	115	114	108	111	154	152	151	196883	153	109	55811	113	146	107	112	150
GPR143 In Melanocytes And Retinal Pigment Epithelium Cells WP4941	115	5579	2778	5332	4157	5443	5330	4286	409	5176	2776	5568	2769	6490	1385	5567	23236	108	2315	196883	7422	408	434	5566	7306	7299	1638	3708	5331	4935
Female Steroid Hormones In Cardiomyocyte Energy Metabolism WP5318	208	2101	2099	4547	4846	5465	6794	133522	338	6648	47	6517	3032	34
Induction Of Autophagy And TLR Signaling By Graphene Oxide WP5336	84557	7124	8678	3661	3458	54106	7189	7099	3456	4790	4615
Effect Of Omega 3 PUFA On Huntington 39 S Disease Pathways WP5470	712	5604	19	22930	841	5728	3064	5594	30849	2563	79899	6721	4294	598	146850	5564	2562	84335	5601	4976	9252	64223	637	4155	6416	1595	5266	596	3553	348	627	836	64137	5286	5287	1978	3798	5288	55879	2560	10891	2568	2565	5296	7249	9001	2554	9619	2557	53632	4915	3708	5562	3157	3569	3156	54806	10858	5291	1977	2002	5293	208	7376	6009	5599	2475	840	25942	5609	2558	64798	6558	253260	5864	2564	5563	572	2566	2555	3066	2561	3158	5602	1717	5294	5894	57521	10018	3551	664	5565	3265	2556	5571	3065	5605	5290	1956	5595	10000	23533	57468	2567	2559	8503	1385	6667	5295	5978	4790	7248	51422	581	1950	2911	207	6198	1152	4760
Transcription Factors Regulate miRNAs Cardiac Hypertrophy WP1559	208	7040	5923	50804	207	6774	5534	4790
Mammary Gland Development Pathway Involution Stage 4 Of 4 WP2815	3572	7157	581	9021	1869	4318	4609	1116	6774	999
TCA Cycle Nutrient Use And Invasiveness Of Ovarian Cancer WP2868	1956	5595	3716	6774	5594
DNA IR Double Strand Breaks And Cellular Response Via ATM WP3959	545	7161	5884	472	836	10524	25	5888	86	79648	1020	5591	4683	3014	4361	641	9025	7157	675	1869	5883	9113	995	1111	5111	7158	5893	3297	578	672	55183	8243	9656	6788	79035	1386	1029	9156	317	4193	5976	7189	9126	11200	10155	637	581	142	7014	10413	10111	2177	64421	11186	842
Epithelial To Mesenchymal Transition In Colorectal Cancer WP4239	5604	117581	7479	24146	3678	1000	5594	137075	53842	182	10686	51208	1364	23562	11211	8325	9518	3397	6300	1366	6935	3516	4089	1284	8322	8326	4855	10683	56648	1432	4313	4040	2335	6416	7048	7472	3398	5606	9080	4853	7476	7991	5318	7471	8999	54361	56649	92359	5317	9839	9074	10016	5296	51384	7473	7474	49861	7182	9076	94234	100132463	5600	26524	7189	100506658	5310	81029	8726	6464	8321	8788	89780	5058	5291	114793	5293	208	7484	5599	4087	1832	54567	7040	2932	6591	2305	7122	4318	4324	26285	7157	9071	3845	9069	7475	7042	999	23512	80224	8323	5010	2146	3091	1285	8828	64398	5894	80326	1287	2535	6655	11171	28514	1286	3265	58190	7043	7291	7477	4854	2303	7448	7483	5605	1282	4041	7478	5290	7082	5603	5595	5629	4851	1365	10000	7855	1288	8503	6678	149461	7481	7976	4209	2885	5295	6615	5608	7046	1499	9075	3714	9073	7480	7482	5928	8324	207	3728	4088	6654
Oligodendrocyte Differentiation Leading To Myelin For CNS WP4304	116448	3553	7124	429	6469	6663	2920	6660	4099	6662	2247	4661	10215	137814	4974	2919	30812	55553	4340	5155	650	3479	3976	5354	4155	4821	1267	1270	652	2736
Somitogenesis In The Context Of Spondylocostal Dysostosis WP4785	84667	145873	4851	134701	6911	28514	10683	2043	3955
Pathogenesis Of SARS CoV 2 Mediated By Nsp9 Nsp10 Complex WP4884	917	55922	3127	1401	920	926	3576	916	925	3543	3929	7535	914	3122	64386	3932	3569	3123	919	10394	2534
Interactions Of Natural Killer Cells In Pancreatic Cancer WP5092	5817	7124	5551	102	4277	3458	6346	9437	22914	100507436	6347	2624	2214	1437	388372	259197	4609	10666	6348	2308	6868	6352	201633	100532731	3002	374383	10225
Complement Mediated Inflam Of Pulmonary Alveolus In COV19 WP5148	718	78989	59272	729	728	730	2219	719	731	735	10747	727
Vitamin K Metabolism And Activation Of Dependent Proteins WP5186	29914	2158	1728	2147	2159	5627	2155	2677	154807	8858	79001	84883	5624
Mod Of PI3K Akt mTOR Signaling By Bioactive Sphingolipids WP5192	56624	2475	1901	3480	5337	207	56848	64781	1903	3091	10715	7248	4790	5290
Glucose Metabolism In Triple Negative Breast Cancer Cells WP5211	6513	5315	54704	5214	6566	5163	3098	3939
Arsenic Metabolism And Reactive Oxygen Species Generation WP5233	7416	57412	4535	6647	7386	476	6389	9446	847	28958
Estradiol Regulation In Porto Sinusoidal Vascular Disease WP5235	2099	3782	801	6670	6667
Extracellular Vesicles In The Crosstalk Of Cardiac Cells WP4300	967	5728	4318	6696	1956	975	2626	2114	8470	3315	3791	332	10611	6774	7099	3479	6647	1950	3569
Complement System In Neuronal Development And Plasticity WP5090	712	10461	966	841	50855	2011	4179	23250	727	1524	728	3685	719	356	1675	286410	10487	8547	1604	5584	637	715	713	4155	84552	725	57198	836	57194	9191	10584	3690	4140	3689	64478	56616	2621	4240	714	720	729	84612	55061	148229	730	5205	317	5648	56288	733	6376	731	27429	717	78989	840	2220	7040	4153	1378	3458	3993	7301	5590	716	2219	3687	23418	7042	578	710	718	629	10207	64398	722	355	57048	286204	842	7043	5359	23513	3684	5627	7448	9787	558	81035	843	54205	4139	3426	735	10747	331	581	3075	5199	27202	1191	1380	57088	732
Acquired Partial Lipodystrophy Barraquer Simons Syndrome WP5104	718	2339	4001	4000	9986	629	1675	84823	23463	727
Male Steroid Hormones In Cardiomyocyte Energy Metabolism WP5320	3294	3293	6716	1586	8644	3283	51171	6715	54658	1583	3284	1588	6817
Sudden Infant Death Syndrome SIDS Susceptibility Pathways WP706	2100	388585	6550	121278	7532	7018	1746	3032	3570	3552	226	5087	1137	8553	5576	7259	1051	9722	401	6330	5566	11076	3350	1129	4128	3764	10664	3030	361	2784	117	4821	55800	2902	10971	1644	3553	116	6640	7124	627	836	3356	6863	79923	5979	6670	10891	3557	3725	4904	4204	5567	2538	55536	4152	7433	720	7422	2554	2625	4915	5354	1889	9734	478	3569	30012	6657	54738	2033	4803	859	7161	1141	4208	1958	2305	5575	291	6095	429	5452	1374	6331	6750	6869	7166	3757	6751	1387	2597	1143	3784	6844	8929	4150	6616	34	6929	4010	4602	23171	5460	3091	864	4824	551	133522	4791	6507	2328	54862	5053	1139	3065	3596	3359	5316	5573	1390	7054	367	6532	2624	3576	4800	2697	7434	1385	7184	6667	5978	7533	3329	2908	7529	5454	1499	7068	4790	6752	3586	3280	6711	1103	4133	7531	7534	2019	10522	6262	2645	4760	5577
Physiological And Pathological Hypertrophy Of The Heart WP1528	5599	5532	5579	5581	5594	387	1906	3572	2626	3725	5530	5600	183	817	1489	801	6774	3977	1432	5879	4776	2353	50804	6035	5606
Interactions Between LOXL4 And Oxidative Stress Pathway WP3670	84171	7040	3490	1728	11140	2335	4780	6839	54536	308	650	23411	780	2252	5310	4899	51295	1280
RIOK1 And RIOK2 In EGFR And PI3K Mediated Tumorigenesis WP3873	208	1956	83732	2475	7157	2309	5728	55781	6135	253260	10000	207	79109	64223	5290
Degradation Pathway Of Sphingolipids Including Diseases WP4153	4759	5660	2581	10825	2629	4864	2720	3074	3988	129807	950	2717	4758	2760	10577	410	3073
lncRNA In Canonical Wnt Signaling And Colorectal Cancer WP4258	1021	6425	83999	1459	5328	8325	11211	5176	9350	10297	3190	6932	8326	55506	27123	4040	10023	7472	7476	6424	7471	50964	54361	283106	595	467	122011	51384	7473	7474	3725	147111	1487	1024	896	59343	81029	1460	23401	8321	89780	1452	2932	8061	6422	1457	64321	57680	4920	6934	85409	56998	7475	6259	6929	3192	8323	4609	2146	85407	83439	1856	1855	80326	6885	324	2535	51701	6423	894	11197	1454	80319	7477	51176	1488	22943	4041	4919	7855	7020	7481	7976	8607	1499	27121	8312	7480	7482	8313	1857	8324	64840
Altered Glycosylation Of MUC1 In Tumor Microenvironment WP4480	4582	5970	8517	1147	7124	3569	4792	3551	4790
Gamma Glutamyl Cycle For Glutathione Including Diseases WP4518	79017	1800	2937	2678	2729	26873
SMC1 SMC3 Role In DNA Damage Cornelia De Lange Syndrome WP5118	4361	672	472	9656	56852	10111	8243	22976	9126	4683	5885
Roles Of Ceramides In Development Of Insulin Resistance WP5181	5610	5599	2081	2180	7124	3643	3667	6517	7132	5590	7185	3630	948	5295	8660	389692	53632	3651	1375	5515	207	6198	55512
Relevant Molecular Pathways And Targeted Agents In TNBC WP5215	208	5604	2475	5728	3667	5605	5594	1978	79899	5290	367	5595	3845	64798	4893	253260	10000	10038	7249	8821	2885	5295	84335	79109	5163	9894	64223	7248	5894	142	57521	6655	207	6198	369	673	3265	6654
Nanoparticle Mediated Activation Of Receptor Signaling WP2643	5604	5599	3688	5605	5594	6714	1956	374	5603	3845	10000	6300	2885	5600	5602	5601	5747	7094	3265	5894	1432	3672	1277	2335	6654	4893	5829	5293
Mammary Gland Development Pathway Puberty Stage 2 Of 4 WP2814	2099	2064	595	1950	374	7431	5241	7076	8061	2335	4609	6776	8204
Photodynamic Therapy Induced Unfolded Protein Response WP3613	57761	2081	121506	811	3309	5611	7494	467	7324	4677	7184	7453	22926	6783	4189	9451	83939	4780	1649	9695	27113	10130	23645	51726	440	10018	468
Metabolic Pathway Of LDL HDL And TG Including Diseases WP4522	9388	3949	4547	19	302	949	3990	348	26119	338	335	344	4023	336	1071	3931	255738
Transcription Co Factors SKI And SKIL Protein Partners WP4533	7005	10461	3065	4763	23314	7003	6788	7004	8841	26524	9113	25942	8463	6497	3622	6498	10419	4204
mBDNF And proBDNF Regulation Of GABA Neurotransmission WP4829	627	5728	387	2563	163	1390	55879	5290	2558	2560	4804	2568	3717	2565	5296	57468	2564	2567	2559	8503	1385	2566	2555	2562	5295	5335	161	160	2554	2561	2557	6774	4915	5294	6093	6464	5291	2556
Prostaglandin And Leukotriene Metabolism In Senescence WP5122	239	2778	2770	6916	23411	9536	5730	2776	5743	5742	4056	109	1026	5733	23236	5734	5600	5732	5731	127281	4048	5321	241	247	240	5925	5740	3488	246	3265	10800
Disorders Of Bile Acid Synthesis And Biliary Transport WP5176	5243	5825	9420	80270	28234	6342	1109	10599	1581	8647	123264	1593	23600	5244	6554	11001	5205	6718	200931	1582	6555	10998	570	8309	3295	8714	2172	10257	1244
Prostaglandin And Leukotriene Metabolism In Senescence WP5321	239	2778	2770	6916	23411	9536	5730	2776	5743	5742	4056	109	1026	5733	23236	64174	5734	2678	5600	5732	5731	127281	4048	5321	241	2687	247	240	5925	5740	3488	246	3265	10800
Involvement Of Secretase In Neurodegenerative Diseases WP5372	208	23435	351	5641	627	5516	10000	207	6772	6733	1051	4915	23621	6418	4137	4129	6622
Growth Factors And Hormones In Beta Cell Proliferation WP5385	208	3643	2305	339122	5594	200186	1017	5595	3845	3630	3480	10000	4092	5228	7046	5154	2321	4609	3651	3479	2308	8788	207	1019	11186	673
Electron Transport Chain OXPHOS System In Mitochondria WP111	4509	1347	1339	4720	4711	1353	1350	10063	4712	1329	518	8923205	515	6389	1355	4538	4718	4713	4729	4709	9016	10632	6341	517	498	1337	7381	4707	1349	6391	4541	4726	4717	6775079	293	126328	4725	539	6775074	8923202	1327	4697	7352	4700	4536	7351	9167	7388	4715	521	4508	4723	10476	4704	509	4537	51079	291	4695	4714	7350	6392	374291	9551	93974	4539	4710	4702	4731	1340	6834	9481	6390	513	6775077	522	516	4514	7386	7385	4694	9377	55967	4708	4705	7384	1351	292	4701	4696	4724	4698	4706	4722	4716	27089	506	4728	4535	27109	514	1346	4512	1345	6775076	10975	4513	29796	4719	4540
Nucleotide Binding Oligomerization Domain NOD Pathway WP1433	50506	3320	3553	840	147945	841	9447	55655	3606	9744	51079	838	58484	22861	10392	10980	8517	1147	14	4792	4671	22900	84674	639	64170	64127	5970	91662	834	199713	8767	10910	55914	331	5879	338322	6035	3551	29108	4210	114548	842
TNF Related Weak Inducer Of Apoptosis TWEAK Signaling WP2036	208	8742	7188	3065	5599	840	7124	2932	836	841	8772	5594	9020	5595	1147	7185	4792	7186	3725	329	4793	5970	5971	330	1499	8737	7187	5601	5894	1432	5879	6885	51330	4791	6035	207	3551	84676	4790
Photodynamic Therapy Induced HIF 1 Survival Signaling WP3614	3484	6513	7043	5315	6566	54583	405	55662	3939	5160	3486	665	1906	7157	5054	5211	5743	284	4843	4170	332	285	5230	598	578	7422	2056	7039	3091	3098	5366	3485	637	581	6515	664	597
Photodynamic Therapy Induced NF kB Survival Signaling WP3617	3553	7124	959	4318	5966	2920	3558	3552	7132	595	5743	1147	3576	1437	332	329	599	4314	5970	112398	5971	7422	330	6401	7189	8837	4313	3383	3569	4791	7412	3551	4312	4790	597
H19 Rb E2F1 And CDK Beta Catenin In Colorectal Cancer WP3969	595	182	6659	5925	1869	1499	7289	1019	1466	1024	5469	5366	9555	999
Metabolism Of Sphingolipids In ER And Golgi Apparatus WP4142	7368	2683	8879	7357	2583	166929	8708	8877	130367	56848	64781	256435	2589	2531	8704	259230	57452	8706	8707	204219	81537
Regucalcin In Proximal Tubule Epithelial Kidney Cells WP4838	2475	4087	5741	7040	836	841	5594	5534	796	90550	5153	2865	5290	7132	4217	8600	10146	578	4089	9104	7046	56302	4842	59	317	5894	581	207	673	89866	842
Overview Of Proinflammatory And Profibrotic Mediators WP5095	11009	6696	2920	6346	64806	3552	10563	3447	414062	50604	5196	6374	51561	9547	2056	1489	6360	1435	1440	50616	3592	3976	3567	26525	29949	58191	6352	3452	246778	6363	27177	10344	6368	3553	7124	56832	6387	27178	55801	3557	3605	3451	4049	6359	5473	27189	6369	7422	282618	10148	3442	27190	3569	6376	3440	6364	3589	85480	3445	7040	3606	4318	5197	10673	3458	3558	6373	3456	3593	27179	3562	6846	6347	6358	6370	112744	2919	282617	2921	388372	6372	4314	3444	3443	59067	282616	5008	3627	284340	10850	90865	3565	8741	6355	1270	3600	6367	4312	84639	3596	3578	3446	6366	56477	374	3576	3439	6375	3448	1437	6362	6354	3574	6361	3449	3441	6348	3586	53342	6357	56300	6356	386653	4283	3467	4790
Fatty Acids And Lipoproteins Transport In Hepatocytes WP5323	6770	19	2180	348	26119	344	376497	4035	2181	10577	255738	3949	23305	51703	949	6646	6272	29116	1622	7416	8435	2169	10948	341	11001	11000	3988	2167	4018	337	338	2170	2168	114879	10999
SREBF And miR33 In Cholesterol And Lipid Homeostasis WP2011	6721	3157	3949	2475	5465	19	51548	10891	3156	51586	2194	23411	10062	6319	6720	5562
Photodynamic Therapy Induced AP 1 Survival Signaling WP3611	7188	5599	596	3320	7124	602	8743	3458	5609	3558	7132	1956	595	7157	5603	890	898	4217	6300	7186	4170	3725	3726	1026	598	578	5606	5608	5600	4780	1386	1029	356	7189	8837	90427	637	581	1432	355	4313	5925	3569	6416	10018	2353	5156	2252	1839	2002
lncRNA Mediated Mechanisms Of Therapeutic Resistance WP3672	5243	7157	7475	3091	1026	598
ApoE And miR 146 In Inflammation And Atherosclerosis WP3926	5970	348	3654	4791	7097	7189	7099	6688
Mitochondrial Complex I Assembly Model OXPHOS System WP4324	54968	4701	4696	51079	55744	4695	4707	4714	25915	4724	28976	4720	51300	4711	4541	90871	4712	4698	4726	4706	54539	4539	4710	4717	4722	4702	91942	4716	4538	51295	4725	4535	55471	4731	4718	80224	4713	4729	25880	4700	51103	4709	4536	55863	4694	55101	4715	55572	29078	55967	4719	4723	4708	4705	4540	137682
Ca Mediated T Cell Apoptosis Inclusion Body Myositis WP5142	3065	4773	5532	85450	3164	824	5533	920	926	487	23523	5530	4209	3066	925	5335	801	7535	3932	2033
Biosynthesis And Turnover Of 1 Deoxy Sphingoid Bases WP5179	8877	130367	9517	2531	56848	10558	427	81537
Hair Follicle Development Organogenesis Part 2 Of 3 WP2839	3688	10913	51176	3911	6469	8626	4041	595	7474	2246	860	23560	1896	2735	999	6615	5154	1499	4609	2263	4790	10804	344167	8321	5727	6608	4684	5156	894	652	3624	2736
NOTCH1 Regulation Of Endothelial Cell Calcification WP3413	6303	54567	249	4851	3672	7422	813	28514	2261	10683	2702	1902	3714	4256	182	5327	55553
ncRNAs In Wnt Signaling In Hepatocellular Carcinoma WP4336	6425	83999	1459	5328	8325	11211	5176	9350	6932	9314	8326	27123	4040	10023	7472	7476	6424	7471	50964	54361	283106	595	122011	51384	7473	7474	1994	3725	147111	1487	896	59343	81029	1460	23401	8321	89780	1452	2932	8061	6422	1457	64321	57680	4920	6934	85409	56998	7475	6259	8323	4609	2146	85407	83439	1856	1855	80326	324	2535	51701	6423	894	11197	1454	80319	7477	51176	1488	92140	22943	4041	4919	7855	7481	7976	1499	27121	83595	8312	7480	7482	1857	8324	64840
Intraflagellar Transport Proteins Binding To Dynein WP4532	112752	79659	6993	51668	57560	1780	83657	57539	8655	57728	55112	140735	64792	6990	1781	1778	9742	28981	55764	1783	51143	255758	89891	83658	11020	51626	56912
Vitamin D Sensitive Calcium Signaling In Depression WP4698	596	3709	1594	23028	6546	121278	2915	23135	2906	221656	5816	492	775	7166	490	2905	2936	7421	2539	1593	2904	2903	491	3786	3710	3785	2678	4780	2729	793	6256	3708	55818	1128	493	2902
STING Pathway In Kawasaki Like Disease And COVID 19 WP4961	3553	4794	79671	5966	3456	79792	8517	1147	4792	2212	5970	115004	4790	29110	3708	9641	3661	2152	3551	114548	340061
Nucleotide Excision Repair In Xeroderma Pigmentosum WP5114	7507	84464	2968	10714	8334	1069	3150	4331	2967	7508	3020	5984	1161	2068	5425	2071	51426	54107	56852	9978	7515	5887	5985	5111	57654	9557	6119	2965	1642	5982	57804	2072	672	6118	404672	3980	5429	5427	5981	902	56949	7874	5426	5886	6117	2067	1022	3978	8451	142	2966	2873	5983	5424	2074	121504	56655	1643	8450	128710
NIPBL Role In DNA Damage Cornelia De Lange Syndrome WP5119	545	9025	472	9656	11335	165918	25836	3014
Neurogenesis Regulation In The Olfactory Epithelium WP5265	4914	4208	2932	627	23028	429	8851	1020	5979	2011	5649	6387	182	4137	7436	4361	4803	4804	23462	6925	4851	3397	81565	3605	7804	3084	8650	4204	5080	6929	27185	64218	2066	55179	9148	4609	4131	4915	9253	6774	3280	4916	5048	65078	351	23129	50674	57142	5663	6657	28514	375790	4133	3398	1600	51738	4760
Genetic Causes Of Porto Sinusoidal Vascular Disease WP5269	51311	54567	79415	79631	54106	5594	51142	84701	4688	285556	5595	4851	50508	2969	4689	57514	3516	6667	2099	998	51119	1716	4855	221336	57572	695	1536	51523	5879	285203	3692	6035	1535	3782	653361	4790	79801	25998
Chronic Hyperglycemia Impairment Of Neuron Function WP5283	7442	64066	6513	5579	5581	5583	23683	4320	627	4316	4326	4318	4317	5588	4324	8277	10893	5582	5590	6335	6336	4843	79148	4327	118856	4314	6616	718	4325	6334	8989	6652	4321	4319	5584	9313	64386	6515	4322	4313	8510	4323	177	5578	4312	5580
Insulin Signaling In Adipocytes Diabetic Condition WP3635	208	9882	2475	3643	3667	6194	6198	6517
Cell Type Dependent Selectivity Of CCK2R Signaling WP3679	23236	2776	6262	6263	1268	2770	7220	952	887	885	3708	6261	747
MAPK And NFkB Signaling Inhibited By Yersinia YopJ WP3849	5894	8517	9020	5608	1147	4792	4214	5594	3551	6237	7189	4790
miRNA Regulation Of P53 Pathway In Prostate Cancer WP3982	472	836	841	5728	8795	143686	7157	5054	192668	64065	6477	317	4193	9538	5366	11200	27113	637	581	63970	64393	51246	1643	842
Mevalonate Arm Of Cholesterol Biosynthesis Pathway WP4190	3157	2224	38	91734	3156	3422	4598	9453	4597	39	10654	3155	2222
Suppression Of HMGB1 Mediated Inflammation By THBD WP4479	5970	8517	1147	177	4792	7056	3551	4790	3146
Endochondral Ossification With Skeletal Dysplasias WP4808	2688	5167	4208	5741	7040	1028	655	9507	4318	6696	2260	6660	6772	5328	50515	6662	2247	5327	9759	2737	5745	7078	54407	9510	11096	3480	7067	85477	5744	860	7042	2690	55553	871	654	1280	1473	11127	6777	249	8100	7422	2487	4921	5566	801	657	51719	3479	3549	3157	864	4322	5727	579	1515	176	8817	207	2261	3481	4256	1300
TGF Beta Receptor Signaling In Skeletal Dysplasias WP4816	4088	81794	4087	4093	7124	7040	9719	51176	3716	10637	4090	7471	6696	6772	3458	9839	7057	5054	5595	23090	4091	3694	7050	25805	4092	1387	3725	860	8928	4089	9241	7046	2280	1499	4086	4790	5601	10468	6774	4052	2022	7030	6498	7044	3976	1950	864	4054	7049	2200	2353	9372	6497	2033	7048	3265	652	3624
Kisspeptin Kisspeptin Receptor System In The Ovary WP4871	208	268	5604	6770	5579	5581	5583	5332	3283	4318	5588	5605	5594	1583	5330	409	5290	5582	5595	3845	4893	2492	23236	9210	3814	2661	408	5163	5294	5331	5894	84634	207	5291	5578	3265	4790	5580	5293
JAK STAT Signaling In The Regulation Of Beta Cells WP5358	208	2688	2475	2305	6772	3458	3570	3845	4893	3717	2057	10000	2690	1154	9021	6777	3460	8651	84335	5618	2056	6774	64223	896	8835	57521	3569	6776	207	1019	3459	3265	894	5617
Bone Morphogenic Protein Signaling And Regulation WP1425	10766	4089	10140	860	658	9241	4091	4086	659	650	657	57154
Interactome Of Polycomb Repressive Complex 2 PRC2 WP2916	9774	23515	5931	23512	8726	9967	5928	3720	8178	2146	11329	22823	23064	121536	2145	23087
Nuclear Receptors In Lipid Metabolism And Toxicity WP299	5243	5465	19	5825	1594	5467	5468	5915	1555	225	9970	1592	1581	8856	1544	8647	7421	1571	1579	5244	1576	9619	1582	8714	5916	5914	64240	1591	9971	1244	1580	10062	1559
Amplification And Expansion Of Oncogenic Pathways WP3678	6934	3371	7852	6932	4851	51176	10631	7422	7428	7412	7472	5294	83439	2034	6714	182	9595
Mitochondrial Long Chain Fatty Acid Beta Oxidation WP368	1962	788	1632	35	2180	80221	1374	3030	3033	55825	1376	6342	2181	2182	37	33	34
Factors And Pathways Affecting IGF1 Akt Signaling WP3850	4088	2475	4087	3688	2932	5728	3667	93	7132	84557	10891	64798	4703	3480	253260	8892	8976	5564	8744	84335	5337	79109	4790	5163	5294	3479	64223	3611	57521	207	2660	3488	6198	114907	84676	1977
Bile Acid Synthesis And Enterohepatic Circulation WP4389	3949	8087	5595	64241	64240	2264	6554	1581	6555	5594	8647	9965
Type I Collagen Synthesis Osteogenesis Imperfecta WP4786	387733	4015	649	90993	7471	55151	51360	8792	4982	4041	5479	5176	10491	8600	9509	64175	1278	60681	871	79709	8720	121340	375056	5033	3708	5352	55214	8321	5034	1277	4040	8974	5351
Cholesterol Biosynthesis With Skeletal Dysplasias WP4804	1718	1595	50814	3930	10682	6309	1717
Host Pathogen Interaction Of Human CoVs Autophagy WP4863	2475	53349	30849	115201	84557	5289	8408	9821	9706	55054	10533	8678	55062	9776	9140	89849	83734	9474	64422
Host Pathogen Interaction Of Human CoVs Apoptosis WP4864	596	840	7124	836	841	8772	5603	6300	4170	598	572	5600	356	317	27113	637	581	1432	10018	207	842
SARS CoV 2 And ACE2 Receptor Molecular Mechanisms WP4883	4142	7113	185	5972	183	1636	59272
Development Of Ureteric Derived Collecting System WP5053	80000	158326	23399	3688	4086	655	79633	6469	5979	2296	10252	5915	653	3730	5087	6928	595	57216	2737	2674	5076	3975	4613	2668	7042	10736	7481	2735	9620	2719	23426	6091	1499	341640	2263	80144	650	10468	2625	6299	657	10220	3611	2118	8516	5914	5916	7490	2138	6092	3237	6608	659	6495	9353	168667	51232	3207	652	2736
Modulators Of TCR Signaling And T Cell Activation WP5072	3937	1606	8525	4068	917	26523	8065	5588	10892	5777	6923	5966	868	915	399	677	84065	8517	9020	1147	940	27040	4792	9616	5296	5094	5170	7409	916	4716	9158	10019	4209	5922	84433	2885	5295	5970	921	925	7128	5335	8651	10672	3702	7189	7535	10425	8915	53347	9402	3932	6598	1027	58490	207	1326	11184	919	3551	4790
Brain Derived Neurotrophic Factor BDNF Signaling WP2380	5604	5607	4914	2892	25970	1000	4905	8851	5594	2890	6714	2891	6195	23373	1965	3717	4792	8844	2562	4908	814	5601	6774	9252	10746	1432	5879	6035	4690	6776	653361	5792	5598	2534	2902	3781	627	836	10818	6194	1020	1978	4137	5296	5170	3725	6272	4904	2185	10603	25759	7249	5970	6777	10399	998	391	57498	4915	7189	10048	5562	32	6464	6868	1268	4803	1977	2002	5599	2475	4208	2932	8440	1457	8878	4205	1072	4688	8517	6853	815	4082	5864	4214	5563	53358	572	8660	1938	23426	84894	5335	6197	5602	5781	10451	4916	5894	399694	6792	324	5515	4684	1739	3551	3265	8536	5580	23191	7410	3738	3667	5923	6772	5605	10642	5595	4804	1147	2309	1385	2904	2885	5295	1499	8894	55816	7074	1795	4776	5906	10817	1808	207	6198	140885	4790
Insulin Signaling In Adipocytes Normal Condition WP3634	208	9882	2475	3643	3667	6194	6198	6517
Splicing Factor NOVA Regulated Synaptic Proteins WP4148	23154	3763	858	9568	10752	5332	23136	1000	4756	8573	22938	3778	5590	288	490	57863	54386	22883	2037	23332	2035	2904	1448	2566	3785	22854	10243	23705	4134	5601	6813	5909	1946	818	2898	5596	2036	334	375790	2054	1600	2902
Effect Of Progerin On Genes Involved In Progeria WP4320	126961	3065	23468	1108	23028	51176	6839	3020	7157	1107	8350	8932	1869	57504	9112	6720	5931	3066	51763	11335	9219	5928	5925	10951	53615
Relationship Between Inflammation COX 2 And EGFR WP4483	208	673	5594	6714	5290	1956	5595	5743	3845	10000	51365	5733	1588	2099	5734	5732	5731	5294	80142	207	5291	4893	3265	4312	5293
FBXL10 Enhancement Of MAP ERK Signaling In DLBCL WP4553	126961	474382	3020	5594	3014	55766	8350	94239	604	5595	54880	84678	23512	2146	1848	6045	55506	474381	8726	84759	3015	9555
Affected Pathways In Duchenne Muscular Dystrophy WP5356	4088	292	4087	10345	3709	7124	7040	10105	84876	4318	2813	6696	5328	90550	1991	3552	2243	5054	7222	10280	1756	4792	2244	782	487	1837	2266	4843	7220	642658	7225	844	3313	6442	6261	5563	9804	781	2735	50507	4353	6786	3710	4089	7416	5320	185	1490	7046	2280	8082	817	778	3586	5321	3708	825	1605	7135	5562	1536	783	4313	3569	786	55013	779	6588	10394	7048	51669	6641	4790	842
HDAC6 Interactions In The Central Nervous System WP5426	4287	3320	3308	1459	3064	5594	2890	84557	4739	2891	92482	10146	55140	3297	6446	23435	8997	2931	11076	7001	23400	6622	1536	5879	4282	6035	23678	3301	596	348	627	2617	4137	156	22933	9627	4217	5887	1820	4092	2185	10381	2547	7415	7431	79885	991	1460	7277	8518	9734	10133	10013	4190	2033	4723	5599	4087	5581	2932	10524	7428	8878	1080	4615	5590	5071	3315	10121	10537	10273	5499	84790	4131	3091	4627	3312	5460	324	1742	203068	1740	9636	7291	3700	6469	50943	1639	1956	6790	5595	7278	22919	2078	2521	332	1781	6667	5052	57472	2017	2908	11315	1499	55288	285025	57634	8842	6647	581	207	60672	5829
Arrhythmogenic Right Ventricular Cardiomyopathy WP2118	71	1832	1495	2010	3688	5318	51176	1824	3679	3678	6546	1000	9254	1674	3690	29119	3674	6934	784	8515	775	3695	6262	1756	87	55799	3691	782	2697	3694	89	10369	1829	3696	3676	6442	785	776	781	6443	3655	3680	6932	3685	27092	4000	1499	22801	3693	778	59283	6444	83439	6445	1605	488	81	93589	8516	59285	60	783	3673	3675	3672	786	1496	779	27091	3728	3908	10368	88	59284
Primary Focal Segmental Glomerulosclerosis FSGS WP2572	10971	3987	64423	5329	3688	7040	5420	1028	3911	3856	1000	55742	7448	7471	1378	22943	3690	7414	4041	182	51196	50485	816	3664	4851	5076	5800	3691	4643	5111	7225	1026	1514	84623	7431	9076	4010	5335	3685	23607	1499	950	7402	5747	4627	1285	941	1605	2195	81	84063	3611	7094	7099	7490	3913	3675	4288	1287	7827	4040	977	1027	207	4690	11346	375790	1286	4311	4868	1759	2534
Transcription Factor Regulation In Adipogenesis WP3599	5599	7291	7124	3643	3667	3952	5468	6517	10891	1051	1385	8660	2908	5106	6256	9370	2308	8204	1052	1050	23175	3569
Development And Heterogeneity Of The ILC Family WP3893	3596	3553	7124	64919	6095	3606	3458	64806	6927	3578	3593	85480	8320	374	4783	7704	3605	30009	196	3574	51561	2625	90865	50616	3565	3592	3567	9760	3569	2672	3398	3600
Tryptophan Catabolism Leading To NAD Production WP4210	23057	349565	54981	27231	51166	8564	55191	23475	125061	10135	93100	23498	8942	6999	3620	64802
Transcriptional Cascade Regulating Adipogenesis WP4211	1959	28999	1050	2624	688	2625	10365	1649	1051	5468	1054	6720	1052
Non Genomic Actions Of 1 25 Dihydroxyvitamin D3 WP4341	5333	91543	5599	958	9636	5579	5581	1594	5583	959	5598	5332	3716	7124	6772	5588	3458	5594	6257	6670	100289462	5330	7132	2113	51196	5582	10964	6347	3576	816	5590	815	5595	5603	820	4893	3845	6300	4939	3725	7421	6667	3455	7297	64127	23236	3460	5336	5600	5971	857	5578	6256	83982	6258	817	5601	7099	3265	5331	1432	6773	818	3569	1591	3440	4791	7097	3551	3459	5469	51311	4790	5580
Alternative Pathway Of Fetal Androgen Synthesis WP4524	3293	6770	6716	1586	1528	8630	5447	1109	1583	1646	3284
Osteoblast Differentiation And Related Diseases WP4787	4093	7479	5594	30849	5591	6662	182	2251	8325	11211	6300	2246	860	3516	146850	4089	8322	8326	4855	5601	10683	4654	54626	5584	1432	5727	5596	4040	6608	7472	2261	5578	5598	4853	7476	5579	4090	7471	2260	5286	5287	54361	5288	5289	5582	5296	51384	7473	7474	658	5600	2263	2264	3549	81029	8321	2249	2250	89780	659	5291	652	5293	7484	5599	2255	5581	54567	5583	5588	5468	390992	2737	5590	7475	2248	2253	8323	5602	657	5294	2254	80326	2535	8817	28514	5580	7477	55502	4854	6772	7483	4041	2247	23493	5290	7478	5603	5595	23462	4851	23533	7855	8503	7481	7976	5295	1499	4086	650	5587	3714	7480	7482	8324	5597	2252	2736
Conversion Of Angiotensinogen To Angiotensin II WP4818	1215	5972	1511	1509	1636
Linoleic Acid Metabolism Affected By SARS CoV 2 WP4853	54898	3992	60481	10965	9415	59272
Kynurenine Pathway And Links To Cell Senescence WP5044	7124	7850	3458	3456	6999	7157	169355	125061	196	1026	440275	8942	3620	27102	8564	4842	23475	2308	23498	7099	847	51166	130013	688
Cholesterol Biosynthesis Pathway In Hepatocytes WP5329	6307	1595	2224	7376	19	2180	6309	3422	4047	10654	9415	9023	2181	7108	6785	1581	641371	83401	4597	29116	6319	39	1593	6720	54898	1718	50814	9619	3158	10965	51478	3157	403313	3930	10682	91734	3156	10858	4598	10062	9453	60481	2222
EPAC1 And PKA Reduction Of Retinal Inflammation WP5440	5576	3553	10411	114548	5575	5573	140609	5567
Serotonin Receptor 2 And ELK SRF GATA4 Signaling WP732	5604	6722	3358	3356	5923	5605	5594	3357	2005	2626	2776	5595	3845	9261	3708	5894	10125	4893	3265	2002
Gene Regulatory Network Modeling Somitogenesis WP2854	84667	145873	2253	4851	89780	134701	6911	28514	3955	2043	3280
Senescence Associated Secretory Phenotype SASP WP3391	1021	3013	8349	8900	3020	5594	6196	3552	3014	3012	6195	1051	1026	51529	6774	10393	7316	7311	5598	25906	128312	27287	8334	1017	55766	8350	890	3725	8881	5970	64682	246184	8345	723790	996	8331	3569	1027	8340	1030	8348	6233	1032	11065	119504	7314	8342	6197	8970	79813	7321	3018	51433	54145	1031	2353	1019	121504	126961	51343	474382	8697	8341	10919	5595	94239	3576	3490	27338	7324	8338	51434	29882	1029	255626	29945	3017	85236	3015	4790
Angiopoietin Like Protein 8 Regulatory Pathway WP3915	5604	5607	143686	2997	5594	30849	6196	6721	6195	23265	7067	1581	6300	4294	5564	6256	2931	1576	5601	10487	9252	64223	10746	1432	11183	5596	6416	10062	5871	5606	5598	7786	5286	1978	9448	5288	5289	3630	4217	5296	5170	6319	25759	6720	7249	2538	64241	5600	8986	53632	4293	23624	6199	9175	5562	6464	9064	2194	8491	5291	27330	1977	5293	208	50488	6009	5599	2475	2932	867	5609	4296	868	51085	2319	253260	4214	2203	5563	53358	8660	6197	5602	1734	5294	55908	5894	57521	10211	6885	6655	11184	5565	3265	5571	6513	3643	3667	4023	5605	6517	1555	5290	8471	5603	9020	5595	2309	9322	8503	6567	23433	5295	5608	5770	79109	53919	7068	2308	7248	51422	4216	4215	64240	2889	207	1326	5597	6198	1398	5105	6654
Ethanol Metabolism Production Of ROS By CYP2E1 WP4269	23764	5604	5599	4097	4780	7975	5605	1571	6667
Neural Crest Cell Migration During Development WP4564	208	5063	7291	2050	627	4318	4317	30849	387	2047	106821730	5290	2151	2049	4804	2048	10000	2051	23533	3725	8503	7204	146850	25791	57144	5062	375	1009	6774	5294	7074	4313	5879	2353	207	6035	10298	5058	5291	5293
Biomarkers For Pyrimidine Metabolism Disorders WP4584	7084	1723	1806	6240	7298	1807	6241	50484	1152	30833	51733	80324	1890	51251	7372
Activation Of NLRP3 Inflammasome By SARS CoV 2 WP4876	5970	3553	834	7187	4790	29108	114548
Pluripotent Stem Cell Differentiation Pathway WP2848	7043	2255	7040	7477	2323	10637	7471	6469	4907	7018	22943	3570	2247	3562	4851	3630	3082	1436	8600	7474	2246	7173	9241	2253	8200	5154	7422	5155	2056	10468	1435	3479	4909	238	7482	1950	3815	4254	3577	2249	3569	4838	89780	3589	7472	1270	652	3624
Myometrial Relaxation And Contraction Pathways WP289	5333	71	3709	8525	7532	5997	9446	796	112	409	3489	10636	5576	94235	111	8786	122042	2868	5566	489	1388	23764	5998	2787	6263	2784	2553	2783	113	468	5578	107	6000	58	10971	115	114	3484	3553	1392	2870	5579	6001	5144	8490	3486	784	10287	5582	2114	5020	6262	467	3725	10267	5567	2981	3710	6013	108	4842	2785	2782	801	3708	10488	488	3485	2791	818	1265	3569	3488	51764	10699	1394	5570	26575	5581	5583	2778	2869	5575	6546	5588	5590	10268	2792	815	9628	57007	70	4846	6261	85366	59345	466	10266	5336	5335	1386	817	27297	2982	5569	5331	11318	4633	11142	60	2810	2353	4635	64407	59350	3487	5580	6004	2788	5021	5996	5573	2551	54331	2776	816	1264	2980	2697	109	1385	55970	8787	6667	7533	8601	2786	196883	7529	408	133	5142	59	800	5587	1902	22809	5999	7531	7534	10681	4790	5577
Pathways Affected In Adenoid Cystic Carcinoma WP3651	221037	63035	55294	10933	7403	472	5728	5605	9223	23135	4603	5591	29128	8289	84159	4149	5290	7157	10847	2309	58508	4851	55783	23774	54880	1387	1111	23269	4613	7994	9611	64324	26292	1487	9863	23220	2064	672	8243	27255	55534	4609	4602	8823	546	54756	2264	6605	4781	55914	11200	51742	284058	5894	6595	1050	9874	29072	93986	207	3008	2033	3645	3265
Hypothetical Craniofacial Development Pathway WP3655	387	7043	3664	9411	9181	8626	7020
Toll Like Receptor Signaling Related To MyD88 WP3858	5966	54106	5594	54472	4615	114609	8517	1147	51284	7100	5970	5971	51135	7187	29110	10333	7189	7099	9641	7096	3661	148022	3654	100302736	4791	7097	7098	3551	3665	51311	4790
miRNA Regulation Of Prostate Cancer Signaling WP3981	5604	2475	596	2932	90993	5159	5605	5594	5290	367	595	354	7157	8517	3845	4792	10000	1387	1026	572	2885	6932	5154	1499	4193	2308	5894	1027	4790	842	6654
SCFA And Skeletal Muscle Substrate Metabolism WP4030	2867	5697	2641	5467	6517	2865
Vitamin B6 Dependent And Responsive Disorders WP4228	8566	248	249	11212	55163	55650	501
Cerebral Organic Acidurias Including Diseases WP4519	79944	2639	137872	3418	95	4191	728294	501
Eicosanoid Metabolism Via Cyclooxygenases COX WP4719	8398	5322	6916	6915	5467	9536	5468	5730	22949	8529	1962	51	5743	5729	5742	30	100137049	284541	1579	66002	127281	5321	8309	5737	11251	5739	5740	231	145482	3248	8310
GPCRs Class C Metabotropic Glutamate Pheromone WP501	9052	51704	2918	9568	2911	2917	55507	2550	846	2916	2913	2915	2914	2912	55890
Neuroinflammation And Glutamatergic Signaling WP5083	56262	2892	5332	5594	2890	10991	3570	3552	2891	2914	5723	6505	23236	4089	814	5566	6774	6778	2744	3592	3976	92745	1737	7048	2917	5578	3459	107	2902	116443	114	596	3553	5579	7124	627	27165	2805	6509	2915	2906	5330	5160	1610	5582	2901	2893	4092	2905	4049	5501	4842	57030	801	10645	6506	3597	818	7049	3569	2899	29968	26227	4803	6511	54795	7133	7188	80131	4088	4087	63826	7850	7040	3588	3716	3458	1072	3593	6536	7132	56301	815	2900	7042	2912	5499	9021	2918	3460	3587	817	5500	3479	3565	5331	84230	2670	4791	2353	6470	6507	1270	6472	84254	3596	7043	6513	3643	3667	55144	6772	1738	2752	3566	2247	23237	3572	5595	816	54407	109	1385	2904	2903	27185	7046	116444	3586	57084	2897	23507	6515	2911	2898	207	3554	26012	81539	4790
NRP1 Triggered Signaling In Pancreatic Cancer WP5144	208	5604	4088	4087	7043	6591	1003	4318	4233	8829	5605	5966	5594	5362	6714	5175	1956	55630	1017	1106	5595	898	3082	10000	3791	7042	1278	5970	10371	4089	6615	7046	1490	5971	2321	9564	7422	2931	9134	5747	1105	5361	91584	1950	4313	5879	7049	1277	1027	4791	6035	207	7048	4790
Clock Controlled Autophagy In Bone Metabolism WP5205	4093	10131	796	1407	84557	8553	5176	3717	84938	860	55054	654	4089	1489	1435	651	8646	1948	596	79443	4090	50964	4982	81631	4772	5289	10507	8600	9821	51384	5187	7474	7415	10371	7189	9776	9842	9140	83734	3569	9474	659	393	652	2475	7040	8878	653	3562	115908	8408	5563	8678	121340	3479	3146	3920	9575	9975	5741	3952	6096	55626	22943	8792	4041	56955	4851	10533	4862	4086	60673	406	650	7480	128338	1513	207	64422	79365
Autophagy In Pancreatic Ductal Adenocarcinoma WP5331	81671	8878	7942	4286	81631	7157	3845	5071	65018	10526	10533	8678	4780	6774	4193	7030	3146	8036	177	4790
10Q11 21Q11 23 Copy Number Variation Syndrome WP5352	1743	5599	2073	596	10514	282966	4093	644168	114548	4090	6572	4756	23411	8065	196740	1738	57705	1161	8467	3727	57654	5111	23451	999	3297	4221	55183	9031	658	8200	9241	170371	9188	1386	55693	4086	406	650	6924	56478	657	143162	83737	285704	6601	8505	170370	1103	51548	7913	9575	6598	474354	2074	3299	55753	2002	58504	4641
Cell Lineage Map For Neuronal Differentiation WP5417	85358	9699	117581	388585	4747	1000	3866	6663	3361	6662	2173	5175	1641	10215	6530	10369	1464	150	2741	2571	6529	151	160	9314	3350	2744	10716	4155	2103	4838	361	1267	8825	9455	2128	2902	3688	5077	79923	9454	6855	10381	5080	43	3655	23085	10763	3172	2550	57030	9152	359787	947	4741	6285	6506	151871	201456	2249	6657	54738	3266	2743	652	9568	8500	6591	152	6572	64321	8573	4488	2526	390992	6536	22871	7166	3975	27022	6616	999	4010	161	5010	10243	6531	5460	8001	2627	10840	27445	2670	1739	1742	28514	6507	23025	1740	9456	7168	3763	7291	83881	51176	3170	2752	7054	2626	6532	4804	1741	4851	6862	2572	2904	6615	132625	146713	6091	100133941	4340	57084	3280	3371	4929	1103	50944	4487	23504	4133	8927	2742
PGK1 PKM2 KHKC KHKA Acting As Protein Kinases WP5433	4633	5315	5062	8678	8773	84335	9184	3795	5631	3020	5163	6774	5230	3014
GLP 1 Secretion From Intestine To Portal Vein WP5446	5122	2776	6523	2641	6514
Folate Alcohol And Cancer Pathway Hypotheses WP1589	128	4548	216	10840	1051	102724560	1385	1571	4524
Androgen Receptor Network In Prostate Cancer WP2263	3294	5604	545	841	5728	10811	5594	5591	6597	3169	51412	672	6774	4193	1399	1586	11200	2118	1432	6599	1369	596	2549	10253	836	2165	86	2956	1978	4361	641	595	1017	1111	3725	10397	2185	7249	3292	6604	580	1793	5925	5058	3284	2002	10252	6009	5599	4436	2475	4087	472	3716	8289	7157	1869	253260	466	572	253314	6690	4609	5781	6603	3295	5921	3293	2289	5894	57521	10111	2353	1019	10257	11184	3265	4312	993	842	983	3283	57492	5347	6772	5605	5290	367	354	5595	3082	2078	6667	2885	6602	7248	51478	6601	5908	581	3817	2889	994	5906	207	1398	5829	4088	6654
Nanoparticle Triggered Autophagic Cell Death WP2509	81671	596	3643	55626	115201	51100	84557	3630	8408	9706	22863	55054	7249	10533	8678	10036	7248	9140	83734	7405	9474	64422	285973
T Cell Receptor And Co Stimulatory Signaling WP2583	4773	2932	5728	5777	3558	1859	5133	8445	926	940	4792	5530	1493	925	5335	2931	3702	801	5163	7535	5921	3932	207	1452	10125	5578	4790	2534
Differentiation Of White And Brown Adipocyte WP2895	3225	51316	4093	253738	63976	655	3952	4090	5468	56301	10891	1149	23090	1051	7545	9370	4086	650	27129	1050	652	133522	10205	1054	3224
Nanomaterial Induced Inflammasome Activation WP3890	7099	3553	834	1508	27035	29108	4790
MET In Type 1 Papillary Renal Cell Carcinoma WP4205	208	5604	5599	5063	2549	6135	673	4233	867	5605	5594	106821730	6714	5290	2113	5595	3845	4893	3082	10000	5296	3725	1026	8503	6801	572	2885	5295	57144	5062	998	5335	5781	6774	6924	5747	1399	3265	7030	5546	5894	238	5908	5879	2889	6654	5906	6655	3718	207	6035	3640	10298	369	5058	1398	5291	116328	5293
Disorders Of Folate Metabolism And Transport WP4259	6573	160428	5860	4522	10797	2348	7298	441024	2618	471	1719	113235	4524	4548	10840	10841	6470	10588	6472
Glycosylation And Related Congenital Defects WP4521	2683	1798	7991	5373	79796	8813	10195	7841	8818	84061	79053	440138	4351	199857	79644	29925	29929	54344	9526	85365	79087	56052	79868	4247	22845
Eicosanoid Metabolism Via Lipooxygenases LOX WP4721	7442	5465	239	5467	22949	8529	1962	51	4056	30	2358	1241	284541	1579	1800	66002	8989	4048	8309	56413	2687	240	145482	3248	57105	246	8310	10800
Pentose Phosphate Pathway In Senescent Cells WP5043	7157	6888	51071	25796	6120	22934	221823	2539
Mitochondrial Fatty Acid Oxidation Disorders WP5123	788	2180	55825	6342	3032	1374	2181	1962	80221	3033	1376	2182	33	34	1632	6584	35	3030	37
Metabolic Reprogramming In Pancreatic Cancer WP5220	10498	6513	5162	5315	593	5238	27165	6566	2673	1738	6510	3099	3939	5160	3949	7157	5211	4199	3845	6120	6646	587	8140	64841	2821	8050	3158	3098	2875	2746	2806	1431	22934	3156	9122	8501	1737	2194	4190	47	2805	6675
Macrophage Stimulating Protein MSP Signaling WP5353	5604	4093	5728	1000	2920	5594	6714	6195	3791	6935	6374	8651	1848	5601	1440	1399	9252	4486	1432	2335	2549	3553	3688	5579	7124	25	4090	2260	6194	3099	9839	10891	55554	3381	3480	632	5111	3725	10397	5170	31	5970	7431	6590	9076	7422	8986	100506658	142	6464	8321	3569	2002	4088	5599	2475	4087	7040	1846	2932	1958	6591	7122	4318	5159	3456	1374	7157	27250	6347	3315	2919	5563	999	9021	5335	3627	6197	121340	5894	8431	2353	5156	6495	6513	3164	5605	1282	3939	7082	5595	3576	4091	1437	2885	5295	2321	4485	1499	4086	59	3586	5747	7480	1843	207	6198	4790
Thymic Stromal Lymphopoietin TSLP Signaling WP2203	5604	5599	3055	7525	64109	3716	6194	6772	5605	5594	1978	4067	6714	6775	2242	5595	3717	4792	5970	6777	5971	5781	5601	9846	6774	3575	6778	695	1432	3932	4791	7006	207	6776	85480	4790	2534
Parkin Ubiquitin Proteasomal System Pathway WP2359	7327	5715	113457	9861	55294	5719	7846	841	81027	3308	3306	7332	8573	3303	7326	5708	5413	5700	3310	3309	9627	5714	7278	5071	7280	5702	5707	347688	5710	898	5713	118424	10273	3313	10381	6478	5705	84790	51807	5709	5704	834	25897	10383	6477	79861	112714	2861	5717	5718	3312	10382	5716	5701	5711	3305	6622	347733	9246	7277	84617	10376	5706	51465	8454	10213	7317	51182	203068	80086
miRNA Targets In ECM And Membrane Receptors WP2911	1282	7057	50509	3915	1281	1290	3694	7148	7058	1278	1292	1284	1291	22801	1289	3693	3910	1293	3913	3672	2335	6383
Canonical And Non Canonical Notch Signaling WP3845	4853	54567	102	51176	4854	92737	6237	182	23462	1147	4851	65989	3516	4236	84441	9794	27255	55534	4855	10683	3714	3280	5664	8788	5663	28514	4237
Canonical And Non Canonical TGF B Signaling WP3874	4015	84171	4016	5599	1432	4087	4089	7040	7046	649	26585	659	5601	7048	657	4017	4088
DNA IR Damage And Cellular Response Via ATR WP4016	545	5884	5591	3014	7398	604	83990	7486	3364	672	9656	4193	2237	11200	55215	10155	8318	8493	55775	5965	9400	5888	79648	4361	7520	1017	50485	7979	1196	675	79184	5883	7156	7323	1111	5111	84142	22897	6118	2175	580	5976	142	8924	7507	4436	472	51720	2305	9937	9521	4683	7157	8517	4171	1869	79728	5893	55159	9156	353497	4292	10111	2177	5423	80010	983	63967	5347	5810	995	84126	7158	5932	6667	9401	5371	8243	6601	11073	6117
Leukocyte Intrinsic Hippo Pathway Functions WP4542	10971	7003	23012	4303	1236	83593	4023	8463	50943	387	6901	2533	3683	2309	83706	9113	10397	930	7005	639	6788	55233	26524	4485	2308	1432	10413	5879	7004	5906	6035	100132074	90417	60485	5872
Influence Of Laminopathies On Wnt Signaling WP4844	1021	2010	2339	2932	388585	51176	6696	7088	5468	23463	6517	10269	6934	595	8091	122011	23405	1051	860	6720	6932	4000	9370	1499	8312	83439	3280	7480	1052	26092	1050	324	1452	27161	6895
Disruption Of Postsynaptic Signaling By CNV WP4875	8831	57502	2332	7532	5594	2906	23237	7082	22871	9378	5595	816	815	54413	6804	2905	2904	2903	9369	22895	817	9229	57555	818	2911	9379	50944	2902	1739	6262	1740	23191	9456
Mitochondrial Immune Response To SARS CoV 2 WP5038	7113	79671	9868	23586	28976	51284	64135	1636	186	1514	617	51295	185	115004	5972	7187	11331	51103	29110	7189	57506	9641	59272	3661	4715	148022	4791	5245	27035	7098	3665	4790	340061
Pro Survival Signaling Of Neuroprotectin D1 WP5182	581	840	7124	841	836	330	8772	5516	8737	7132	7186	54205	8717	842	11035
Synthesis Of Ceramides And 1 Deoxyceramides WP5194	7368	2683	1674	29956	7357	2583	166929	79603	8877	253782	64781	10715	91012	427	2531	10558	259230	53947	8694	84002	127550	204219
Hippocampal Synaptogenesis And Neurogenesis WP5231	596	627	5594	6195	9378	816	10891	815	127833	1385	814	1734	801	91683	10645	9252	1812	1432	5617	3191	4684	5578	894	84254
Cardiomyocyte Signaling Converging On Titin WP5344	4881	5604	6722	84675	83606	2274	7273	26287	5573	1410	5594	5605	27063	5568	4077	815	2983	84665	5593	8557	5567	154	200539	5566	4193	2273	23636	5894	89869	153	8048	5578	84676
UDP Derived Sugars Synthesis In Fibroblasts WP5394	3101	80146	5236	7358	5238	2821	2673	3098	3099	2645	2582
Metapathway Biotransformation Phase I And II WP702	2948	2950	1594	266722	8514	4257	54600	1553	9955	9446	8509	10720	9196	1549	4837	4259	1581	4051	6799	260293	445329	79690	2052	22977	90161	9956	4166	1576	9394	1582	1586	54905	2326	2946	54659	340665	2954	2949	64377	9348	1577	57404	1559	122830	113612	7367	1595	2939	79829	574537	3176	9957	7881	1109	1583	54575	92292	8529	10	373156	1585	89792	2937	1592	54578	339761	1544	2330	56548	2936	1589	29785	1558	1571	64816	2944	2941	6783	2879	6718	2880	7364	100861540	2877	1545	27284	11185	6820	10249	231	166012	10858	2947	9027	1580	23563	1646	119391	219970	9469	55501	2329	1312	9420	27233	222537	57106	1645	54658	2953	79807	285440	50515	9653	8534	1562	126410	2940	54579	3340	1543	6819	54577	11283	1548	57834	221357	8644	120227	570	9486	113189	1573	391365	9951	10164	25830	2328	8574	51126	54657	4258	2878	55226	442038	83539	2327	339983	7363	9953	7366	1555	51302	9514	54490	57016	2053	9435	1588	1593	79799	1572	64579	24142	653689	7172	66002	1584	1565	199974	6817	2938	10941	107987479	26151	64711	1591	80218	6822	64090	10327	1557	56603
Follicle Stimulating Hormone FSH Signaling WP2035	6009	2475	2870	6194	5594	1978	2488	6714	5595	2492	26060	1385	7249	6446	5566	6199	2308	1081	5894	1432	207	6198	5578	8290
Quercetin And Nf kB AP 1 Induced Apoptosis WP2435	9817	1548	4097	5743	4792	4780	4842	7422	2353	4512	4790	3725	3551	4312	8309	7975
Hepatocyte Growth Factor Receptor Signaling WP313	5604	5599	2549	3688	5728	4233	5605	5594	6714	5290	5595	3082	3725	2185	2885	5781	6774	1399	5747	3265	1793	5921	5894	5908	2889	3672	5906	2353	11184	5058	1398	5829	2002	6654
EDA Signaling In Hair Follicle Development WP3930	25928	5727	5971	10913	649	27121	7473	6469	2735	4050	22943	128178	1896
Pyrimidine Metabolism And Related Diseases WP4225	4329	27165	1807	6240	18	7298	790	51251	5009	1723	1806	50484	30833	51733	6241	7372	1373	7084	64902	1890
Statin Inhibition Of Cholesterol Production WP430	4547	19	3990	348	335	116519	344	4023	4035	345	3949	949	84532	6646	64714	1581	5360	64241	341	336	3931	8694	64240	337	3156	338	6713	1071	2222
Mitochondrial Fatty Acid Synthesis Pathway WP4317	54995	27349	109703458	51144	51102	31
Sphingolipid Metabolism Integrated Pathway WP4726	7368	8560	8879	29956	7357	6609	166929	79603	8877	130367	253782	9517	56848	64781	10715	427	91012	8613	8612	2531	10558	259230	123099	8611	204219	81537
Autosomal Recessive Osteopetrosis Pathways WP4788	10312	28962	29887	8600	8792	7189	3551	7879	9842	4790	1186
Nitric Oxide Metabolism In Cystic Fibrosis WP4947	10498	56341	23576	54496	3275	55170	4842	4843	23564	10196	10419	4846	3276
Cohesin Complex Cornelia De Lange Syndrome WP5117	10735	983	5528	157570	27127	5347	5527	9985	9232	5885	151648	5529	23244	5516	55869	5526	23047	5518	23063	8243	113130	151246	10734	9126	5519	23383	324	5525	5515	5524	25836	9212	9700	114799
Glycosaminoglycan Synthesis In Fibroblasts WP5395	9469	55501	266722	64132	11285	22856	2132	9955	135152	9957	10090	9653	50515	8509	9953	8534	64131	2137	26035	126792	3340	2135	56548	2134	51363	26229	90161	9956	64579	55790	9394	79586	27087	113189	2131	55454	337876	166012	9348	29940	54480
Acetaminophen In Analgesia And Antipyresis WP5444	3786	7442	3785	5743	8912	5742	2166	8989	3350
Serotonin Receptor 4 6 7 And NR3C Signaling WP734	5604	6722	3363	2778	1958	5605	3360	5594	2005	5595	1385	466	9261	2908	9252	3362	5906	673	2002
Thyroid Stimulating Hormone TSH Signaling WP2032	5900	5604	2475	23513	2778	2770	3716	5144	6194	6772	5594	6714	54331	5290	1017	6195	2776	5595	7252	3717	898	3480	5296	7253	109	328	5170	2771	103910	1385	23236	5295	2775	108	5608	5934	2773	10672	5337	2782	6774	2768	5909	30818	1081	896	5894	5908	1432	5925	1027	5906	207	1019	6198	673	3265	5606
Corticotropin Releasing Hormone Signaling WP2355	5604	3320	5594	387	2354	409	6925	4792	3861	5601	10155	5584	1432	2784	2783	5578	596	5579	3713	1392	2870	10411	836	1583	4217	1395	31	2771	1589	9095	5970	2775	2767	2782	10499	2355	142	1889	3848	673	3284	2002	6770	1394	5599	8912	7040	2778	8061	2770	2932	3606	5588	5443	157	3558	815	3726	4846	5563	1393	5336	5335	7099	5894	2353	5580	842	2081	3164	3283	2776	5595	3576	3727	2697	7020	1385	6667	2781	408	1499	1584	5747	4929	5908	6822	207	3728	10681	4790
Nanoparticle Triggered Regulated Necrosis WP2513	5599	142	7124	148022	841	8772	2512	8737	5321	8717	7132	11035
Common Pathways Underlying Drug Addiction WP2636	5604	71	114	5579	2892	2778	2770	1813	5605	5594	2915	2890	2705	2891	5582	5595	5568	815	1815	2893	5499	1385	72	5567	2903	5501	814	5566	5500	801	1812	5894	5908	60	2911	5502	5906	369	5578	107	2902
Let 7 Inhibition Of ES Cell Reprogramming WP3299	1958	9314	4609	6657	5460	131405
Dual Hijack Model Of Vif In HIV Infection WP3300	861	6921	9978	60489	8065	6923	7314	865
Interleukin 1 Induced Activation Of NF kB WP3656	92610	5590	7334	3654	8878	7335	7189	84962	3552	4790
Embryonic Stem Cell Pluripotency Pathways WP3931	5604	4093	5607	5728	2259	5594	6414	2251	8325	6300	2246	4089	8322	5154	8326	6774	4193	3976	5596	4040	7472	2261	5606	5598	9965	2258	7476	2549	4090	7471	2260	8074	54361	90	2256	5296	51384	4092	7473	7474	3725	8822	658	9241	2263	5155	8823	2264	2257	81029	3977	8321	2249	2250	89780	659	3266	673	2002	652	5293	208	7484	2475	2255	2932	3716	5159	6927	27006	7475	2248	2253	8323	5781	657	2254	1856	5894	1855	80326	324	2535	8817	2353	5156	3265	7477	5605	93	4041	2247	1956	3572	26291	4091	10000	7855	7481	7976	2885	5608	1499	4086	8312	7480	7482	1950	26281	1857	8324	207	5597	10097	369	2252	6654
Hormonal Control Of Pubertal Growth Spurt WP4194	2688	2691	3479	6750	2796
Tyrosine Metabolism And Related Disorders WP4506	6898	2184	3081	2954	3242
Renin Angiotensin Aldosterone System RAAS WP4756	84699	6770	3709	64764	3283	90993	51806	1511	1583	8536	5330	1585	2776	816	815	57172	1636	186	1589	1385	466	9586	91860	3710	57118	185	1215	810	814	1386	5972	183	817	801	1388	3708	10488	818	163688	468	3284	148327
EGFR Tyrosine Kinase Inhibitor Resistance WP4806	5604	5728	5594	3570	22800	6714	22808	3717	3791	598	5154	6774	2261	5578	596	2549	5579	80310	6194	6237	1978	595	5582	9542	3480	5296	5170	2621	25759	7422	2263	5155	6199	6464	3569	5291	673	1977	9470	5293	208	2475	2932	3716	5159	3845	3084	53358	572	5336	5335	4609	7039	56034	3479	5894	4763	399694	6655	10018	5156	3265	4233	5605	2247	558	5290	1956	5595	2065	2309	3082	10000	8503	2064	2885	5295	581	1950	207	6198	369	4893	6654
MAPK Pathway In Congenital Thyroid Cancer WP4928	5894	5604	238	8844	150946	6464	5595	3845	6655	2353	4609	5605	3725	673	2002	6654
SARS CoV 2 Altering Angiogenesis Via NRP1 WP5065	7422	3791	8829	5045	59272
Octadecanoid Formation From Linoleic Acid WP5324	79852	5742	2879	1576	246	1557	1544	1559	242	59344	1558	1579
Pathophysiological Roles Of DUX4 In FSHD1 WP5342	391769	4617	4656	154	10891	2100	5979	7422	4609	84676	2033	5976	1026	114907	100288687	340096	4654	5081
Catabolism Of Skeletal Muscle In Cachexia WP5474	4088	8742	2475	4087	3553	7124	3716	5966	3570	3552	7132	84557	8517	1147	2309	4792	3480	1051	5970	4089	5600	5971	84335	5163	6774	92	3479	64223	57521	3569	51330	4791	207	2660	2033	3554	114907	84676	4790	3551
Arachidonate Epoxygenase Epoxide Hydrolase WP678	1351	2950	1573	9377	2053	1559	1558
Alzheimer 39 S Disease And miRNA Effects WP2059	5691	5604	113457	5692	3709	7846	102	841	89953	5332	51806	1459	81027	8851	4035	23621	5534	5594	30849	3552	8325	11211	5682	775	1965	5743	7494	5713	22863	322	10297	50507	23236	7417	8326	5601	489	1435	27123	6622	1536	637	6263	3799	4040	779	10023	7472	5695	468	2902	7476	3553	5719	6424	7124	348	836	7471	3831	54361	1020	3798	2906	5330	5533	441925	4137	283106	5289	7979	7280	5702	3630	3800	122011	4217	5296	9821	4843	7186	293	2905	51384	7473	7474	10381	776	7416	5970	3710	9451	7419	4842	112714	64837	317	778	801	9776	3708	488	5481	5686	1460	347733	81029	23401	8321	7277	351	6868	3028	3569	5664	10888	5663	84617	89780	1452	147700	10213	5291	177	673	5293	208	5610	5599	2475	9861	840	2932	10105	11047	1457	291	5688	5609	5708	7132	5689	23130	347688	3845	7475	55102	5710	8408	487	2597	5530	5535	572	91860	5705	8660	5693	84790	51807	8678	55062	810	8323	83464	10383	5602	79861	1649	23385	10382	51107	5331	1856	5701	5894	26100	355	1855	80326	163688	324	2535	5694	27035	4311	3551	5690	3265	203068	3416	842	1454	1139	292	5683	5715	5532	2081	3643	7477	83447	8772	3667	10313	55626	4023	5605	824	5687	22943	4041	90550	5290	823	5700	8471	2776	5595	1147	5714	5707	7278	10000	9706	7855	54205	29982	8503	7481	2904	7976	2903	5295	22926	5684	5704	5709	1499	60673	27121	8312	5718	8883	7480	143471	7482	8313	55851	10376	5706	57142	1857	8324	207	369	4893	4790	5685
Glycerophospholipid Biosynthetic Pathway WP2533	8443	150763	10400	2710	8394	253430	5290	56994	84803	9663	8540	5320	1120	57678	137964	114971	5294	346606	5833	8760	54675	23175	55361	2819	9791	5291	9489	10390	10423	5293
exRNA Mechanism Of Action And Biogenesis WP2805	57510	29102	54487	23405	27161	90459
Constitutive Androstane Receptor Pathway WP2875	5243	54657	2939	3320	54600	7266	23054	1555	1962	9970	10891	54578	54658	1579	6667	1548	8243	1559	6256	1576	10499	2308	6817	8714	8648	6822	5524	1244	1577	211	1557
miR 517 Relationship With ARCN1 And USP1 WP3596	7398	3397	372	3398	1026
Hepatitis C And Hepatocellular Carcinoma WP3646	4088	5599	7410	26509	840	7040	5420	836	51176	3716	6927	3570	595	7157	1870	5595	5743	3576	4843	3725	332	1026	598	960	2885	4089	672	1284	2017	7046	7422	330	2487	4609	356	5781	6774	3091	6241	1432	7345	5879	3577	3569	6035	207	4312	4790	842	6654
ATM Signaling In Development And Disease WP3878	545	2475	3150	6794	472	10524	1020	5591	4683	80254	5536	4361	9025	9759	1017	5603	8517	7157	3315	165918	6300	1111	84823	7158	2539	23300	5932	79840	7249	55183	5600	9656	8243	1386	699	11200	10155	1432	10111	56254	5515	64421	8493	9212	993	4790	9810
Ethanol Effects On Histone Modifications WP3996	124	83933	3065	6573	4143	191	10919	55902	9759	8854	8841	7298	217	55869	220	1571	55140	51564	3066	1386	8850	1719	125	4524	10014	4548	216	9734	10013	126	8520
Clear Cell Renal Cell Carcinoma Pathways WP4018	5728	229	3759	226	9771	4199	80184	3791	8314	6935	5723	8844	10993	84335	2821	8082	5213	5169	6774	55193	64223	47	2027	5315	113675	7167	3099	79605	31	3948	7249	5214	7422	5155	5236	32	2194	4190	29968	2033	26227	6009	2475	7040	7428	8878	405	5159	8242	3101	3945	64798	1387	2597	2026	7042	5230	146779	3091	3098	57521	29072	2023	1012	5156	6470	6472	8536	7043	6513	3939	1956	5211	5313	5232	2887	197257	230	84969	2321	7248	5352	55276	207	79365
Leucine Isoleucine And Valine Metabolism WP4686	4329	593	11112	54511	549	1738	3712	64087	197322	5096	5095	1892	594	587	1629	4594	27034	38	586	56922	3028	26275	23417	36
Mammalian Disorder Of Sexual Development WP4842	268	84733	54361	5730	6662	5087	2626	269	30812	5600	2018	1499	6715	2263	668	10468	23543	6736	2254	284654	2516	7490	50846	3640	1761
Urea Cycle And Metabolism Of Amino Groups WP497	2628	4953	445	5832	6723	5831	4942	5009	2593	6611	162417	2746	1373	95	383	384	435	1152	1158	1757	65263
Vasopressin Regulated Water Reabsorption WP5085	84699	9230	115	79659	64764	2778	359	90993	1780	10540	4905	6810	396	10671	8655	1639	112	51164	140735	5568	5878	109	5869	1781	1778	6844	1385	5567	9586	5566	398	1783	10488	51143	5868	360	551	361	84516	397	554	51626	148327	8766
COVID 19 And Endothelial Cell Senescence WP5256	196527	84818	3605	23765	7099
Immune Infiltration In Pancreatic Cancer WP5285	7423	3596	7043	3553	7124	7040	4318	7424	2277	3458	64806	3558	83998	3593	6387	56477	6347	3576	3965	3605	112744	1437	2919	7042	6374	3956	27189	51561	7422	3586	53342	3592	3565	3567	3958	27190	6352	3569	6364
miRNA Regulation Of DNA Damage Response WP1530	1021	545	983	5884	472	836	841	25	8795	5888	85417	1020	993	5591	4683	3014	4361	5810	595	7157	1017	4616	898	1869	5883	995	84126	1111	54205	1026	891	1385	10912	5893	672	5371	6118	9133	8243	900	9134	4609	1647	5981	317	4193	50484	11011	55367	5366	11200	27113	896	637	581	9874	355	10111	5925	2177	1027	2810	1019	63970	27244	135458	894	1643	842
Nicotine Effect On Dopaminergic Neurons WP1602	1644	1141	2770	1813	1020	1136	3777	54331	7054	1137	84152	1815	51305	5499	108	5566	2782	1138	1814	6571	8973
HIF1A And PPARG In Cardiac Hypertropthy WP2456	6513	84803	2819	2597	7167	3091	948	5468	3939
Microglia Pathogen Phagocytosis Pathway WP3937	3071	712	7410	3055	3684	2207	5286	5777	7305	4067	54209	3689	5290	5289	6850	4688	5880	27040	5296	7409	4689	8503	146850	5295	714	5336	5294	10451	27036	1536	10095	713	5879	54210	6035	1535	2209	5291	5881	653361	5293
Phosphodiesterases In Neuronal Function WP4222	1139	115	114	50940	201626	5138	5146	1813	5144	5136	5152	2890	2906	5137	5140	5153	112	5141	10846	84152	5148	5145	111	5149	815	2983	109	55811	2905	5150	1385	2904	2903	5151	108	135	196883	4842	5142	5566	5592	2982	8654	1812	27115	8622	5158	5139	5147	5143	113	2977	107	2902
Purine Metabolism And Related Disorders WP4224	316	3704	353	4860	2915	3251	7498	5631	5471	5198	2618	158	471	1716	7172	159	50484	55034	100	3614	270	10606	4144
Metabolic Reprogramming In Colon Cancer WP4290	1743	7086	6513	5162	3419	5315	229	6510	3939	5160	3101	5223	5226	50	5211	2597	5471	2618	5723	2539	8801	5230	5831	3418	6390	2821	4191	9123	2744	2746	2271	2806	22934	2023	10606	29920	57103	2194	29968	47	6888	6472
miRNA Role In Immune Response In Sepsis WP4329	3659	5599	7124	5966	1991	3663	3552	4615	3934	8517	1147	3576	51284	4792	388372	5970	23118	5971	51135	7187	7189	3586	6348	7099	1432	10454	3383	6885	3569	3654	4791	7412	3002	3551	3665	51311	4790
Resistin As A Regulator Of Inflammation WP4481	208	5333	7124	5332	5594	3593	5330	5290	51196	8517	5595	1147	3576	84812	4792	10000	5970	23236	5336	5335	56729	5294	3708	113026	5331	3592	1432	3569	207	5291	3551	4790	5293
Peroxiredoxin 2 Induced Ovarian Failure WP4873	6770	581	836	5602	10038	7001	1583	3284
COVID 19 Thrombosis And Anticoagulation WP4927	2243	2162	5340	2147	2244	2266	2165
RAS And Bradykinin Pathways In COVID 19 WP4969	4881	3553	7124	5594	387	2161	3552	5054	1636	4846	7421	186	710	3818	185	3816	4842	5972	183	1576	5592	623	6093	59272	624	3827	1591	1369	4790
ROS In COVID 19 Endothelial Dysfunction WP5258	7124	3383	3439	27035	3454	4790	7132	59272
Neolacto Series Sphingolipid Metabolism WP5302	2523	2517	4759	2683	84002	2527	6484	4668	8702	8703	2524
Enterohepatic Circulation Of Bile Acids WP5396	5243	10599	2172	6554	10257	200931	1244	6555	28234	8647	123264	8714
Phosphatidyl Inositol Phosphate Pathway WP5411	5333	3631	8776	5332	5728	55529	22908	55613	56623	5286	5287	55300	8394	5297	5330	5288	253430	5290	90809	5298	9896	51196	84812	93492	4534	5305	8821	23236	51763	5336	23396	5335	9107	4952	5294	113026	5331	3635	8395	79837	55361	8898	5291	8396	200576	5293
AMP Activated Protein Kinase Signaling WP1403	208	5571	2475	6794	3643	3952	2997	8900	1978	200186	6517	1374	5290	148	5289	7157	51094	5568	126129	890	5296	84254	1994	31	1026	891	8503	5563	2998	5567	3953	6720	7249	5564	5295	29904	1938	3172	23236	56731	55437	9370	5209	53632	3991	6199	10645	51719	5294	147	79602	51422	92335	5562	7248	1375	32	57521	3156	133522	2194	207	6198	5291	5565	723961	5293
MicroRNAs In Cardiomyocyte Hypertrophy WP1544	5604	5607	5594	387	1154	5320	1489	6774	9641	3976	1432	10454	5879	5596	4040	6416	6035	5606	5598	5579	7124	4638	5330	1906	3480	5296	7474	5170	183	2263	91807	801	10014	8321	9734	89780	50804	5291	5293	208	4878	5599	2475	7040	2932	5609	9475	1827	9759	8517	3084	5530	4879	817	5294	3479	5894	1022	1855	2535	3551	5532	1025	5605	4041	2247	5290	3572	2626	9020	5595	1147	8503	51564	5295	5608	1499	5592	6093	1950	4776	8893	207	4790
miRNAs Involved In DNA Damage Response WP1545	1021	595	7157	472	25	898	1027	1869	4609	5893	3014	1026	1385	993	896
Genes Targeted By miRNAs In Adipocytes WP1992	3753	10021	6722	9759	7114	58155	9464	610	2697	2078	3759	3479	3784
Methionine De Novo And Salvage Pathway WP3580	635	84245	4143	191	4953	7295	55256	6898	4482	55349	253827	6723	27430	6611	58478	262	4548	22921	4507	259307	51074	4144
Wnt Beta Catenin Signaling In Leukemia WP3658	2932	51176	7471	5467	2322	22943	4041	595	607	26108	7704	6929	57167	5371	8323	1499	4609	862	5914	8313	324	4040	207	1452	3728	11197
ERK Pathway In Huntington 39 S Disease WP3853	1956	5604	5894	1950	5595	840	2911	627	836	3064	5605	5594	4915	9252	3265	1385	2002
Focal Adhesion PI3K Akt mTOR Signaling WP3932	3909	5604	9230	3320	6794	1441	5728	3679	3678	2149	2259	6696	2997	3560	5207	5594	30849	3570	3169	5649	113791	2251	3563	5523	7010	1944	7057	94235	3717	7450	7058	3791	2246	3696	1026	1278	1292	9586	1284	1442	5154	1311	84335	3685	5209	3693	2056	4193	1435	1388	1440	64223	1129	1969	3913	2787	3673	3815	2335	2784	3918	2783	63923	2261	1128	468	53918	9965	54541	2258	84699	5528	3688	64764	80310	64344	90993	2277	2260	5286	5287	6194	81617	1978	3690	23216	3674	3689	1945	5210	3695	10891	2256	3630	3694	3480	5296	3381	4843	1994	5170	7059	5228	31	8822	3559	3454	6720	7249	3655	8115	4842	7422	1943	1289	2263	2785	8823	2782	5155	6199	2264	2257	10488	2034	2324	92335	5562	5519	2791	8516	284217	3910	9170	57121	1101	2249	5525	1027	51552	3718	3908	5291	4803	1942	148327	2790	51764	1280	208	9470	1977	2475	5293	3326	2255	5617	6009	7423	2932	3716	5862	5159	5522	23035	3558	200186	3456	7143	27006	50509	3912	3915	5529	3561	1301	3681	8517	3845	2792	2057	2248	2793	3691	3687	284	8408	3676	4846	2690	3914	5563	2998	3444	59345	572	8660	3682	253314	2253	5008	23566	1386	22801	10161	56034	3091	5294	51719	3479	2254	3575	5894	57521	1946	7060	1277	5515	8817	5156	1286	3551	3265	4218	842	2788	6513	3684	3643	3667	3911	7424	4233	7448	2846	5605	1282	6514	51378	6517	3566	5527	2247	54331	1975	5290	1956	8471	23239	1281	8515	5595	1290	26291	2309	3683	4804	5516	3082	10000	1436	23533	7148	55012	1288	285	5526	1385	55970	7184	3455	5518	5208	2885	3680	5295	2321	2786	1302	11140	5618	3991	1902	5747	2308	10890	7248	5521	3371	1950	6515	3675	4254	9623	9180	26281	207	6198	4893	55844	2252	10319	6654
miR 509 3P Alteration Of YAP1 ECM Axis WP3967	7005	7003	1281	7291	10082	5090	10413	6591	1277	9564	2335	7004	1289	7058	8463	6678	1909
Fibrin Complement Receptor 3 Signaling WP4136	3656	3684	7124	83593	5966	387	7305	3456	3593	868	6714	3689	4615	5290	5327	2243	6850	8517	114609	6347	1147	2244	2266	4843	2921	23643	5970	3627	51135	3929	7189	7099	929	3661	5340	3569	3654	148022	100302736	207	7098	3551	4790
Regulatory Circuits Of STAT3 Signaling WP4538	4352	1441	2149	3560	5594	58985	3570	6714	3563	3717	6300	84335	5601	1489	6774	64223	10155	1432	1844	5596	3459	5598	5579	53833	2151	80854	3559	3454	5600	9466	1439	3977	3718	3925	3568	5599	2475	3588	3716	5159	3561	64798	253260	1387	2690	50615	9021	185	3460	3587	163702	225689	5602	53832	3575	57521	5156	9002	3595	1271	1956	3572	5603	5595	5789	3581	3601	186	3455	7297	79109	1438	3590	11122	9180	5597	5788	10401
Cancer Immunotherapy By CTLA4 Blockade WP4582	5295	942	940	5515	5296	5781	5293	3123	5777	5291	8503	941	5290	1493
22Q11 2 Copy Number Variation Syndrome WP4657	128977	150209	5430	8220	5649	8131	6721	9127	8218	284361	7450	27037	9611	1104	23617	1399	2637	2746	65078	340665	6545	8318	29102	8036	8646	6722	596	5077	8216	2260	10892	5413	25842	54584	23176	1592	9978	2815	6720	998	9076	55752	9993	2263	7353	10298	91179	9342	1312	2255	23468	10641	51586	7122	5901	2296	7290	5297	7157	5071	9464	54487	2812	8841	7514	84861	1013	2811	70	80764	2253	1482	6899	421	5500	6097	8479	8659	5894	10587	29801	388849	1813	2303	5347	3170	6469	6517	4099	400891	1956	8854	5905	1365	9681	8452	60385	85359	4942	6576	7625	59	406	5902	3053	2928	3280	128989	3842	64976	3837	5308	79680	57142	5625	2814	56603
Glycerolipids And Glycerophospholipids WP4722	8525	10400	84649	80339	56994	5130	56895	57104	1120	57678	137964	5337	23761	1040	8694	5833	54675	55500	9791	5319	10423	81490
Hijack Of Ubiquitination By SARS CoV 2 WP4860	6921	8883	9978	9039	79699	6923	8453	865
7Q11 23 Copy Number Variation Syndrome WP4932	4509	9569	3306	135886	3014	1364	518	9275	26608	155368	515	5982	9031	7461	9188	8326	4967	695	83451	517	498	2200	7472	2074	468	10514	79720	137492	29914	8467	6804	5985	5111	2969	31	539	6775074	1213	9076	9451	23476	3159	9246	23636	84277	32	93343	7913	2199	5925	10013	4508	7462	8468	2006	10477	3224	4641	7458	7251	7122	8878	1072	51085	55048	8841	8408	2597	3084	6844	23451	6616	3066	8678	83939	23426	4609	513	23122	6775077	516	355	7391	10516	1743	9605	135892	64756	1028	1738	51160	114049	5595	5313	1365	23332	7324	506	2885	514	63922	1499	5592	155382	3984	91647
15Q11 2 Copy Number Variation Syndrome WP4940	114791	85378	81614	10426	10844	2332	27229	123606	23191
15Q13 3 Copy Number Variation Syndrome WP4942	1139	4308	728498	54893	728047	2916	727909	161725	10936	1387	89839	871	101059918	8850	22909	51621	6352	2177	89832	2534
Angiotensin II Receptor Type 1 Pathway WP5036	4142	7040	80310	6237	5594	2161	3572	3727	1278	6667	50507	4089	185	1490	5608	10399	7046	183	5781	59	3091	59272	3590	5894	1277	3589	7048	4088
T Cell Modulation In Pancreatic Cancer WP5078	7423	7043	5817	942	7040	959	80381	2277	7424	4907	29126	5133	6387	940	953	3965	5228	7042	84868	3620	1493	64115	80380	29851	6361	3956	3105	7422	356	10666	3586	7293	941	3604	3958	355	567	2191	383	201633	3569	79679	7292	958	6367	8744
Steroid Hormone Precursor Biosynthesis WP5277	6716	1645	3283	1586	1589	6715	6718	1583	3284
Ganglio Series Sphingolipid Metabolism WP5299	29906	10825	6482	8705	3074	129807	6484	6483	338596	6489	3073	2583	8869
Sebaleic Acid Formation And Metabolism WP5315	3992	2180	240	4051	9415
11P11 2 Copy Number Variation Syndrome WP5348	3959	3688	931	967	3109	51176	7076	2132	10478	6469	93185	9409	3108	51317	8534	3689	11041	920	2737	9378	7157	221120	55343	9537	90139	3340	60529	3676	93010	930	3655	963	5978	4166	1408	162540	387763	406	6386	57586	3122	56981	2131	3675	143678	84680	9575	284359	977	120071	81839	3732	9479	8504	8702	1839
Osteoarthritic Chondrocyte Hypertrophy WP5373	208	4914	8061	7428	405	2260	6696	8074	5594	2354	6662	2595	5290	4803	1281	5595	3717	11061	3727	3381	10000	55004	3791	1051	3725	3726	860	5970	1280	1490	5971	7422	4921	2263	1734	6774	3091	2264	2034	2355	4322	1277	54681	176	2353	207	2261	5578	4790	1300
Cytokine Cytokine Receptor Interaction WP5473	4782	268	4352	8807	11009	1441	3560	939	6346	2920	58985	64806	3570	3552	7042	10563	3625	7852	9518	10803	8809	50604	1234	5196	3953	654	6374	2657	3556	2661	1524	656	51561	9547	356	8740	2056	92	1435	1440	50616	3976	970	8718	3567	26525	651	84957	29949	58191	6352	4838	51330	94	9573	2660	7048	246778	6363	27177	3459	2658	83729	10344	8744	6368	7124	1236	8743	53833	115650	4982	56832	6387	27178	90	55801	3557	10541	643	8600	3605	146433	3559	4049	1230	6359	3454	5473	658	3594	2829	27189	6369	282618	9466	1439	3623	1235	3597	3977	27190	3569	6376	3440	6364	659	3589	8797	7292	4803	85480	652	5617	7133	943	3568	7850	10913	7040	3588	3606	10673	5197	9173	3458	3558	6373	3456	653	27179	7132	3562	6846	3561	23495	6347	269	6358	2826	51554	2057	6370	2662	729230	2919	282617	57007	388372	2921	2690	112744	50615	6372	149233	3626	1896	55540	59067	3598	9210	282616	3460	3587	163702	3627	284340	23529	10850	90865	53832	4050	657	10220	3575	7293	91	3565	60401	3579	133396	9966	355	6355	4055	8764	8784	1270	6367	3600	958	8742	84639	3596	2688	7043	959	1233	655	3595	3952	1271	93	151449	3578	3566	8792	6366	56477	3572	4804	3576	6375	10663	3601	1436	84818	1437	6362	6354	392255	3574	8808	7173	3455	8794	7046	8200	5618	2689	3586	6348	23765	608	27242	53342	6357	1232	3590	3604	1237	56300	27302	6356	3577	386653	4283	55504	3554	130399	3467	8795	3624
TCA Cycle Aka Krebs Or Citric Acid Cycle WP78	1743	50	3418	8803	2271	3419	1431	3421	4191	6389	6390	4967	8802	3420	1738	6392	6391	8801
Pathogenic Escherichia Coli Infection WP2272	10971	113457	71	3688	7846	8440	25	81027	387	9475	81873	7278	7280	347688	10092	10094	10552	10381	10093	3875	7100	8976	999	23643	84790	51807	2017	998	9076	3059	10383	1499	79861	10109	112714	7430	10382	100506658	6093	7099	4691	929	347733	7277	60	10095	84617	10376	7454	4690	9181	7534	5578	203068	2534
Interleukin 1 IL 1 Structural Pathway WP2637	3656	5604	5599	5605	5609	5594	54472	3552	4615	6294	9020	5595	1147	4792	4214	4793	2872	9261	5970	3556	5608	23118	5600	257397	51135	1386	5602	4609	4790	5601	8569	10010	7189	9252	1432	10454	4215	6885	3654	4155	6416	2353	1326	3554	3665	1977	5606	2002	3551
Imatinib And Chronic Myeloid Leukemia WP3640	5243	4066	25	5159	9429	5292	2309	1436	4839	613	11040	2321	4609	1647	9846	3815	1027	5156	200734	6502
Type 2 Papillary Renal Cell Carcinoma WP4241	7043	6513	7040	7428	54583	405	253559	6923	7942	81578	9915	79444	9978	1387	112399	7042	1026	1729	6921	112398	7422	5155	7039	3091	7030	2034	8453	1856	5546	6421	2271	29072	1513	2033
Molybdenum Cofactor Moco Biosynthesis WP4507	6821	316	4337	7498	10243	54996	4338
Neural Crest Cell Migration In Cancer WP4565	208	5063	7291	2050	627	4318	4317	30849	387	2047	106821730	5290	2151	2049	4804	2048	10000	2051	23533	3725	6272	8503	7204	146850	25791	57144	5062	375	1009	57498	4915	5294	6774	7074	4313	5879	2353	207	6035	10298	5058	5291	5293
Cancer Immunotherapy By PD 1 Blockade WP4585	4773	917	3458	29126	5133	915	4772	10725	926	3725	916	80380	925	4775	3105	5781	6774	10538	7535	3932	4776	3123	4790
Head And Neck Squamous Cell Carcinoma WP4674	208	1021	6009	2475	4853	2549	9817	6794	841	8772	5728	2260	6194	5966	1978	8626	5290	1956	595	7157	3845	114788	3664	4851	1869	3480	10000	5296	23533	253260	5170	8650	8452	329	1026	5563	7249	5970	2064	4089	5295	9794	7422	4780	2280	1029	1499	2263	4790	79109	7187	6199	5294	64223	84962	2195	7015	7248	5562	83667	57521	5925	4791	207	1019	7048	2261	5291	27244	4893	3265	1977	54541
PKC Gamma Calcium Signaling In Ataxia WP4760	773	2892	5332	2890	5330	2891	9454	5582	2776	7222	2893	767	2769	491	23236	2767	9630	5163	3708	5331	6263	2911
1Q21 1 Copy Number Variation Syndrome WP4905	5571	7082	607	27134	149013	2697	26108	2330	9557	5563	5564	51205	2700	2703	1499	55243	53632	100506658	4301	51422	5562	50848	90780	2702	9414	5565	265
Airway Smooth Muscle Cell Contraction WP4962	3596	3710	23236	2776	154	2664	4632	952	6261	4638	94274	801	5500	387	6093	9475
Sphingolipid Metabolism In Senescence WP5121	2475	5579	1901	8560	5594	29956	7357	166929	79603	1017	2629	1869	8877	427	1026	23236	2720	9294	53637	2531	10558	7015	10557	5925	1019	5578	81537	55512
2Q11 2 Copy Number Variation Syndrome WP5221	51252	150771	81562	54910	84191	5594	9391	387	1353	56910	5595	55683	51647	431705	10865	2064	93082	55486	200539	23654	151	55654	64210	26505	7783	23020	23397	51239	90342	26504	1844	1280
2Q21 1 Copy Number Variation Syndrome WP5223	113457	387	205147	5879	90557	324	445582	11075	344561	6035	50649	146849	653784	55041	6774	996	130074
8P23 1 Copy Number Variation Syndrome WP5346	10445	7013	9258	203076	8658	649	55613	1509	5594	6281	6517	8879	137075	1475	56955	79660	2626	5595	6910	4482	9108	1508	203074	346702	253012	2212	252969	66036	90459	83650	3329	613210	115004	1499	613211	9107	4926	83595	8312	3651	7099	286046	7015	5894	83648	613209	2213	7097	640	4825	54984	7884	94137	2222
DNA Damage Response Only ATM Dependent WP710	5728	5594	30849	387	5328	3949	5880	604	1026	5934	4089	6932	5106	356	5601	4193	5879	10023	6035	7472	7476	596	25	7471	5286	5287	54361	5288	5289	595	5296	51384	7473	7474	3725	2538	998	847	896	81029	6464	1027	89780	901	5291	5293	208	4088	7161	5599	472	2932	8061	7040	638	6934	5529	7157	3845	7475	4214	578	572	5602	4609	5163	5294	83439	1856	3146	1855	80326	6885	324	197259	4791	6655	10018	3265	5881	894	3643	7477	51176	3667	6342	5527	5290	2309	10000	23533	8503	7481	2064	2885	5295	1029	1499	8312	5366	7480	27113	4216	7482	581	1857	207	4893	4790	6654
Thyroxine Thyroid Hormone Production WP1981	5604	50506	5605	5594	2002	55107	1184	6528	5595	7253	7200	7173	1385	5563	7038	65010	53905	1081	5894	5562	5908	95	5906	5578	4790
Selenium Metabolism And Selenoproteins WP28	10587	54952	57190	7296	2878	9403	6414	114112	6670	118672	85465	257202	1390	22928	6301	6415	1491	79048	5451	51734	3725	83642	55829	348303	51540	6667	5970	280636	60678	54938	8991	2879	4780	1734	22929	140606	2877	1733	2876	51714	2353	58515	2168	51091	1735	4790	6156
Serotonin And Anxiety Related Events WP3944	23237	1394	22871	3358	5579	1392	84812	3356	2353	5530	2906	5341	3350
NO cGMP PKG Mediated Neuroprotection WP4008	4881	596	3553	5138	7124	4747	1258	1260	3458	2906	816	815	4792	4843	2983	1262	2905	54205	4846	5593	4879	1385	2904	2903	5970	572	4842	54714	817	801	2982	331	1259	5481	818	5139	1261	2902	1742	10142	706	2977	88	4790	842	4878
Exercise Induced Circadian Regulation WP410	7341	4618	9444	2950	10787	3422	7122	8341	1982	51663	1407	2120	2674	9802	5516	5187	1051	5281	7360	50486	11030	10381	9709	9218	8987	23118	1408	11335	7352	406	26059	3312	8031	51582	5507	8864	6612	10140	9575	694	2947	9975	687	10946	3108	3301	5685	5813
Tumor Suppressor Activity Of SMARCB1 WP4204	1021	8193	57492	5977	86	3020	6597	8289	2737	51412	2735	23512	6602	6604	1029	8110	2146	2738	6603	6605	6601	8726	5928	5727	5925	6598	6608	1019	6599	2736
Hippo Merlin Signaling Dysregulation WP4541	4914	5332	3679	3678	1000	1001	7010	5576	5568	389421	1004	3791	3696	960	57144	5062	3685	3693	5566	1969	28513	1005	3815	3673	3672	1015	2261	60485	9730	154796	1006	1016	3688	1003	2260	3690	3674	3689	595	3695	1007	9978	3694	3480	9113	94274	1642	5567	3655	5501	25937	26524	2263	4915	2264	2324	8516	64403	28316	4659	10298	5058	7003	5063	1495	2305	5575	8463	5159	3681	3845	3691	3687	1013	3676	5499	999	7005	3682	1490	6788	3627	22801	4609	5500	84962	8451	10413	7004	1014	1012	5156	4771	3265	1002	3684	3643	4233	2322	5573	106821730	1956	8515	64405	4804	3683	1436	3680	1009	2321	4485	1499	9686	5747	1010	1008	3675	4893	5577
Omega 3 Omega 6 Fatty Acid Synthesis WP4723	54898	3992	8398	51	5322	2180	8310	641371	100137049	5321	60481	2181	10965	2182	9415
SARS Coronavirus And Innate Immunity WP4912	3445	3716	23586	6772	3456	3446	3447	3439	10379	3448	64135	3451	3454	3444	3443	3455	7297	7187	29110	3449	3441	57506	9641	59272	6773	3442	3661	148022	3452	3440	7098
Congenital Generalized Lipodystrophy WP5101	208	8694	2885	84803	23175	857	3630	3667	3691	2534	284119	9663	3091	64900	26580	10555	5290	84649
Hemesynthesis Defects And Porphyrias WP5169	1371	212	2235	3145	210	7389	7390	5498	211
Inflammatory Bowel Disease Signaling WP5198	3596	4087	8807	7124	7040	3595	6095	3606	6772	3458	50943	3558	3566	3552	4094	6775	4772	3561	112744	30009	3725	50615	7100	149233	59067	64127	3594	51561	2625	6774	3586	6097	7099	50616	6778	3565	3592	3567	3569	7097	3459	3108	4790
PtdIns 4 5 P2 In Cytokinesis Pathway WP5199	54443	4633	387	4952	4478	11021	5962	60312	4735	7430	29127	9493
17Q12 Copy Number Variation Syndrome WP5287	101060376	54883	5892	146857	6346	57636	11072	414062	79148	8557	22806	91608	3980	7703	93210	6360	162394	9349	54752	729877	284106	6352	146853	7006	11056	342667	284099	414059	57151	80179	84152	10693	440435	31	6359	54475	10948	9326	91607	6871	79893	101060351	388381	246176	57125	91603	8148	163	256957	55106	6928	6347	6358	3975	782	4302	11276	388372	79154	2886	124842	84299	146861	6355	494188	100170841	201299	342618	26574	5469	8396	80725	84961	102723859	390790	117584	102724862	5193	101060321	146862	30837	40	6362	6354	414060	3927	2064	51755	284098	5409	6348	4761	6357	79922	84311	6356
Lacto Series Sphingolipid Metabolism WP5303	2523	8708	2525	84002	8707	2524
7Q11 23 Distal Copy Number Variation WP5401	23136	7532	83862	136853	23604	3315	10749	10146	22917	57414	222183	144404	4000	51657	7783	114971	7784	4191	5894	5447	2810
8Q11 23 RB1CC1 Copy Number Variation WP5412	7157	7124	5925	11345	4217	8408	60673	9821	23710	2185	7186	11337	5747	9776	56270	55054
Prostaglandin Synthesis And Regulation WP98	302	6916	1645	6915	308	9536	5468	6281	1583	306	5730	6662	4286	1906	7356	5743	10891	5729	5742	301	3290	5733	1909	5738	5734	8644	5732	307	5731	5321	309	873	5737	5739	5740	133522	231	27306	10257	3248	6277	1646	3291	1910	5617
Cell Differentiation Expanded Index WP2023	6722	4208	10637	4205	5081	3196	860	3195	4209	9314	2146	6774	4654	7044	10014	100271849	30012	6657	3398
Microtubule Cytoskeleton Regulation WP2038	6010	5786	983	4914	2932	5728	25	50855	2011	6714	4137	2151	2776	90102	161742	22919	2048	23332	4139	1729	9261	7204	11004	998	814	5566	11076	4131	4915	6774	6093	7074	4916	3984	1073	6249	1855	5879	324	89780	1808	207	9212	6035	5058	57551	5578	10420	3925
Drug Induction Of Bile Acid Pathway WP2289	5243	9970	10599	6554	6822	1576	1581	1244	10257	9971	8856	200931	8647	7421	123264	570	8714
NAD Biosynthesis II From Tryptophan WP2485	8564	55191	23475	125061	23498	8942	6999	64802
MYD88 Distinct Input Output Pathway WP3877	92610	51311	7334	51284	3654	7097	7335	3725	10333	81793	7099	54106	7100	7189	3552	4790	4615	7096
BMP Signaling In Eyelid Development WP3927	2255	6422	4090	2303	6469	2296	1956	3625	5595	4851	3725	4214	4089	4086	2263	5601	7039	27123	5308	652
OSX And miRNAs In Tooth Development WP3971	1758	4853	860	249	4851	1834	9314	655	4854	1499	4855	121340	50964	22943	6927
Oxysterols Derived From Cholesterol WP4545	7376	1628	23597	9420	2100	641372	1880	80270	6342	1109	64806	9023	11332	122970	284486	10005	51302	1581	641371	112744	3605	3290	8856	2053	1593	23600	2099	27189	55856	11001	1576	6718	3929	1717	1582	3638	6097	10998	570	10965	8309	53342	134526	26027	10682	6820	27190	6822	10858	133688	3291
Biomarkers For Urea Cycle Disorders WP4583	445	5009	383	27165	2159	2593	2155	435	2805	2628	2875	162417
3Q29 Copy Number Variation Syndrome WP4906	7629	84984	10445	30061	55294	57817	255798	840	79659	6993	102	7037	7040	4241	8349	83657	23411	116211	7018	131540	2890	8655	80235	200933	375387	9025	55112	140735	348793	9857	11159	205564	1620	6990	165918	4686	3725	11158	8503	22916	123264	5130	11116	6777	5062	3077	4609	200931	93183	9587	26043	3091	54965	54752	255758	7334	89891	83658	6776	1739	4771	23077	51626	5829
Proline And Hydroxyproline Pathways WP5026	8659	4942	5184	5625	5831
Network Map Of SARS CoV 2 Signaling WP5115	3434	71	8807	4914	6729	10956	9540	841	3603	5777	2920	6346	7018	2011	55240	3552	10563	5054	5743	6731	3717	10379	2244	25940	64135	1051	1234	5196	10146	11101	1522	6374	9133	4775	3273	84335	814	2934	7226	8754	10410	350	50616	3592	64223	6241	65082	3567	4343	637	55823	715	5879	3932	58191	6352	2335	6035	23367	3045	7048	6288	1369	10344	54541	2534	6403	3553	7124	836	6388	11119	4090	116844	23586	6194	8743	6237	1978	9755	5104	6387	81631	4884	3486	2537	926	537	57534	2266	347	3605	7186	3725	10038	84985	891	27072	6359	23155	3240	8542	9332	286827	183	51512	29110	27248	5976	7189	9776	8554	1235	3569	11345	731	6364	3123	8836	1977	6009	5599	2475	1974	7090	7850	1958	3716	8519	917	3606	335	838	213	1509	3458	5588	9512	3456	91754	1401	55922	22861	4615	3699	920	8517	10964	716	6347	64798	2963	708	3043	8408	4939	2919	2921	388372	916	196	2811	1514	6372	3726	79572	59067	684	84433	925	51028	3543	3627	10850	90865	629	3929	6728	336	3091	57506	3312	83737	3565	3122	59272	3579	64386	57521	60	9908	6355	3654	4791	2353	55757	919	6289	6367	114548	842	3429	983	3596	64601	3959	55937	3700	9868	6772	7088	3127	5910	3578	2247	6366	2243	4599	1294	3576	10280	1508	57617	332	3574	3426	7173	51156	23195	341	8631	4086	7187	10666	54663	3586	6348	7535	79934	914	10531	929	92105	3675	6356	3075	3577	1843	3661	4283	5199	57142	207	7216	10394
Lipid Metabolism In Senescent Cells WP5149	8398	5322	7157	81579	5743	6578	1026	26279	255189	123745	5321	7941	50487	8399	240	8605	84647	283748	3265	5319
2Q13 Copy Number Variation Syndrome WP5222	84639	10461	64425	150465	3553	150468	6772	80117	5594	3558	84910	10849	3552	27179	5441	10563	27178	5435	3557	727851	25885	6574	1437	2621	5437	8808	51082	129804	9021	2885	64682	84269	3556	376940	5336	284958	51561	8651	2625	84524	5747	1435	7287	55289	23550	382	26525	3958	56300	84172	5879	221830	3569	10018	6035	5440	9533	5434	30834	3554	27177
2Q37 Copy Number Variation Syndrome WP5224	5414	19	130916	117581	54600	375318	2997	796	23677	440738	10325	84557	1058	7852	1915	140739	4792	381	84289	23178	150678	401036	51665	5154	4644	4738	2637	54576	4654	79781	5879	6035	9208	8527	23192	3553	4656	7124	55230	10691	285193	6194	3690	6387	81631	3069	54578	79054	3725	375316	64121	51078	54658	10267	150681	9855	375	23710	801	3651	2859	5510	64284	10123	3597	8864	6694	10670	11345	339766	10494	3705	189	151176	5617	57817	4208	666	4205	429	9265	5133	6373	151507	51052	58528	339768	9759	7157	377007	51281	57007	124404	10203	54577	150677	116987	55355	1293	547	50636	653437	9267	23157	4735	4705	26146	9266	80895	54657	55502	2817	10920	27128	728294	1956	389090	25992	79083	129807	11132	51540	27185	57140	4134	7187	8837	11337	3280	285093	3611	5873	1841	64090	3394	79919	54575
1P36 Copy Number Variation Syndrome WP5345	3434	388585	55174	984	2563	54991	51573	126792	64135	3872	56257	83756	728661	4089	5828	26683	5261	83858	84808	81556	7706	375790	26155	54998	57721	219293	199990	9978	57801	7186	1994	81399	85452	401934	84612	7422	55052	2782	11079	126789	4038	79501	27122	11126	81669	339451	7292	29101	7188	4087	7040	8995	80772	148398	5590	4171	4593	55726	84069	7293	3312	382	54973	79906	1855	163688	441869	8510	55229	28514	8764	9651	150684	8784	1743	9636	55756	142678	339456	7448	643988	5830	5193	388581	55210	6339	8452	728642	118424	2099	64856	151888	5192	65220	92105	2898	116983	54587	6497	51150	4088
17P13 3 YWHAE Copy Number Variation WP5376	10971	1644	1621	10540	7532	11258	1020	10671	1639	7054	51164	81565	1778	27185	7533	7529	5048	5515	84516	7531	7534
Sulfation Biotransformation Reaction WP692	9061	27233	6783	6820	391365	6822	25830	6799	445329	6819	9060	2936	442038	27284	2539	6817
Serotonin HTR1 Group And FOS Pathway WP722	5604	6722	2770	3356	5923	673	5605	5594	387	3352	5290	2005	2776	5595	3717	5170	4214	3351	2771	1385	9261	2775	5608	7867	3354	3355	6774	9252	3708	3350	1432	5906	2353	10125	2773	5606	2002
Phase I Biotransformations Non P450 WP136	1066	5444	5446	2098	8824	3988	5445	221223
Nicotine Metabolism In Liver Cells WP1600	54657	316	1548	54600	2328	1555
Apoptosis Modulation And Signaling WP1772	5414	10017	841	3303	4792	4170	598	834	1676	330	356	8737	8718	637	8793	640	1616	596	2021	839	836	837	8743	54472	56616	4217	4671	3725	835	317	7189	90427	1677	8797	27429	7133	5599	840	7850	666	638	8682	4615	7132	7157	79444	5783	329	599	578	572	84883	355	113523636	3654	10018	2353	3551	664	8717	8738	842	597	8772	9131	8739	9020	5595	843	54205	332	8794	826	1029	7187	5587	8837	51651	55367	5366	331	27113	8771	581	8567	9531	3554	8795	4790
Cardiac Progenitor Differentiation WP2406	55897	145873	83881	4208	7040	2932	649	4624	64321	3170	79923	22943	4920	6331	2247	7137	7852	2626	6910	4851	6862	3630	389421	3791	50805	3084	70	79727	5080	3670	7139	132625	9241	6656	57057	1482	290	91807	5460	3479	4633	1432	3815	7070	4838	89780	4684	6657	5156	140885	3481	652	3624
MECP2 And Associated Rett Syndrome WP3584	3065	2475	9315	2892	26084	4208	627	5728	6194	344	25942	80312	2890	4099	6670	6750	2247	54790	3185	54715	4661	50937	604	815	1869	2248	4354	2530	2893	1660	2894	3480	2521	9611	1749	4904	4204	1385	6667	4986	2571	114787	5978	6446	23435	1465	2593	11168	5454	2146	3187	2290	1750	7337	3479	5457	84950	9126	1052	6890	2289	200424	10664	4763	6872	2249	4155	2250	207	2570	1267	3481	2902
Striated Muscle Contraction Pathway WP383	7168	4606	7138	71	10398	7136	4624	7273	4621	1674	7137	8736	4607	7125	7169	1756	4632	7140	4703	89	4634	4604	70	8557	4626	7170	7431	59	7171	7111	81	7135	4633	7134	4635	88	7139	58
Kennedy Pathway From Sphingolipids WP3933	56994	5833	1120	1119	10400	55224	55500	23761	9791	8879	5130	10390	9468	81490
ROBO4 And VEGF Signaling Crosstalk WP3943	5879	7422	6035	3791	9353	54538	6714
TYROBP Causal Network In Microglia WP3945	202309	3071	6039	51411	3684	64764	4066	5996	54502	3606	23307	6696	10261	6510	7305	5341	4094	822	3689	375387	10577	170954	3142	920	6195	4688	26157	54518	3687	375035	654346	10184	84695	10019	79690	10312	718	714	7046	678	3587	64092	3059	1806	951	9056	2000	3597	864	55803	58191	2876	54360	6776	10257	113277	10008	8832	29108	7133
Prader Willi And Angelman Syndrome WP3998	1021	51151	6870	2488	2563	4808	2562	4928	7337	4193	990	585	23511	85378	9972	27229	23225	4194	6396	627	10844	2569	57194	123606	2691	283685	595	5020	3972	2565	3630	4692	9631	6638	9818	8086	8480	8926	7299	23636	7334	5925	7175	2733	2570	5108	8924	4948	653061	4803	1030	11097	1977	5122	114791	3358	348995	2332	25909	5443	129401	79023	8021	9025	2558	7157	5590	55746	23279	1869	53371	1749	54551	2566	9638	1081	7681	1031	10426	1019	9688	894	51738	23191	4927	57122	23165	79902	55706	2567	200959	2796	81929	3814	81614	9637	1029	10762	4487	23742	5903	9883
Eukaryotic Transcription Initiation WP405	2968	64425	2967	4331	5430	661	5439	6877	6879	2068	2071	5435	2963	5432	25885	2959	5436	5438	51082	171568	5431	6884	2958	6908	902	55703	6883	2961	6878	3611	2960	1022	84172	2966	55718	5440	51728	5434	6880	5437	2965
PI3K AKT mTOR Vitamin D3 Signaling WP4141	2475	942	2932	3939	5160	5290	3101	5210	7421	5563	7249	5970	6256	4609	3586	941	7248	3592	3122	6515	1591	207
LTF Danger Signal Response Pathway WP4478	3553	7124	5594	3456	3552	4615	3576	3439	4057	51135	7189	7099	929	3569	3654	54210	7097	177	4790
Vitamin D In Inflammatory Diseases WP4482	7124	9282	5534	4772	8517	1147	4792	4214	5530	7421	5970	4089	5608	2908	6256	4790	1432	1843	3569	3551	5606	4088
Cysteine And Methionine Catabolism WP4504	51380	4548	6821	1036	635	2937	1491	2729	4143	191	4357	2805	58472	102724560	23474
Metabolism Of Alpha Linolenic Acid WP4586	3992	239	5743	240	246	9415
Urea Cycle And Associated Pathways WP4595	27165	10166	445	3945	4843	4846	5831	4942	5009	4842	10165	4191	2875	162417	2746	8659	8604	1373	2271	2806	383	4190	435	2805
Mitochondrial Complex III Assembly WP4921	7386	7385	790955	55245	90624	7388	8923205	7381	29796	1537	84300	617	27089	7384	10975	54902
16P11 2 Proximal Deletion Syndrome WP4949	253982	5528	8085	653808	841	6693	4478	5728	83723	124446	143	9961	9989	5966	5468	7290	3476	5531	10497	226	112476	3486	57223	7157	5595	55671	10693	58508	908	5516	8841	7203	79447	6950	7186	5111	22976	10694	83719	4150	2099	8030	5518	5606	5608	9344	2908	6477	23475	6911	3835	79153	57718	7189	7430	253980	8479	26470	11151	151987	2186	8448	283897	10576	10574	10575	5515	23025	22948	10423	283899	4790
Disorders In Ketone Body Synthesis WP5175	5019	38	622	3158	3155
Cytokines And Inflammatory Response WP530	3596	3553	7124	7040	3458	2920	3558	3456	3593	3552	3562	920	1437	2919	3574	5154	3586	1435	1440	3565	3122	3567	3569	3589	3123	3600
Calcium Regulation In Cardiac Cells WP536	3709	7532	5997	1133	1132	155	811	112	409	57620	1131	10636	775	94235	111	5576	81025	5577	844	774	6547	8786	814	2280	2868	127534	5566	489	146	309	3762	1129	10804	57165	5998	2787	6263	3760	779	2784	2783	153	1128	113	2773	5578	107	6000	10971	115	114	5579	2870	6001	8490	148	492	784	10287	5582	6262	2701	2771	5567	776	3710	2775	108	2767	2703	2785	2782	801	3708	147	488	5350	2791	818	777	2702	51764	26575	5570	5581	5583	2778	2770	2869	84876	5575	6546	5588	2705	5590	2792	815	490	782	9628	10052	6261	59345	2700	2707	817	57369	5569	5331	11142	2810	64407	483	8536	5580	6004	2788	773	5996	5573	54331	2776	816	2706	2697	109	845	55970	482	491	8787	2709	7533	154	8601	2786	196883	7529	408	2781	481	5587	486	3745	5999	7531	7534	10681	480
NF1 Copy Number Variation Syndrome WP5366	545	51466	3205	5594	387	1407	55763	7398	23265	898	10640	54536	4170	5982	5931	57599	11336	1786	2124	10746	65078	6383	596	79736	5888	23586	84282	8350	3720	890	5883	4974	5111	5187	5985	2123	8661	3632	8726	5983	84440	4803	8766	1072	3456	9475	60412	6853	51379	4214	5442	23512	6829	9134	1876	57506	382	55770	5894	79915	4763	55803	55352	121504	10419	203068	126961	5984	2145	1956	4661	5595	4804	10988	149371	55813	3198	1950	3984	6654
Complement And Coagulation Cascades WP558	712	5329	2153	5627	2149	2165	1378	5328	2157	2161	5104	5327	4179	5054	716	2147	2244	7450	2155	3998	3426	710	3818	718	714	1213	729	728	730	719	462	629	1675	735	5345	3053	623	5648	5265	10747	1604	3827	715	733	2158	713	1361	3075	2159	5340	7035	1191	7056	2152	1380	5624	717
Vitamin A And Carotenoid Metabolism WP716	124	157506	4023	5594	6257	5915	8854	949	53630	1592	50700	158835	29881	948	220	5950	1571	6121	54884	64241	6256	1381	5947	1382	6258	83875	195814	6817	8694	5914	5916	216	6017	6820	64240	9227	5959	9249	5948	127	116362	145226	56603
Amyotrophic Lateral Sclerosis ALS WP2447	596	5532	7124	836	4747	5630	5605	2890	5533	7132	7157	4744	4217	10452	5530	9973	598	572	5608	834	4842	317	4741	847	6506	637	6647	581	79139	1432	5868	1471	5879	2876	113523636	6035	57679	1616	842
Polycystic Kidney Disease Pathway WP2571	7479	6794	5136	6714	112	8325	11211	6195	5568	3791	5564	8322	8326	7472	2773	3783	7476	6424	7124	7471	54361	595	3480	51384	7473	7474	3725	2771	7249	2767	53632	5310	5562	81029	8321	89780	673	6009	7423	7484	2475	2778	2770	2932	1080	3845	7475	6558	5563	5336	8323	4609	3479	1856	1855	80326	2535	2353	3551	3265	5565	5571	7477	7483	5605	7478	2776	5595	5311	7855	7481	7976	2064	2321	1499	6752	7248	7480	51422	7482	1950	1857	8324	4893
Aryl Hydrocarbon Receptor Pathway WP2586	5604	3320	7124	9612	405	4023	9049	5594	6346	5979	57491	6714	1956	1017	5743	3845	26291	1869	84722	1543	1544	948	1026	196	2099	5970	1728	7422	11140	2729	4780	4609	1545	8204	135112	5894	1316	4763	5925	1027	27306	2033	4893	3265	5325	4790
IL1 And Megakaryocytes In Obesity WP2865	3553	7076	2149	3606	4318	3458	5290	4615	6347	2147	2205	8991	4790	1232	7941	7096	3383	6280	3654	7077	7097	3554	1839	114548
Aryl Hydrocarbon Receptor Pathway WP2873	54657	3484	2939	3320	3553	26509	4257	7040	7124	54600	405	9049	3458	3558	3593	57491	6714	1956	5055	10728	51426	54578	3727	1543	3725	1544	3726	54658	196	54577	8140	218	1728	11140	4780	3280	1545	3592	581	8648	10486	27190	1027	23491	2033
NAD Metabolism Sirtuins And Aging WP3630	142	6098	2309	23411	10135	23410	3091	5468	2308	4790	7019
Hfe Effect On Hepcidin Production WP3924	654	57817	3397	3077	164656	4092	148738
Pancreatic Adenocarcinoma Pathway WP4263	1021	5604	5594	387	1870	5880	1026	598	4089	57144	5062	1848	5601	6774	5879	6035	7048	5898	5900	5888	595	51426	675	5296	5970	998	10928	7422	1871	6199	5925	10298	5058	5291	673	5293	208	5599	2475	5063	4087	7040	3716	7157	8517	3845	1869	7042	10912	578	572	5337	5602	1647	7039	5894	9459	1019	3551	5881	1643	5580	842	7043	5037	6772	5605	106821730	5290	1956	5595	1147	4616	10000	8503	2064	5295	7046	1029	4790	7074	5899	581	1950	207	6198	369	4088
LDLRAD4 And What We Know About It WP4904	4087	7046	56937	753	7048	4734	55054
Mitochondrial Complex II Assembly WP4920	57001	644096	6390	6391	135154	54949	6392	6389
Mitochondrial Complex IV Assembly WP4922	1351	389203	51204	1347	51241	1349	388753	90639	1353	1350	10063	1329	84987	152100	25994	100131801	6775079	1355	285521	1340	8923202	1327	6834	4697	4512	25953	100303755	1352	1345	4514	28958	4513	116228	9377	1337	80775
Glycogen Synthesis And Degradation WP500	5528	5256	2932	2997	5522	2992	3099	5834	5527	3101	5523	28227	5529	5257	2632	5516	5837	80201	7360	5526	2998	8908	5518	5255	2931	801	3098	5521	5519	5261	5236	5260	178	5525	5515	5524	5836	5520
Glycine Metabolism Including IMDs WP5028	23479	51218	11019	200205	150274	388962	27247	2731	2653	387787	55163	1738	6470	275	51601
Amino Acid Transport Defects IEMs WP5029	6519	9056	6520	11136	153201	340024	54716	57393	6505
Progeria Associated Lipodystrophy WP5103	5965	3763	4087	2339	4001	7040	5468	23463	2865	10269	3630	84823	83932	135656	7486	4089	4000	142	2200	8815	5424	4088
Th17 Cell Differentiation Pathway WP5130	5599	2475	4087	3320	3553	7040	3716	6095	917	6772	5588	3458	50943	3558	5594	3566	3570	915	1407	4772	920	3717	27040	4792	4783	3605	112744	3662	3725	5187	30009	916	196	50615	3559	149233	5530	9021	59067	7297	7046	5335	51561	6256	2625	9466	406	6774	3091	6097	7535	50616	6778	3565	861	9572	5914	1432	3932	9575	3569	6776	2353	919	246778	3551	3459	3108	4790
Disorders Of Galactose Metabolism WP5173	5236	2584	2592	2632	231	2997	5836	2992	6523	6514	8908	2998	2582
Metabolic Pathways Of Fibroblasts WP5312	6513	649	6566	2260	283208	6510	387	3939	5832	9509	948	7360	5723	10536	5831	871	7358	5335	2821	1902	2264	5033	2744	2746	5236	10609	8974	29968	26227	5351	4017	2645
Enterocyte Cholesterol Metabolism WP5333	6307	1595	2224	4547	19	6309	3422	4047	335	10654	7108	3949	29881	4597	948	39	1718	50814	2169	4245	51128	64241	1717	51478	8694	3157	3930	10682	64240	337	3156	338	4598	6713	10999	2222
Omega 6 Fatty Acids In Senescence WP5424	2950	239	6916	23411	9536	1666	9415	5730	10	7157	10728	5054	5743	5742	4056	2053	1026	6578	59344	54898	11283	64174	2678	1800	5600	8644	127281	4048	5321	873	3992	241	2687	216	247	240	2876	5740	5925	231	27306	10257	3248	80142	246	145482	60481	10800
Ebstein Barr Virus LMP1 Signaling WP262	5599	3320	7124	5594	3456	9260	8517	9020	1147	3576	7185	4792	5970	7189	4215	6885	6352	3654	4791	6364	3551	8717	4790
Hematopoietic SC Differentiation WP2849	4582	3071	4601	4773	3553	4066	55502	51176	4005	10661	3690	2354	3552	3663	3674	3562	399	7852	5292	8780	4261	2624	2993	3757	4851	2313	7148	1437	80342	7409	2815	7173	23541	7068	4602	2056	1440	1435	947	90485	28	91	4778	79366	3567	861	23650	2623	4254	3569	6776	2353	863	6688	10320
Overview Of Nanoparticle Effects WP3287	3909	596	7124	1001	1282	1401	3681	5743	3576	5742	10000	3162	4798	5747	896	581	3569	2335	5293
Melatonin Metabolism And Effects WP3298	15	348	2932	23411	1407	8863	1906	815	5187	1543	1544	43	438	1408	5578	1453	4544	4790	406	1565	801	7189	2308	4543	1545	6817	4128	8864	1889	9575	107987479	3654	153	4133	1557	1454
Tgif Disruption Of Shh Signaling WP3674	7080	4087	2737	2253	4838	7050	2290	6469	60436
Leptin Insulin Signaling Overlap WP3935	8471	8835	8660	3643	8525	3717	3630	3667	3952	8651	207	5170	6774	5294	8503	3953	9021
PTF1A Related Regulatory Pathway WP4147	5629	2255	11317	4851	256297	1499	8850	4825	3651	3280	3516
Mitochondrial Fission And Fusion WP4318	581	51024	51537	57534	5245	5337	6456	9927	4976	55669	10059	664	598
Nonalcoholic Fatty Liver Disease WP4396	841	1347	1339	4720	3570	4711	1350	3552	4712	1329	84701	1965	7494	8923205	6389	3953	5564	4718	4713	4729	6256	9370	2931	356	5601	4709	637	1050	440567	5879	6035	10062	1337	468	3553	7124	836	7381	4707	1349	22877	6391	4726	54539	4717	3630	4217	5296	6775079	4092	7186	3725	126328	1571	6720	4725	5970	998	8923202	1327	9451	4697	170712	53632	4700	5562	9167	100532726	7388	4715	3569	125965	4723	5291	5293	208	4704	5599	5465	840	7040	2932	51079	4695	1537	4714	4296	6392	374291	7132	51085	51094	6347	4710	4702	56901	5563	9021	578	4731	8660	1340	6390	1649	83737	4514	79602	7386	7385	355	4694	7412	10018	9971	9377	55967	3551	4708	5565	4705	7384	5571	1351	4701	2081	3643	4696	3667	3952	341947	4724	5290	4698	4706	5313	3576	4722	10000	6945	54205	8503	4716	27089	4728	5295	1346	4512	1345	51422	10975	27113	4513	581	207	29796	4719	4790
IL10 Anti Inflammatory Signaling WP4495	3162	644	6773	3587	3569	3588	3716	6772	6774	3586	645	3552
Signal Transduction Through IL1R WP4496	3656	5599	7043	11213	3553	7124	7040	54472	3456	3552	4615	9020	1147	3439	3557	4792	3725	4214	7042	51295	5970	3556	5608	7189	1432	10454	6885	3569	3654	3554	5606	4790	3551
Sphingolipid Metabolism Overview WP4725	7368	8560	8879	29956	7357	6609	166929	79603	2629	8877	130367	253782	9517	56848	64781	10715	427	8613	8612	57704	2531	10558	259230	123099	8611	204219	81537
COVID 19 Adverse Outcome Pathway WP4891	7113	1440	6347	3553	3576	7124	3569	3627	3558	183	3586	6348	3559	3574	59272
DNA Repair Pathways Full Network WP4946	545	11201	55247	5591	1161	3014	7398	7515	252969	5982	83990	7486	57804	57599	672	4350	3980	100526739	5981	902	22909	2237	55215	5886	5395	4968	3978	23583	2189	27434	2074	56655	201254	4437	2968	2073	10714	91442	1069	4331	5888	3981	7508	2956	5889	4361	5425	7520	51426	675	9978	5887	1111	5111	10038	5985	2547	1642	51455	6118	2175	27343	27301	142	2966	5980	2176	5983	57697	2187	11284	7507	4436	8930	472	4683	54107	2178	4255	79728	6119	5893	404672	9156	6996	3146	1022	7014	8451	4292	10111	2177	80233	2965	55120	79840	5423	1643	2967	4913	5984	2068	7518	2071	4595	328	2188	2072	5429	5427	25788	7374	5426	6117	2067	5906	64421	5424	8450
16P11 2 Distal Deletion Syndrome WP4950	4773	7410	4352	27342	3643	25970	83985	8519	10806	975	3717	27040	7185	487	3791	7186	79874	7284	930	2885	718	3276	3565	5350	5867	5868	84901	6588	3732	11273	1380
P53 Transcriptional Gene Network WP4963	9540	5728	3663	7057	6303	5054	10379	898	1026	5564	84335	356	64223	3976	8793	57103	63970	27244	54541	2073	7124	27165	575	7508	79923	5268	84129	9618	7520	1017	51426	5111	9997	55332	7249	900	53632	317	50484	5562	80329	2876	2176	6376	64393	136	56475	4436	2475	23657	10879	4688	6347	64798	4255	8408	5563	10572	1647	8659	355	57521	4292	2810	5565	993	1643	5571	2517	6513	9636	7832	6790	126129	4851	995	9706	64065	5371	5429	144455	55367	5366	51422	27113	94241	83667	581	3383	80328	8795
Biotin Metabolism Including IMDs WP5031	56922	5091	3141	32	5096	5095	686	31	64087
COVID 19 Structural Coverage Map WP5145	9636	54834	9868	335	8829	23070	140733	9716	26019	7314	91662	28992	10605	83666	340024	55506	5976	29960	64398	59272	54625	10454	7316	3508	7311	9555
Disorders Of Fructose Metabolism WP5178	2538	132158	5236	216	5211	2821	229	3795	6523	7167	6514	3098	6652	2203
GNAQ Pathways In Port Wine Stain WP5437	5604	154796	2475	5607	5605	5609	5594	387	5290	5595	2776	7204	5608	5163	5894	10413	5879	6416	6035	207	5606	4790
Alanine And Aspartate Metabolism WP106	5091	445	2571	443	2806	18	435	2805	189	1615	2875	2572
Ganglio Sphingolipid Metabolism WP1423	2523	9197	8708	29906	51046	30815	6482	8705	6483	127550	6489	2583	8869
Codeine And Morphine Metabolism WP1604	5243	54600	107987479	10599	54578	1576	1244	1565	7364	54658	7363	54575	54576	1558	8714
Cholesterol Biosynthesis Pathway WP197	3157	1595	2224	6307	50814	6309	3156	3422	4047	4598	1717	4597	6713	10654	2222
RalA Downstream Regulated Genes WP2290	5898	5880	998	149371	5879	3845	10928	8531	6035	4893	3265	5881	55770
Glucocorticoid Receptor Pathway WP2880	347902	8436	3320	56262	9792	29103	1907	1028	6591	5375	5997	79056	92737	6397	11214	9982	27063	8972	8507	8553	80315	81706	6286	10560	5743	6347	9970	10728	387509	4616	2040	55224	8856	3725	57007	5272	329	10602	1836	121512	5552	7546	4240	7128	2908	330	221079	221393	6256	5142	5460	1831	153218	10769	51129	3895	241	84002	89795	6337	7049	7056	4791	8454	6364	54566	3589	11057	84951	10252
Wnt Signaling In Kidney Disease WP4150	7484	5599	7476	7477	7471	54361	387	27130	4041	8325	7475	51384	7473	7474	7855	7481	7976	8322	8323	8326	1499	5602	5601	7480	1856	7482	81029	1855	8321	80326	4040	2535	1857	8324	89780	7472
Immune Response To Tuberculosis WP4197	3659	3434	3716	8519	6772	4599	3717	10379	3430	3454	3455	7297	3460	8651	4938	3437	8554	6890	5771	6773	5696	3459
Urea Cycle And Related Diseases WP4571	1373	445	5009	383	27165	435	10165	10166	162417
Genes Controlling Nephrogenesis WP4823	4853	3688	8440	2303	5159	6469	54361	5979	2296	6387	6943	6928	7852	2737	2297	3975	3791	948	2668	2253	4010	2018	7422	23607	1499	2263	55243	5155	3611	2118	8516	7490	3913	3675	2138	6092	7827	3237	4690	6495	9353	4868	3207	5076
SARS CoV 2 And COVID 19 Pathway WP4846	7113	949	51284	340024	8829	5045	56649	38	1514	59272
Non Classical Role Of Vitamin D WP5133	185	1594	120227	5972	183	1636	186	59272
Urotensin II Mediated Signaling WP5158	4088	983	5599	4087	19	596	3553	7124	7040	2932	836	5728	4318	3306	7223	5594	387	1956	1017	1281	6624	5595	1147	4688	3717	815	898	1387	5111	4689	4879	3162	50507	5970	185	10911	2837	1499	2931	5566	59	1649	5601	5781	6774	84883	5350	1536	10014	581	1432	4313	3383	3661	3569	1277	2335	240	7412	207	4878	2033	1535	3551	9700	653361	4790	842	1280
Cholesterol Synthesis Disorders WP5193	1718	1595	2224	3157	6307	3930	10682	6309	3156	3422	4047	4598	1717	4597	6713	10654	3284	2222
Sulfatase And Aromatase Pathway WP5368	3294	3293	2099	3292	6783	2100	10599	3283	11309	28231	353189	28234	1588	6579
GLP 1 In Pancreatic Islet Cells WP5447	6513	3569	3630	2641	6514	2740	3570
Serotonin Transporter Activity WP1455	6532	3553	7041	4842	5516	121278	6804	10066	3554	3690	4128
Integrin Mediated Cell Adhesion WP185	5604	7791	858	5607	3679	3678	5594	6414	6714	5880	6300	8874	3696	5062	9564	3685	3693	7094	3673	5879	5596	3672	6035	5606	5598	2534	1445	3688	3690	3674	3689	3695	3694	5296	5170	23473	3655	998	857	7414	9815	825	11131	1793	8516	10753	6464	10298	5058	673	859	208	5063	9475	7408	3681	7145	3691	3687	84665	3676	85366	53358	3682	22801	5602	10451	827	5894	3265	5881	6010	7410	3684	5605	824	106821730	823	8515	3683	10000	10580	11132	2885	3680	826	5608	5747	6093	3611	5908	3675	2889	5906	207	5597	369	726	1398	5829	6654
Parkinson 39 S Disease Pathway WP2371	7327	1644	839	840	836	7332	7326	5413	7054	7318	5603	9627	5071	898	23208	6300	65018	54205	118424	7314	835	6311	5600	11315	9134	120892	6531	2861	317	6622	9246	1432	7345	2058	51465	7317	27429	842
Nanomaterial Induced Apoptosis WP2507	596	2021	839	840	5551	836	841	8772	9131	56616	54205	578	356	317	8837	637	581	355	27429	842
S1P Receptor Signal Transduction WP26	208	1901	2770	5287	5594	5330	5595	6610	8877	10000	6300	56848	1903	427	2771	29127	23236	9294	53637	5331	5596	207	5597	2773	5598
Nod Like Receptor NLR Signaling WP288	5970	5599	8517	1147	6885	2048	3551	958	55914
Nuclear Receptors Meta Pathway WP2882	2950	3320	4257	8553	6530	30	1622	11254	1576	10998	1969	3592	10486	89795	10062	1577	6526	3553	7266	81031	595	51426	55554	29988	54658	1544	10602	79571	5360	64241	9152	5166	5265	6594	7049	7056	2194	6364	144195	3589	1839	3337	5465	9792	29103	2953	335	11214	81706	51	10599	6535	3084	7042	196	1579	8660	7128	6554	2729	340024	4609	8850	6531	117283	7039	25800	1066	66035	10257	221074	983	23516	8884	159963	6514	6532	3727	29985	5052	7546	2908	66002	6817	8714	3895	581	6515	84951	55334	2948	6714	10560	29986	154091	873	57181	2946	23764	84002	2949	2939	9817	1907	376497	55117	57491	6286	10891	54578	2040	1376	8647	2944	4240	2941	64116	100861540	2877	1545	51129	1027	7040	6591	1958	7296	3458	3558	3593	22949	7295	1962	5226	6347	2539	3162	6518	91252	2289	8431	241	4097	8454	54566	9971	54657	6513	5375	9049	27063	1956	8507	6528	4616	3082	348932	5272	6649	6667	11140	6523	56606	10769	1244	1557	56262	23054	5997	3303	160728	2042	2730	5743	388662	4259	1581	8824	6540	6529	330	57678	6256	153218	283848	7124	92737	9970	387509	55224	3725	6720	7364	10499	6337	27190	2947	131	6533	2033	11057	211	10252	23657	5243	28968	7922	1374	221223	1543	3726	1836	34	54577	1548	221357	218	4780	336	1831	27286	8436	2878	115584	60482	54716	7421	874	3280	201266	6822	5524	283375	140809	5105	26509	54600	11182	9982	80315	10728	4199	8202	6538	8140	5244	221393	11309	6774	1582	8204	7048	1559	9965	2258	3484	5467	200010	645	5055	6524	6527	2936	6319	5155	8648	2168	177	347902	114134	3326	2512	8878	405	79056	6536	2940	55630	2495	57007	329	121512	155184	5705	2678	5460	570	4791	1019	125206	9588	4258	1028	116519	10057	6397	6342	6517	114112	7363	345	1555	8856	5552	2099	27173	8243	1728	221079	5142	2308	2938	64240	23491	6534
Cannabinoid Receptor Signaling WP3869	5599	221955	5575	5573	5594	5603	5595	5568	2166	6300	1543	196	222236	5567	1269	135	5600	1559	1576	5602	5566	5601	747	1432	1268	113	1557	107	5577
White Fat Cell Differentiation WP4149	7090	1495	6095	10365	5468	2122	2624	23090	3630	1879	3662	1051	1385	6720	28999	6777	2908	9314	2625	1649	2308	83439	7480	1052	1959	5914	1050	3661	688	7026	10062	6776
7 Oxo C And 7 Beta HC Pathways WP5064	1628	23597	4864	641372	6342	10577	11332	122970	284486	10005	1581	641371	3290	2053	1593	23600	55856	11001	1717	10998	570	10965	8309	134526	26027	10682	3291
Regulation Of Actin Cytoskeleton WP51	5604	71	10787	54434	2149	2259	1133	1132	5594	30849	2245	387	22800	2251	1131	22808	5880	5962	8874	2246	10297	57144	5062	5154	8045	9564	2934	7430	623	2768	1129	54961	138429	624	8395	5879	5596	3672	2335	4342	6035	2261	1128	8936	9965	2258	1445	8394	2260	81624	8074	4638	5286	5287	6237	5288	5289	87	2256	5296	4634	10163	8822	5305	998	55740	2909	10672	5216	2263	5155	8823	2264	2257	7414	1793	1073	55845	2249	4659	2250	7454	10298	10458	5058	5291	673	5293	28964	5063	2255	6548	5159	4628	7429	1072	9475	27006	3845	4893	4632	2248	85464	1729	2253	23396	5294	2254	10152	5894	8826	60	324	9459	6655	8817	50649	5156	5881	8396	26999	4478	5605	106821730	2247	5290	1956	5595	26291	2147	9138	10092	23533	7409	8503	55970	5295	7114	5747	6093	929	1950	3984	79837	26281	5597	1398	5829	2252	6654
Familial Partial Lipodystrophy WP5102	208	5465	2339	4001	63924	10365	4023	5468	23463	10269	5290	11343	2624	1149	3630	84823	6720	57104	6777	4000	2167	2625	5601	5396	3991	5346	1050	8815	688	687
Familial Hyperlipidemia Type 1 WP5108	51129	3949	5360	6400	3990	27329	337	338328	64788	335	116519	344	336	4023	4035	1071	55908	3931
Familial Hyperlipidemia Type 2 WP5109	3949	7391	5360	3990	337	338328	26119	338	335	4023	336	2053	1071	2690	3931	255738
Familial Hyperlipidemia Type 3 WP5110	3949	5360	949	3990	337	348	335	4023	336	4035	1071	3931	7436
Familial Hyperlipidemia Type 4 WP5111	4547	3990	64788	335	116519	344	4023	4035	84649	3949	2646	84532	64714	5360	6400	338328	336	3931	355	337	1071	2645
Familial Hyperlipidemia Type 5 WP5112	3949	5360	6400	3990	337	338328	64788	335	116519	344	336	4023	4035	1071	3931
Iron Sulfur Cluster Biogenesis WP5152	2232	23479	51218	9054	150274	57128	4682	27247	2230	2395	10101	51647	3313	26502	22
Markers Of Kidney Cell Lineage WP5236	9096	7040	6422	655	4090	79633	54583	284252	4907	5159	1674	54361	6927	5915	163	182	5175	5087	6943	6928	8854	2297	4851	84870	3975	3791	7474	112399	2668	130497	10736	4435	3195	3172	9423	112398	2253	2018	5972	1499	6299	4086	59	2056	338917	284654	3371	5914	7490	8313	3815	2138	7827	6495	1634	4868	2252	652	5076
LDL Influence On CD14 And TLR4 WP5272	84699	3553	64764	90993	5966	5603	6347	6300	1385	9586	5970	5600	5971	3586	7099	10488	929	1432	3569	4791	468	148327	4790
Mineralocorticoid Biosynthesis WP5279	1585	6716	1645	8644	6715	6718	1584	7364	3290	1109	54575	1646	1589	3291
Lactate Shuttle In Glial Cells WP5314	6506	9194	6515	6513	3945	762	256281	6566	3098	9123	8671	760	3939
10Q22Q23 Copy Number Variation WP5402	27156	26103	6457	4142	10274	54537	102	143241	2838	10939	4143	701	5995	5468	374407	11155	6623	23409	5885	23244	89765	8600	83853	2894	92211	83861	94233	10771	23047	81492	23063	8243	7422	10974	2066	650	8382	81619	340745	100133093	657	79812	149840	9126	2746	387694	10718	1050	345895	154865	112441434	221421	56241	54462	387695	84293	10262	10459	88	84332	4790	27069
13Q12 12 Copy Number Variation WP5406	7188	5599	338872	6640	387	4099	1756	7185	1837	387911	7186	2318	6442	6443	221178	998	84894	9370	8082	7187	5601	26278	6444	6445	1605	65078	6310	4285	5879	57142	6035	55504	6641
15Q11Q13 Copy Number Variation WP5407	1139	1525	3065	728498	653125	321	9578	4308	286053	54893	26287	653073	728047	100820829	25942	727909	161725	6812	80036	197370	57530	4286	63941	7082	493861	55719	27134	29855	2697	6804	1387	23359	25876	79608	871	5970	101059918	23268	23137	8850	22909	801	653075	100506658	84250	55215	57165	51621	56160	351	6352	2177	130574	112755	9414	821	125111	79677
PAFAH1B1 Copy Number Variation WP5409	1641	5048	6249	5050	7846	81565	5649	10726	1778	5049	7436
Target Of Rapamycin Signaling WP1471	6009	5571	2475	3422	1978	55615	79899	10325	58528	253260	8408	9706	64121	5563	54541	7249	5564	998	84335	2280	79109	53632	64223	7248	51422	5562	25989	57521	5879	10670	3156	6035	207	6198	5578	5565	115265
Type III Interferon Signaling WP2113	7297	6773	282616	163702	3588	10379	282618	3716	6772	282617
Retinoblastoma Gene In Cancer WP2446	1021	4863	5591	81620	24137	4173	1870	3275	6240	898	1026	54443	5931	9133	8819	5947	1786	4193	6241	8318	2189	6502	10714	25	6839	4172	2956	595	1017	890	1111	5111	5985	891	8030	6118	10733	580	1871	11124	896	6595	5925	1027	5983	3925	8317	7027	25942	7157	5877	1869	4998	6119	5557	7153	9134	4609	1719	7029	3146	6596	5894	1019	993	983	3065	5984	3148	5603	7298	7465	1633	79027	10592	8243	7272	5427	5422	4175	5426	9126	4176	6117	5928	994	3015
Cardiac Hypertrophic Response WP2795	208	5604	118142757	5599	2475	5607	4773	7124	7040	2932	1025	4205	5605	5609	5594	2247	7132	9759	8517	9020	5595	1147	5170	4214	3084	5530	51564	5320	5608	7046	2263	817	5592	801	5587	3479	9641	5894	10014	1950	1022	1432	9734	5879	6885	6416	6035	207	11184	3551	5578	5606	4790	5598	4878
Mesodermal Commitment Pathway WP2857	268	6169	80312	1466	3064	3169	5087	8325	8553	3251	8091	23373	6925	3717	154091	29970	4089	85363	8322	11190	9314	79035	23528	5566	92	7044	10155	2131	10973	4838	9573	22823	27244	8646	57198	203228	6722	7403	27245	6001	10637	2260	79923	54799	5915	11169	4211	2005	90	595	3720	26610	9113	7473	131405	31	5080	8030	3172	8728	9241	56946	2625	9421	23181	8554	84667	5090	79977	89780	6657	659	27324	652	63035	4088	4087	7003	80304	115825	7547	11166	2132	64321	8463	2296	121536	23576	708	55704	2253	79776	4780	6926	6899	5460	1789	657	10451	83439	5916	2627	29072	10413	5515	28514	51701	10124	23007	58499	83881	51176	655	2303	1488	3170	5573	93	22943	84295	84159	8320	4091	54892	7855	8928	343930	7546	6615	55809	85416	4086	6911	8312	57045	79668	5308	23499	9760	8313	51366	688	57669	8450	3624
FTO Obesity Variant Mechanism WP3407	10891	79068	63976	6899	10265	7350	79191	84159
Wnt Signaling And Pluripotency WP399	5328	387	26190	8325	11211	3949	5523	10009	960	6932	8322	8326	120892	5601	333926	5584	2103	4040	10023	6416	7472	5578	5520	7476	5579	4316	7471	5467	79923	54361	28227	595	5582	51384	7473	7474	3725	29127	1487	896	5519	5048	81029	8321	89780	6657	2033	7484	5581	5583	2932	8061	5522	5588	6934	5529	85409	7157	1500	5590	7475	1387	27022	8323	5602	4609	5460	85407	83439	1856	1855	80326	6885	324	2535	5515	51701	894	1454	5580	7477	51176	1488	5527	4041	5516	4800	7855	7481	7976	5518	1499	8312	5587	5521	7480	7482	8313	1857	8324	5524
Caloric Restriction And Aging WP4191	2475	7157	10891	207	23411	10135	3479	5565
Ebola Virus Infection In Host WP4217	3134	10461	71	858	2317	3678	5594	387	3119	1965	8218	219931	30835	85477	153090	3836	10332	3685	3113	2934	5981	3135	9641	65082	4734	8575	55823	3384	3673	5879	3672	6035	3117	3688	4864	3120	23586	3690	3118	87	2348	3480	5296	9367	2621	27072	3655	5970	4240	1213	998	857	29110	1212	6868	3111	2316	11314	3123	2033	5058	5291	3665	859	7879	5293	5610	7251	4153	91937	432	3133	7301	3107	708	1387	2318	3676	1514	84868	9021	684	26762	5971	3105	27183	7099	3565	81	3122	2060	8826	60	4791	93978	3108	23339	64601	10462	389	7410	3109	6772	5966	3127	10577	558	5290	1956	3115	5595	388	1508	57617	3385	8503	7020	5922	5295	339390	3106	1211	7074	5868	3675	3661	3112	7150	207	4790
Interferon Mediated Signaling WP4558	3445	3588	3716	6772	3458	3456	56832	3446	5290	3447	3439	3717	10379	3448	3451	282617	101180976	3454	3444	3443	3455	7297	5295	282616	3460	163702	5578	282618	3449	3441	6773	3442	3452	3440	3467	3459	338376
Cytosolic DNA Sensing Pathway WP4655	9636	3553	3445	841	9447	8772	79671	3606	661	23586	3456	3446	5441	8517	3447	5435	1147	3439	54941	10623	4792	7706	3448	843	3451	388372	4793	5437	11128	3444	1540	3443	3665	51082	10622	171568	5970	11277	834	3627	115004	8737	90865	29110	3449	3441	57506	55703	9641	9140	11035	340061	3442	103	3661	6352	3452	3569	55718	3440	9474	5440	9533	51728	5434	3551	29108	81030	8717	4790	84265	10621
Cytoplasmic Ribosomal Proteins WP477	6191	6129	6169	6168	6142	6196	6195	6122	9045	6138	6207	6130	6181	6187	9349	6206	7311	6188	6173	6224	6194	6217	6160	6202	6223	6218	3921	6171	6134	6199	6164	6139	6147	6230	27330	6156	6128	6133	6135	6192	6233	6123	6228	6132	6234	6158	6165	6231	6167	6159	6176	6197	2197	6193	6203	6229	4736	6208	25873	6222	6205	6137	6144	6175	11224	6232	6201	6141	6189	6209	6227	6235	6161	6210	6204	6146	6152	9801	23521	6124	6136	6157	6125	6143	6154	6170	6198	6155
Glycosaminoglycan Degradation WP4815	3423	2588	411	3425	4669	10855	23553	2720	3074	3373	60495	6448	8692	2799	3073	2990	138050
Leukotriene Metabolic Pathway WP5171	241	2687	64174	4363	2678	1800	240	4056	26063	4051	4048	1666	22949
Primary Ovarian Insufficiency WP5316	268	346673	221711	1621	2100	5728	2334	23304	402381	342977	284417	2488	23305	5054	8891	2492	1581	3791	8892	23438	326	84057	7486	10456	639	672	254394	8192	26284	2661	656	29893	11077	1352	1586	26047	23514	56979	11144	3815	4313	79065	164045	23395	7048	2189	2074	57505	4853	7124	2592	627	646	5110	84733	5888	23411	54361	6387	641	675	5170	2701	594	30812	2547	7249	10657	57167	658	9241	857	2175	668	6134	56478	3623	142	7490	64374	7049	2176	3569	659	57697	3123	3640	84690	93426	5122	6770	55213	1312	1901	472	2778	2332	3558	4683	56945	3915	7252	5432	269	57510	1618	1730	5746	59067	56652	171568	9210	113510	254528	9156	2304	5460	10734	657	7784	2827	3295	344018	431707	284403	4591	84168	116039	4438	55120	3429	5373	57122	256006	92667	93	8626	100526761	64506	4439	7518	2626	2309	135935	5096	5095	186	1588	8890	10857	139324	2099	3973	7038	9401	10533	8991	4000	5618	8894	2308	5428	9581	2516	7516	84515	8893	207	80067
Glycolysis And Gluconeogenesis WP534	6513	5315	229	7167	1738	6514	6517	3099	3939	5160	226	3101	5223	5211	8789	5313	3945	5232	51660	2597	92483	2026	25874	3948	2203	230	5224	5230	2538	6518	5214	2821	5213	3098	4191	5091	6515	2806	2023	1737	4190	2027	2805	5105	2645
Metabolic Epileptic Disorders WP5355	27304	229	55526	10166	226	28972	51660	1491	25874	686	5723	2821	2593	5213	2746	1036	1373	383	1737	4338	48	2027	2628	5315	27165	7167	3099	5160	5223	6821	8789	4337	3033	7498	92483	3948	58472	5224	2538	5214	2731	4191	102724560	38	3141	4190	29968	435	26227	6510	501	3101	445	3945	2597	2026	1892	2203	5230	6518	5009	10243	3098	2639	2023	10157	6470	6472	292	94081	6513	1738	6514	6517	3939	6542	5211	5313	5232	230	6576	2875	23474	5091	6515	2806	51166	2805	5105	275	2645
Primary Ovarian Insufficiency WP5461	268	158401	346673	221711	2100	402381	342977	2492	8892	23438	326	84057	7486	654	10456	639	254394	147872	8192	26284	2661	29893	55366	1352	1586	55215	23514	4486	11144	79065	164045	23395	2074	1967	375757	57505	4853	2592	1062	646	3981	5888	124045	641	675	30812	10657	57167	658	1993	3292	857	2175	668	157777	56478	7490	64374	7049	2176	78995	659	57697	132243	5495	93426	84464	6770	55213	9692	164127	348995	472	2778	7512	2332	3161	4683	56945	3915	5432	269	1618	1730	56652	171568	9210	254528	113510	55159	9156	10734	657	7784	3295	344018	431707	4292	284403	84168	4438	55120	239	5373	57122	92667	79983	388649	8626	100526761	367	64506	4439	7518	204801	135935	5096	5095	388553	326340	8890	1588	10857	2099	9401	10533	151246	4000	5428	9581	2516	7516	84515	8893	80067
Selenium Micronutrient Network WP15	19	6414	85465	3949	5054	5743	1491	2244	8942	4353	7001	51714	25824	6288	3553	7124	57190	949	3630	7498	2266	2155	55312	2936	55829	348303	5970	280636	2879	140606	2877	847	102724560	4548	2876	3569	338	6291	80308	7296	335	213	3458	9403	7295	1401	257202	5327	6347	5742	3043	83642	2678	1734	1733	241	247	5340	4791	58515	6289	10587	3643	12	2878	55163	114112	22928	2243	6415	2147	51734	6648	6649	10935	5052	8564	4524	6647	3383	240	10549	1735	4790
Neural Crest Differentiation WP2064	5376	388585	1000	6663	6662	3196	10215	6925	3397	1004	3516	7545	3670	4855	10683	1638	2637	3211	1005	4155	2261	4762	9965	4853	3688	5077	7471	2260	6660	4286	7021	9355	2263	79885	9421	10014	9734	10013	89780	652	4359	1280	83933	116448	64211	283659	54567	2932	6591	429	4488	2705	127343	9759	3975	8841	55869	27022	1749	8929	999	3066	2253	4609	4602	83439	1856	8190	1855	2670	4791	28514	167826	3065	7291	4854	655	1488	2247	23493	7478	2113	5081	4851	388	7020	7976	51564	6615	85416	1302	1499	4086	6911	8312	3198	3280	8313	4487	1857	4790
Farnesoid X Receptor Pathway WP2879	7363	10891	1581	8647	8660	5244	6554	6256	1576	11309	117283	1582	10998	570	2289	8431	6822	9971	9965
Apoptosis Modulation By HSP70 WP384	839	840	836	841	8772	9131	3303	7132	4214	54205	835	356	5602	8737	317	637	355	4790	842
TLR4 Signaling And Tolerance WP3851	11213	7124	3456	4615	23471	114609	8517	1147	3576	4792	23118	51135	8737	7187	29110	7189	7099	9641	3635	10454	3661	6885	3569	3654	148022	3551	3665	4790
Mitochondrial Gene Expression WP391	3054	51001	2551	4899	7019	7978	64216	2101	10891	5530	5442	1385	6667	814	23082	51106	133522	2553	50804
Neovascularization Processes WP4331	4088	5599	4087	4093	7043	54567	7040	2050	4854	4090	4318	5966	5594	6387	182	7852	5595	4851	2048	3791	284	7042	5970	7046	5971	4855	4086	5155	5601	3091	2324	3815	4254	4791	94	207	4790
Inflammatory Response Pathway WP453	3568	942	959	3911	7448	3560	3458	3558	3566	7132	3912	3915	7057	3561	1281	940	7059	1278	3559	7535	941	3565	3567	3913	3932	1277	2335	3918	958	7133
Aerobic Glycolysis Augmented WP4628	6513	5315	5230	2023	2821	5213	2597	7167	3098	2875	5224	3939	226
Omega 9 Fatty Acid Synthesis WP4724	54898	3992	2180	64834	79071	2194	83401	79966	6319	60481	2181	10965	2182	9415
Phosphoinositides Metabolism WP4971	5333	23007	8776	9110	5332	5728	55529	54893	22908	8897	55613	81846	5286	5287	8394	30849	6305	5330	5288	5290	90809	5289	51196	84812	54545	9108	4534	5305	66036	10903	23236	5336	23396	5335	9107	4952	5294	113026	5331	3635	8395	79837	89869	8898	5291	9651	8396	200576	5293
Riboflavin And CoQ Disorders WP5037	57017	2110	27235	10229	51004	54840	56997	55065	55312	57107	23590	79581	80308	2108
T Cell Activation SARS CoV 2 WP5098	5604	942	5728	5594	6775	3717	4792	8809	1026	598	51561	941	64223	3592	3932	64207	10125	6363	2534	7124	10892	915	5533	4772	595	940	27040	3605	5170	3725	4049	3454	7249	5970	29851	3594	3708	3123	5293	6009	2475	2932	917	5588	3458	3558	3456	3593	4615	920	7157	8517	64798	253260	916	149233	1493	84433	5335	3565	8915	3122	5894	57521	2353	919	3551	3265	3937	3595	5605	56477	5595	1147	2309	3455	2885	7297	5295	1029	7535	7248	9402	581	207	5788	4790	6654
Ulcerative Colitis Signaling WP5174	3567	4772	3596	3561	64127	6778	7124	7040	7097	2625	3458	3586	50943	3108	3566	3565	4094	4790
Mitochondrial Beta Oxidation WP5241	1962	1632	2181	10449	3028	1666	1892	36	33
Glycosphingolipid Metabolism WP5292	7368	10825	7357	2583	8869	8708	2629	9514	129807	410	9334	2581	57704	9331	8703	53947	84002	8707	2717	127550	8702
4P16 3 Copy Number Variation WP5365	10460	2549	10818	867	5594	25920	339983	7468	2247	5595	8218	118424	401115	617	90459	2885	5295	152877	5335	3954	7469	353497	51497	9793	2261	7884	7936	92305	6654
Vitamin A1 And A5 X Pathways WP5397	5916	5914	6256	6258	6257	5915
ADHD And Autism ASD Pathways WP5420	316	2892	2643	6327	58512	775	6530	6335	8942	22863	79581	55054	50507	2571	1576	3354	8029	2326	64223	4128	1036	27244	9455	3176	6948	148	2560	5582	85445	223	27255	59283	55034	147	9140	80852	351	1268	231	5291	6900	208	3704	5575	353	5159	6331	3357	64798	7166	50508	253260	4846	6844	200909	285242	6697	5336	6531	747	10840	11280	59284	84105	25974	55163	9787	2752	6532	7298	8503	3620	2903	5295	3067	2017	1499	79400	159	10165	57084	7248	6324	6647	83667	2806	107987479	50944	10368	5826	81693	248	6794	23410	387	3251	1491	22941	883	2562	6014	5566	3743	873	9379	55800	2917	10815	23464	23284	635	158584	3356	53942	6855	2166	2893	169355	4843	6804	2185	4204	5567	7249	471	2550	2557	9776	102724560	8604	59285	83734	3736	5805	5067	221955	3054	1645	3458	908	8408	2912	55972	113278	8678	23475	6328	786	55191	5156	1739	1742	51629	9231	6472	1740	5580	9456	64802	5053	1816	6573	3643	4860	2346	6999	5290	1956	8566	2776	1741	1636	6649	27430	5092	10533	154	60673	1565	2911	3614	6332	207	1557	102	79937	2710	121278	3360	30849	2890	6812	84557	2891	5568	6336	55768	1272	10369	445329	158	9369	6529	84335	3742	3355	1786	26047	2628	1644	152330	7124	160428	25	2916	2915	5289	2348	2565	7498	5296	56267	55312	2905	3741	6323	438	1716	4842	55065	2554	4594	801	4129	5562	3739	140679	6009	2475	3363	1312	4522	134864	22871	23130	5590	8470	54413	217	6616	2555	249	6329	8506	26100	57521	4684	51293	6470	5021	15	1813	2350	5573	115201	9228	3737	10000	6648	26	2572	392636	8564	5972	5409	6334	9229	6326	10327	27249	9177	1621	5728	4143	27	2563	27232	10797	9378	118788	18	1815	2914	6330	27092	55788	146	2744	22839	3362	3815	2913	1559	5578	2902	116443	5579	11152	27165	5860	2906	55879	6947	9454	5020	9821	31	113235	4548	57555	9474	80318	5293	51380	57502	191	867	2558	6570	5563	4988	2566	2918	185	23426	5335	55062	8644	2561	10243	1719	4160	1605	100	81034	270	27035	27091	2556	2694	3738	6857	3352	7054	4552	441024	2904	25902	1269	135	166785	79109	4524	51166	170572	64422	116444	5577
Post COVID Neuroinflammation WP5485	7113	3553	7124	3606	3458	5594	3558	3552	3576	51284	3586	7099	3565	3592	59272	3146	6356	3569	2670	3440	5045	7098	51311
Pentose Phosphate Metabolism WP134	5226	7086	25796	6120	22934	6888	2539
Iron Metabolism In Placenta WP2007	57817	341208	4891	7037	7036	48	57192	7018	55240	3658	30061
Pregnane X Receptor Pathway WP2876	5243	54657	2939	3320	54600	7266	6714	1555	10891	8202	10599	54578	8856	54658	5705	1548	1559	6256	1576	66002	100861540	10499	2308	8204	8714	8648	27286	6822	10257	1244	1577	1557
Lipid Particles Composition WP3601	3949	348	338	335	344	4023	336	1071	3931	345
Thiamine Metabolic Pathways WP4297	10560	80704	27010	7086	593	4967	10295	60386	5160
GPCRs Class A Rhodopsin Like WP455	4829	2838	2149	886	887	81696	9934	1133	1132	3360	144124	3361	155	2865	26211	1131	7852	26658	2492	5029	26659	266747	10803	1815	2854	4992	2843	94233	8388	1234	1241	1909	5733	150	64805	135948	4995	1524	2357	151	5028	719	3354	3355	611	27334	8390	56923	26212	146	623	2845	3350	1129	4923	8383	338674	5737	624	2840	3362	7932	390892	5739	6754	2866	153	1128	100996758	8392	26538	1910	11255	10800	4985	26493	3356	1236	2844	9248	5956	148	11250	2587	29909	2830	2867	8111	3274	26692	2151	5729	26707	140	643	2359	23432	283160	2848	2925	134	10798	1230	1122	4986	4994	56670	26716	2852	7201	2829	81697	135946	2864	54328	26188	147	1812	4886	2859	4889	1235	2850	26664	11251	57121	1268	116511	2853	10888	552	554	1240	9283	136	2693	4142	3358	3363	4987	152	6753	10316	8387	9293	6915	8590	26333	5724	3357	4158	2826	81797	158131	27198	51554	6751	10936	26531	9034	729230	8477	3062	57007	2358	101060233	2841	4988	2835	2825	54329	185	3061	144125	8386	10161	5731	4160	2827	4543	442186	53829	3579	4887	1814	120776	79541	4159	680	26539	6010	2834	1816	10692	2863	2847	5021	9002	26476	10886	2150	1233	53836	126370	1813	8811	2828	4157	2846	5032	442191	3352	2842	3269	8843	26189	442185	3351	186	1269	3973	4991	187	8484	135	154	5734	553	4544	2833	4161	5732	64106	2861	442184	5031	4993	81491	6752	23596	23620	1238	1232	283297	2862	1237	2831	26696	6755	3577	27202	2857	57105	26532	5030	84636	2832	56656
Glucocorticoid Biosynthesis WP5280	1585	6716	1645	8644	1576	6718	1584	6715	3290	1109	1589	1646	873	3291
Rubinstein Taybi Syndrome 1 WP5367	2091	4089	64425	4862	4097	8202	9575	9188	1387	406	3660	5111	2308	1385	8092
15Q25 Copy Number Variation WP5408	6457	6513	85358	8943	123720	4829	57188	83640	646	3064	2915	8120	64282	53346	26052	28972	64506	9789	53339	9154	1176	84942	23478	8867	6261	9640	116986	57538	123207	4828	5151	643707	8731	10947	3708	5894	60559	1950	2911	50944	7150	123722	54993	6262	9455
Type II Interferon Signaling WP619	5610	3659	9636	3553	3716	6772	3458	3456	2537	4261	3717	10379	3662	4843	9021	3460	3106	8651	3627	5781	3660	5967	5698	4938	6890	1536	6773	3383	4283	3433	3440	3394	3459	6688	5580	2633
Androgen Receptor Signaling WP138	23028	5728	387	811	6714	8202	898	9611	860	51588	4089	672	29893	6774	4193	7337	2119	5879	6035	1616	7341	2274	23411	595	3985	5883	7050	5296	3725	23598	7182	5970	6013	10399	998	857	10499	573	24149	8031	8554	8648	11143	5925	7041	2316	2033	64800	6047	11034	10498	2932	10524	7329	25942	5901	9475	9063	1387	10273	57178	8850	6605	8431	113523636	3065	9612	106821730	1956	367	388	1385	6667	5052	5295	11315	1499	9604	5747	2308	6093	2288	166	207	6049	4088	10401
Cell Differentiation Index WP2029	10014	6722	3196	10637	30012	6774	7044	3195
Glial Cell Differentiation WP2276	5354	4478	4155	2596	1267	11076	4099
Sulindac Metabolic Pathway WP2542	4482	1544	253827	22921	1545
Vitamin D Receptor Pathway WP2877	3294	4773	248	386679	56262	1594	387267	2050	26239	112802	4814	23274	6696	64806	81037	9914	727936	3663	113835	795	283229	7078	604	3397	898	1581	634	3965	1026	50486	85285	654	639	9314	6256	1576	6304	623	3592	3860	8204	1050	386676	6280	6277	3117	11221	10125	1577	7869	1559	386675	4345	3484	997	6273	168002	5467	8074	8853	92737	337879	6279	4982	3118	23581	9926	3486	595	1017	126364	25928	400830	29923	1469	820	5653	632	8600	768	5005	29785	9365	1305	57167	1474	6275	147	102724560	7077	1027	7056	387264	3488	8687	3123	5368	7292	1030	373863	5243	78989	7040	6422	6546	838	892	9173	5588	55503	6927	1032	490	3662	1543	8027	5744	3726	6819	7042	2539	200407	1493	1992	7128	56302	4609	1647	3091	3400	3827	1946	10568	79689	1031	353134	27035	928	958	7168	84766	3684	251	5741	353137	22997	219855	412	6517	100289462	4041	1555	11096	4084	4650	6699	7421	353323	1045	3885	154	55090	5734	3868	1029	4600	1565	5004	386672	9075	2308	151888	54901	79789	929	22906	240	107987479	54210	1591	976	6822	3394	215
RAC1 PAK1 P38 MMP2 Pathway WP3303	5599	4436	3925	3688	840	5888	9046	5594	51378	1978	7075	6714	7010	5290	1956	7157	5603	5595	8517	1147	4893	3845	4792	79155	6300	284	4843	332	285	10318	5970	572	2064	2885	5295	6777	5600	4842	2886	1499	4609	79931	5781	5601	6774	5747	2308	3265	5921	581	2888	1432	4313	5879	6247	10413	6776	2335	9068	6035	207	4690	5058	3551	1398	5829	4790	842	6654
GPCRs Class B Secretin Like WP334	23284	2642	1394	2740	5745	2692	1395	64123	9340	5746	7434	10203	2696	7433	30817	10149	6344	117	976	799	23266	2015	22859
Neurotransmitter Disorders WP4220	1644	1312	7166	1621	121278	5409	6531	6571	7054	4128
Non Small Cell Lung Cancer WP4255	208	1021	5604	5579	836	841	83593	5605	5594	6257	6789	5915	5290	1956	595	7157	1870	5582	5595	4893	2309	51426	3845	4616	1869	10000	5296	54205	1026	8503	10912	578	572	2064	27436	2885	5295	6777	5336	5335	5578	6256	1029	1871	1381	1647	1382	5163	6258	6774	7039	2272	5894	238	637	581	1950	5925	6654	6776	6655	3718	207	1019	11186	369	5291	673	3265	1643	842	5293
Oxidation By Cytochrome P450 WP43	113612	1595	9420	1594	51167	1553	1557	1583	285440	1555	1562	8529	126410	1585	1549	80777	1592	51302	57404	1581	51700	1543	339761	1544	4051	260293	64816	1588	1593	1558	1571	29785	1579	284541	1572	11283	1548	57834	51706	1559	1528	120227	1727	1576	66002	1584	1565	100861540	199974	1582	54905	1545	340665	1573	107987479	5447	1591	10858	1580	1577	1586	56603
Hippo Signaling Regulation WP4540	4914	5332	1000	1001	387	7010	5576	5568	1004	3791	5564	23236	6932	5566	1969	28513	5584	1005	3815	5879	1015	6035	2261	5578	2773	1006	5579	1016	23683	1003	2260	5330	5582	1007	3480	9113	2771	5567	2767	998	25937	26524	2263	53632	4915	2264	2324	5562	64403	28316	7003	2475	4087	5581	5583	2778	5575	8463	5159	5588	2774	6934	5590	1013	5563	999	7005	6788	83439	5331	10413	7004	1014	1012	5156	4771	5565	5580	5571	1002	3643	51176	4233	2322	5573	1956	64405	2776	4804	1436	1009	2321	4485	1499	1010	51422	1008	4088	5577
Nucleotide Excision Repair WP4753	7507	2968	2073	10714	2967	1069	4331	7508	5984	1161	2068	5425	2071	54107	9978	5887	5985	5111	6119	2965	1642	5982	57804	2072	6118	404672	5427	5981	902	5426	5886	6117	2067	1022	3978	8451	2966	5983	5424	2074	56655	1643	8450
Fluoroacetic Acid Toxicity WP4966	55902	50	224	223	1431	217
Lung Pathology Of COVID 19 WP5146	3553	7124	3606	23586	6373	6347	51284	64135	1437	3627	115004	29110	57506	3661	3569	4283	7098	51311	4790	340061
TROP2 Regulatory Signaling WP5300	596	3688	5728	3678	6772	6714	5175	1956	595	1017	4192	3717	4851	898	3480	1111	3725	1366	999	5295	7431	10399	9076	1029	1499	5747	3479	7094	581	4322	4363	5879	3482	5925	5664	1027	2335	94	6035	1019	4070	10298	3481	5578	4790	5580
5Q35 Copy Number Variation WP5380	102	11285	9026	54732	1350	6714	4149	3014	51499	57179	1329	7852	10636	1581	2246	672	114787	1627	80758	5601	84364	6622	5771	1337	2773	345456	9965	2902	54540	55294	2549	2870	25	10818	9577	1349	9500	51491	4648	7169	26262	23567	79184	3480	6775079	3725	2771	84142	9423	57104	8923202	1327	23119	580	1212	2264	6620	825	3635	51428	8726	79930	192286	6569	10972	53917	10083	5599	51720	2770	23197	53841	257629	23135	2161	285598	3101	27166	3092	22838	1340	253314	5335	5602	4609	375484	5799	4514	51099	10959	9377	1351	10960	5741	1813	29086	25920	9260	54825	64324	2904	2885	5295	1346	4512	1345	83463	4513	90249	6654
Pancreatic Cancer Subtypes WP5390	93273	1510	6513	6273	6318	54474	53836	3855	131177	3866	83998	79170	11199	119467	9982	51442	4680	374	4640	3853	23584	3872	6699	84985	10551	7031	6707	3960	4069	100861540	1474	8796	8581	79908	10170	155465	286887	8399	7033	6317	7032	728113	1515	1015	27290	7103	55808	84951
6Q16 Copy Number Variation WP5400	4852	2693	3643	627	3630	3952	405	181	4160	5443	4915	51738	3953	6492
TGF Beta Receptor Signaling WP560	4088	4087	4093	7124	7040	51176	3716	10637	4090	7471	6696	6772	3458	9839	7057	5054	5595	23090	4091	3694	7050	25805	4092	1387	3725	860	8928	4089	9241	7046	2280	1499	4086	4790	5601	10468	6774	4052	2022	7030	6498	7044	3976	1950	864	7049	2353	9372	6497	2033	7048	3265	652	3624
Interferon Type I Signaling WP585	2475	3667	3716	6194	867	5966	5777	6772	1978	1975	6775	27250	10379	5296	1973	5293	7409	4214	1385	3454	9021	3455	7297	5295	8660	5608	10399	8651	8986	79109	5781	9846	6774	1399	9252	7535	3276	64223	8554	1432	57521	6773	5879	3932	2889	6776	5906	6035	6198	1398	5788	5606	1977	10401	2534
Toll Like Receptor Signaling WP75	5604	942	841	6696	54106	5594	3663	3447	51284	4792	6300	257397	8737	5601	941	9641	3592	7096	1432	10454	5879	6352	3452	6416	6035	5606	10333	3553	7124	54472	3451	3725	3454	23643	5970	23118	5600	51135	29110	7189	3442	148022	3569	3440	3665	51311	208	5599	3445	5609	6373	3456	3593	4615	114609	8517	388372	4793	3444	3443	3627	5602	3929	7099	6885	3654	2353	7097	3551	958	8772	6772	5605	3446	5603	5595	1147	3439	3576	3448	10000	7100	3455	5608	7187	3449	3441	6348	929	3661	100302736	4283	207	1326	7098	4790
Type II Diabetes Mellitus WP1584	5599	2475	773	3643	5256	7124	122809	3667	2710	6514	5594	6517	5590	23533	3767	6834	389692	9370	3651	3551	723961
Fluoropyrimidine Activity WP1601	2356	1807	7371	7083	10057	9429	2068	7157	7378	6240	7298	10864	8824	5471	2030	7517	1548	83549	1806	978	1719	6996	51733	6241	4524	8714	7372	1066	10257	23583	8836	1890	151531
Integrated Cancer Pathway WP1971	545	983	4436	596	4087	472	836	841	3716	5728	10811	5347	2956	6772	4361	641	7157	1017	4217	1869	5451	1111	1026	466	572	672	580	4609	4193	11200	27113	581	10111	5925	571	1027	994	207	1019	1030	4312	993	4088	842
Fatty Acid Omega Oxidation WP206	124	216	130	1548	107987479	131	217	126	127	1543	1565	1544	1576	125	1571	1579
Trans Sulfuration Pathway WP2333	51380	4548	2730	1491	4357	191	1786	2805	102724560	27430
Dopaminergic Neurogenesis WP2855	1644	7040	1028	7471	429	3170	6469	5979	6571	7054	63973	2020	2735	5309	4009	2253	4010	6531	6774	2637	4929	216	4487	6657	4821	4825	5015	2019	4760	2736
Estrogen Receptor Pathway WP2881	2099	8431	5465	51	57678	5105	1543	3725	1544	5166	6774	1545	6667
Triacylglyceride Synthesis WP325	116255	8443	3990	2710	4023	80168	8513	84649	10554	8613	8540	2712	8612	56895	57104	57678	3991	56894	346606	8694	2819	8611	55326	10555
NAD Biosynthetic Pathways WP3645	8658	952	143	23411	23410	93100	6999	80351	23409	22933	51547	10038	683	3620	23475	142	51548	130013	55191	10135	23408	64802
TGF Beta Signaling Pathway WP366	5604	10131	55802	50855	5594	9146	387	22938	2354	6714	7057	4739	5576	7071	860	1278	1026	6935	4435	5934	4089	5062	9133	9564	5601	10987	6500	6498	1432	10454	9972	3673	5879	5596	2335	6416	6035	7048	5606	7341	3688	54778	3690	57559	9839	595	3985	467	9978	9765	7050	5296	4092	3725	1601	79753	998	857	7189	4321	102724428	8554	6464	351	7049	7041	64219	2033	1030	5599	4087	1874	4208	7040	7027	7329	4205	25942	163126	57154	8021	7157	9063	3691	1387	64750	3726	5494	1386	8462	4609	5163	83737	7015	5894	10413	6885	8454	2353	8945	11171	11184	4312	983	3065	5933	4233	5605	50943	2113	3727	51377	8928	6667	2885	5295	5371	5608	7046	11059	8312	5747	6093	3371	6711	1875	1316	207	9372	6497	4088	23327	6654
Oxidative Damage Response WP3941	712	596	4794	7124	836	1028	9530	7133	51567	5603	716	7185	717	7186	5111	4214	54205	1026	727	578	572	714	998	728	719	5602	7187	1647	317	4293	7189	10188	715	713	1027	6416	1380	4790	842
Non Homologous End Joining WP438	7518	7520	64421	3981	27343	27434	5591	2547	79840	7486
Ketogenesis And Ketolysis WP4742	788	6513	5019	6566	622	1376	7351	38
Proteoglycan Biosynthesis WP4784	9469	2137	26229	55790	113189	2131	347734	64132	11285	126792	22856	54928	2132	51000	9060	1836	64131	124583
Somatic Sex Determination WP4814	268	2626	7490	30812	50846	668	54361	284654	6736	6662	2254	5730	1761	2516
Proximal Tubule Transport WP4917	527	5243	6513	9550	523	146802	6520	153201	6550	6575	245972	117247	6514	9356	160728	6522	9429	6524	358	64849	6528	528	11136	54716	10864	348932	57393	23428	6582	6505	760	8671	525	51382	51606	6560	476	529	8992	50617	9056	65010	142680	340024	533	6523	481	486	6519	55867	9296	762	9376	10257	55244	1244	6569
Unfolded Protein Response WP4925	596	2081	3553	51493	51360	3309	7157	1965	7494	22926	835	9451	4780	8720	10628	1649	5366	27113	637	23645	10018	468	8795
Iron Metabolism Disorders WP5172	7386	1356	57817	4891	2495	7037	7036	3077	2512	80025	55240	79901	7018	148738	9843	617	30061
Matrix Metalloproteinases WP129	64066	4316	4320	7124	7076	4326	4318	4317	4324	682	10893	7078	79148	4327	56547	118856	4314	6942	4325	4319	4321	9313	64386	4322	4313	8510	7077	4323	7079	4312
Fatty Acid Beta Oxidation WP143	788	2180	3990	2710	4023	7167	1666	1738	3032	1374	2181	8513	55902	23305	51703	2820	1384	3033	1376	1892	2182	33	34	1632	2712	57104	1120	3991	38	2639	1375	35	3030	37
Synaptic Vesicle Pathway WP2267	22999	1175	773	6572	291	4905	6857	6812	6571	594855	163	26052	10497	6532	8775	440279	2055	1173	8218	6853	6855	6804	5864	477	6844	6570	6616	8224	774	140679	23025	1213	10814	161	11315	160	6854	1211	57030	10059	1785	57084	6809	246213	6581	112755	2054	6507	10815	1759	81539
Gastric Cancer Network 1 WP2361	57122	1894	86	8900	22974	6286	4173	11065	6790	4851	286826	54891	54476	8209	8607	11082	4605	7153	55125	144455	9585	64094	324	56992	121504	1063
Gastric Cancer Network 2 WP2363	51316	5884	29089	1299	27101	255488	92140	25909	5984	1956	7157	11065	1297	84823	29028	63922	7153	55299	1499	962	4609	8926	157769	55215	3930	55593	6277	5983	10153	79075	54921
Endoderm Differentiation WP2853	54623	80155	1112	80312	6875	3169	57690	5087	5083	3251	23373	6925	9350	79577	3175	23682	154091	3227	7080	4089	85363	6932	11190	79035	23528	2186	2131	1844	10973	4838	9573	10153	22823	27244	63978	57198	5606	23286	5077	27245	6001	6877	79923	54799	11169	123169	2005	51460	3720	64864	26610	4830	7473	1994	30009	131405	31	1601	9241	56946	26986	23181	9425	1847	8554	5090	351	79977	6657	5015	27324	10459	63035	4088	4087	115825	7547	23168	1846	6422	7040	11166	64321	121536	3915	6928	23576	3975	708	5744	9044	79776	2146	5460	1789	657	10451	83439	5916	2627	324	3087	9682	51701	23007	58499	83881	51176	655	1488	6772	3170	22943	84295	7478	8320	2626	4851	55832	54892	8928	140597	6478	10128	55809	2908	85416	1499	7709	83595	3198	2308	79668	9760	6671	51366	9646	57669	8450	2736
Ectoderm Differentiation WP2858	6907	5420	6238	57621	56963	8325	1004	51762	7704	57462	170302	1952	7593	29970	8820	4089	8322	460	2300	8473	7226	6498	54828	6622	10486	11177	9924	8848	2534	1006	10253	5077	345557	23229	2274	79731	7471	8495	5467	114822	151613	4982	9079	1501	4772	10634	7022	9935	4204	5080	1487	6781	8345	2263	6386	25806	5236	23133	54806	10013	6657	152789	7903	27324	54207	652	83933	55843	57476	440193	5452	4920	5297	5362	157807	57154	114815	22871	2737	5292	6347	8675	25987	3975	91653	3853	5783	54880	5150	5787	51222	1896	6929	79776	4609	5010	4926	398	657	54903	83439	60401	79658	8835	2627	51043	7343	81576	27352	1496	10257	51701	5269	4771	51592	3170	6469	3148	50937	6785	1756	7855	54521	7020	56913	54898	2720	1499	9687	6016	56899	51422	4061	166	7026	3728	3801	4990
Liver X Receptor Pathway WP2874	64241	64240	6256	1581	1576	2194	10062	6319	1555	6720
Lipid Metabolism Pathway WP3965	208	5571	593	5575	5573	5160	55902	5576	5568	29923	10000	31	5563	5567	5564	23205	57104	5566	53632	3991	5346	51422	5562	51099	207	2194	47	5565	5577
Oxidative Stress Response WP408	25828	10587	4257	7296	2878	2953	4784	4501	50508	54578	7498	1543	6648	3726	2936	6649	6667	3162	50507	1728	4780	2729	5602	79400	847	4128	1536	6647	1432	2876	2353	27035	4790
G1 To S Cell Cycle Control WP45	1021	84699	983	472	4331	1028	7027	90993	23594	4172	8900	23595	993	23649	595	1032	1017	1870	4173	4174	4661	7157	4171	898	1869	4998	5111	6119	1026	891	7465	1385	5557	6118	5000	1029	9134	5427	902	1871	1647	4175	4193	4609	1388	10488	5426	4999	5558	7029	896	4176	6117	1022	5925	8318	1031	1027	1019	901	1030	894	148327	5001
Endochondral Ossification WP474	2688	5167	4208	5741	7040	1028	655	9507	4318	6696	2260	6660	6772	5328	50515	6662	2247	5327	9759	2737	5745	7078	54407	9510	11096	3480	7067	85477	5744	860	7042	2690	55553	871	654	1280	1473	11127	6777	249	8100	7422	2487	4921	5566	801	657	51719	3479	3549	3157	864	4322	5727	579	1515	176	8817	207	2261	3481	4256	1300
Galanin Receptor Pathway WP4970	10413	1028	3569	1027	9370	3630	10018	2353	7422	6517	5468	5443	1026	6844	1401	1385
Glycolysis In Senescence WP5049	7157	5315	5925	5230	2023	2597	3098	2539	230	3939	5562
Kinin Kallikrein Pathway WP5089	2161	624	710	3818	3827	623	1369
Ether Lipid Biosynthesis WP5275	7368	5191	8443	5189	55711	5824	9409	387521	25979	9514	9663	51555	410	8540	79888	84188	64900	23175	8504	10390
KCNQ2 Related Epilepsies WP5360	5514	1457	23621	5533	288	6804	3786	3785	185	5336	5028	5566	801	3708	6324	624	9495	1128	5578
Effects Of MFN2 Mutation WP5443	79659	841	836	1780	1639	6856	7157	55112	79969	5864	10381	1778	55288	1783	10567	6622	581	22906	89891	9927	23095	4133	5865	7879
Oxidative Phosphorylation WP623	4704	4701	4696	4537	4695	4724	4707	4714	4720	4711	374291	4541	9551	4712	4698	4726	4706	518	4539	4710	4717	4722	537	4702	56901	515	4716	126328	4538	506	4728	4725	4535	27109	539	6775074	514	4718	4713	4731	4729	4697	4700	4536	513	6775076	10632	522	516	517	4715	498	521	3002	4508	4719	4723	4708	4705	10159	4540	10476
Benzo A Pyrene Metabolism WP696	1645	8644	1576	1543	10327	1109	1646	1545	2052
Homologous Recombination WP186	4361	57804	5425	6117	10714	472	675	10111	5888	5424	25788	4683	5893
Effects Of Nitric Oxide WP1995	316	4842	7498	4512	4843	4151	4846
B Cell Receptor Signaling WP23	5604	4773	5777	5594	4149	6195	6850	5880	118788	604	4792	29760	4775	2931	5601	1399	695	1432	8395	3932	5596	5879	7006	6035	640	4690	2534	974	2549	5579	8394	10892	975	27071	5296	5170	3725	2969	5970	998	3635	6464	7462	673	2002	5599	2932	867	8517	815	6452	930	84433	5336	23396	5335	3059	26469	1386	933	8462	4609	5781	5294	8915	5894	6885	11184	3551	3265	5580	7410	5605	5966	4067	2113	1147	7409	1385	2885	5295	5608	25780	9846	973	2308	2889	207	1380	1398	5788	4790	6654
Alpha 6 Beta 4 Signaling WP244	3909	2475	2549	3667	3911	5594	1978	387	6714	3912	3915	5595	3691	5296	3914	3655	2885	5295	8660	5781	5747	284217	1432	6464	3913	5879	3918	6035	207	3908	5578	3265	5580	6654
Gastric Acid Production WP2596	2520	5225	2922	2694	643847	643834	6343	5222	885	7432	4588	221044
Pre Implantation Embryo WP3527	3182	1958	366	126206	79923	4603	1746	7538	6597	2354	201516	5087	55509	2101	6496	7021	4306	2297	11189	2624	503582	3662	1994	8570	10265	4084	326340	57504	30812	503834	999	7080	8538	1045	284355	132625	476	678	6664	94234	9314	360030	6926	2625	1649	359787	55506	5460	83439	3159	1875	353238	29947	342900	360	7004	4342	6657
GABA Metabolism Aka GHB WP4157	137872	2571	1800	5446	27165	18	7915	8574	4129	2572	2744
GABA Receptor Signaling WP4159	1175	9568	2563	163	55879	2558	2560	6538	1173	2568	2565	18	2564	2567	2559	2572	2566	2555	2571	2562	223	6529	161	160	2550	2554	2561	10243	2557	140679	2556
Acute Viral Myocarditis WP4298	1525	841	4624	27	199	5594	6714	7852	5880	6442	1234	598	834	1676	8651	6774	6444	941	6445	3592	1604	637	2534	79886	596	2021	839	7124	836	25	3689	595	1906	663	100507436	835	857	4842	26986	142	148022	3569	1677	3908	840	7040	2932	3716	4318	3458	3558	3593	920	7099	1605	5921	60	4791	3108	5881	842	959	1982	3856	6772	5595	3683	1756	54205	7100	1385	6443	64127	5295	3586	1232	3611	581	54108	207	1981	7098	29108	171558	6654
Canonical NF kB Pathway WP4562	5970	8517	4794	1147	4792	5966	3551	4790
Measles Virus Infection WP4630	1021	841	8667	1459	3306	3560	3303	54106	3552	4179	3447	1965	51284	4792	10379	898	30835	64135	440275	598	10332	27102	356	5601	6774	9641	3592	3305	637	3452	6776	596	3553	836	23586	915	283106	595	1017	940	51209	5296	9367	3451	3725	3559	3454	5970	6777	10399	23118	9451	51135	29110	317	7189	896	1460	6773	3442	103	3569	1027	3440	3718	4940	5291	3665	5293	5610	7161	5599	3445	1457	3716	917	3558	25898	3456	3593	868	4615	3561	7157	8517	4939	916	4793	3444	578	3443	572	7128	9134	5602	57506	3312	7099	4938	355	6885	3654	2213	4791	2353	1019	7097	3551	894	8717	842	6504	4478	8772	6772	3446	5290	3310	4599	1147	3439	3448	54205	8503	3455	81607	7297	5295	7187	3449	3441	27113	581	3661	4790
GDNF RET Signaling Axis WP4830	51668	79633	2303	64321	5979	2296	10252	6928	2737	8854	2674	3975	26585	2668	186	10736	3227	6664	1499	6299	2625	7490	2138	6092	3237	9353	11020	3207	652	5076
TCA Cycle In Senescence WP5050	7157	2271	4199	4190	5163	2805	673	4200	57546	5160
Fatty Acid Transporters WP5061	23205	51703	23305	2169	2180	2172	81616	2167	2171	646480	2170	2168	10999	948	1622	2181	2182	2173
Prostaglandin Signaling WP5088	3553	7124	7040	114548	4318	9536	3458	3552	374	6347	3576	940	3439	3605	729230	2919	112744	196	3665	5734	3824	834	3627	7422	5732	1435	6348	5294	3592	3569	4283	29108	4790
Orexin Receptor Pathway WP5094	5333	5604	2920	5594	2890	2488	409	6195	2641	860	50507	6446	9370	5601	885	6774	3060	1432	5578	5598	3553	5579	7124	6993	836	4090	6194	1978	3972	632	5296	5170	64121	4986	2767	10645	5562	6506	4852	3569	6770	5599	2475	5581	2778	2770	7428	5443	5590	6990	3062	4780	3061	5337	5781	5163	3091	657	3565	747	1081	64111	51738	5580	842	2688	6513	5162	655	3952	5605	3578	6517	1975	7054	2776	5595	3576	1385	2796	5295	408	4086	64106	5587	3586	2308	6198
Inclusion Body Myositis WP5120	351	55851	5664	4791	5663	2660	23411	23385	23621	4790	4137
NRXN1 Deletion Syndrome WP5398	2891	22871	57555	116443	9378	2892	57502	54413	2906	2902	2893	1742	2905	116444	2890	2904	2903
NPHP1 Deletion Syndrome WP5399	5595	2317	9564	2316	2318	261734	27130	5594	2185	23322	4867
Biogenic Amine Synthesis WP550	43	1103	1644	1312	2571	3067	438	15	1621	7166	5409	5053	2572	7054	4128
T Cell Receptor Signaling WP69	5604	5599	3937	4773	28988	917	867	5588	10892	5594	5605	5966	868	915	4772	920	8517	9020	2533	1147	940	27040	5595	4792	5296	5170	3725	7409	916	2185	1385	10019	5970	84433	2885	5295	925	29851	998	7454	5335	8631	1386	5781	5601	3702	9846	7189	1399	8767	3708	10451	7535	8915	5894	9402	1432	6464	3932	6885	6654	2353	207	1326	4690	11184	919	5058	3551	1398	3265	9051	4790	5580	2534
Vitamin B12 Metabolism WP1533	19	3553	2694	3643	348	7124	12	4143	335	213	3458	1401	6948	6947	5327	2243	3949	5054	326625	6347	4552	949	2147	3630	1491	2244	2266	3043	2155	84693	6648	6649	4353	6288	5970	4594	8029	102724560	4524	4548	6647	3383	5340	6352	3569	4791	338	6291	6289	4036	6472	4790
Metastatic Brain Tumor WP2249	1021	7157	5295	998	4609	1871
Glioblastoma Signaling WP2261	1021	5604	5607	5728	5594	6714	898	1026	672	4193	5584	6416	5578	5606	4194	2549	5579	10253	2260	5286	2956	5287	5288	595	1017	5582	675	3480	5296	5170	7249	2263	54206	5925	1027	2033	5291	673	1030	5293	208	5583	472	867	5588	5609	5159	7157	5590	3845	1869	5336	5335	5294	5894	4763	1031	1019	5156	3265	894	5580	4303	3667	4233	5605	5290	1956	5595	2065	2309	10000	2064	2885	5295	5608	1029	2308	7248	207	369	4893
Oncostatin M Signaling WP2374	5604	5599	2475	5579	5581	840	5583	836	1958	3667	3716	6194	6772	5605	5594	6714	3572	1017	5595	3845	3717	4792	3727	253260	1051	10401	3726	2185	1385	9021	5970	2885	7297	5295	6777	5008	7422	5781	5601	6774	3091	3265	5894	3977	1432	6464	1027	9180	2353	207	3718	5578	5829	4790	5580	6654
Fatty Acid Biosynthesis WP357	2180	55825	1666	2181	55902	23305	51703	3033	1892	31	6319	2182	10449	55862	1891	5091	32	55268	79746	2194	51102	47
Circadian Rhythm Genes WP3594	4547	4914	5551	5728	2673	6550	121278	5591	1407	8863	1364	8553	25819	5054	23373	9915	1815	128674	7071	9611	94233	7080	85457	9956	60675	56339	55269	10911	1453	9370	55366	5601	8473	6500	7337	8204	6421	4297	50865	7316	6440	687	10135	10062	220202	1128	3398	468	107	7311	2063	1644	1655	1628	10514	1392	8403	6839	23411	9500	2691	1859	5730	148523	9967	5582	4669	10891	2155	3399	1660	4843	3725	5187	134	5593	6720	5501	2767	2837	10499	23291	1812	102724428	5562	56938	8864	90134	1471	3569	2033	23064	6770	5599	5465	3363	1141	4987	2932	83759	1958	6095	191	405	84432	6233	25942	5468	1374	9475	6928	6496	22871	7157	5936	129521	7166	114781	594857	8841	9607	57805	4783	3062	4841	493901	196	5499	5563	54551	10887	3192	3066	112464	5971	7153	3061	5602	2146	5500	3400	6097	4543	463	4916	9572	100	4887	355	1814	9575	551	9099	8454	1019	8945	9975	10419	4159	5927	51738	26224	1454	9456	3751	3065	1960	15	3952	1813	6096	181	8792	79723	1390	7054	3778	23239	6532	5629	2776	4804	3727	10743	7298	1385	9112	139135	4862	135	5371	1408	4544	1406	406	23596	5078	22809	8914	7150	3184	79365
VEGFA VEGFR2 Signaling WP3888	5329	3320	2317	8985	5328	9146	6142	409	8550	81873	2244	598	660	50507	6921	25865	5062	1465	9564	4193	7430	64223	6778	1969	1796	1432	5654	10973	2335	10755	8665	3045	56999	596	2549	23597	2274	55692	6748	6194	1666	3690	6301	6747	3486	595	357	9510	4217	2266	9898	52	83442	9365	26986	1847	4691	10014	6595	9734	2876	29109	144195	1839	1977	10231	54567	1901	6546	5609	6624	8013	347688	301	253260	9034	4846	23753	7170	83939	10525	1386	5781	10061	382	2060	4633	8826	10130	5867	5515	9584	27289	27044	3164	6772	2817	3939	29766	5784	2309	2697	8650	5780	8794	1192	2885	5295	1499	6401	3984	81567	27302	2889	2058	79094	5604	5803	8667	387	84952	6714	1200	54505	6300	51763	115098	9344	529	326624	3685	3693	7001	8718	8575	5584	4343	5879	6416	6035	55872	5606	653361	9168	57381	6722	9325	5322	682	4772	9114	441478	91010	813	152273	2185	3998	3418	9645	9451	857	7422	10645	51278	55379	2926	5058	5954	4641	4208	1958	7295	9475	7019	5226	9759	6347	3315	83473	1387	8027	5530	5230	56905	148254	5717	57326	80031	79812	83737	4736	3146	5894	5034	22899	3748	5580	3065	1175	55854	4860	824	22943	22820	5290	2113	124491	3576	29924	2887	2078	54205	23196	6478	6541	51564	8821	154	23521	9047	650	6924	5747	207	2152	1398	5829	4790	4773	102	1466	3303	811	5743	4792	2048	832	4646	84335	4855	5601	8754	2746	274	4313	4690	8664	5757	1445	3688	1003	25	10963	5296	81575	3725	5228	5170	9709	2035	1213	5216	11124	6386	7414	23476	23291	5562	32	6464	2002	8766	9444	2475	7086	5581	1495	2932	213	8411	1827	4688	5590	8775	56907	5710	7220	2597	5499	1490	10628	2022	378	4319	5331	7111	23215	355	7004	23339	9578	7410	2081	57758	24147	1982	2130	5605	2243	6732	3490	8402	6648	332	8867	1385	3491	9100	170506	11080	5608	2321	5770	8569	5587	23189	4929	6125	10574	5868	4323	5795	6154	6198	10056	71	6729	6129	5777	5594	182	226	2523	7222	219931	3791	9261	4189	6181	160	6774	9252	1536	8974	1267	114789	8936	468	5578	3301	2534	154796	5579	1397	10818	6155	6418	9079	10397	31	1558	25759	5970	10399	998	7024	4952	100506658	91624	6461	1823	5599	10758	405	867	1072	4673	1500	57007	5563	84790	9209	5335	6886	4627	5321	8828	4301	26058	6205	51309	3265	9588	6902	9659	389	4303	1960	8772	8813	2314	3142	5595	2624	7148	51574	781	5496	7114	22926	79109	9513	5592	4629	2308	6093	5908	3383	5906	7531	1981
Leptin And Adiponectin WP3934	5571	5564	51094	9370	3952	31	1374	79602	3953	5562
Small Cell Lung Cancer WP4658	1021	3909	841	5728	4149	1870	5743	1163	4792	898	1026	598	1284	3685	330	6256	6500	2272	637	3913	3673	2335	3918	596	3688	22798	836	5915	3674	9618	595	1017	51426	5296	4843	7186	3655	5970	1871	317	7189	3910	284217	5925	1027	3908	5291	1030	5293	208	7188	6257	3912	3915	7157	8517	79444	7185	1869	329	3914	4793	10912	578	9134	4609	1647	1285	1287	1019	1286	3551	1643	842	1028	3911	1282	5290	1164	1147	4616	10000	54205	1288	8503	5295	7709	7187	6258	5747	581	3675	207	10319	4790
Netrin UNC5B Signaling WP4747	5604	59277	7124	6018	836	1003	4756	5605	5594	56963	81501	387	23365	54538	3552	6714	5290	1612	7157	5595	6347	3691	3791	3725	2185	5499	57475	116986	9423	1490	249	6401	5781	219699	3586	5747	4917	5519	4617	5894	3635	1432	10413	5879	3383	1277	7412	5524	207	6035	5578	57650	2534
Alzheimer 39 S Disease WP5124	5691	5604	113457	5692	3709	7846	102	841	89953	5332	51806	1459	81027	8851	4035	23621	5534	5594	30849	3552	8325	11211	5682	775	1965	5743	7494	5713	22863	322	10297	50507	23236	7417	8326	5601	489	1435	27123	6622	1536	637	6263	3799	4040	779	10023	7472	5695	468	2902	7476	3553	5719	6424	7124	348	836	7471	3831	54361	1020	3798	2906	5330	5533	441925	4137	283106	5289	7979	7280	5702	3630	3800	122011	4217	5296	9821	4843	7186	293	2905	51384	7473	7474	10381	776	7416	5970	3710	9451	7419	4842	112714	64837	317	778	801	9776	3708	488	5481	5686	1460	347733	81029	23401	8321	7277	351	6868	3028	3569	5664	10888	5663	84617	89780	1452	147700	10213	5291	177	673	5293	208	5610	5599	2475	9861	840	2932	10105	11047	1457	291	5688	5609	5708	7132	5689	23130	347688	3845	7475	55102	5710	8408	487	2597	5530	5535	572	91860	5705	8660	5693	84790	51807	8678	55062	810	8323	83464	10383	5602	79861	1649	23385	10382	51107	5331	1856	5701	5894	26100	355	1855	80326	163688	324	2535	5694	27035	4311	3551	5690	3265	203068	3416	842	1454	1139	292	5683	5715	5532	2081	3643	7477	83447	8772	3667	10313	55626	4023	5605	824	5687	22943	4041	90550	5290	823	5700	8471	2776	5595	1147	5714	5707	7278	10000	9706	7855	54205	29982	8503	7481	2904	7976	2903	5295	22926	5684	5704	5709	1499	60673	27121	8312	5718	8883	7480	143471	7482	8313	55851	10376	5706	57142	1857	8324	207	369	4893	4790	5685
Disorders In Ketolysis WP5195	3157	5019	38	622	39
Acetylcholine Synthesis WP528	43	1103	5161	1119	10400	5130	5160
Acute Myeloid Leukemia WP5293	208	5604	2475	3684	51176	5467	2322	8900	3551	5594	1053	1978	5605	5290	3562	6934	595	5292	8517	5595	3845	1147	4893	890	10000	1436	5296	5293	1437	7704	8503	4353	2735	11040	5970	572	2885	5295	6932	5371	6777	4609	1848	6774	6199	3265	83439	862	929	5894	5914	8864	1050	861	3815	6654	6776	6655	207	6198	369	2209	673	5291	3728	6688	4790	597
Cholesterol Metabolism WP5304	6307	1595	2224	4547	19	6770	3990	4864	348	6309	3422	26119	4047	335	344	4023	4035	10654	345	7108	10577	255738	3949	949	27329	27141	6646	1581	29881	4597	6272	948	8647	29116	39	1593	9218	7416	1718	9388	50814	2169	10948	4245	5360	64241	341	4043	51128	706	3988	1717	336	4018	350	55908	51478	3931	8694	3157	3930	10682	64240	337	3156	338	4598	114879	6713	1071	10999	2222
Aflatoxin B1 Metabolism WP699	22977	1576	1553	1544	2944	8574	2052
Glutathione Metabolism WP100	2878	2953	26873	2730	2937	2944	2936	2539	221357	2678	290	2879	2729	2877	2946	2938	2687	2876	3417
Osteopontin Signaling WP1434	5604	5970	9020	5595	1147	3685	4318	6696	5594	3551	3690	5328	4790
Proteasome Degradation WP183	3134	5691	5683	5715	5692	9861	5719	5687	3458	5688	3133	6185	5700	3014	5689	7318	5682	5714	5702	3107	5707	5710	5699	5713	7323	7314	5705	5693	5720	5684	5709	5704	3106	3105	5721	7320	3135	5717	10197	5718	7347	5698	5716	7321	4734	5701	5711	6184	5686	7345	7322	7316	5706	5694	5696	7317	5695	5690	5708	3015	5685
Pilocytic Astrocytoma WP2253	5894	2885	4763	5781	673	6654
Histone Modifications WP2369	126961	55209	56950	8085	133383	79918	55870	64754	6839	10919	3020	6418	79723	121536	114826	9739	2145	83852	7799	8369	23067	8350	58508	9869	84193	54093	387893	80854	84444	64324	150572	51111	10322	55904	6419	2146	79813	26040	8726	4297	29072	9757	121504	84787
Blood Clotting Cascade WP272	2153	2165	5328	2157	2161	5327	5055	2243	5054	2147	2244	2266	7450	2155	3818	3816	5345	2160	2158	5340	2159	2152
Kit Receptor Signaling WP304	5604	5599	5579	6194	867	5605	5777	5594	6772	4067	6714	4286	4137	6195	5595	2309	3717	2887	5296	7409	10603	572	2885	5295	1398	6777	5335	8651	2886	6197	5781	9846	6774	1399	9306	1796	5894	695	3635	1432	6464	3815	4145	4254	6654	6776	7006	207	2033	6198	5578	3265	2534
Valproic Acid Pathway WP3871	1962	3032	3065	3712	1548	3028	3030	18	1559	36	1555	116285
Amino Acid Metabolism WP3925	1621	6898	50	2730	8802	1491	8639	30	6389	6723	790	10993	8050	4967	2744	2746	4128	1373	383	26275	8974	57818	23395	10841	47	635	1644	5315	3176	4953	5160	3376	5832	2937	3033	2936	4594	5166	7407	4191	102724560	92935	1431	131	4190	384	3417	128	549	501	1962	445	7166	5917	5831	34	5009	3158	6611	56922	216	2271	440	127	84706	1743	2184	11112	1738	2752	6999	3939	7054	84532	4357	3155	3034	7173	4942	7453	3067	5409	586	5091	151742	2806	2058	126	2805	10056	5105
Serotonin And Anxiety WP3947	23237	7442	3358	5579	816	1392	2911	84812	3356	2332	2353	2554	5443	5530	5341	3350	148
Prion Disease Pathway WP3995	596	5079	4208	5621	836	5993	53335	2260	5594	5452	5885	3309	1106	5595	1879	3662	1385	7184	6256	6908	4790	6774	5747	10538	9126	10664	4684	2033	6688	2923	2002	2534
Krebs Cycle Disorders WP4236	1743	8803	2271	3945	8802	5106	51660	8050	8801	55526	3948	2875	3939
Breast Cancer Pathway WP4262	1021	5604	545	5241	2100	388585	5728	1459	5594	2251	8325	11211	1870	8202	2246	1026	10297	672	6932	8326	4855	10683	6500	3815	4040	10023	1070	7472	9965	4853	7476	6424	5888	7471	2260	8074	54361	4361	283106	595	51426	675	122011	3480	5296	8600	51384	7473	7474	3725	8822	25759	1871	8823	6199	2324	81029	1460	142	6464	23401	8321	8648	5925	2249	2250	89780	1452	673	5293	208	2475	2255	54567	472	2932	1457	4683	27006	6934	7157	3845	7475	1869	2248	10912	53358	578	2253	8323	4609	1647	3479	83439	2254	1856	5894	399694	1855	80326	10111	324	2535	4791	6655	8817	1019	2353	28514	3265	1643	7477	51176	4854	5605	4041	2247	23493	5290	1956	5595	23462	26291	4851	4616	10000	7855	8503	7481	7976	6667	2099	2064	2885	5295	1499	26508	8312	3714	3280	7480	7482	581	8313	1950	26281	1857	8324	207	6198	369	4893	2252	6654
Vitamin B12 Disorders WP4271	4548	81693	326625	4552	2694	25974	166785	4594	51293	8029	6948	27249	6947
Hepatitis B Infection WP4666	5604	4773	841	3339	5594	6714	6775	3447	3717	64135	6300	1026	9586	4089	1654	4775	356	5601	6774	1388	9641	6778	637	1432	10454	3452	6416	7048	468	5578	6776	5606	10971	84699	596	5579	7124	64764	836	90993	23586	4772	5582	537	5296	3451	3725	5111	2185	1642	3454	5970	6777	23118	5600	7419	51135	29110	317	7189	10488	1959	6773	3442	148022	3569	3440	3718	2033	5291	3665	673	148327	2002	5293	208	4088	5599	4087	3445	7040	3716	4318	5609	3456	4615	114609	8517	3845	1387	4214	7042	3444	3443	572	6554	1386	5602	4609	57506	7099	5894	355	6885	3654	6655	2353	7097	3551	3265	1643	842	7043	1960	8772	6772	5605	3446	5290	5603	5595	1147	3439	3576	3448	10000	843	54205	332	8503	1385	2885	7297	5295	5608	7046	7529	7187	3449	3441	581	3661	100302736	4776	207	7534	369	4893	7098	4790	6654
Cellular Proteostasis WP4918	5201	7411	5203	5202	10471	5204
N Glycan Biosynthesis WP5153	2683	1798	7991	5373	79796	8813	4248	152586	84920	6480	23193	10195	6185	4122	4121	7841	11253	10905	8818	2530	3703	29880	57171	25834	201595	79053	440138	146664	4351	199857	4245	79644	2821	4124	1603	11282	29925	29929	54344	29926	8704	11320	8703	4249	1650	6184	91869	9526	57134	85365	79087	84620	79868	144245	56052	4247	22845
Glyoxylate Metabolism WP5166	112817	1610	9380	2806	58510	54363	5827	189	3939	8659	10861
Bardet Biedl Syndrome WP5234	55081	57560	51684	582	284086	388939	168507	132884	80184	9657	92482	166379	403	28981	80199	55764	200894	585	5727	6608	51715	129880	9731	167691	8195	6102	23432	80173	51057	4750	22897	51473	4952	5310	583	27031	5147	95681	54585	26160	11020	55212	79659	1258	10806	57539	27130	132320	57728	55112	2737	79738	27241	114327	5314	123016	54903	8239	1259	79809	255758	157657	26146	201163	23059	112752	374654	755	56623	84314	91147	80258	22858	5311	49855	4117	9742	7546	2121	1406	406	84100	51259	89891	22954	51626	51098	2736
IDO Metabolic Pathway WP5414	883	7124	2806	51166	8564	169355	56267	3458	8942	6999	3620
EPO Receptor Signaling WP581	5604	3667	6772	5605	5594	6714	5595	3717	10076	2057	1154	2885	8660	6777	8651	2056	5163	6774	5294	5921	5894	6464	207	6776	5788	6654
Sphingolipid Pathway WP1422	7368	55304	57515	8879	29956	7357	166929	79603	2629	9514	8877	130367	253782	9517	56848	64781	427	91012	5499	125981	57704	9331	2531	10558	259230	56624	5515	8611	10087	204219
Vitamin D Metabolism WP1531	1594	5741	6256	120227	1591	1717	6257	7421	1593	2638
RANKL RANK Signaling WP2018	208	5604	7188	5599	2475	2274	8878	6772	867	5609	5594	8792	4982	4067	6714	4286	4772	6850	8517	5595	1147	7185	4792	5296	8600	7186	3725	5970	5295	5608	998	5971	5335	23118	7187	5601	9846	7189	5747	9060	1432	10454	5879	6885	4791	2353	207	6035	3551	4790	6688
One Carbon Metabolism WP241	635	10588	275	4143	2745	191	4522	2346	6948	10797	4552	55349	7298	2618	27430	25902	471	123263	23382	1719	1789	1786	4524	4548	10840	1788	6470	10841	6472
Cytosine Methylation WP3585	3418	3417	53615	80312	1786	6996	4204	54790
Tryptophan Metabolism WP465	316	1644	15	121278	6772	1738	6999	7166	3033	217	169355	56267	1543	26	1892	196	125061	8942	3620	883	438	8564	64577	23498	38	847	4128	2639	11185	2806	51166	130013	259307
Base Excision Repair WP4752	10714	8930	4913	55247	5425	4595	54107	7515	252969	328	10038	5111	57804	4350	3980	5427	27343	6996	7374	5426	27301	2237	3146	142	4968	3978	23583	5424	11284	56655	5423
Purinergic Signaling WP4900	136	346562	2778	2770	2780	5032	9934	2846	22953	9127	5029	140	5023	134	2771	2779	5027	24145	2775	64805	135	2767	5028	2781	10161	5031	27334	53829	5024	286530	5025	5026	5030	2773
Pleural Mesothelioma WP5087	23012	5328	1944	5176	11091	58508	2246	1026	6374	672	4908	5062	5154	8473	4193	64223	1969	1005	1432	2335	1015	7472	60485	4194	1911	596	3553	6424	80310	6194	8074	54361	3690	9448	29128	3689	595	1017	9510	4217	9113	147111	8822	3710	580	1943	6199	8491	3908	5291	4803	1839	208	5063	3150	472	6520	2323	5159	5609	4296	4920	29119	3912	3915	64798	2919	4314	999	6788	1386	4609	1649	5163	6045	3091	7039	1022	1496	1014	4771	5565	894	7477	6772	2551	374	4804	1436	1825	3620	83937	2885	4485	1499	6401	59	3586	7248	7480	51422	7482	581	8324	64840	5604	4914	83999	1000	1459	171023	6714	8325	6195	4192	389421	898	1004	3965	960	6932	8045	3685	1435	27123	6352	4040	3918	6416	5606	58	5598	1006	23286	1016	2260	283106	10891	9675	23043	122011	7474	146433	1487	7249	7422	53632	4293	2264	2257	9776	59343	3910	1460	64403	8321	10298	5058	1942	7003	2255	3054	6422	8061	7040	57680	27006	7157	6347	7475	2248	8408	9770	4214	388372	70	3676	7005	8678	8323	3627	6197	5602	83439	7015	3146	5894	60	1946	10413	324	8454	5156	11184	114548	6513	3643	7424	22943	90550	2247	5290	1956	64405	3082	4919	1437	7855	54205	7976	6667	4209	27121	11113	8312	5747	3675	1857	207	11186	4790	6015	9686	3909	5607	2259	7010	2251	11211	9869	57144	834	84335	8326	5601	9894	11098	4313	3672	3481	283349	7138	7476	3688	7403	627	1003	7471	50964	1978	29126	1945	1007	3630	3480	51384	7473	3725	5228	3655	25937	26524	2263	2324	5562	81029	284217	8726	6464	23401	28316	2249	3569	9064	2250	2002	6009	50488	7423	2475	1495	2932	1457	2305	3716	4085	8463	6934	284	3914	23512	1490	2146	2167	961	5294	5542	2254	1856	57521	1855	7004	685	8817	1012	8945	11197	1454	5571	51176	8379	4233	5605	51378	4041	26291	10000	285	1385	7481	5608	2321	9532	1029	8569	27113	4216	4323	100532731	6198	6654	6425	71	5420	5332	5728	1001	5594	166824	4149	3791	8314	9350	4170	9493	4294	72	9261	8994	5564	1284	8140	653247	1440	9252	10746	28513	3913	3815	3673	10023	2261	5871	9965	2258	55209	154796	2277	7528	6387	92597	467	2256	9821	7186	10397	55233	5155	4915	4909	896	89780	1452	177	5293	5599	4318	83593	64321	115908	1869	3691	6259	5281	1013	5563	2872	578	2253	56034	3479	1285	84962	29072	80326	1287	2535	1019	1286	3265	6423	80319	1002	3911	1488	2322	1282	106821730	1975	5595	9706	1288	6678	1009	7529	2308	1010	1008	1950	4215	5928	4254	26281	1981	2252	10319
Sildenafil Treatment WP5294	208	2932	5144	5141	4899	7019	10891	5071	10000	4843	2597	2983	4846	155061	4842	5142	5592	2982	8654	207	5143	2977
Complement Activation WP545	712	716	727	718	714	720	729	730	629	1675	735	5648	10747	1604	715	733	713	5199	731	732	717
ACE Inhibitor Pathway WP554	624	1585	3827	4142	4306	185	1215	4846	7040	5972	183	1511	1636	623	186	10159	59272
Eicosanoid Synthesis WP167	8398	239	5322	6916	9536	5730	5743	5742	4056	100137049	2678	1800	8644	127281	4048	5321	873	241	247	240	5740	80142	246
Prolactin Signaling WP2037	5604	5599	2475	7410	3688	2932	836	3667	3716	7532	6194	867	1509	5605	5594	1978	5777	6772	6196	6714	5479	5290	5595	3717	4792	5296	7409	3725	5478	1154	4793	4752	9021	5970	116986	2064	2885	8660	5295	6777	8651	5618	5770	4609	4790	5781	5601	9846	6774	5747	5294	3265	7535	5894	8835	1432	6464	5879	6654	2316	6776	5617	7006	2353	207	6035	6198	7534	5058	5291	5829	140885	2002	10401	2534
Endothelin Pathways WP2197	5604	2778	2770	4638	5594	796	148	1906	1264	4632	6775079	284485	55811	2769	4846	10267	1909	10203	790	23236	8923202	801	4886	488	4513	5894	4852	1889	5739	153	5578	10681	1910	51764
Allograft Rejection WP2328	3134	712	942	5551	841	1459	55825	3552	10563	3119	727	356	3113	120892	3135	50616	941	3592	1604	3567	713	23743	3002	3117	6363	3553	7124	836	3035	3118	6387	100507436	940	643	3605	3559	714	720	729	7431	7422	730	1289	3111	731	3123	10578	717	5243	840	7040	3458	3558	6373	3133	3593	5590	3107	2668	1493	59067	718	185	3105	3565	3122	355	5156	958	3108	842	3596	959	3109	6772	2551	50943	3127	6366	3115	3576	3106	735	3586	10376	3112	4283	732
Dopamine Metabolism WP2436	6647	1644	1312	5568	1728	5516	5515	5566	7299	4129	5567	7054	4128
Osteoblast Signaling WP322	5745	5741	1277	3685	3381	632	8600	5155	5156	5159	8074	3690	4982	10246
BDNF TrkB Signaling WP3676	6009	5604	2475	2549	627	5594	1978	23237	6195	7222	3845	4893	7225	1385	7249	2885	29904	5335	8569	9846	4915	5294	7248	6464	6654	2902	207	1742	6198	673	3265	107	9456
Chemokine Signaling WP3929	5604	5332	5594	6346	26230	112	409	10563	7852	94235	111	5568	3717	5880	4792	10803	5196	6374	23236	1524	6011	9564	9547	2868	6774	1399	2787	5879	58191	6352	2784	2783	6035	113	6363	2773	107	653361	10344	1445	115	114	3055	5579	57580	2870	1236	5330	6387	156	643	5296	2185	2771	1230	6359	5567	25759	5473	5970	108	6777	998	2829	6369	2785	2782	2791	1235	56288	6464	6773	6376	3718	6364	7454	5058	5291	673	51764	2790	5293	208	2770	2869	2932	10235	6373	9475	8517	5590	3845	2826	4893	2792	1794	2793	6370	729230	2921	388372	4793	8976	59345	53358	3627	10850	3702	5294	10451	5331	5894	3579	399694	6655	5613	3551	3265	6367	5580	2788	7410	1233	6772	4067	54331	5290	6366	56477	5595	1147	2309	6375	10663	10000	23533	109	7409	8503	6354	55970	2885	5295	6361	2786	196883	9844	408	2833	2268	6348	5747	6093	7074	1232	1237	5908	6356	5906	4283	207	1398	5829	10681	4790	6654
NRF2 ARE Regulation WP4357	23657	5599	7965	2939	9817	7525	3643	2932	4094	6714	5290	2730	9978	2048	1051	8452	3162	1728	4780	2729	192111	5578	2534
Hippo YAP Signaling WP4537	50488	7003	23012	8463	9448	23043	9113	10397	7005	6788	25937	3627	26524	4485	10413	7004	8491	11184	11186	4771	5871	60485
Steroid Biosynthesis WP496	3294	3293	3292	3283	2165	1586	3284	1369	51478	3295
Estrogen Metabolism WP5276	3294	1312	7923	574537	54575	1544	1588	1558	3292	6783	1559	8644	1576	7364	100861540	1545	54576	51478	3295	3293	3028	51171	1577	1557
TGFB Smad Signaling WP5382	4087	4089	5054	7046	1490	25937	7049	10631	7532	7048	6678	4088
Tamoxifen Metabolism WP691	54657	1557	7366	1543	1544	1558	1571	1548	6783	1559	1576	1565	7364	2326	1545	54576	6817	107987479	6822	1577	2328	54575
Arylamine Metabolism WP694	10	54657	54600	6799	1544	6817
Methylation Pathways WP704	11185	1312	4837	7172	4143	5409	3176	27430	4144
Translation Factors WP107	5610	8662	8637	10209	1964	1974	7458	8663	8667	2107	3646	1978	1975	1979	1915	1965	8891	1936	8672	1973	8892	8890	1983	9086	1933	1937	29904	1938	8661	27102	9451	10605	8669	8894	9669	26986	8666	1917	23708	8668	23277	1968	3692	8893	8665	1981	8664	1984	1967	1977
Osteoclast Signaling WP12	5599	7965	9550	8111	56302	1513	54	6696	5155	6548	8600	4982	8792	3690	3456	3454
TNF Alpha Signaling WP231	10131	3320	841	124056	5594	4792	6610	8844	598	257397	8439	330	8737	5601	6500	637	10454	5879	6416	6035	5836	1535	5871	5606	4794	7124	836	283455	56616	4217	55312	7186	3725	23118	29110	317	23291	7133	5599	840	1457	5609	7295	7132	8517	5590	3845	4893	7185	1387	4214	329	4793	572	7128	10010	11035	5894	56957	6885	4791	5515	8454	27035	8945	3551	3265	8717	842	117584	8772	5347	5966	2752	9020	5595	1147	2885	5608	5790	11140	8837	581	8567	4215	207	1326	5708	4790	6654
Spinal Cord Injury WP2431	5786	5803	199	2920	5594	56963	387	6662	3552	7538	5743	1464	1241	727	50507	5320	2280	653247	65078	3958	11025	5879	383	713	4155	4282	361	176	6035	11202	5578	1948	2902	6403	8398	3553	5322	7124	627	836	64131	595	1017	2596	4843	4974	63827	2212	7431	9423	998	900	4842	4321	57556	5925	3569	1027	9353	1280	1462	7040	1958	4318	10673	3458	3558	50515	5362	9475	6585	6869	7157	6347	1869	301	729230	2919	2668	5530	6098	3627	4609	1647	4050	961	7099	5542	3565	8741	2670	2353	1019	983	389	3164	7832	3952	1282	4099	1956	358	6586	5595	4804	3576	2309	388	2697	328	5173	1463	2043	1875	3383	57142	3554
PPAR Alpha Pathway WP2878	983	5465	54600	335	116519	376497	6342	1374	345	1962	595	55554	1581	30	1376	1622	1579	34	5360	6256	4609	336	1582	1019	2168	10062
Copper Homeostasis WP3286	4490	2932	102	5621	836	4493	4494	5728	4501	261729	23621	538	55240	1353	10063	1318	5290	4137	595	7157	4504	2309	4496	3725	1317	4502	4520	6649	84560	9973	4489	6667	54739	4891	4495	4193	8754	2308	6341	26872	331	6647	351	6868	324	79689	540	207	22823	150684	475
Benzene Metabolism WP3891	27294	1728	2944	1571	4353	2052
Mevalonate Pathway WP3963	3157	2224	3156	4598	4597	10654	39
PDGFR Beta Pathway WP3972	5610	5604	5599	6722	5579	3716	6772	5159	5290	5595	3717	3725	4214	2885	5295	6777	5335	6774	6778	5921	5894	6464	6776	6416	2353	5578	3265	2002	6654
Macrophage Markers WP4146	929	968	972	5880	942	4069	9332	2152	9308
Endometrial Cancer WP4155	208	5604	1495	2932	51176	5728	2260	5605	5594	29119	2247	5290	1956	6934	595	7157	51426	5595	3845	4893	2309	4616	10000	5296	5170	2246	1026	8503	10297	10912	999	578	572	2064	2885	5295	6932	1499	4609	2263	1647	8312	83439	3611	5894	581	8313	1950	324	1496	6654	6655	2353	207	2261	369	5291	673	3265	1643	2002	842	5293
PI3K Akt Signaling WP4172	3320	3563	5523	1944	2246	1026	1292	598	672	4908	5154	1311	4193	64223	1969	2335	2784	5520	54541	5528	596	80310	90993	6194	8074	3690	595	1017	3695	8822	3559	3454	1943	6199	5519	1101	3908	5291	4803	1977	1280	208	2323	5159	23035	7143	3912	3915	8517	3845	4846	1386	4609	7039	5515	894	54331	4804	2309	5516	1436	8503	55970	5518	2885	5295	5618	1902	7248	4893	55844	5604	4914	6794	3679	2997	5649	7057	94235	898	7058	1278	9586	5934	3685	3693	1435	1388	2787	5879	3918	6035	57818	10110	2260	92579	7249	7422	2785	2264	2257	10488	9170	2791	8516	3910	1027	3440	1942	9470	2255	3445	1299	3558	3456	27006	3561	7157	2248	3676	3443	253314	1291	22801	3575	5894	1946	6655	5156	2788	3643	3667	7424	3566	2247	5290	1956	8515	3082	5526	3455	2786	11140	2689	5747	3675	5585	207	256076	10681	4790	3909	1441	3678	2149	2259	6696	3560	3570	7010	2251	3447	6446	1442	356	5586	1129	3672	3452	2783	1128	3481	23678	1298	3688	22798	1443	627	131873	1978	28227	1945	3630	3381	3480	5296	3451	5170	5228	3655	2263	2324	5562	284217	57121	2249	3569	2250	148327	51764	6009	7423	2475	2932	3716	284	2690	3914	2998	3444	572	23566	10161	4602	5294	7099	2254	3565	1293	57521	8817	3551	4233	2846	5605	51378	5527	3446	26291	3439	10000	285	3574	1385	7184	3680	2321	3449	3371	9623	6198	5105	6654	1021	5728	5594	6850	118788	3717	7450	3791	4170	29941	3696	146850	1284	5106	2056	1440	3913	3815	3673	63923	2261	468	5578	9965	2258	84699	64764	2277	3674	117145	2256	3694	7059	2538	5970	8115	5155	2782	4915	4909	896	3442	5525	3718	2790	5617	5293	3326	5522	3562	5529	2792	1297	2057	2793	3691	5563	930	59345	2253	5008	9134	56034	3479	1285	1287	7060	1277	10018	1019	7097	1286	3265	842	2688	3911	7448	2322	1282	1975	23239	5595	1147	3448	23533	7148	55012	1288	3441	5521	1950	4254	9180	26281	2252	10319
Hedgehog Signaling WP4249	596	374654	8643	6469	51684	157	57154	339745	409	1455	156	595	2737	50937	53944	5568	132884	91653	122011	23432	64750	8452	8405	5567	2735	11127	2121	1453	408	64399	5566	64839	2619	3549	5727	50846	1456	6608	1452	4036	894	1454	2736
Fragile X Syndrome WP4549	5604	6566	5728	348980	5594	2890	2563	6714	58512	2891	1915	8218	18	23405	23236	224	2571	6529	814	84335	160	5566	9894	64223	3746	5578	2534	2902	2549	627	2915	9463	81631	1979	9675	4204	7249	116986	1213	2554	1212	4915	3708	80852	7915	6464	351	1268	1845	5291	673	6895	1977	6009	2475	6457	2332	4318	6455	54869	1374	163	3845	64798	1173	815	5530	5499	2566	23426	5335	2561	10243	5781	5163	4131	1785	1605	5894	4763	57521	9524	9743	1742	27161	1759	8536	23191	9456	3751	8831	5825	1175	26999	5573	5605	23237	816	51256	1973	5526	1385	2904	2903	2885	1029	1211	8569	3218	2043	5909	7248	2911	50944	84867	9495	207	6198	369	1981	6654
Aerobic Glycolysis WP4629	6513	5315	5230	2023	2821	5213	2597	7167	3098	5224	3939	226
Aspirin And miRNAs WP4707	5465	5743	5742	7422	7471	10257	5163	4597	4846	4790
Nephrotic Syndrome WP4758	64423	27235	5373	5420	396	8565	10269	1585	51196	50485	51004	5800	3691	4643	84942	57107	7225	1493	54443	8542	4010	23607	4000	1871	950	2262	8029	4627	1285	79934	81	79809	83478	7490	3913	3675	1287	7827	977	56052	11346	1286	4868	2013	5076
Burn Wound Healing WP5055	1139	4088	7043	596	3553	7124	6591	836	7076	4318	2260	5159	3624	3456	6387	4615	5175	7852	7157	6347	3576	3082	125113	259	3853	79148	2919	7042	1278	916	79727	2312	43	50507	871	57152	2162	3956	6282	9314	7422	6876	2304	2263	10468	2264	7099	8796	284004	23476	3371	3146	5127	3579	6423	581	1950	4313	3383	6280	3569	1277	2200	6277	3440	7178	207	2261	1634	2006	3600	4312	4790	58
DNA Mismatch Repair WP531	4436	10714	2956	5984	5425	54107	5985	5111	6119	5982	57804	6118	9156	5427	5981	5426	5395	6117	3978	4292	5983	5424	56655
Kleefstra Syndrome WP5351	7403	57492	23054	171023	86	3020	6597	8289	9970	11091	58508	51412	79447	8314	55777	22976	84661	6602	6604	6256	79813	6603	6601	6595	6598	9070	5929	6599
Hunger And Satiety WP5445	4852	3952	2641	181	4160	5443	51738	5697
Estrogen Metabolism WP697	2938	1312	6783	2944	1728	54578	54659	414	54600	1576	7364	1543	412	1544	415	54658	1545	6817
DNA Damage Response WP707	1021	545	983	5884	472	836	841	25	8795	5888	85417	1020	993	5591	4683	3014	4361	5810	595	7157	1017	4616	898	1869	5883	995	84126	1111	54205	1026	891	1385	10912	5893	672	5371	6118	9133	8243	9134	4609	1647	5981	317	4193	50484	11011	55367	5366	11200	27113	896	637	581	9874	355	10111	5925	2177	1027	2810	207	1019	63970	27244	135458	894	1643	842
Monoamine Transport WP727	3553	7124	273	1621	121278	3690	4982	6999	10497	7054	6532	5819	6530	60482	6853	5516	6804	995	10066	43	7249	5934	135	6529	4842	183	6531	1432	7041	3554	114907	11255
Energy Metabolism WP1541	5571	3065	10514	5532	5465	4208	2932	4205	5467	23411	2551	5468	5534	23410	5469	5533	4899	7019	64216	2101	10891	2309	5530	1385	5563	5535	4209	5564	814	6256	1386	7352	53632	7351	2308	3276	23082	51422	5562	51106	100271849	1432	8648	818	133522	2033	5565
Heart Development WP1591	7423	6722	4773	2255	4208	2303	7424	3170	6469	5594	2296	23493	8553	4772	2626	23462	2065	6910	9464	4851	50805	8928	150572	3670	4089	2253	4775	57057	1482	7422	1499	4086	6899	5781	650	9421	657	5308	2627	27302	4776	6909	659	652
Irinotecan Pathway WP229	9429	1066	4363	54600	10599	1576	590	8824	1244	54658	1577	54575
Small Ligand GPCRs WP247	1901	6915	9248	5724	5729	1903	5733	8698	1269	5734	4544	5732	9294	5731	1902	4543	5737	5739	1268
Complement System WP2806	966	5329	3080	5621	6696	811	409	7057	4179	2244	727	2162	10332	728	2357	9370	719	1675	5566	1604	653509	3384	3673	22918	6402	5578	2773	4036	1369	6403	11326	3690	3674	6404	3381	2266	2214	6223	2771	720	729	730	5648	2159	731	7454	1452	717	2220	4153	335	213	1378	2161	7295	1401	1991	3912	3915	716	2219	325	708	930	710	3818	718	629	722	5806	2208	5340	729238	7097	958	5627	3911	7448	2243	2769	3426	10877	6401	133	735	2160	2286	10747	3075	3383	5199	27202	1380	1634
Ovarian Infertility WP34	2475	5241	472	2100	1958	2332	5888	6609	23224	4439	2492	1051	1618	9611	7421	2701	1588	1385	3973	7249	658	2661	5618	5732	6908	7783	7784	3623	8204	7248	344018	2516	11144	4292	1027	207	1019	894	4088
G Protein Signaling WP35	5136	387	112	8165	5576	94235	111	5568	10270	10566	5566	2768	5584	27115	2787	9472	3760	2784	2783	113	5578	2773	107	115	114	5579	23683	5144	6237	5533	9465	5582	2771	5567	2775	108	2767	10672	2785	9630	2782	801	3708	2791	51764	2790	5581	5583	2778	2770	5575	6548	5588	11214	2774	5590	3845	2792	2793	11215	5150	5530	5151	11216	5331	8622	8852	3265	5580	2788	5573	5137	5141	5153	2776	9138	109	2769	55970	2786	196883	2781	5142	9590	5587	9495	5143	10142	4893	10681	5577
P38 MAPK Signaling WP400	1616	3150	5923	6772	4149	8550	3315	4217	7186	4214	7042	1385	9261	4209	2885	5608	998	7046	1386	4609	8737	1649	8569	4293	5321	9252	1432	6464	5879	113523636	6885	6416	6035	3265	8717	2002
Ciliary Landscape WP4352	246175	55388	23011	55081	4747	57560	396	582	65125	284086	2181	261726	83741	8636	55763	4173	140735	8533	80184	23265	85456	9657	92482	10640	54536	5713	79699	79874	57136	90410	30845	23019	57414	28981	7328	254394	11336	79598	80199	55764	10987	55207	585	25904	23549	5879	92104	100526737	1039	6035	10051	23016	6103	129880	9882	64072	51646	124401	1655	5719	80232	6993	51138	4172	8655	167691	10421	54512	7021	10980	2040	7022	80173	80344	55036	4289	10726	4236	51314	203286	7431	64795	128239	25804	63929	801	4741	102724560	51143	10048	5048	2077	23301	583	79989	9255	26286	10296	5925	51552	54585	25861	26160	150737	11020	55212	9342	27429	56912	10555	10083	4704	8732	4436	9217	9125	55245	11018	51668	10939	5862	83657	339488	3934	55112	64792	60412	4174	55746	4171	815	8526	6990	1387	10432	5393	1892	23404	3066	27241	64777	8100	27183	54994	123016	9318	54903	55770	9343	255758	25852	8826	7322	10413	5866	324	10238	83658	27152	2717	22981	4218	26146	3065	23059	112752	4927	1488	10920	80005	10424	140609	116225	4698	80258	5714	57610	2664	10788	79018	1781	7020	1778	7260	9742	7465	50813	10982	5476	10128	23233	140465	149371	5704	2720	1499	9669	4175	9859	1345	5718	4176	5899	64708	4637	89891	25980	84515	5706	1857	55812	6629	51098	4790	9883
EGF EGFR Signaling WP437	5604	858	5607	5728	5594	9146	6812	2354	6196	6714	6195	8202	3717	5801	9712	9564	160	4738	5601	6774	1399	9252	5753	4734	10746	50807	5584	1432	5879	5596	6456	6035	4690	30011	5578	6776	5898	5598	5900	1445	2549	5579	10253	25	5287	1978	9922	2005	3636	51196	5296	6775079	5111	3725	5170	2185	9101	6777	998	6311	8923202	857	10928	23624	54206	10254	3635	6464	5338	5058	673	2002	3925	5599	2475	6457	4208	8440	3716	51079	4205	867	1072	868	163	58513	5590	3845	1173	815	1869	253260	10617	4214	10401	8027	4846	466	5335	6197	5337	5781	10451	83737	382	5921	5894	2060	8826	6655	2353	11184	9046	1398	1759	3265	5580	10188	7410	1175	4303	5359	9610	5037	6772	5605	1956	7837	9138	29924	3727	2697	2887	7409	8867	1385	6667	4209	2064	2885	10006	5295	9047	9846	5747	2308	6093	4513	5899	9185	4216	1950	5868	4215	5782	5906	84867	207	6198	2059	3985	6654
Gastrin Signaling WP4659	5604	6550	887	5594	387	6714	182	409	5054	5743	6925	3717	4792	1026	598	960	25865	9564	330	9314	5566	5601	6774	1432	3815	5879	6035	5578	2534	7525	4316	3688	836	6194	1978	5055	595	5296	1994	3725	5970	998	9076	7422	6464	7032	1027	5058	2002	2520	5599	2475	5581	5583	4208	2932	1958	10524	6548	5588	5468	3558	4296	8649	3845	329	999	572	5335	1386	4609	5781	5894	100271849	2353	3551	3265	5580	302	3667	1113	5290	1956	7082	2776	5595	1147	2309	3576	388	332	8503	1385	6667	4209	2885	51564	5295	3067	29984	408	1029	1499	650	5587	5747	2308	6093	64283	207	6198	1398	5829	4790	6654
Serine Metabolism WP4688	63826	7298	29968	26227	1719	6470	5723	6472
Purine Metabolism WP4792	471	100	3251	3704	3614	1716	270	7498	353	4860	5631	159	158
Neuroinflammation WP4919	5970	5599	1432	2475	8923202	1147	4792	2353	4512	6775079	4843	3725	7099	51008	4513
FOXP3 In COVID 19 WP5063	3572	3561	3570	6777	942	940	3569	6776	3560	6774	50943	3558	3559	3575	941
Kallmann Syndrome WP5074	10818	2260	429	5605	6663	5594	5290	745	3730	10215	3972	128674	55636	2796	2885	60675	2253	26022	5781	9723	23129	207	5015	4762
Estrogen Signaling WP712	5604	596	2778	5594	5290	8517	1147	2792	3725	1385	6667	2099	2852	4790	5566	5601	2782	1432	2353	207	3551	673	2002
Nuclear Receptors WP170	7376	2494	2063	5465	7025	3164	5241	2100	6095	5467	7101	5468	6257	5915	2101	367	9970	7067	8856	4919	7421	7182	2099	3172	2908	6256	7068	6258	6097	4929	2516	5916	5914	190	2103	9975	7026	10062
Folate Metabolism WP176	19	3553	6573	3643	7124	12	4143	2350	2878	191	335	213	4522	3458	3558	1401	257202	5327	6289	2243	3949	10797	7157	5054	6347	4552	949	2147	2348	1491	2244	2266	3043	2155	3630	55312	6648	2618	6649	4353	5970	2879	390243	4790	1719	1435	2877	2352	847	102724560	3565	4524	113235	4548	6647	3383	2876	3569	5340	4791	338	6291	6470	10588	6288	6472	80308
Leptin Signaling WP2034	5604	5599	2475	2932	5728	25970	3667	3716	3952	6194	6772	5605	5966	5594	1978	3840	5140	387	9475	6714	6195	8517	5595	1147	3717	5970	30837	5296	31	4846	1154	1385	5563	3953	9021	2099	6667	572	2064	2885	10657	5295	6777	998	5336	5335	5770	2931	4790	5781	6774	5747	2308	3265	6093	5562	5894	8835	32	1073	1432	8648	5879	6464	6654	6035	207	6198	3551	1977	2002	2534
AGE RAGE Pathway WP2324	5604	4088	5599	4087	4303	5579	4316	3643	841	836	3667	4478	4318	5580	6772	5594	387	6714	4615	1956	3625	114609	5590	5595	1147	3717	4792	3630	4843	3725	54205	4846	1729	6667	5970	6777	998	249	177	51135	1386	5601	6774	3091	7430	2308	5321	6093	1650	5894	6647	3958	1432	4322	6464	4313	5879	4323	6776	4481	6035	207	3551	5578	653361	4790	842
miRNA Biogenesis WP2338	57510	29102	54487	23405	5901	6895
Zinc Homeostasis WP3529	7779	23516	10463	4490	4494	4493	4501	7922	55532	55676	55630	7781	4504	29985	29986	64924	4496	4520	4502	84560	4489	27173	64116	7780	4495	169026	57181	25800	91252	4499	201266	7782	283375	148867	221074	55334
Sleep Regulation WP3591	6770	1141	5021	1392	3356	1813	3606	117194	8911	191	2691	5730	7054	8863	22871	5020	5729	114781	594857	3062	134	2903	2030	4862	135	10911	2837	4544	3061	1812	100	4887	1471	1814	3569	1737	2353	51738
MTHFR Deficiency WP4288	635	1312	836	10400	3176	10919	2906	501	56994	55349	54205	5130	2903	55471	438	1119	79813	1789	1786	4524	1788	4141	842	2902
Joubert Syndrome WP4656	6009	129880	2475	1069	472	9731	65062	10524	56623	200728	6469	51684	582	387	27130	23322	65250	91147	284086	9786	407	80776	4361	8481	5148	5145	23090	80184	10464	79583	9094	6102	5116	79600	22897	403	203286	4646	27241	57545	79598	1068	4644	79867	79848	26123	51259	123016	54903	117177	10111	200894	585	5158	583	153241	9738	1855	27031	80210	402	142	27077	54806	2316	1857	95681	5108	5147	51524	261734	468	55212	4218	51199	4867
Male Infertility WP4673	346673	2100	55170	23304	5620	904	8900	7057	54514	1106	676	339834	55423	4057	57055	27030	356	5981	30827	4193	5619	55818	5395	2119	56979	56154	4313	5726	8290	635	596	7124	10400	3981	905	6660	7508	57491	6948	7520	675	11218	4843	9101	6406	2775	7517	440822	4842	51087	3983	847	3159	135138	113235	4548	142	340719	5444	2876	116511	338	54456	29968	2033	143689	5896	373863	5243	58531	26609	472	4318	4522	343171	128153	9319	57135	9271	283629	1387	1543	1618	55124	4846	196	10537	124404	150280	4780	124842	5445	3122	355	4292	83844	9575	6716	57054	57119	27161	6470	23369	4438	5423	8476	3643	1025	2346	4477	9985	2068	367	4439	83983	7518	140690	56603	4552	1617	6648	6649	94240	158983	8787	2099	8812	1728	222229	7320	406	5428	5192	4524	7516	84072	9194	2067	23626	3817	1191	140885	1586	7180
Hedgehog Signaling WP47	156	27148	2737	5727	374654	50846	8643	6608	25942	406	10284	2735	6469	3549	51684	2736
Insulin Signaling WP481	5604	5607	5506	6236	5728	2997	2992	5594	30849	6812	6196	6195	6814	5880	7494	6300	252983	4294	6446	8651	2931	5213	5601	10487	9252	10746	5584	2888	1432	5879	11183	5596	3799	6416	6035	5578	23678	5871	5606	5792	5598	57381	3631	6722	9882	5167	7786	2549	5579	10110	5286	1978	9448	5288	3636	5289	4217	3480	5296	5170	3725	115703	10603	25759	7249	30846	5600	375	8986	5967	23624	6199	4293	9175	5562	6464	9064	8491	5291	27330	1977	2002	4641	208	50488	5293	5599	2475	6009	5583	57761	2932	1958	867	9265	5588	5609	4296	6810	10938	868	2319	5590	4214	6844	5563	2998	6616	53358	9021	8660	6197	5602	5781	5294	382	5894	5867	10211	6885	6655	2353	11184	3551	3265	5580	6513	3643	3667	5605	6517	5290	8471	5603	9020	5595	5211	2309	2887	10580	8503	2885	23433	5295	11127	5608	5770	6813	3991	2308	7248	4216	4215	8773	2889	207	1326	5597	6198	1398	6654
Hypertrophy Model WP516	4656	102	3606	3458	1978	3552	27063	8013	467	11072	3727	3475	6935	9948	3491	7422	2660	3554	1839	1977
Creatine Pathway WP5190	4942	2593	6535	1152	2628
Alstrom Syndrome WP5202	84984	1874	55968	51668	26052	84062	11159	23432	80173	26258	5989	7415	80124	28981	4645	5990	55125	55330	7283	353116	81	7029	23557	114928	5727	6608	128344	7840	26160	11020	6811	2647	5991
Heme Biosynthesis WP561	1371	212	2235	3145	210	7389	7390	5498	211
CCL18 Signaling WP5097	1237	4313	1000	2185	205	9839
Dravet Syndrome WP5200	2475	7124	348980	6327	55615	6812	79899	5290	3737	1106	815	253260	6323	6330	5600	6334	79109	57526	801	64223	6328	6324	6326	207	55800	5578	4790	2258
Cancer Pathways WP5434	2950	3320	4257	9446	8900	3563	1163	7704	2246	1026	5733	598	6921	5154	10683	4193	623	6778	3592	3567	637	5914	5727	2335	2784	7472	146849	113	5898	5900	4437	596	54361	5979	5915	595	1017	5582	51426	675	3559	3454	2767	10928	6199	5925	3908	5291	1030	208	840	54567	2323	2953	5159	6257	29119	3912	3915	8517	3845	7042	4314	999	7170	5336	810	5337	4609	1647	7039	3091	3827	163688	1496	3600	894	10587	3596	7043	9002	7477	6772	7478	54331	23493	3572	3601	1436	8503	55970	2064	2885	5295	7046	653689	4485	1499	7709	1902	3714	5366	7480	331	7482	581	8324	369	4893	4088	2948	5604	4914	841	387	6775	1612	8325	7852	94235	898	26060	23236	4089	6932	3685	64399	5566	1399	2768	2946	2787	2949	5879	4040	3918	6035	3459	6776	4853	115	114	2939	9817	836	5888	2260	4286	1906	10342	7474	4843	2944	613	5567	1487	8030	2941	7422	183	2785	2264	8031	9170	2791	3910	3597	8321	818	7175	1027	3440	7484	4436	3445	7040	2770	7296	10235	3458	3558	3593	9475	3561	7157	7475	815	23604	1387	10912	2735	3162	3443	11040	8323	5602	3575	83439	862	7015	5894	324	6655	8454	2353	5156	2788	3065	6513	4854	3595	7424	6469	7483	3566	5290	2113	1956	354	2776	816	3576	4616	3082	7855	54205	7976	6667	3455	2786	25780	5732	26508	6258	650	8312	5747	3675	1857	207	11186	1398	10681	4790	3909	7479	2100	1441	2149	3560	3570	11211	1870	3447	5568	111	5743	9915	5880	4792	4259	1909	51561	330	8326	4855	6256	356	5601	624	1050	4313	3452	6608	2783	10125	3481	6502	107	1910	7476	3688	22798	25	7471	54583	5330	9826	3480	5296	51384	7473	3451	3725	5228	2771	3655	6777	10672	1871	2263	317	7189	2034	2324	81029	284217	23401	57121	3569	2947	2033	119391	2002	51764	7423	2475	1495	2778	2932	3716	2122	6934	5292	79444	3914	3444	572	3066	221357	112398	23566	4780	10161	817	5731	3565	5331	1856	238	355	1855	4824	4292	28514	3551	5881	4312	1643	51176	4233	2846	5605	4041	3446	367	23462	3439	4851	2147	9138	10000	109	332	3574	7481	7184	196883	1029	3449	3280	8453	27113	6198	2736	1021	6654	57449	388585	5332	5728	7849	51806	51684	5594	23365	112	182	4149	8202	3717	112399	10297	1284	8322	2056	6774	6500	9252	3913	3815	3673	10023	7048	2261	2773	5578	5579	8643	2277	5467	2956	6387	3674	9618	9978	890	7186	1613	5970	27436	108	3594	5155	2782	1439	896	6773	3442	8648	5338	89780	3718	673	652	2790	5293	7188	3568	5599	3326	4087	7428	405	83593	867	5468	3562	2940	2737	2792	7185	2057	1869	2793	329	59345	578	91860	185	3460	5335	9134	3479	1285	861	2271	80326	1287	2535	4791	10018	1019	1286	3265	842	4258	374654	8772	3911	1488	2322	1282	114112	6923	5595	1147	115727	3448	1288	2099	5371	5734	1728	7187	3441	2308	6093	1438	5899	2938	1950	8313	4254	3728	1630	10319	6688
IL17 Signaling WP2112	2932	3716	10758	5594	64806	5290	8517	9020	5595	3717	84818	3605	112744	1051	4793	6667	55540	5970	27189	7187	54756	6774	23765	7189	53342	1052	27190	6885	207	132014	4790	3551
IL11 Signaling WP2332	5604	596	7525	7040	3716	6194	6772	5605	5594	6714	3572	2242	6195	5595	1147	3717	3381	632	5296	5170	332	860	1385	9021	466	5970	2885	7297	5295	5781	6774	8554	3590	5894	3673	3383	5524	207	3589	6198	3551	3265	10401	2534
Notch Signaling WP268	3065	4853	54567	388585	4854	2648	113878	1488	9612	182	11317	4851	151636	1387	8650	1487	23220	3066	51763	9794	83464	55534	4855	8850	23385	10683	9253	196403	51107	3280	3714	3762	1856	5986	1855	6868	5664	1857	5663	28514	3955	1840	171558	4242
Bladder Cancer WP2828	5604	4318	5605	5594	6714	7057	1612	1956	595	7157	3845	3576	4893	23604	1869	5296	1026	1613	999	2064	5295	7422	1029	4609	4193	9252	1890	5894	1950	4313	5925	1019	11186	2261	369	673	3265	7380	4312	1839
NAD Metabolism WP3644	23057	349565	65220	142	22933	51548	51547	952	23411	10135	4907	23410	23409	23408	203447	64802
PPAR Signaling WP3942	5465	2180	28965	364	4973	335	116519	4023	4312	5467	5468	6257	9415	2181	1374	345	2173	6342	1962	23305	51	51703	4199	126129	81616	1581	10999	30	5170	10580	1376	948	1622	6319	2182	1593	33	34	1579	23205	2712	2169	5360	5106	2713	6256	9370	11001	2167	3158	6258	336	1582	7350	10998	8309	5346	3611	51129	1375	2172	2171	2170	2168	10062	376497	5105	8310
mRNA Processing WP411	6729	5430	10181	6432	6625	3183	3275	7307	6627	23405	24148	11129	10291	22916	53981	3190	8405	10898	56339	1653	10992	140890	58155	23450	6421	51362	9785	3191	8106	23283	6636	51692	10658	6635	10421	1196	11218	6634	1660	4686	6431	4904	55660	6638	3178	11051	57794	6626	6628	6637	5725	84991	1479	10972	1478	8732	6434	10147	10907	83443	10914	51690	1198	6426	8559	6430	6632	1659	8449	4841	10772	8683	23451	56853	3192	57819	6829	3187	8731	27316	6433	3276	6429	9343	9128	10921	10482	9584	10946	9410	10250	84844	10978	3182	6733	6633	6732	29894	8899	5094	2521	10659	57396	5496	4670	1477	8243	10594	1665	3188	5681	6427	22803	22826	10236	1195	4809	3181	8175	6428	9129	6629	11338	10262	3184
DNA Replication WP466	8317	10714	55388	23594	4172	23595	5984	23649	81620	5425	4173	1017	4174	29935	4171	4998	5985	5111	6119	5982	10926	5557	57804	6118	5000	5427	5981	5422	4175	4999	5426	5558	990	4176	6117	8318	7316	5983	5424	51053	7311	5001
IL18 Signaling WP4754	3659	8807	5579	7124	2932	836	841	5728	3606	4205	5609	5594	4615	6559	27178	7132	7157	4688	5595	1147	4792	3315	8809	1994	1051	54205	2904	6667	5970	1447	5295	55272	1499	356	5601	7189	8837	5562	637	581	32	142	2623	355	3932	6885	3654	4776	100302736	27035	6198	3551	5578	653361	4790	5580
CAMKK2 Pathway WP4874	4773	19	51024	256691	5594	1131	84557	56975	898	10803	3791	8874	375704	114625	814	5106	1727	5209	56269	92745	5879	6352	6035	10125	6402	2628	8638	51316	9817	7124	6194	10661	23411	6279	3099	81631	6005	595	940	31	6720	28959	6786	5970	4842	801	10645	28232	142	2194	2033	5058	28964	2475	1510	9814	8878	22861	200186	6373	57539	9759	10964	3145	59341	56907	7466	2057	8408	340348	57205	999	3162	4780	6692	89874	3091	10059	3098	6007	4281	5894	57521	50614	7412	440	3600	8536	993	6513	6517	4094	388581	358	5595	6862	1385	482	5208	51327	8243	3077	4600	932	7248	1371	3383	7103	6198	2645	23327
IL26 Signaling WP5347	5599	4087	3553	7124	836	3588	3716	4318	245972	6772	5594	81501	100289462	5290	4772	2042	55801	5595	3576	3717	4792	8600	6775079	3605	1437	3725	4353	9021	5970	7297	8923202	90865	59	1649	53832	3586	5601	6097	6774	4513	581	1432	3383	3569	1513	207	6364	4312
IL19 Signaling WP5422	5599	7124	7040	3716	4586	6772	53833	5594	3566	7132	9655	7852	5595	891	8651	59	53832	6774	6778	3565	1432	5879	6356	29949	1277	6035	207	4312	4790
Glucuronidation WP698	7367	54657	54600	5238	574537	7363	7366	10720	54578	54579	54490	54658	7360	54577	79799	7358	5239	7364	3098	54576	54659	5236	55276	10941	7365	54575
Nucleotide GPCRs WP80	136	135	5029	5028	140	10161	2846	5030	5031	134	1241
ATM Signaling WP2516	4194	983	7161	472	25	5888	993	8120	4683	3014	4361	7157	1017	8517	4792	898	5883	995	1111	7158	3725	1026	891	1385	672	835	8243	9656	1386	8737	1647	5601	4193	55367	11200	637	9874	10111	2177	8738
Focal Adhesion WP306	3909	5604	7791	71	858	58498	2317	5728	3679	3678	6696	5594	387	5649	6714	7057	5880	394	7450	7294	7058	3791	3696	1278	103910	1292	1284	5062	5154	1311	9564	330	3685	3693	4636	5601	1399	7094	5753	3913	3673	5879	3672	2335	3918	6035	640	63923	54776	5578	2534	596	3055	3688	5579	80310	55742	2277	4638	3690	3674	595	29895	5582	3695	87	3381	3694	3480	5296	7059	5170	3725	5228	29780	25759	3655	5501	998	857	2909	55359	7422	5155	91807	7414	1793	896	3910	8516	284217	6464	1101	2316	4659	10298	3908	5058	673	859	5291	2002	1280	208	5293	7423	5599	10398	5063	2932	5159	7143	340156	9475	83660	8711	50509	3912	3915	7408	3691	2318	3676	329	3914	5499	85366	1729	53358	572	23396	22801	5602	5500	56034	10451	3479	81	5894	4633	399694	60	7060	1277	5156	1286	2013	5881	894	3265	10188	10420	7410	6725	3911	5923	7424	4233	7448	824	1282	106821730	5290	1956	8515	5595	1290	3082	10000	7148	7409	1288	8503	64098	2064	2885	3680	5295	10627	2321	1499	93408	2268	5747	4660	6093	3371	331	3611	5908	1950	3675	2889	5906	207	1398	5829	10319	6654
Lung Fibrosis WP3624	91039	3596	1832	3553	7124	5073	7040	7076	655	4318	4092	6696	79991	2920	5328	796	3593	2247	727897	1906	6347	3576	3082	255520	26585	729230	1437	1051	10144	388372	2246	4502	23250	4204	3162	1490	1215	5154	4780	5155	7039	1440	6348	3479	6498	3565	7015	5265	51750	1232	3567	653509	1950	5806	4313	6356	6352	3569	6440	729238	57105	2006	2252
MAPK Signaling WP382	5604	5607	4914	2317	2259	3306	3303	5594	5534	22800	3552	409	2251	4149	22808	8550	775	5568	5880	5801	5778	6300	10369	100137049	2246	80824	785	51347	774	1850	9261	123745	4908	4775	5062	5154	9344	27092	356	120892	1848	5566	5601	1399	9252	2768	10746	3305	23542	1432	10454	5879	1844	8605	779	6416	6035	11221	7048	2261	10125	468	5578	5871	5606	1616	9965	2258	5598	6722	7786	8913	3553	7124	627	836	2260	8074	6237	9448	5533	23162	4137	2005	4772	784	5582	51776	55799	2256	4217	7186	3725	8822	5567	776	255189	1852	5970	23118	998	5600	8986	2263	5155	8823	7189	778	59283	2257	2264	4915	9175	4909	59285	777	2249	2316	9064	2250	8491	1845	5058	673	4803	5495	2002	3925	208	5599	2255	8912	4208	7850	1846	7040	8911	5159	10235	5609	4296	27006	8649	5536	7132	7157	8517	3845	4893	3315	2248	782	2318	4214	7042	5530	2872	51295	5535	2253	5494	5971	6788	6197	1386	5602	4609	1647	1649	5321	3312	2254	5921	5894	4763	355	783	113523636	6885	786	4791	6655	8817	2353	27091	11184	51701	3551	3265	5881	59284	5580	1849	7043	5532	773	3164	5923	9254	5605	6789	2247	1956	3310	5603	9020	2252	26291	115727	1147	5595	3727	10000	781	55970	5922	2885	9693	5608	7046	5924	408	25780	7867	8569	93589	929	4216	5908	1950	1843	994	26281	283748	84867	207	1326	5906	9479	369	3554	1398	57551	10368	4790	6654
ATR Signaling WP3875	3364	545	6117	6118	5883	144715	84126	1111	6119	11073	5810
GPR40 Pathway WP3958	5333	23236	3710	51196	23007	2767	5336	5334	5335	89869	2864	113026	5330	5331	5310
Ras Signaling WP4223	5604	84630	4914	27	51806	5594	387	22800	7010	22808	9771	94235	5568	5880	23179	3791	100137049	26279	51365	8844	598	123745	57144	5320	5062	356	5566	5601	1969	2787	3815	5879	8605	2784	2783	6035	8036	2261	10125	5578	5898	5863	2902	5900	8398	2549	5579	5322	25	2260	6237	391013	81579	283455	5582	2114	51196	27040	3480	5296	5567	255189	30814	64926	25759	5970	998	10928	2785	2263	2782	801	4915	2264	2324	2791	8399	6464	5338	10298	5058	5291	51764	2790	2002	208	5293	5599	3363	5063	83593	5159	10235	64600	8517	3845	2792	2793	8437	59345	53358	572	91860	5336	5335	810	5337	5602	5781	5321	9462	4301	382	55770	5894	5921	50487	4763	100271927	399694	163688	6654	6655	22821	5156	3551	3265	5881	5869	2788	8315	8831	4303	3643	9610	5923	4233	2322	5605	11145	5966	6789	106821730	54331	5290	2113	1956	5595	5878	1147	115727	4804	10000	1436	8503	2904	55970	2903	5922	2885	5295	5924	2321	2786	25780	9846	7535	7074	5899	5908	5868	84647	5906	283748	207	11186	4893	5319	10681	4790	10156
Rett Syndrome WP4312	8295	6907	3065	8831	85358	9568	4208	1108	9612	673	3064	6812	6597	2563	23224	27443	23314	6925	51412	23221	8892	55869	9611	4204	2904	2903	6323	10765	2775	9001	8243	222183	6334	2874	56949	2290	3615	9014	10014	6595	3766	6326	6594	6792	79718	3097	1398	2556
Thermogenesis WP4321	788	71	63976	23028	6597	2181	155	6196	112	23305	6195	5568	111	51412	6300	2641	9586	5564	656	84335	8110	5566	64223	5346	55818	1375	1432	51780	113	6599	107	5606	84699	115	114	2180	64764	90993	10818	2260	86	6194	51703	10891	4217	1376	5593	2182	5567	7249	108	57104	5600	6604	53632	6199	10488	5562	6595	51548	1268	27330	148327	6009	2475	2778	8193	7350	5468	1374	8289	11343	3845	5563	152831	6197	1386	6603	6605	353500	57521	60	9658	6655	5565	3265	5571	4881	57492	123096	5603	26291	126129	109	55811	1385	2885	6602	196883	5592	3991	7248	6601	51422	6598	6198	4893	6654
Nephrogenesis WP5052	7484	80000	4853	8854	2297	2253	6943	84870	655	26281	89780	54361	130497	10736	284654	4211	182	5076
FOXA2 Pathway WP5066	4547	2939	3667	3170	3169	51085	10599	3630	31	6720	8660	2308	10998	2946	8714	2938	133522	338	2194	10257	1244
Axon Guidance WP5289	59277	3688	2770	2932	25	4233	8829	50855	22885	1947	151449	1020	2047	1072	23365	5594	56963	6237	6387	6585	6714	7852	2242	6586	5590	3897	91653	7220	6259	54361	7474	5170	84628	56896	103910	7976	25791	10371	64221	658	23380	998	55740	29984	6091	54437	9860	6093	4917	1969	5361	137970	3611	5894	5921	8482	56288	5727	5879	6092	10500	57689	1808	6035	659	4690	9353	1630	5578	3265	1942	6469	2534
Monoamine GPCRs WP58	1816	3358	3363	152	3356	1813	1133	1132	3360	3361	3352	155	3357	148	1131	3269	3274	1815	3351	150	154	151	3354	3355	146	147	3350	1129	1812	3362	1814	153	1128
Notch Signaling WP61	3065	2475	55294	4853	54567	2932	388585	55502	4854	9612	7088	22938	6714	23493	182	3717	4851	5296	9611	23013	8650	3516	3066	5295	84441	8819	9794	4100	83464	9541	55534	4855	23385	6774	10683	9253	2273	3714	3280	51107	83737	6500	3932	6868	55851	5664	5663	8454	207	28514	2033	1840	4790	6015
ErbB Signaling WP673	5604	27	5594	6714	1026	57144	5062	2066	5601	4193	1399	2069	6416	4690	5578	6776	2549	5579	25	1978	595	5582	9542	5296	5170	3725	25759	6777	6199	10718	6464	818	1027	10298	5058	5291	673	1839	2002	5293	208	5599	2475	5063	2932	8440	867	5609	868	145957	7157	3845	815	3084	53358	572	5336	5602	4609	817	7039	5894	399694	685	6655	10018	1398	3265	5605	106821730	5290	1956	374	5595	816	2065	10000	8503	2064	2885	5295	5747	2308	1950	207	6198	369	4893	6654
IL5 Signaling WP127	5604	3568	2932	3716	6194	6772	5605	5594	3558	4067	4137	6195	6850	5595	3845	161742	2309	3717	5296	3725	2885	5295	6777	2931	5781	6774	6199	1439	5294	5894	695	6464	207	6198	6776	2002	6654
Angiogenesis WP1539	4318	405	5594	7010	2247	6714	5290	7078	3791	284	1387	4846	5335	2321	7422	4086	2263	5155	3091	5747	1432	7077	207	5156
TP53 Network WP1742	7341	7161	596	472	666	25	8743	8626	7157	1026	1029	4609	1647	4193	5366	27113	637	581	5015
IL1 Signaling WP195	3656	5604	5599	11213	3553	3316	8878	5605	5609	5594	5966	54472	3552	4615	8517	5590	9020	1147	5595	4792	5296	7335	3725	4214	4793	51295	57162	9261	5970	5295	3556	5608	23118	257397	5335	51135	1386	5781	5601	7189	10746	1432	57161	10454	4215	7334	6885	3654	6416	207	3554	5606	4790	3551
IL7 Signaling WP205	5604	2932	3716	6772	5605	5594	3561	5595	5296	2185	3574	572	5295	6777	6774	3575	3718	207	6776	2534
PDGF Pathway WP2526	5604	6722	5599	7410	3716	6772	5159	5594	387	2002	6714	23647	5595	1147	4792	6775079	7409	3725	4214	8976	2885	5295	998	8923202	5154	5335	5155	5781	6774	5321	7074	4513	5894	5921	6464	5879	6416	2353	6035	5058	3265	4790	6654
IL3 Signaling WP286	10971	5604	3568	5599	596	3055	942	7040	3716	867	5777	5594	969	4067	6714	3563	3562	6850	5595	3576	3717	5296	5293	7409	3725	598	572	2885	5295	6777	7529	5169	5566	5781	9846	6774	1439	1399	1232	5894	3635	6464	2889	6654	2353	207	6776	3265	2534
NRF2 Pathway WP2884	2948	2950	3320	54600	11182	3303	160728	2042	2730	4199	6538	6530	29986	4259	388662	8824	154091	6540	11254	6529	6256	873	57181	1969	2946	23764	2949	7048	6526	283848	2258	2939	9817	5467	200010	55117	645	81031	6524	6527	54578	29988	54658	2944	2936	2941	64116	5155	9152	7364	2877	5265	2947	131	144195	6533	177	1839	3337	23657	114134	3326	7040	28968	1958	7296	2512	2953	8878	7922	7295	221223	22949	6536	5226	2940	55630	2495	6535	3084	7042	2539	155184	1579	3162	54577	6518	1548	2678	221357	218	4780	2729	340024	6531	7039	25800	91252	1066	66035	4097	10257	221074	125206	9588	54657	4258	6513	23516	8884	2878	115584	159963	10057	6514	114112	6517	6528	6532	60482	29985	3082	54716	348932	6649	5052	27173	1728	874	6523	56606	8714	2938	6515	201266	23491	1244	283375	140809	6534	55334
Wnt Signaling WP363	1021	5599	2475	4773	5579	2932	51176	5594	5468	387	4920	4041	409	6934	595	53944	2646	5582	6925	607	6259	4919	1487	6929	7249	6656	1453	1499	2931	5601	8312	7248	1856	1855	8395	5879	6885	324	4040	55361	1857	10023	207	1452	6035	51701	5578	1454
IL6 Signaling WP364	3659	5604	3065	2063	3055	2549	2932	7076	3716	6772	5605	5594	3570	1401	3572	5595	3717	5296	1387	7409	3726	7432	598	9021	572	2885	5295	639	7297	183	5781	6774	6464	8648	5879	6885	3569	6416	6035	207	6198	51701	5580	6654
IL4 Signaling WP395	3667	3716	6772	867	5777	5594	3566	5290	9655	3561	2242	5595	1147	3717	4792	5296	1051	9021	5970	572	2885	5295	8660	6777	7297	5600	8651	1386	4790	5781	9846	6774	6778	3565	3635	1050	1432	6464	6654	2316	6776	2353	207	3718	2033	6198	3551	9046	2002	5293
Wnt Signaling WP428	4773	6425	5332	83999	1459	5328	5534	387	8325	11211	5176	9350	166336	23236	6932	4775	8326	5601	27123	5879	4040	23002	10023	6035	7472	5578	7476	5579	6424	7471	50964	54361	5330	5533	283106	595	4772	5582	51384	7473	7474	3725	147111	1487	896	59343	81029	1460	23401	8321	818	89780	1452	5599	2932	8061	6422	1457	64321	57680	27130	4920	9475	6934	85409	56998	7475	815	6259	5530	144165	5535	2239	8323	4609	817	85407	83439	5331	1856	1855	80326	6885	324	2535	81839	51701	894	6423	1454	11197	80319	5532	7477	51176	1488	22943	4041	57216	816	4919	7855	7481	7976	23500	1499	27121	8312	7480	7482	4776	1857	8324	64840
Ciliopathies WP4803	139212	55081	57560	161582	54919	51684	30849	582	284086	79140	23322	112	388939	84131	55130	168507	132884	80184	10464	345643	9657	92482	84140	122481	9094	55172	55624	166379	403	28981	55764	51134	9364	200894	585	9851	27019	339829	83544	55857	123872	6608	51715	7840	1063	129880	25886	124401	9731	6101	25814	167691	8195	83538	219844	6102	23432	55036	83861	51057	4867	352909	4750	79600	22897	51473	23093	203286	10733	57545	63929	51364	4952	7287	5310	93233	115948	6674	583	153241	27031	345895	54768	54806	5147	95681	54585	261734	26160	11020	55212	94137	85478	29922	79659	1768	65062	56683	1258	10806	91754	374407	57539	27130	132320	9786	8481	57728	55112	2737	23090	347736	89765	79738	282809	83479	57096	27241	114327	202018	4751	5314	79848	26123	10210	123016	54903	8239	92002	1259	79809	255758	146057	23568	51524	27152	157657	221322	8701	26146	201163	220136	84984	23059	112752	26005	374654	84662	755	56623	63917	64446	200728	23639	84314	65250	91147	80776	10309	22858	5311	2622	79583	4117	146845	9742	7546	2121	1406	79867	84100	51259	23247	89891	27077	221421	55812	22954	92749	7275	51626	51098	2736
Spina Bifida WP5150	4548	4552	23382	4143	1788	191	4522	4524	1789	6470	1786	27430
G13 Signaling WP524	5063	387	1072	9475	5290	4632	9138	10788	5296	85415	5305	8976	1729	998	10672	5216	5602	57630	11113	5500	801	398	6242	6093	4216	10188	8826	1073	3984	4608	5879	5585	6035	7454	397	6198	5291	23191	5293
TAR Syndrome WP5362	3134	5174	57817	3688	9775	116085	7329	51463	1080	4233	2322	5824	3458	148738	23411	6583	3133	915	7295	1956	84265	7852	8515	10616	10623	3107	57805	55004	9368	4116	8799	84305	9748	10622	9112	9855	3066	1182	10158	6613	11216	3106	3105	142680	3135	6774	463	10621	2972	148741	3932	23786	200035	129531	11126	919	5045	8764	1759	4790	10401	54541
IL9 Signaling WP22	5604	2885	3561	5295	5595	6777	3581	3716	3718	1025	5296	6772	5605	6774	5594	3578	6776
Adipogenesis WP236	2971	123	10269	80339	5054	1051	9611	1026	28999	5934	5106	8651	6256	9370	434	1675	6774	6778	8204	3976	5346	5914	1050	651	4282	10135	10062	6776	6424	7124	7471	5467	10658	10891	1592	3630	3399	4692	6319	6720	6777	25937	2487	183	2625	10499	6695	2034	3159	1959	81029	3977	6773	8648	8321	5925	3569	8788	652	10555	5465	1874	57761	4208	7040	6095	4205	7350	5468	6927	1869	1879	2662	196	55847	9021	8660	5008	56729	1647	1649	3091	3479	26580	100271849	4154	355	1855	2688	7291	83881	7025	649	5933	3667	3952	2303	1271	9612	6772	4023	6517	8471	3572	2626	2624	4616	9663	1385	6667	4209	2908	4000	5618	1499	6258	650	3991	64900	2308	8609	7480	1052	1316	23175	5740	688	5105	56603	4088
Peptide GPCRs WP24	2693	5021	4987	4829	6753	1233	554	1236	886	8811	887	4157	6870	2532	255061	6869	2587	10396	7852	4158	2826	2492	6751	10663	10803	643	2359	7253	729230	2925	100996758	186	1234	1230	1909	2358	3973	4986	4988	8484	185	7201	553	1524	728	2357	6865	719	2833	4161	3061	6752	4160	623	4923	4886	4889	2798	1232	624	1235	1237	3579	4887	6754	6755	3577	552	4159	680	4985	1910
MAPK Cascade WP422	5604	7786	5605	5609	5594	6237	8649	5595	3845	4893	6300	3725	4214	2885	5608	5602	5331	10746	5894	1432	4215	4155	6655	6416	22821	4133	369	673	3265	6494	5606	2002	6654
Ferroptosis WP4313	30061	23657	5093	2180	27235	23516	6520	1645	5621	7037	2512	2643	7296	7018	6510	55240	2181	51510	440738	112483	81631	84557	2730	23305	51703	7157	6303	2937	2495	81539	1491	3315	5094	1356	2182	55847	10162	79643	3162	50507	10533	4891	7419	7417	2879	8644	2729	64116	8031	84883	102724560	1536	94033	5261	571	3156	5447	9474	27035	246	1646	3658	2222	1803
IL2 Signaling WP49	5604	3716	6194	867	3560	5605	5594	3558	6772	4137	3561	6850	5595	2309	3559	2185	1154	9021	2885	5295	6777	5781	9846	6199	1399	6774	5894	9111	6464	3932	6654	3718	207	6198	6776	3265	2534
Cholestasis WP5238	3949	949	9970	6580	8647	6579	2052	64241	5244	6554	6256	5205	8714	64240	3156	10257	9971	1244	9414
GPCRs Other WP117	2149	887	341416	144124	59352	26211	1131	57191	2492	2692	221395	1815	128674	4992	54112	1952	1234	1909	84059	81050	51289	3355	29929	8390	26212	146	4923	11245	1129	5737	2840	9290	283383	6608	23266	9287	84539	4935	8392	23284	83873	3356	393046	140	2925	4994	2837	26494	138883	1268	10888	1951	118442	3363	1901	8387	26333	254786	2532	9038	341276	2841	84658	9620	2918	27239	26245	53829	3579	29933	56413	1814	26648	59340	79541	9289	59350	5032	1880	53831	135	154	30817	2833	6752	2798	2911	3577	27202	26716	64582
Cori Cycle WP1946	5223	6888	6513	5214	5230	2821	3630	3098	5232	2597	7167	2875	6514	6517	2539	3939	226
ID Signaling WP53	5934	1017	5079	5925	5076	5933	3397	898	7849	3399	2004	3398	4654	2002	6720	2005
Cell Cycle WP179	1021	545	7532	8900	5591	4173	1870	898	1026	51529	5934	4089	9133	25847	902	4193	6500	4999	10393	990	11200	8318	6502	10971	25	4172	23595	9232	5885	595	8555	1017	9978	890	1111	5111	891	8881	64682	9184	1871	996	896	991	5925	1027	2033	1030	10459	8317	4087	27127	1874	10274	472	2932	7040	7027	85417	1032	7157	4174	4171	1869	4998	7042	10912	10926	3066	494551	699	5000	8556	9134	1647	4609	7029	1022	51433	1031	2810	1019	8454	9700	894	993	10735	10744	983	3065	7043	51343	1028	5933	8697	8379	23594	5347	9088	4616	995	7465	51434	7533	8243	7272	7529	29882	1029	7709	4175	9126	4176	1875	29945	994	7531	7534	4088	5001
Autophagy WP4923	5571	2475	55626	30849	81631	5289	64798	8408	9821	22863	5563	55054	5564	10533	8678	84335	60673	53632	9776	64223	9140	51422	5562	26100	57521	7405	79065	9474	64422	5565
Apoptosis WP254	5551	841	3663	4792	4170	598	834	1676	330	356	8737	4193	8718	637	6416	3002	3481	596	839	4794	7124	836	837	8743	3664	56616	3480	7186	3725	4049	5970	835	317	1677	3665	9169	7133	3659	7161	840	666	7132	7157	8517	7185	3662	4214	329	599	4793	578	572	5602	4609	3479	355	10018	3551	8717	8738	842	8772	8626	665	8739	1147	843	54205	332	5295	1029	7187	3660	8837	3070	27242	5366	331	27113	581	3661	207	8795	4790
Melanoma WP4685	208	1021	5604	5728	51806	5605	5594	4286	8649	2113	5290	595	7157	1870	5595	51426	4893	3845	4616	1869	10000	5296	3791	1026	8503	1385	10912	999	578	2903	572	91860	2885	5295	25759	810	2066	1029	1871	1647	801	4193	7414	3265	5894	581	4763	3815	5879	163688	5925	6654	6655	2353	207	1019	6035	80243	369	2913	673	5058	5291	1643	2002	5293
